x,y,theta,mean_error,initial_x,initial_y,initial_theta,mean_error_initial,odom_x,odom_y,odom_theta
-0.11967703341011926,-3.988703748092749,0.048658388063229495,0.12100208615906684,-0.23288002488164086,-3.963869408672473,-0.04395966264209824,0.24169293304568107,-0.2591152882920883,-3.987732419811621,-0.0946427081665465
-0.12002714625884109,-3.988739374544347,0.0486144119306014,0.1210003544193843,-0.2353692392473179,-3.9733218466968787,-0.04463719224539846,0.24238852457287016,-0.259147304380023,-3.987729380616852,-0.0946443110206815
-0.12002714625884042,-3.9887393745443482,0.04861441193060117,0.12100035441938485,-0.23536923924731815,-3.9733218466968765,-0.04463719224539879,0.24238852457287027,-0.2591210822486714,-3.987731869841677,-0.0946452495725636
-0.12002714625884031,-3.9887393745443465,0.048614411930601564,0.12100035441938545,-0.23536923924731784,-3.973321846696879,-0.044637192245398444,0.24238852457287022,-0.2591530990899228,-3.987728830493458,-0.09464684222665819
-0.12002714625884087,-3.9887393745443482,0.04861441193060118,0.12100035441938513,-0.23536923924731798,-3.9733218466968774,-0.044637192245398645,0.24238852457287022,-0.2591268762018303,-3.987731319856954,-0.0946477702892084
-0.12002714625884014,-3.9887393745443473,0.04861441193060098,0.12100035441938531,-0.23536923924731745,-3.9733218466968796,-0.044637192245398666,0.24238852457287022,-0.2591588925061989,-3.987728280478433,-0.0946493529137431
-0.12003603817229841,-3.9887441563678747,0.048613630194187935,0.12099881992801678,-0.23537819061832463,-3.973325618246404,-0.0446377493592383,0.2423871668178194,-0.2591326702935008,-3.9877307698441085,-0.0946502708365279
-0.12003603817229874,-3.988744156367874,0.048613630194188046,0.12099881992801724,-0.235378190618325,-3.973325618246401,-0.04463774935923823,0.24238716681781952,-0.2591646866688393,-3.9877277303782246,-0.09465184384878111
-0.12005812682057071,-3.988756039296519,0.04861180794733382,0.12099752424222361,-0.23540082538219614,-3.9733351766882783,-0.044639271135695366,0.24238926005402878,-0.2591384644379592,-3.987730219811403,-0.0946527519743049
-0.12005812682057027,-3.9887560392965202,0.04861180794733454,0.12099752424222336,-0.23540082538219642,-3.973335176688277,-0.0446392711356949,0.24238926005402817,-0.2591704806016107,-3.9877271802856162,-0.09465431565185228
-0.12005812682057176,-3.9887560392965193,0.048611807947334294,0.1209975242422226,-0.23540082538219606,-3.9733351766882783,-0.04463927113569478,0.24238926005402808,-0.2591442586575659,-3.987729669756838,-0.0946552143015743
-0.12006698947235772,-3.9887607431669925,0.04861103153000725,0.12099602201137098,-0.23540974017842548,-3.9733388732780144,-0.044639822816238094,0.24238794238717618,-0.2591762747447195,-3.987726630158913,-0.09465676896483721
-0.12006698947235828,-3.9887607431669916,0.048611031530007294,0.12099602201137118,-0.23540974017842614,-3.9733388732780117,-0.04463982281623821,0.24238794238717642,-0.25915005292515,-3.987729119683106,-0.0946576584469418
-0.12006698947235861,-3.9887607431669907,0.04861103153000802,0.12099602201137005,-0.2354097401784262,-3.973338873278012,-0.0446398228162382,0.24238794238717634,-0.2591820688749529,-3.9877260800194057,-0.0946592043746583
-0.12007506118274552,-3.988765024312578,0.04861032512887145,0.12099464707656059,-0.23541786101887247,-3.973342237943445,-0.04464032577517492,0.2423867428668045,-0.2591558472378745,-3.9877285695905913,-0.0946600849815353
-0.12007506118274586,-3.9887650243125763,0.048610325128871444,0.12099464707656005,-0.23541786101887302,-3.9733422379434455,-0.04464032577517501,0.24238674286680462,-0.2591878630814541,-3.987725529858724,-0.09466162245145361
-0.12007103489205473,-3.988762781111524,0.048610563918094145,0.12099297400806039,-0.23541340696406804,-3.9733402694357234,-0.04463993404952263,0.24238191819022165,-0.2591616415825034,-3.987728019480659,-0.094662494461975
-0.12007103489205406,-3.988762781111524,0.04861056391809416,0.1209929740080614,-0.23541340696406785,-3.973340269435724,-0.04463993404952291,0.2423819181902218,-0.2591936573078171,-3.9877249796823184,-0.0946640237327975
-0.12007103489205578,-3.9887627811115243,0.04861056391809419,0.12099297400805953,-0.23541340696406834,-3.973340269435722,-0.04463993404952267,0.24238191819022153,-0.2591674359516258,-3.9877274693541214,-0.094664887412254
-0.120078998747503,-3.9887669565930586,0.04860986901653374,0.12099169854850848,-0.23542141721023158,-3.9733435420282475,-0.044640429800077444,0.24238076141339238,-0.2591994515668635,-3.9877244294890573,-0.094666408733046
-0.12007899874750222,-3.98876695659306,0.048609869016533025,0.12099169854850918,-0.2354214172102319,-3.9733435420282484,-0.04464042980007776,0.24238076141339268,-0.2591732303359776,-3.987726919211957,-0.094667264334184
-0.120100217609942,-3.9887783559623853,0.04860812558960352,0.12099053415792634,-0.23544317716043378,-3.9733527168955822,-0.044641896200745816,0.24238303313192366,-0.2592052458398065,-3.987723879280811,-0.0946687779408947
-0.12010021760994238,-3.988778355962387,0.048608125589603826,0.12099053415792585,-0.23544317716043334,-3.9733527168955822,-0.04464189620074572,0.24238303313192325,-0.2591790247279846,-3.987726369054985,-0.09466962570436652
-0.12010021760994188,-3.988778355962387,0.048608125589603576,0.12099053415792635,-0.2354431771604335,-3.9733527168955853,-0.04464189620074624,0.2423830331319239,-0.2592110401235037,-3.987723329057963,-0.0946711318223183
-0.12010021760994183,-3.9887783559623853,0.04860812558960362,0.12099053415792625,-0.23544317716043336,-3.973352716895584,-0.044641896200746135,0.24238303313192366,-0.2591848191200427,-3.987725818884025,-0.0946719719773441
-0.12009605364651255,-3.988775986378578,0.04860837934010849,0.12098894399250539,-0.23543858120630462,-3.9733506386048734,-0.04464149400638533,0.2423782835961263,-0.2592168344082299,-3.987722778821516,-0.0946734708208882
-0.1200960536465121,-3.9887759863785788,0.048608379340108775,0.1209889439925056,-0.23543858120630462,-3.973350638604871,-0.04464149400638539,0.24237828359612623,-0.2591906135052741,-3.9877252686998204,-0.0946743035857843
-0.12010388474031225,-3.988780102767278,0.048607696478881336,0.12098766633149412,-0.23544645821964882,-3.9733538668075816,-0.044641980601291445,0.24237716933219117,-0.2592226286880559,-3.9877222285721152,-0.0946757953592485
-0.12010388474031092,-3.98878010276728,0.048607696478881156,0.1209876663314947,-0.23544645821964938,-3.973353866807581,-0.04464198060129126,0.24237716933219147,-0.2591964078771234,-3.9877247185030873,-0.0946766209420009
-0.1201038847403117,-3.9887801027672807,0.048607696478880476,0.12098766633149403,-0.23544645821964896,-3.9733538668075803,-0.04464198060129153,0.2423771693321914,-0.2592284229559319,-3.9877216783105096,-0.09467810584000089
-0.12011228690303966,-3.9887845202998125,0.048606964317410406,0.12098638773046956,-0.23545491360467874,-3.97335733318229,-0.04464250468523679,0.24237598696201892,-0.2592022022295035,-3.9877241682944935,-0.0946789244387396
-0.0907149295428864,-3.9513337901956493,0.05175645512341352,0.11788659981558959,-0.23043119571939502,-3.9480526695066,-0.044503239024496793,0.24174390490874006,-0.2592342172059511,-3.9877211280373315,-0.0946804026467534
-0.09071492954288624,-3.95133379019565,0.05175645512341338,0.11788659981559023,-0.23043119571939452,-3.948052669506599,-0.044503239024496724,0.24174390490873984,-0.2592079965566871,-3.9877236180746647,-0.0946812144502666
-0.09073656658743245,-3.951345453485486,0.05175466577587835,0.11788864464584262,-0.23045340269921047,-3.948061989445257,-0.04450473664808008,0.24174847639886063,-0.2592400114322455,-3.987720577753212,-0.0946826861450046
-0.09073656658743118,-3.9513454534854864,0.05175466577587764,0.11788864464584367,-0.23045340269921072,-3.9480619894452578,-0.04450473664808031,0.24174847639886082,-0.2592137908533172,-3.9877230678441924,-0.0946834913331856
-0.09073656658743123,-3.9513454534854855,0.0517546657758778,0.11788864464584324,-0.23045340269921058,-3.9480619894452573,-0.044504736648080585,0.24174847639886132,-0.2592458056294687,-3.987720027458731,-0.0946849566830904
-0.09073656658743257,-3.951345453485487,0.05175466577587808,0.11788864464584316,-0.23045340269921008,-3.9480619894452587,-0.0445047366480805,0.24174847639886116,-0.2592195851143685,-3.987722517603637,-0.094685755427392
-0.07948693176334452,-3.910049339991495,-0.036627650569630084,0.3786376389649645,-0.18239749241032238,-3.945170387353436,-0.06702333547362846,0.39561072256801977,-0.2501734946150298,-3.9885978090395935,-0.098231857376799
-0.07742822766781807,-3.9099658233321635,-0.03666443932379715,0.37864659550868707,-0.1769088922781994,-3.9463499458359603,-0.06793160338262112,0.3965734467484654,-0.2365926637096082,-3.9899574235666933,-0.1013287412898543
-0.0026014117827697497,-3.8978423246364917,-0.0384552333477655,0.3846392565358529,-0.13130419907488133,-3.9362559673955357,-0.07635857085210515,0.4027356033634422,-0.2216013850475867,-3.9914978446146905,-0.1034614794955362
-0.0011339029053134553,-3.897565138541345,-0.03835987192565571,0.3845875434792462,-0.12205542078550985,-3.9359298841620025,-0.07631113481140085,0.4031385087924966,-0.2063453733198793,-3.9930950720318727,-0.1051683738417381
0.0021270782679551348,-3.8973379333632145,-0.038215526257974086,0.38356498015639107,-0.11270848642684111,-3.9358083251731557,-0.07619619456002595,0.4035573205226164,-0.1904935458667908,-3.994779776967716,-0.1065932831267283
-0.006363985537376826,-3.94359846669987,0.03547847878313851,0.11793929487402523,-0.14414325935799935,-3.9566757879850694,-0.05242452392782385,0.22679496086216228,-0.1713117237276573,-3.996833507128555,-0.1067270387134044
-0.003983675013634391,-3.9438726952945653,0.03549953728392201,0.11786315912015828,-0.1291266287619042,-3.957807153496085,-0.05163091439596069,0.22692449927202069,-0.1527335353777767,-3.9988198584832677,-0.10630060236877252
0.00013410301069727293,-3.945818543830311,0.03530118109692905,0.11761840153140382,-0.11524946822260032,-3.9587654100486844,-0.05062131228357105,0.22696655845919306,-0.134525321595784,-4.000760120129801,-0.106017577931107
0.06858724751785539,-3.9406844369106824,0.039305563066235,0.11888022669183324,-0.08887968589220707,-3.952383968741418,-0.043516165452892455,0.2120172832397769,-0.1165479518396996,-4.002671989187987,-0.1058832546283424
0.06876122883841634,-3.9410728134692374,0.03984725480679408,0.11902495883668725,-0.07581350857703653,-3.9530944062990474,-0.04255721397206789,0.2116449891089907,-0.0985793496328911,-4.00458113608007,-0.1058205952382407
0.06050891864418184,-3.937412039136764,0.03644807266254631,0.11856597541775224,-0.060907647100132245,-3.954356856887181,-0.04193362106228895,0.21222392515996188,-0.0806962704366571,-4.00648035247197,-0.105789943290716
0.1069945337204592,-3.9348082083853564,0.038830741317762846,0.1199930226233415,-0.03705446645257829,-3.958793731537594,-0.04875766506412091,0.22161499246992447,-0.0627657314614416,-4.008384159761955,-0.1057710253064315
0.16897015065954524,-3.906107298051775,0.041405599943715926,0.11399686402395781,0.0010480982833393493,-3.9365568504509207,-0.042311884785354546,0.20731332010448664,-0.0448976595423783,-4.010281047515598,-0.1057581787838933
0.1693229053977875,-3.9060655336568657,0.04144978910129474,0.11399154187555924,0.011071715392772269,-3.9377855526158667,-0.04203496713539705,0.2079634152243201,-0.0269730758505653,-4.012183711349907,-0.105746392835679
0.20809814568415524,-3.8934652525605777,0.03884054181740382,0.11431834414198025,0.05794404127279168,-3.936961405043504,-0.04632132846714575,0.2178486013017909,-0.0091073186389714,-4.014079934790467,-0.10573647475900139
0.2162008126415702,-3.8997523111634256,0.03911412511690031,0.11430672976952876,0.06774680511761516,-3.939180565358631,-0.0462496406602577,0.21896840990742095,0.0088163165678835,-4.015982115079246,-0.1057258509342944
0.21887641853086542,-3.9015773357752868,0.03899689918406576,0.11418542808172952,0.07847864717773634,-3.940040140797685,-0.045584890128768527,0.21924070143613247,0.0266817168054486,-4.017877932656438,-0.10571628130823331
0.26005889255633324,-3.900149128650328,0.040756279485739864,0.11593765088624673,0.09556477941364544,-3.9446643879213728,-0.04179223247072046,0.20509794498123926,0.044605251099337,-4.019779737986839,-0.1057058522096908
0.2617037188865881,-3.900254141160438,0.04009537863209714,0.11587713716764034,0.11293096864911206,-3.9458460080015114,-0.048199784172436054,0.21873093072003075,0.0624706269750197,-4.021675192696108,-0.1056963959873759
0.26393499227128464,-3.9025468718829974,0.04123468922279525,0.11607258720846544,0.12400199776737814,-3.946328546740253,-0.047772661048826784,0.2195969577589468,0.0803941711391704,-4.023576638810182,-0.1056859849675651
0.3130803236523044,-3.8903433077162535,0.042409654783196776,0.11548747767588874,0.1498399619899659,-3.9463153327299936,-0.05111450282047337,0.22177684413161414,0.0982595732092016,-4.025471737451998,-0.10567653808382259
0.31007947587033574,-3.8904205635383677,0.04071133984920812,0.11524415357871046,0.15920889554913475,-3.9475161729036645,-0.050850696021700725,0.2225198961061089,0.116183153724806,-4.027372827520874,-0.10566613016322819
0.3600615741525072,-3.88915980619308,0.039227840470725306,0.11567156597555868,0.18864222118208063,-3.9372143800864032,-0.04392622372470473,0.2056480200259837,0.1340485930428749,-4.029267571412481,-0.1056566837299999
0.3625067069370289,-3.8899104559018665,0.039335002193521575,0.1157538371075899,0.2093926313843395,-3.9413485551057494,-0.048775513716473845,0.21627171457518735,0.1519722093599685,-4.0311683054096985,-0.1056462753182238
0.36250670693702797,-3.889910455901864,0.039335002193522,0.11575383710758946,0.21926662875586928,-3.9412110139032723,-0.048308078688515686,0.21678254698052374,0.1698376856037894,-4.033062694505352,-0.1056368281123115
0.40400876286758214,-3.885119773742294,0.03809913563548293,0.11554897629494006,0.24386600338471298,-3.9403764247737105,-0.04946582355636469,0.21287428100708025,0.1877613399472031,-4.034963072639133,-0.1056264186826257
0.4115763236273056,-3.888420755473058,0.03975458767625873,0.11575654607921469,0.25721913926245227,-3.9439699088832483,-0.0487639350084768,0.21390086236559294,0.2056268540162105,-4.036857106998667,-0.10561697038364011
0.4115763236273055,-3.888420755473059,0.03975458767625866,0.11575654607921404,0.2691008975320818,-3.947198520113773,-0.04827374274352862,0.2149039589243921,0.2235505456295202,-4.0387571291492925,-0.1056065597801777
0.4642245251140613,-3.8925365876505156,0.039821256947248966,0.11850910519675223,0.2914655973494798,-3.95052415544091,-0.04357169766926061,0.20540653941306566,0.2414160971585811,-4.04065080869183,-0.1055971102173117
0.45301779708548523,-3.889740861619999,0.03698984782541901,0.1179266370923913,0.3056422826260735,-3.953205889495158,-0.042572076633481566,0.205866654403347,0.2593398263146458,-4.042550474838828,-0.1055866978718986
0.45467900860684884,-3.8889741191508493,0.03717098667979922,0.11796501817945482,0.31679074635340376,-3.9549118973738184,-0.04229697360954248,0.20702021261413442,0.2772054149314067,-4.044443799444825,-0.1055772442376776
0.4914741265339506,-3.882796515937639,0.03791512846286345,0.11929091534430135,0.3365644717501828,-3.956327811570679,-0.0426017981565085,0.203195043256999,0.2951291922886834,-4.046343111185997,-0.1055668934444386
0.494526267211959,-3.8845039909402357,0.037661531263986706,0.11928165898732654,0.35815052774506023,-3.960635592455284,-0.04920570512615431,0.21807841443458195,0.3129948105008686,-4.0482360807470945,-0.1055573966268463
0.5102937495340529,-3.888412179028814,0.03990916058875632,0.1192379829132283,0.37453549263816666,-3.963046352112868,-0.05429589886544865,0.22974244894784412,0.3309186249603888,-4.050135035550956,-0.1055469211339357
0.5639960984708774,-3.8766757517919372,0.04156991793651039,0.12098752609884908,0.4044767501028031,-3.951511667335749,-0.04931517859567184,0.21850917673381734,0.3487842803673519,-4.052027649097697,-0.1055375204384551
0.5653097264399055,-3.876754124482243,0.04150316219867019,0.12093938356406547,0.41938563086151465,-3.9555418838098926,-0.04833581234399911,0.21920798163501734,0.3667081221224669,-4.053926247103614,-0.10552710739626091
0.5653097264399052,-3.8767541244822428,0.04150316219867063,0.12093938356406488,0.4290438876492727,-3.9565867484340695,-0.04826082957976449,0.2204957767106518,0.3845738241862063,-4.0558185071676345,-0.1055176549626249
0.5989350786803196,-3.8807375517839464,0.03649166058352502,0.11850653683941505,0.4501353970548043,-3.9581834774164175,-0.0491479210037784,0.21546962185927837,0.4024977038391011,-4.057716749109453,-0.1055072399736749
0.6462273865231993,-3.8800109709439137,0.03777148220538168,0.12012033867259927,0.4835521107164216,-3.9593341315436175,-0.043360152791715845,0.20286036523565099,0.4203634436275916,-4.059608654231933,-0.1054977864568961
0.6462273865231984,-3.880010970943914,0.03777148220538211,0.12012033867259884,0.49289742389305613,-3.961446803972372,-0.04325755743460088,0.2042380767763034,0.4382873609316689,-4.061506540037817,-0.10548737053942751
0.647409605125039,-3.8788313259158835,0.03782261509657128,0.12017304574567789,0.5037658215740617,-3.96188311832287,-0.042666801406134366,0.20498318177587538,0.4561531383668588,-4.063398090176622,-0.1054779161794396
0.6498069952655346,-3.8789496725194885,0.03795005907854914,0.1202148028951454,0.5178679545370135,-3.9647419589624615,-0.04175873332743495,0.20574393241638012,0.4740770932988869,-4.065295619812908,-0.1054674994223641
0.6891424956897316,-3.8691697983449322,0.037392843001301995,0.11961425702878292,0.5463960383665174,-3.9655837550773985,-0.0490581563888423,0.20819181826543456,0.4919429083616475,-4.067186814935643,-0.1054580442632237
0.6896416595676058,-3.8692184561078222,0.037352533335456385,0.11962382603584566,0.5591069704496212,-3.9674002550002165,-0.048691765009900884,0.20994811527851204,0.5098669009105752,-4.069083988371472,-0.10544762668919182
0.6940451302064096,-3.8720974006526796,0.03794848634204597,0.11959819839329723,0.5714283993041254,-3.9702696981086003,-0.04802101328568041,0.2111398834252614,0.527732753584391,-4.070974828447588,-0.105438170732497
0.7355379619601284,-3.866244147426182,0.03478604297867958,0.12096241244275349,0.6046381548658578,-3.9642145956386288,-0.047299560491859204,0.21072978955910526,0.5456567837369982,-4.072871645652065,-0.1054277523105186
0.7437360289166206,-3.869165468002939,0.03531288340872934,0.12068890578947383,0.6237780183386112,-3.958297538701503,-0.05363467136504075,0.22400430624594056,0.5635226739842145,-4.074762130646483,-0.1054182954291009
0.750392803825878,-3.872974152070004,0.03794442815878765,0.12070769210819397,0.6366754875902375,-3.961672101153007,-0.052963830159751035,0.2254598267571506,0.5814467416384058,-4.076658591572346,-0.1054078756625609
0.7940368131939177,-3.8756848272974564,0.035273085110173866,0.12213879739260403,0.6448857416705032,-3.9637152267172358,-0.04537652836717196,0.1976046856778038,0.5993126685268969,-4.078548721298652,-0.105398412683654
0.7992610925716683,-3.8787551255510073,0.03502733376430286,0.12178071565671429,0.6591823674523303,-3.96680674178174,-0.04443306283756153,0.19885035406599566,0.6172367759638063,-4.080444826176464,-0.1053880052710176
0.8022648472652606,-3.8785268605679675,0.03521297335216262,0.12186984405487471,0.667233488959186,-3.9678945069317675,-0.044415746284477316,0.20017972034647163,0.6351027406181439,-4.082334600968597,-0.105378547478149
0.8395266176994397,-3.871268254454487,0.036619567852468185,0.12355382130788624,0.7024082295355253,-3.9670500922169376,-0.04463806423540572,0.20472107868107245,0.6530268846207254,-4.084230349486011,-0.10536812043226859
0.8401875668569065,-3.868919339013667,0.03886735499279039,0.12368833619815074,0.7052683284881807,-3.971801858580692,-0.029484334874083935,0.1843005934464389,0.659185141535283,-4.084786768509913,-0.0748491893594482
0.8668311884290337,-3.8710026246495883,0.09256475759089793,0.12231694513845004,0.7172043374316552,-3.975376093116929,0.013112469683462273,0.191591905119458,0.6639264259431625,-4.085066456932473,-0.0429942691970777
0.8641217639799446,-3.8698537384049745,0.0919418139517512,0.12232723859737143,0.7130613270934858,-3.97729151191403,0.02961820636993693,0.1687805063983384,0.6677364441012775,-4.085166705182327,-0.0096170943555373
0.8625965002677641,-3.873325500035728,0.0916045597951931,0.12182499446068876,0.7144502936515107,-3.9863575383279,0.04701119320224729,0.1504677928743236,0.6696660829171912,-4.085150859215043,0.0260404902545037
0.8562871859225838,-3.870381795354116,0.18084334222891216,0.12268267253896364,0.7159107011365863,-3.9745061536951667,0.11413783107204437,0.1790437330169126,0.6705102780459863,-4.0851134543176935,0.0625182960372171
0.8491648365432128,-3.878119945258978,0.17829415215723668,0.12234717944595183,0.7150828285250086,-3.981122027300524,0.1272760339528962,0.16316432552462914,0.6708222642650628,-4.085088232246259,0.09881792065394332
0.8224614448725417,-3.896096858578919,0.1744211381527195,0.12190823138038398,0.7158722579357885,-3.9996616427104446,0.14840473704808851,0.14643821666498386,0.671012696209863,-4.08506587087769,0.1349604402279864
0.8543469501884565,-3.8690007618480005,0.2723443834444805,0.12180874612800903,0.7192507150268239,-3.9780089870957673,0.21163852115085366,0.17361893411477414,0.6710719368548238,-4.085056736053127,0.1710267758406707
0.8387448095030035,-3.8835056494939293,0.26890762333842844,0.1209861668345306,0.7115490083747648,-3.998553869093008,0.22838766136807467,0.15607129728157249,0.6711608203422819,-4.085039730098846,0.20706113146144461
0.84277645830841,-3.8933051492374187,0.2718408796212721,0.12117538017664511,0.727399676730096,-4.001423410570836,0.25291577580262525,0.1416383494060505,0.6711801019952732,-4.085035315555207,0.24308160163015494
0.8518996170523071,-3.8697760517704523,0.36471609020518747,0.12400870022606211,0.7160489047544161,-3.982642279100103,0.30938961864988973,0.17224464970378797,0.6712513104970036,-4.085016289412941,0.279098730492465
0.8265306455711926,-3.8884056013005837,0.3604306226983965,0.12331403830045257,0.7160501171379435,-3.993387713587817,0.3311678264387636,0.1498360077304043,0.6712640182686214,-4.085012398719529,0.3151101677214383
0.8510661389803609,-3.866679956707462,0.4529025374258839,0.12343666661233026,0.7184605667236633,-3.9743646094700944,0.3914926159184925,0.18051051286031847,0.6713313390230767,-4.08498910505254,0.3511218522526388
0.845859553578589,-3.87246581062927,0.4517892206891746,0.123096829671673,0.7125980220915972,-3.9888240094714673,0.4098355288623461,0.15886375981954723,0.6713423761474795,-4.084984835236492,0.3871326635523769
0.8453535148031742,-3.8915595867354495,0.4548091487878088,0.12346323201173981,0.7271839257368344,-4.001873650602679,0.4340327722097991,0.1454627409833666,0.6714072009614976,-4.084957034278201,0.423143357819236
0.8798421235822509,-3.873544769717185,0.46584752789744843,0.12743037218523062,0.745635467776124,-3.994956822133874,0.46254185148823435,0.15439882853765732,0.671417511973014,-4.084952165581274,0.4591534553120699
0.8396091776315652,-3.8892658847654866,0.5376946303932302,0.12268907322956418,0.721222390172798,-3.996023355598158,0.5108571107680573,0.1480255512769255,0.6714798798038712,-4.084919921130932,0.495163539332522
0.873069822216563,-3.881071085076262,0.5484612538551765,0.1259074732488809,0.7451646494481782,-3.9993190212844194,0.5374888759175329,0.1519653776398428,0.671489563814473,-4.08491446394152,0.5311731193252147
0.8646969273729193,-3.8789136235291064,0.6309192807054296,0.12086208518238196,0.7204111894053763,-3.987996489400813,0.5891370607198241,0.1520602425736448,0.6715492053779786,-4.084877964815135,0.5671827052858627
0.8180714200452184,-3.906991626629642,0.6269082396171235,0.12033320209633103,0.7270997160700932,-3.9981276183427434,0.6126305836068936,0.1410977089493624,0.6715582425541631,-4.0848719767127175,0.6031918439645807
0.8935464375807616,-3.8803852255678413,0.6397898106876039,0.12343025263654131,0.7491370799476817,-3.998455644860504,0.6431798084340513,0.158380160700873,0.6716148786747929,-4.084831441292492,0.6392010018279082
0.8107591627032387,-3.913104743610435,0.7025248541054457,0.12094508519734581,0.7180764046571863,-4.000433734485174,0.6855164135314084,0.14174425021395085,0.6716232459847882,-4.084824984769287,0.6752097628374468
0.8580401041920133,-3.88346248721677,0.7129862109660073,0.12258237790638113,0.7336061745619461,-4.000709008799465,0.697589949552062,0.1437821392510477,0.6717746468504239,-4.084701873994434,0.6901994846121738
0.8812004040887813,-3.8743182805511585,0.7181001941442674,0.12449786366109779,0.7394204685848476,-4.000197304924081,0.7166771077305647,0.1563634028821149,0.6717509918520712,-4.084721877557437,0.7137128749357107
0.8535928307115844,-3.880956352227014,0.7877619196315331,0.11984869374269953,0.7135876245664162,-4.003249553175032,0.7598514700695566,0.14525816211404508,0.6717470382021269,-4.08472542060002,0.7476491920196119
0.8467664068259786,-3.8902033216072285,0.7954097998930636,0.12285720143383388,0.7450038777176653,-3.9916835711389376,0.7884305805819538,0.14528053207186525,0.671726732369376,-4.084744933052237,0.7833023465447575
0.8914966826924782,-3.8797711566679505,0.7993507961886552,0.12364117027689993,0.7413568015721796,-3.9978302009804394,0.818687874711185,0.17331641056969393,0.6717626146847392,-4.08470789301596,0.8192434681710549
0.8185721493940497,-3.910873857182345,0.8774055990692188,0.1212102650170443,0.7284278392642165,-4.000539428891788,0.8642408374250145,0.14181204353086121,0.6717645068411983,-4.08470579375203,0.8552361991950376
0.8895902439761669,-3.8731941328230604,0.8910444612090813,0.12462384752771664,0.7442316699368831,-3.9937693146833686,0.8941187231634736,0.15774474118039525,0.6718069855486112,-4.08465511060217,0.8912399691870443
0.8911588327831022,-3.8707985370154594,0.8914219744650961,0.12489477042425652,0.7428511101296321,-3.9966572965801923,0.9244218348990352,0.18049029204874265,0.671812273146207,-4.084648319412012,0.927246367830534
0.9190022370228191,-3.856707991533001,0.9736835615007133,0.1332309636622025,0.7509525659056749,-3.9844832525840177,0.9670981737218497,0.1636352260561611,0.6718519896141042,-4.084593334469265,0.9632538097902303
0.9190022370228199,-3.8567079915330025,0.9736835615007139,0.13323096366220175,0.7640623978619431,-3.985225390480261,0.9791576523314527,0.17219744000969067,0.677111030469177,-4.076922726221164,0.9763340703704656
0.9190022370228192,-3.8567079915330016,0.9736835615007139,0.13323096366220197,0.759178100803967,-3.983729363695686,0.998496353779678,0.18847576004694672,0.6787768391744824,-4.074395285594036,0.9997820415392854
0.9016215160786877,-3.8656773287674513,1.042276890506373,0.12724627178436201,0.7530622749928828,-3.981937402213625,1.038345531195888,0.15582033359967115,0.6800991854537943,-4.072256972626211,1.0341231236275248
0.911613426511948,-3.8610877590167934,1.0440877205375552,0.12794150397645873,0.7524739458777171,-3.985907851737715,1.0676960159724391,0.17834035350437122,0.6810867893532229,-4.070529331067332,1.0688455792094391
0.911613426511948,-3.861087759016792,1.0440877205375552,0.12794150397645845,0.7238990347421049,-3.96642039376933,1.1080292983100937,0.19678673782716133,0.6814617002250849,-4.069815841067798,1.105131077354832
0.9100774468617394,-3.863351902724983,1.130782049164959,0.12790546875733944,0.7531753450110242,-3.983842326851725,1.141054979207733,0.1682168913542395,0.6816290871850217,-4.069467132006071,1.1413908125705066
0.9127072024301999,-3.8591318028925192,1.1307632302467836,0.12777728746582956,0.7464375879867026,-3.9801223922676816,1.1738017306342505,0.187529601998382,0.6816828703101955,-4.069343839373505,1.177525060340024
0.8909294058214348,-3.8592347626512526,1.219225714979737,0.12762498660124744,0.7508316233529758,-3.983711680405378,1.2166888639282916,0.1567680369713247,0.681726199422429,-4.069233840040065,1.2135882528234727
0.9029482821658552,-3.8507829700519993,1.221113333988891,0.12834243634466483,0.7492088841068867,-3.9905993951425063,1.2486955910293662,0.18249327808878332,0.6817357025406182,-4.069206905960024,1.24961909891528
0.9029482821658562,-3.8507829700520015,1.2211133339888902,0.12834243634466624,0.7175892687078385,-3.9705500875688555,1.2865037773551484,0.19722112630634575,0.6817582038451077,-4.06913497342485,1.2856367951719063
0.9027020647380237,-3.861182318751326,1.3090683465114688,0.12367333730314393,0.7507038262441283,-3.9773314376021864,1.322192267338216,0.16678349480385382,0.6817612330693061,-4.069123905582648,1.32164887090571
0.9023244779750987,-3.8607434087244883,1.3089856993430644,0.12366088998174585,0.7460681951327784,-3.9769590679354168,1.3544229053816152,0.1895593039772483,0.6817768889960913,-4.069057383311184,1.3576591062401648
0.902702064738024,-3.861182318751326,1.3090683465114685,0.12367333730314403,0.7098526174222376,-3.9554645564504263,1.3848084667352725,0.19967818802942522,0.6817785393934436,-4.069049033114091,1.3936680974259197
0.9023244779751016,-3.8607434087244905,1.3089856993430649,0.1236608899817463,0.7024455238792106,-3.9485401741465123,1.4024002829947466,0.20771814996504565,0.6817891904517946,-4.068982662998556,1.4296785871335242
0.9009922174468553,-3.8590028993066867,1.4000427745835313,0.12486007299596717,0.7184851974975712,-3.9673377653316626,1.467837067736124,0.1992054728127368,0.6817901545775149,-4.06897487139949,1.4656873977111595
0.7520003688185464,-3.792091150950126,1.479965032469535,0.1824498713220537,0.7043958478257093,-3.9565929940112925,1.4877460068560073,0.20430159058432346,0.681795951035795,-4.068908493475551,1.5016969943550194
0.8988107615365681,-3.855795170504964,1.4909834657459877,0.12610171598681083,0.7477635140114286,-3.979088325181052,1.534689870383946,0.19010987730488893,0.6817963409307071,-4.068900869269231,1.5377065151159208
0.8985439554510604,-3.9615577285148205,1.493342346097734,0.13124905942341994,0.7375153870136957,-3.9934040188356064,1.5707146226486057,0.19436085609237605,0.6817973425438517,-4.068834475252192,1.5737166377902874
0.8985439554510595,-3.9615577285148205,1.4933423460977342,0.13124905942341908,0.7308062655992347,-3.9852062444393814,1.5894737696040524,0.20147915396299462,0.6817971871699783,-4.068827051177352,1.6097266701468669
0.9014122694206923,-3.9631729792601957,1.5944490754309373,0.13050154417504134,0.7658107910793774,-4.008571430848768,1.6418151452923415,0.17284607748420375,0.6817934201020346,-4.068760959126368,1.6457373635504646
0.9011633018152052,-3.9631437777236465,1.5944715795881346,0.1304875278856146,0.7316228754024913,-3.9877435142305884,1.6745120912167377,0.18667201195480757,0.6817927486485316,-4.068753755842915,1.681747966836589
0.9011191974811825,-3.962915480175552,1.5944348341271728,0.13050154417504126,0.7331925335141776,-3.9820959762018253,1.6815367908894563,0.18941777419810937,0.6817895216801508,-4.0687265997718525,1.6963963427732698
0.9012466810767603,-3.9625774050832545,1.6120140209843468,0.13051203676447728,0.731702256938594,-3.9871466155442183,1.6920723729493161,0.1866989268433237,0.681758403930563,-4.068482990699995,1.6992931059808878
0.901246681076761,-3.9625774050832523,1.6120140209843468,0.13051203676447692,0.7313303892192948,-3.9879461111757193,1.6924900028206755,0.18702986360573562,0.6817501779052414,-4.068419454003841,1.6998049117449796
0.901246681076761,-3.962577405083253,1.6120140209843468,0.13051203676447662,0.7308638541928829,-3.9878373470781963,1.6925682498617465,0.18703347725638247,0.6817414988977873,-4.068352578515488,1.6999023024918494
0.9011661296167337,-3.962911817262267,1.6119770267625166,0.13054349750131003,0.731040378194056,-3.9879324592389906,1.6925093945756766,0.1870740304146768,0.6817435280041998,-4.068368205945239,1.699930822711375
0.9011661296167371,-3.9629118172622713,1.6119770267625164,0.13054349750131003,0.731040378194056,-3.9879324592389924,1.6925093945756762,0.18707403041467677,0.681739332235245,-4.068335897571189,1.6999488758848649
0.9011661296167347,-3.962911817262271,1.6119770267625158,0.13054349750131009,0.7310403781940557,-3.9879324592389915,1.6925093945756764,0.18707403041467707,0.6817431473718963,-4.068365271472889,1.6999614065030209
0.9011474242021964,-3.9629140857790595,1.6119760673374792,0.13055170156953275,0.7310213184559328,-3.9879369857900238,1.6925078879137814,0.18706252451329214,0.6817395834818707,-4.068337834588878,1.699973020360262
0.9011474242021965,-3.962914085779058,1.6119760673374794,0.13055170156953175,0.7310213184559337,-3.987936985790026,1.6925078879137814,0.18706252451329264,0.6817436475998453,-4.068369119872527,1.6999829979815109
0.9011352159152533,-3.962913654695269,1.6119755376922962,0.13056106609553497,0.7310086511770588,-3.987938128773835,1.6925069333686775,0.18705979263688882,0.6817402235475679,-4.068342763889294,1.6999935853056438
0.9011352159152526,-3.962913654695269,1.6119755376922962,0.13056106609553547,0.7310086511770578,-3.987938128773835,1.692506933368677,0.18705979263688863,0.6817443443674541,-4.0683744806067805,1.7000031408783356
0.9011352159152526,-3.9629136546952686,1.6119755376922953,0.13056106609553655,0.7310086511770582,-3.987938128773833,1.6925069333686773,0.18705979263688866,0.6817409234211689,-4.06834815266539,1.7000135642960137
0.9011352159152533,-3.9629136546952677,1.6119755376922957,0.13056106609553575,0.731578807277971,-3.984557984197768,1.7024453670870174,0.1913736137052104,0.6817816050476546,-4.06863735114354,1.7210856112719382
0.9033700659185256,-3.9634457869433155,1.6656053390112906,0.13036263773762702,0.7279683559306833,-3.987966646633255,1.7490145211421724,0.19318745011711885,0.6817849489167455,-4.068657203853884,1.7542423159512417
0.903370065918526,-3.9634457869433177,1.6656053390112906,0.1303626377376267,0.735806259183532,-3.9789871437372395,1.7668450745137125,0.20065115079779433,0.6817924697336821,-4.068694076855622,1.7897613990974304
0.9033700659185258,-3.963445786943313,1.6656053390112902,0.1303626377376269,0.7153935431394622,-3.965235181382621,1.787947865595174,0.21595350580342196,0.6817814935372437,-4.068648619301373,1.825681907754657
0.8982072753068395,-3.960690387611952,1.7558003836788851,0.13124645743209523,0.7349954876033259,-3.9889888688208957,1.846725827673198,0.1997336009643732,0.6817808108432277,-4.068646179916885,1.8616744848522413
0.8982072753068364,-3.9606903876119492,1.755800383678885,0.13124645743209518,0.7305489038727918,-3.979289895072124,1.8496221828734911,0.19959388821294943,0.6785821991717291,-4.0580619537730405,1.86687614117551
0.8939861368882525,-3.93312389437421,1.7834989202949811,0.12718215608766847,0.7264657923956479,-3.9692280200450325,1.864519794850075,0.19235619203946505,0.6750561453295849,-4.046612841044213,1.8722329509703015
0.8939861368882549,-3.933123894374212,1.7834989202949811,0.1271821560876713,0.7175985964475186,-3.9592335764728794,1.8633943702792617,0.1899871126204682,0.6707001450652295,-4.032574057146691,1.8710879338375743
0.871658481155042,-3.8848776234341424,1.7775505666271199,0.12466452885702446,0.7085052444979841,-3.9313291874431453,1.8627487384330679,0.19261685033334713,0.6659926787664832,-4.017336680224425,1.8697850734291337
0.871658481155041,-3.8848776234341402,1.7775505666271196,0.12466452885702246,0.7064452162363555,-3.919459562600472,1.8626213733548314,0.19052928093278856,0.6606586140202917,-4.00001205123262,1.8691650018461856
0.8716584811550429,-3.8848776234341442,1.7775505666271199,0.12466452885702455,0.698998357004278,-3.9080152458338753,1.8625777200018345,0.18861982346741588,0.6553546175178188,-3.982763924302721,1.86909506416164
0.8716584811550405,-3.884877623434142,1.7775505666271196,0.12466452885702312,0.6952541564214617,-3.8984918248416056,1.8629059887601918,0.1872331182960233,0.6500604697755361,-3.965545491361229,1.8690888581579848
0.8722085194378435,-3.8419471904036,1.7807548884039957,0.12656660508736367,0.6911024711765715,-3.871539337359794,1.8641571749455035,0.19329675531208845,0.6447699607065426,-3.9483385354365175,1.8690834002181032
0.8726138166298583,-3.8410650321226587,1.780405718771115,0.12658388953543653,0.6859184614834258,-3.8566520304888567,1.8636670776425917,0.19060310238082911,0.6394809683460236,-3.9311360749105653,1.869074567332508
0.8726138166298596,-3.8410650321226574,1.7804057187711153,0.12658388953543753,0.6815255080226623,-3.843405152018702,1.8639141560732926,0.18869491337374733,0.6341926981001086,-3.9139353642551544,1.8690638420756485
0.8590336950338322,-3.787020394706716,1.7793151913760277,0.1267614551830473,0.6725275322500011,-3.8195461635864136,1.8629418498482226,0.1948949666350239,0.6289048403748446,-3.8967353130247018,1.8690522804423104
0.859033695033832,-3.7870203947067145,1.779315191376028,0.1267614551830473,0.6703466044616989,-3.8067709027442285,1.8634081472735966,0.1929883688269262,0.6236172726937306,-3.879535486658227,1.8690403723406728
0.8567986757778417,-3.7389484510360735,1.7807950119768123,0.12970266846127546,0.6692117594022874,-3.7743822903210433,1.8603524769274706,0.1948333772003283,0.6183299465993428,-3.8623357125157525,1.8690283197870483
0.8567986757778425,-3.7389484510360753,1.7807950119768126,0.12970266846127707,0.6622211132697194,-3.763803514375598,1.8605982279219235,0.19315813119730654,0.6130430630656315,-3.845136525857447,1.869012539961686
0.8567986757778432,-3.7389484510360758,1.7807950119768121,0.12970266846127673,0.660899390719928,-3.755711482172583,1.861140124084959,0.19213934236823016,0.6077560132383586,-3.8279360591094402,1.8690041830541049
0.8374107171301994,-3.6934528433360048,1.7805860975710692,0.12532186573712056,0.6449931653640835,-3.726998598617436,1.859982701083657,0.1938502894674182,0.6024693273698525,-3.810736145561564,1.8689919377927264
0.8374107171302002,-3.693452843336006,1.7805860975710694,0.12532186573711968,0.6465797371867125,-3.714472620763663,1.8596861727203804,0.1915895089590508,0.5971828582587873,-3.7935361914638426,1.8689798300011928
0.8374107171301997,-3.6934528433360043,1.7805860975710688,0.12532186573712098,0.6419527850599764,-3.704256881213641,1.8596526395369004,0.18988828804055266,0.5918965965800768,-3.7763361700118163,1.8689677001536469
0.8432695216270596,-3.63845995770788,1.7809454346523366,0.1277249055751615,0.6315344169590531,-3.6767690680711382,1.8609164336923087,0.1949093388388875,0.586610543384941,-3.7591360838636048,1.8689555675052951
0.8432695216270616,-3.638459957707882,1.7809454346523366,0.12772490557516214,0.6256680696730097,-3.6674539328099924,1.8609107897395272,0.19337934346650998,0.581324698757354,-3.7419359331942905,1.8689434344276368
0.8432695216270624,-3.6384599577078816,1.780945434652337,0.1277249055751629,0.622716507413008,-3.6553534301428554,1.861156202060733,0.1914684151772674,0.5760390627096187,-3.7247357180372487,1.8689313015625597
0.8448986287369095,-3.6057679564564142,1.7848907983011248,0.13006007745614007,0.6139031963408453,-3.6249319264867226,1.8620865441139434,0.19551985668394956,0.5707536352427404,-3.707535438415077,1.8689191691333775
0.8448986287369089,-3.605767956456413,1.7848907983011246,0.1300600774561403,0.6115740623905531,-3.613015339957989,1.8635305899832062,0.19421210257822008,0.5654684163544287,-3.69033509434991,1.8689070372240455
0.8448986287369109,-3.6057679564564147,1.7848907983011246,0.13006007745614034,0.6032335540047508,-3.6014371613286316,1.863621916703167,0.19256044646650422,0.5601834060412498,-3.673134685863416,1.8688949058633
0.8183287660422927,-3.542945243224925,1.7841456062502137,0.12915145591093738,0.6035308777597681,-3.565830736043687,1.8603408490424513,0.19615142152207762,0.5548986042995092,-3.655934212976525,1.8688827750544783
0.8183287660422894,-3.542945243224924,1.7841456062502135,0.12915145591093552,0.5997285453603407,-3.5579792423090955,1.8608508098159546,0.1950562755082607,0.5496140111253264,-3.6387336757108724,1.8688706447859127
0.8183287660422875,-3.542945243224923,1.7841456062502128,0.12915145591093533,0.5931871029335994,-3.54489336847852,1.8615895175043475,0.19326704826723154,0.5443296265161979,-3.6215330740904026,1.868858515030827
0.822510426443174,-3.5038069035254535,1.7842969483176623,0.12808366128358006,0.5810480403334978,-3.52287025878878,1.8607645841794525,0.19788040552307212,0.5390454504734774,-3.6043324081485433,1.868846385732675
0.8216035871093221,-3.502717510711897,1.7839675986577148,0.12799052580636583,0.5804384286213695,-3.5104442739586217,1.8612423894482413,0.1957313582182298,0.5337614830083212,-3.587131677946101,1.8688342567394252
0.8190874042034704,-3.449333085551032,1.7931262957917722,0.13813887154323387,0.5728644021512802,-3.484423887385234,1.8589156935700335,0.19349417372056504,0.5284777241742183,-3.569930883655394,1.86882212741946
0.8190874042034713,-3.4493330855510327,1.7931262957917722,0.1381388715432341,0.5675034322827084,-3.4762756521334857,1.859596303483327,0.19274313271888502,0.5231941744611203,-3.552730026634979,1.8688099906877755
0.8140457098262074,-3.444563808423154,1.7915395470586333,0.13676402421961423,0.5617865184261543,-3.46258277269841,1.8595450654672991,0.1905539261282989,0.5179108311567273,-3.5355290992113995,1.8687978991323777
0.7965979004285793,-3.3857281770921306,1.7916429545778685,0.13513286059245774,0.5561057898893171,-3.4254949169266893,1.8588027198899706,0.19029280936009116,0.5126276932903476,-3.5183280949849585,1.868785656683811
0.7965979004285787,-3.38572817709213,1.7916429545778685,0.13513286059245694,0.5523556229644744,-3.4160519324978496,1.8594781614435572,0.18902445608158028,0.5073447737826847,-3.5011270575645668,1.868773615439254
0.7965979004285798,-3.385728177092131,1.791642954577869,0.1351328605924575,0.5487304296928107,-3.4090400664081657,1.8599827907748439,0.18841140161648848,0.5020620577210485,-3.4839259420743423,1.8687614930041967
0.7965979004285766,-3.385728177092129,1.7916429545778685,0.13513286059245674,0.5433287339030537,-3.3979963059328213,1.8603037718268203,0.1872545446036026,0.4967795499693888,-3.4667247618035413,1.8687493686343128
0.7965242321756599,-3.3373233184282354,1.7914041184626566,0.130878576236014,0.5357463765011479,-3.368573714969215,1.860847370811077,0.1911913811647257,0.4914972506602863,-3.4495235171198986,1.8687372441051489
0.7828743343438475,-3.2911573468037574,1.788481833000381,0.12719559440710107,0.5325099111620031,-3.3351000760125404,1.8589440860527682,0.19842384761516252,0.4862151598222832,-3.432322208116138,1.8687251197552104
0.7828743343438469,-3.291157346803758,1.7884818330003809,0.1271955944071006,0.5277578499098488,-3.3281597120103426,1.859390681907454,0.1973104035619188,0.4809332774630674,-3.415120834831882,1.8687129956826052
0.7809469783803522,-3.2912161684164203,1.7884442110557792,0.12723667647694967,0.5176991088296982,-3.3129532906640606,1.860268183101136,0.1955388205016931,0.4756516035841985,-3.397919397290389,1.8687008719192304
0.7740185774716937,-3.239165484454519,1.7925979175611964,0.1315525425440607,0.5083108134857912,-3.2788969766280625,1.8581229739025757,0.1952974955876029,0.4703701381850347,-3.380717895508224,1.8686887484731995
0.774018577471691,-3.2391654844545177,1.7925979175611964,0.1315525425440582,0.507339574525579,-3.2677475324284573,1.8592061134859554,0.19366086403186208,0.4650888812640069,-3.3635163294995656,1.8686766253423197
0.7740185774716973,-3.2391654844545177,1.7925979175611966,0.13155254254406154,0.5039542714385203,-3.2600523677422277,1.8596492137108167,0.19277516617095414,0.4598078328188745,-3.3463146992768316,1.8686645025188515
0.7709118628417103,-3.1807571533239365,1.7910888385865018,0.12797572559655174,0.49613626523464793,-3.2343038965390036,1.8593291801383829,0.19799501291206872,0.4545269928480543,-3.329113004852894,1.868652379990511
0.7709118628417133,-3.1807571533239405,1.791088838586502,0.1279757255965517,0.49101212667157684,-3.2227963731015015,1.8603238098330068,0.1964903727929203,0.4492463613505779,-3.3119112462421985,1.8686402577378716
0.7703405600821795,-3.1810853853944354,1.7910497176836513,0.12795240051081141,0.5021897798969355,-3.230590014162776,1.8413395855006647,0.1851165739359323,0.447477629349034,-3.305827052473669,1.8387756301723477
0.748835066259354,-3.1674311557520034,1.7424869841865305,0.12330166193631717,0.4949835457248963,-3.2097611643321082,1.8123420357966726,0.1941018210104766,0.4460765888402052,-3.300488431817255,1.816111921401276
0.7488350662593538,-3.167431155752004,1.7424869841865307,0.12330166193631723,0.5259215399905972,-3.221257435339753,1.7853563893258018,0.17423467972241674,0.4452469571159006,-3.2969824740387135,1.7902020665311882
0.7488350662593539,-3.1674311557520034,1.7424869841865303,0.12330166193631685,0.538641467479545,-3.224448837592309,1.760856294750826,0.15541877618595235,0.4449218922010798,-3.2954092082955837,1.7588921520025806
0.7768285506234137,-3.16934222137945,1.6393337456047579,0.12834183730028667,0.48559295183420165,-3.2011820418948225,1.711345045873837,0.19507931806543688,0.444794993112762,-3.2946745633841124,1.7247952868024463
0.776828550623412,-3.1693422213794475,1.6393337456047576,0.12834183730028606,0.49229527789076244,-3.2108929982183434,1.6936110940352482,0.18714650118001835,0.4447549251609549,-3.294382634254159,1.6895975168694104
0.7768285506234159,-3.1693422213794498,1.639333745604758,0.12834183730028786,0.5381403707084195,-3.2215889932510624,1.6559949432690273,0.1589060050271486,0.4447349319099763,-3.2941853234978598,1.65396326896042
0.7682005204483198,-3.165307570896734,1.51850706477031,0.12483240356899739,0.4851842042613883,-3.200305882247593,1.60001126728884,0.20229962023974782,0.4447300409962998,-3.2941104872136995,1.6181534499278851
0.768200520448316,-3.165307570896733,1.51850706477031,0.12483240356899701,0.5016475193855169,-3.210724130909358,1.5821287490523999,0.19193790290075824,0.4447267734112937,-3.293999447375092,1.5822765064031767
0.7527381053371165,-3.1638097511858967,1.5186107802731181,0.12589518298084587,0.5341496892541169,-3.222826219323038,1.5457597130760719,0.16588747117277153,0.4447270484702503,-3.2939569471306913,1.5463724514401207
0.774018877352336,-3.160585604613421,1.407842636948664,0.12625421685505547,0.48551892825398457,-3.192062924148816,1.4877593981609887,0.20046043550645629,0.4447311960360266,-3.2938591408247535,1.5104591577662576
0.7740188773523359,-3.16058560461342,1.4078426369486645,0.12625421685505453,0.4878169104253182,-3.2057108073482405,1.4707429883194607,0.19255602218798493,0.4447340892248975,-3.2938222644788833,1.474541275794257
0.6419710271064007,-3.1429589803870206,1.284892616923938,0.1828715460509583,0.5004154975223538,-3.190803071516674,1.4124361522639786,0.23056656895430397,0.4447449414364652,-3.293727661306754,1.4386238948005874
0.6238150947092233,-3.14621198952533,1.291051168502608,0.17941791647088393,0.4945760024311415,-3.1918242620849795,1.3993758018167477,0.23035833040131312,0.4460847251401004,-3.2843522193964594,1.4190837398706408
0.6362981755121729,-3.143080277189076,1.285345388626651,0.18244352070905606,0.4865123355067337,-3.188967577475393,1.389697072436204,0.22352042216997972,0.4481211827057137,-3.271455811910185,1.4092775156329689
0.5530561049365141,-3.0924177866792597,1.3787789631955694,0.18415792395094802,0.49788580314813125,-3.1620125872924367,1.391515209374213,0.19280345415252725,0.4505395083057757,-3.256767101809169,1.405965990995104
0.5530561049365154,-3.09241778667926,1.3787789631955691,0.18415792395094827,0.4982989140820147,-3.156423903481987,1.3906189618539815,0.19140320487793142,0.4530577203008602,-3.241718242441698,1.4040274716719563
0.8039716139297173,-3.1417018111411,1.3200857248383358,0.1471425344989305,0.5002949003512693,-3.1475068806361297,1.3900523414637596,0.18975341929551026,0.4558953561962978,-3.2249208447976057,1.4028591627006997
0.7997504138974592,-3.0729315853355383,1.302651450653914,0.12420544371130336,0.5028718025322287,-3.103610398009193,1.381811898913918,0.1984308645385238,0.4590585219608085,-3.206262534726598,1.402864504474876
0.7997504138974566,-3.072931585335536,1.302651450653914,0.12420544371130138,0.5029471943089846,-3.1076326593271384,1.3695194775338482,0.19120928345468638,0.460298090635392,-3.1994640504310734,1.3780300647533206
0.8016052250774851,-3.071720111450177,1.3020195821692482,0.12359948155327131,0.5122293640294137,-3.1116918010023342,1.3560508841349257,0.18497026439956787,0.4614120386754869,-3.194104763900986,1.3536910813561709
0.8720382194839632,-3.079593349049857,1.2387113416812672,0.12702008219608374,0.523594245336837,-3.1084523546455185,1.3124998988185437,0.2066176628861109,0.46215174106374,-3.1909814396081146,1.322807280877211
0.8720382194839658,-3.07959334904986,1.238711341681267,0.12702008219608482,0.5283369465085295,-3.1078731748080366,1.2944297012412522,0.19674471330959892,0.462673240333409,-3.1890563214321688,1.2896991425157391
0.8717501774157587,-3.0863565735901304,1.1390529234010345,0.12619162041495946,0.5161869824961367,-3.0953869111846712,1.2274531204048105,0.213450447072631,0.4629058381550422,-3.1883005468771093,1.2547704164451046
0.6013443155826605,-3.0225040870261966,1.2069013083371776,0.18370715221444348,0.5158964950781065,-3.1019143872645776,1.2119551639182942,0.2061126516546113,0.463032503680153,-3.1879352852022906,1.2192151438992065
0.8717501774157584,-3.086356573590132,1.1390529234010347,0.1261916204149591,0.5252992205710945,-3.1086676726534077,1.1905987314110704,0.19812186830271417,0.4630818421953305,-3.187807883082995,1.1834157828720204
0.8624178279361665,-3.088706899005657,1.1375116735517954,0.12611322664833113,0.551758209365314,-3.11502396018457,1.1490559132103013,0.17540053123598115,0.4631294966656095,-3.187696823124425,1.1475210174447306
0.597318131612364,-3.0370829717750034,1.1170628046339348,0.18166328020557132,0.5227302402613299,-3.1045146972321946,1.114196830611585,0.20091030676219046,0.4631428114050791,-3.1876686317982252,1.111586872704719
0.8718056528173098,-3.084459889132574,1.053833812662358,0.12804730543144738,0.5582684691902525,-3.1199814553954255,1.077765578944557,0.18390377682594108,0.4631786408753559,-3.1875993340356614,1.0756383674930128
0.8714231483709161,-3.083882543089964,1.053689682504228,0.1279413660414443,0.5700668334283394,-3.1224940067905593,1.0473578225674733,0.16733165246321544,0.4631855579975468,-3.1875870583782064,1.0396827924058007
0.857314979359429,-3.0791276437842896,0.9588375613674047,0.12525731068166698,0.5308995291472187,-3.1038928154307186,1.0090297594302495,0.19464470354555846,0.4632226344706293,-3.187526461714926,1.0037257372457988
0.8573149793594292,-3.07912764378429,0.9588375613674048,0.12525731068166737,0.558613388905326,-3.1290902774517764,0.9706152143919424,0.1752426009224546,0.4632288103468713,-3.18751713837511,0.9677667354786512
0.8770598620476594,-3.0885183812818684,0.8646574392088735,0.12937085004784615,0.526184188694149,-3.107661011254252,0.9290846258291175,0.2024109216387383,0.4632693507612842,-3.1874604728183247,0.9318082724293253
0.8770598620476613,-3.08851838128187,0.8646574392088727,0.12937085004784746,0.5634258129842553,-3.1256002356617376,0.8979709972186388,0.18680560139559393,0.4632757554821089,-3.1874521685641684,0.8958486420888512
0.8770598620476611,-3.0885183812818706,0.864657439208873,0.1293708500478475,0.5682407613406882,-3.1237965324906436,0.8653231051909552,0.17029957806672721,0.4633199892041687,-3.1873988921891443,0.859889844615714
0.8764216888833714,-3.084080257808949,0.781266493353903,0.13137318360045677,0.5340960968641557,-3.1097516549269772,0.8301796338939135,0.1963679052841405,0.4633267556660725,-3.187391314235261,0.8239299686068821
0.8732293040603105,-3.090593890089413,0.7802516591455947,0.1312836344529677,0.5611876336838624,-3.131976100695581,0.7922500270084369,0.18233428108831237,0.4633744917647934,-3.1873415745025198,0.7879709452976357
0.8353465630110504,-3.0755787701138937,0.7776382798409872,0.13190126441745834,0.5673637659701647,-3.116851212269693,0.7585435402961019,0.16700880081588712,0.4633815828873648,-3.1873346985909947,0.7520108198342774
0.8704932872916389,-3.0854115713109103,0.6835215409257813,0.1254882647364389,0.5523862565171374,-3.112548517050441,0.7186949088092439,0.18667480928556432,0.46343256344547,-3.1872887037529303,0.7160515267380073
0.8693274620989837,-3.0853008405570446,0.6834181650101969,0.1254964094446688,0.5652781267052471,-3.119575023039594,0.6831155581727502,0.16755944319709837,0.4634399219203001,-3.1872825300166623,0.6800910905883809
0.7052620759300413,-3.0502471536156137,0.6560242296369098,0.12423182628819632,0.5691444468266413,-3.114064072208663,0.6499631889135279,0.1588837554032787,0.4634938552272153,-3.1872404893571726,0.6441314619967854
0.4870338949107711,-3.0458653409062757,0.5739094122673446,0.4646837325894871,0.4750885405960521,-3.1597713226345556,0.6103024851960485,0.4866562657534504,0.4703426619330119,-3.182197366807867,0.6252846839217305
0.5760096796909919,-2.9701422899597945,0.5830581436985188,0.4536118356381463,0.4823729889722601,-3.1466621242928796,0.6063749603430505,0.4801492869891531,0.4817105856111752,-3.174039789477611,0.6195914094043052
0.9027809718801683,-3.0607277189174127,0.5777625317963746,0.1269399926402479,0.5825164705016171,-3.0997707764208933,0.598079834103397,0.18381522668944109,0.4850866285662845,-3.1716906777674607,0.5962361620619481
0.9021702921273742,-3.0603487396473352,0.5776584401062451,0.12693999264024872,0.5949111078374355,-3.1031864640664923,0.5752996958074239,0.17067231317706574,0.4864265711555744,-3.170809031646102,0.5676833926283619
0.7478818760515902,-3.032488433575032,0.5570668815873284,0.12953965501720527,0.6062785594724479,-3.091012815169968,0.5438308419413754,0.16230365830904886,0.4897424212006554,-3.1687739515431312,0.5332435809919037
0.78256072995099,-3.0270415226032146,0.5476959858119956,0.12929573107483966,0.6036372853029217,-3.09580696784838,0.5216224709373506,0.16638786301886604,0.4917281164384138,-3.167644820075643,0.5008284267526824
0.9033656571484543,-3.0555154035733363,0.4908341844913723,0.12725402814673512,0.6060221201033505,-3.095446623070857,0.47559021998848955,0.16575316323651434,0.4926165183581935,-3.1671783893295795,0.4661004101620156
0.7384571195121472,-3.0394921389753433,0.4617306380575485,0.1285001622864574,0.6110406515400862,-3.0881552524302274,0.445693978162214,0.16105691543898684,0.4929565550415724,-3.1670148219877463,0.4306107123384028
0.9075070687563067,-3.060227677536541,0.40177392726636124,0.12651894100615077,0.5978679378949231,-3.10211119051111,0.402459511534671,0.17288454953530683,0.4931541390117331,-3.1669283051221586,0.3948377632620793
0.795812067732613,-3.0299826730303465,0.38378138028709513,0.12899624726477427,0.6082027707887617,-3.0884304968434138,0.368943066523199,0.16315520507997555,0.493216445648388,-3.1669036431901993,0.3589499257863402
0.7431652948395403,-3.0304640621589565,0.36352705309523664,0.1294767872591049,0.6122556297017606,-3.086445389042813,0.34402995308638534,0.16557245520479486,0.4933019935127807,-3.1668732870293117,0.32301767957724686
0.9040178216408015,-3.0575554907802966,0.3986743505610318,0.125339159006067,0.6137980179426452,-3.086903850835816,0.3234877355926985,0.18780195981582937,0.4933186876057839,-3.1668680305726027,0.2870660839204005
0.7561868633946351,-3.070568232672785,0.28290636524198187,0.12505309884264543,0.6145503512941426,-3.1071401346568925,0.267012848564495,0.16159181343531953,0.4933868663496988,-3.166849228545399,0.2511080044660633
0.7995738711395778,-3.072217443759173,0.2848260861443528,0.12511606470246708,0.6141717912430921,-3.100007405369165,0.25414889346399666,0.16798868521027907,0.5016514951196581,-3.1648118130076774,0.2322977811488108
0.49709518903414374,-3.037983956646065,0.24625485928558746,0.4285749565734487,0.5040539618199767,-3.0891473572053108,0.23973539504642183,0.4307336046416514,0.5152709008337576,-3.1616310171553774,0.2265747474935217
0.5045168275321862,-3.037909709984348,0.24589644392756238,0.4278620869153156,0.5172443680024984,-3.089076719424016,0.23835588319657205,0.4291232663908299,0.5300288043750647,-3.158248114531286,0.2240925113010414
0.522463905562877,-3.0355412243962263,0.24412368579351296,0.42457384620591376,0.5345642887901715,-3.0792080975774465,0.23589397861500241,0.4265385902125263,0.5450227120443499,-3.1548444091532035,0.2223532020159462
0.8197587776894202,-3.0509450197115533,0.2521285275661803,0.12168363729405104,0.6836307775893106,-3.086057557927786,0.2373789630404553,0.15997861287754636,0.5600098949432049,-3.151468465131045,0.2207618610851693
0.8279788996489769,-3.05217564272376,0.2527342390091545,0.12211837542702171,0.6950697595250659,-3.0860726164039605,0.23736873241087414,0.15616410602830333,0.5789905623249595,-3.1472105227696057,0.22059233720519822
0.8369320754416673,-3.0492111679420626,0.252937785863297,0.12284437718862108,0.7112289976205644,-3.0806914755281443,0.23758808018361285,0.15048244678660996,0.5974436533086348,-3.1430682996721924,0.2210334701248584
0.8929594367173004,-3.0348039328181264,0.2556795485192111,0.1222777442949042,0.7255173056370359,-3.080879153017019,0.23683151507621256,0.16317335896680513,0.6153098844875642,-3.13905075959692,0.22134374513893873
0.901519314475927,-3.0393384815329676,0.2564750441031446,0.12249649111073488,0.7375334760392102,-3.0797430735895404,0.23705701376074775,0.15910616714426606,0.6330290572180878,-3.1350621054468957,0.2214828430780377
0.9556313839403262,-3.023062016872663,0.2584733589173314,0.12030479716708938,0.7705431867772783,-3.0612729888556047,0.23871690150752076,0.16482994584686148,0.6506084529652191,-3.131103154225147,0.221534471240298
0.9693581554840139,-3.027848489696495,0.26211185443954815,0.12033650992314328,0.785442456524153,-3.0613474633451205,0.23916026372702842,0.1594909755085398,0.6682128187798683,-3.1271379667694688,0.2215491091950383
0.926760366177183,-3.026072918107757,0.25562117467284823,0.1198327335695081,0.7949690744428719,-3.058656133285704,0.23938743084677752,0.15596549161965945,0.6857470322189977,-3.1231884544477175,0.2215481391900909
0.9347433600258062,-3.0273422180751677,0.25466532163579503,0.12047839116751084,0.8103579714770548,-3.0526905091741026,0.23775759207030567,0.1514655774078187,0.7033330650450594,-3.119227344915164,0.2215410022130168
0.9980189749252233,-3.0139875174357096,0.25386503693575546,0.12038913241386061,0.8285792975158079,-3.0537477146703886,0.23518031270836895,0.15984244982780646,0.720860059635438,-3.1152796902770827,0.2215310871589673
1.000374064302818,-3.0139729091205183,0.2538742956570159,0.12062560800281667,0.8413186281936346,-3.053422851169454,0.23572232547790278,0.15557481008020338,0.7384433605167346,-3.1113195411761314,0.2215206980218553
1.0568949692641272,-2.9935128939087536,0.25859163601115254,0.11863674803640255,0.8698041376833934,-3.0417469145510214,0.23722424383233104,0.16171460209658356,0.7559693051757912,-3.107372508838502,0.22150948829558184
1.0165244363229369,-2.996073468387836,0.2537984310554007,0.11812879928144701,0.8848655193225288,-3.0357923882417763,0.23789250672466208,0.15619976176491607,0.7735522330677155,-3.1034128490822965,0.2214984164998343
1.0275089855358672,-2.9969393677953895,0.2545720334979467,0.11827200048146833,0.9035643320840826,-3.0305927529705707,0.23857488136037938,0.14977416528136064,0.7910780864182555,-3.099466250224701,0.22148692333963232
1.0960659423649681,-2.9902565851867817,0.25726125073175515,0.11806381254432752,0.9191918772401062,-3.0326995122120506,0.2368560899717914,0.16063570269942387,0.8086610188050797,-3.0955070058934258,0.2214758991945307
1.0970665997054418,-2.9885194009926104,0.2572127406833767,0.11810867875702172,0.9283327221263362,-3.0322970859950584,0.23661464992621872,0.15748687847766696,0.8261869393582046,-3.0915608069605267,0.2214643613268251
1.0797509633741134,-2.991307529788474,0.25443998080621133,0.11765410126060973,0.9500596001290884,-3.027948972228815,0.2369128051232134,0.14992110130495456,0.8437699447219559,-3.0876019631443787,0.2214533234179264
1.1533984478262242,-2.9682328366720894,0.2613294083280978,0.1173698557534826,0.9736987797655766,-3.018576938228426,0.23835257592071252,0.1596506714676,0.8612959479892031,-3.0836561613444164,0.2214417815670824
1.115468874395067,-2.9735870755819893,0.25624879334645484,0.11641163109464037,0.9860473389974301,-3.020142057070389,0.2388400370090449,0.15545645893264093,0.8788790432833968,-3.079697714425944,0.2214307437439279
1.1864840454033925,-2.959208125266179,0.25874724650384184,0.11716053980976995,1.0087214908215922,-3.0087936547464658,0.23849376377021947,0.1632953457783357,0.8964051361205224,-3.0757523082348333,0.22141920359032308
1.1906153004808502,-2.9615016318163225,0.2583073945152981,0.11722107011374104,1.0218755595548226,-3.0068068092858984,0.23684506197436803,0.15888960903180088,0.9139883192347652,-3.071794258636678,0.2214081679351462
1.1981574300189974,-2.9635752298510147,0.2594167523973016,0.11733075285562705,1.0330667619726168,-3.00477230444671,0.236813490864571,0.15501686038047702,0.9315145006582344,-3.067849248200896,0.2213966299033413
1.247949563071078,-2.944887055273408,0.2613507983257296,0.11720817210497671,1.0633594635201997,-2.9963560995287537,0.23782708880198927,0.1623875780280664,0.9490977733839192,-3.063891595443032,0.2213855961611268
1.208578704957238,-2.949790106936229,0.2562704479234389,0.1172400331314849,1.0785689063345831,-2.9970345006659658,0.23835761854465493,0.15653650069200897,0.9666240438734772,-3.059946980593299,0.2213740588344974
1.2127659412690712,-2.950913707657646,0.26396330439221355,0.11796964072238268,1.0772958199647462,-3.001998681937241,0.25779040044808776,0.1575141657883521,0.973103471746482,-3.0583838689872684,0.2520643817503273
1.2745073377260585,-2.934927227663695,0.30663539094565373,0.12071981127883004,1.0929731604836124,-2.990726103136543,0.29315888143558894,0.1620428131377778,0.9779582389967052,-3.057056831817495,0.2815936051637128
1.4283383622876045,-2.956909456910256,0.339255745037287,0.11721156263380741,1.0863787856541454,-3.000321594937877,0.3246648572840746,0.17018981243393108,0.980968665950138,-3.056130186151435,0.31562300738894705
1.4281246025961676,-2.9570105325520495,0.3393486190296878,0.11727937309262419,1.0801016769941867,-2.9921049256637278,0.3543212632041964,0.17554946601158514,0.9826556004210184,-3.0555452147097415,0.3519586115061062
1.2684084324763052,-3.002067009045257,0.3584706039293151,0.22471927179380005,1.0682356302510252,-3.0244111772229716,0.3622109492102884,0.27083324007772086,0.9924152059674975,-3.0519050882950314,0.362036435117959
1.2691852811302495,-3.00227758557044,0.3585276536635005,0.2247709130967162,1.0770899625823915,-3.0207369042335728,0.3645033149423385,0.2677537214800478,1.0050136879876057,-3.0471242923974797,0.3633381002349394
1.484392516396383,-2.9345275308586016,0.3829634459718654,0.11299994327690899,1.1289316202373072,-2.987481067914683,0.3689305851945267,0.17217522109900055,1.0190363791674877,-3.041804916582247,0.36180323940529263
1.484392516396383,-2.9345275308586016,0.38296344597186566,0.11299994327690921,1.1452629437171629,-2.9826171008526923,0.36768216197432996,0.16585681771040645,1.0333065261505183,-3.036417729169794,0.3601434396126927
1.536272396491709,-2.9112348083330173,0.38124628357483226,0.10946538331314794,1.1593010768997796,-2.9727278265015125,0.3658060821277147,0.17724557866719726,1.050353972510234,-3.030005195945769,0.3594275825924902
1.5362723964917102,-2.911234808333016,0.38124628357483215,0.10946538331314819,1.1778457212971651,-2.964951590970954,0.36517288157058797,0.16911599437668157,1.067637280243862,-3.0235100044856287,0.3595287439509752
1.536272396491708,-2.911234808333016,0.3812462835748325,0.10946538331314748,1.1886717735348862,-2.962800361875923,0.36390071541219715,0.16467054323529814,1.0846929835577916,-3.0170978871230445,0.3596804701617553
1.536272396491713,-2.91123480833302,0.38124628357483165,0.10946538331314865,1.2007257648539826,-2.9657208533002897,0.3643164269842986,0.16080420867239698,1.101580901636597,-3.010746709447112,0.3597507260877896
1.5886045878597324,-2.8890585984830355,0.38444120722668584,0.11004803512810268,1.225174584092239,-2.9436049603579075,0.3655243389397334,0.1721145650988733,1.1184795707698982,-3.0043905653492846,0.3597761911582849
1.588604587859729,-2.8890585984830355,0.3844412072266861,0.11004803512810164,1.2342731625148282,-2.9416839754135173,0.3651107530475626,0.16865288909878273,1.1353055570402195,-2.9980614750744046,0.3597803604477358
1.5886045878597286,-2.889058598483036,0.3844412072266865,0.11004803512810135,1.2466799272368232,-2.9386020918241984,0.3650588152017944,0.16402405356734803,1.1521792393034644,-2.991714441907578,0.3597764047362454
1.5886045878597317,-2.889058598483035,0.38444120722668623,0.11004803512810216,1.266628938748272,-2.936456952159419,0.36537852902562956,0.15663223197724657,1.1689954354946823,-2.985389146499589,0.3597684429485998
1.6355379490122777,-2.872152799764976,0.3826344857708955,0.10739049364963052,1.282965703994594,-2.928862561149033,0.3651892528568619,0.16447526360514547,1.1858653603246965,-2.9790438032982425,0.3597595938672134
1.635537949012277,-2.872152799764976,0.3826344857708957,0.10739049364963055,1.293109745063585,-2.9287909770448666,0.3650774006622791,0.16093846613062596,1.2026801515009848,-2.972719377783933,0.3597496788597253
1.6355379490122748,-2.8721527997649736,0.38263448577089637,0.1073904936496294,1.3091716607259611,-2.9239465340742545,0.36432508821320186,0.15469841875205767,1.2195495355024717,-2.9663746068264647,0.35974005064341735
1.6955099257454642,-2.849880165118428,0.3822117162757021,0.10529963205762378,1.3332760910028165,-2.907790763239704,0.3647889336469167,0.16576662074023482,1.236364188601398,-2.960050611353214,0.35972982209399396
1.6957290373089864,-2.849852993846141,0.382083418533891,0.10527202893313409,1.3424059811801665,-2.9059876782596934,0.3646262268115982,0.16226141492467833,1.2532336134533473,-2.9537062087634913,0.3597200507727472
1.7404554280265645,-2.825717394463102,0.3830569064509332,0.10159510483853428,1.3638002411287315,-2.8961186187245067,0.3652988091874699,0.16630914595479115,1.2700483740118729,-2.947382556413635,0.3597098556116407
1.7404554280265625,-2.825717394463103,0.38305690645093304,0.10159510483853385,1.3799111072381998,-2.892048804759612,0.36275388343983683,0.15997810761257325,1.2869179015572212,-2.94103849980356,0.359700069989445
1.7404554280265603,-2.825717394463102,0.38305690645093365,0.10159510483853333,1.395115834490122,-2.8859601783604005,0.36256979783668725,0.15416315524146068,1.3037327665008875,-2.9347151924683046,0.3596897933419121
1.813618350294186,-2.8058767648715177,0.39033291417420446,0.103004315187103,1.4146510868178623,-2.872858324867251,0.36072407596183326,0.1700213201679839,1.3206024260148628,-2.928371472309746,0.3596800310883694
1.813618350294182,-2.805876764871518,0.39033291417420524,0.10300431518710185,1.4246633715217931,-2.868880983153497,0.36097895777361705,0.16626632791790957,1.3374174189169836,-2.9220485013825295,0.3596697622203735
1.8138809170061496,-2.805911527191646,0.39031500565023336,0.10300431518710335,1.4406307105979184,-2.863874014243491,0.36065643837020156,0.16032697001095955,1.3542872028941708,-2.915705120046111,0.3596600079593251
1.846153819893117,-2.7862828715335874,0.3876189764478877,0.10010799165393963,1.4551411756397554,-2.855327576038265,0.3583015155131235,0.1659242016509848,1.371102318603718,-2.909382487012361,0.3596497623852559
1.7987650851382864,-2.693188261889225,0.39021180697374686,0.103371722170583,1.459354604968401,-2.8220048742460513,0.364176620262058,0.16713357304978857,1.387972241118253,-2.903039439270862,0.3596399468142358
1.8035104873923058,-2.69331872297664,0.390551191934778,0.10336805428384405,1.4727700455001698,-2.818178151441133,0.3631039606205239,0.1615835048224389,1.4047874844050152,-2.8967171432632286,0.3596297040308182
1.8537622104860632,-2.658414626856781,0.3889338909539756,0.09849492199423934,1.494293537534198,-2.8067550099138647,0.363460500068578,0.1690657850934114,1.4216575227881292,-2.8903744375127154,0.3596199574253844
1.8537622104860634,-2.65841462685678,0.38893389095397496,0.09849492199423979,1.5040858963467882,-2.79993489852958,0.3634721278923356,0.163934363063104,1.438472895516298,-2.884052476621237,0.359609699947174
1.8528758201693765,-2.657940618399085,0.3887673585297217,0.09846927172914795,1.520361872578098,-2.79049548672966,0.3639682276644985,0.15696736752253054,1.455343061420983,-2.8777101080966965,0.359599953608072
1.9116295010597506,-2.6407473360088085,0.3913291038376764,0.09631102677171616,1.5298502064792563,-2.787598026040528,0.36179786002995695,0.16661704444071518,1.4721585610565733,-2.871388483389985,0.35958969819798
1.9067623454371223,-2.6415655907995967,0.3908251596285197,0.0961954548060066,1.5456851944708383,-2.781945906026031,0.36291031422370224,0.16170197755812094,1.489028853744425,-2.865046452302502,0.3595799543516471
1.9620473439032673,-2.616437829132655,0.3918928494273016,0.09379123170997511,1.5621397433833324,-2.7745039018392816,0.3613266747214878,0.16990059076653544,1.505844479950869,-2.858725163816294,0.3595697013669737
1.7833107515650788,-2.617000603599646,0.361580514250602,0.10650934987184735,1.5723291671287036,-2.768998559443965,0.3615474579793028,0.1657145409650795,1.5227148993503958,-2.8523834701029323,0.3595599595146115
2.036588795616306,-2.593839708048911,0.39473212421774667,0.08870333636096797,1.583791749489121,-2.7595969974843695,0.3613362880890143,0.17325493485530066,1.539530651668252,-2.8460625179510934,0.3595497062312691
2.0365887956163125,-2.593839708048911,0.3947321242177463,0.08870333636096775,1.605078779069013,-2.7516962872586577,0.359616044922547,0.1646852040536565,1.5564012242457086,-2.8397211500397996,0.3595401316488
2.0365887956163053,-2.593839708048911,0.3947321242177476,0.08870333636096843,1.6152858630216487,-2.749819768547525,0.3602352341142676,0.16216880996827204,1.5732170786451862,-2.8334005414202297,0.3595297353103726
2.033629136886775,-2.5926618943501394,0.3956628082909154,0.08848188060202222,1.629659917295191,-2.7455210725701686,0.36031102037073953,0.15819052092591923,1.5900877510888292,-2.8270595220709316,0.3595199969292906
2.0713580448883873,-2.570643907592574,0.39277067703158974,0.08722479460764179,1.6485732616374849,-2.7360222778523524,0.3588980121542791,0.1661421094467452,1.6069037567295168,-2.8207392415730896,0.3595097515640753
2.031840525895312,-2.573684619120161,0.38741626061565587,0.08901488113422043,1.661617320804858,-2.730511614107506,0.3590978564478154,0.16160773877200751,1.6237745562453267,-2.81439855917733,0.359500018628565
2.157539513414251,-2.5532585137994928,0.3974526574699858,0.07984929994132889,1.685868626985283,-2.7233671854947343,0.36007489979313334,0.16956832136573843,1.6405906883259147,-2.808078614533389,0.3594897771130779
2.157539513414255,-2.5532585137994936,0.39745265746998537,0.0798492999413285,1.6988825280876605,-2.7184597371228025,0.36021328385835516,0.16509293210801665,1.657461614099523,-2.8017382692202393,0.3594800494197757
2.1575395134142497,-2.5532585137994936,0.39745265746998565,0.07984929994132885,1.714787587365313,-2.702920151239224,0.36127963083358344,0.15723412672612622,1.6742778927267985,-2.7954186538714003,0.3594696896088186
2.1575395134142537,-2.5532585137994928,0.39745265746998526,0.07984929994132854,1.730886450562203,-2.694835295775712,0.3611519881535048,0.152599010445844,1.6911489282774523,-2.789078653025295,0.3594600695162281
2.2242609671209133,-2.5290596192201855,0.3975228334867232,0.07773114146048973,1.745792202917431,-2.696698815013884,0.3607277603748184,0.16378235854417483,1.70796531290696,-2.78275938008398,0.3594498341927225
2.2242609671209186,-2.529059619220186,0.3975228334867225,0.07773114146048961,1.7546266291379802,-2.691282993241639,0.3601513195133228,0.16010404693021688,1.724836492273806,-2.776419708494752,0.3594401087723221
2.224260967120917,-2.5290596192201873,0.3975228334867229,0.07773114146048934,1.7714796183703265,-2.6830747290602277,0.360186597416479,0.15498855374040563,1.7416530035497024,-2.7701007710314087,0.3594298732866364
2.28032948315243,-2.517344471571259,0.39872341156591806,0.0722551622029399,1.7918059092666982,-2.681934486790847,0.3599596577640566,0.1670572411018798,1.7585243095569285,-2.7637614361578504,0.3594201491737094
2.2803294831524337,-2.5173444715712607,0.39872341156591684,0.07225516220293934,1.8056328620066004,-2.6762192643434815,0.3592497827741586,0.1625411938789503,1.7753409471363817,-2.7574428342626702,0.3594099152497472
2.280323919424702,-2.516640814733333,0.39864657991678076,0.07220683528823284,1.8235870948037896,-2.667612914688878,0.3589344070188874,0.15707009042583944,1.7922123796680065,-2.751103836090513,0.3594001927414098
2.3592857082770706,-2.500506971029162,0.400551364363777,0.06907071815826042,1.8399233239413166,-2.661262064597047,0.35909321006360745,0.16449170661834053,1.8090291434617485,-2.744785569737075,0.3593899602941
2.3592857082770746,-2.5005069710291625,0.400551364363777,0.06907071815826016,1.8550702622257464,-2.650397306761881,0.3590320677308569,0.15788240971669343,1.8259007023967104,-2.7384469082575045,0.3593802388630595
2.39936597643166,-2.4776331060319143,0.4044354052533786,0.06494259948037454,1.8755624664612767,-2.6488306043116427,0.3591414071231936,0.16848189883538062,1.842717591736409,-2.7321289776859836,0.3593700039080515
2.3993659764316595,-2.4776331060319152,0.40443540525337895,0.06494259948037454,1.8897407160149928,-2.6422996651355697,0.3595836940990204,0.16392975442811994,1.8595892790469983,-2.7257906520679076,0.35936029577248757
2.3993659764316635,-2.4776331060319143,0.4044354052533785,0.06494259948037408,1.9071177612611434,-2.633889240232067,0.35923590880190476,0.1581119260387326,1.8764062947611693,-2.7194730567063217,0.3593500639260443
2.4553723122920483,-2.462408986084514,0.40849595379115416,0.0646318603324255,1.9245634684677881,-2.6331759927598797,0.36215908517451945,0.17608461692859348,1.893278106601644,-2.7131350683028765,0.3593403457974644
2.4553723122920523,-2.462408986084516,0.40849595379115344,0.06463186033242502,1.9415363501098517,-2.62325739270008,0.3622779765726179,0.17010468701322737,1.910095248880068,-2.706817808202505,0.3593301180694856
2.4553723122920506,-2.4624089860845157,0.4084959537911536,0.0646318603324252,1.9555861839001194,-2.618664536490321,0.3626352662250842,0.1668397271634595,1.9269671871930127,-2.700480156280911,0.3593204020029985
2.50633543708509,-2.4398271219071543,0.4058579356267102,0.06846595864708639,1.9670115540468947,-2.6194927589600225,0.3612614452526595,0.17679257452642716,1.943784455529564,-2.694163231533251,0.3593101762888486
2.506335437085085,-2.4398271219071583,0.4058579356267097,0.06846595864708653,1.9914416335062266,-2.6115711115390194,0.36286860068254595,0.17134530645318802,1.960656519683551,-2.687825916225923,0.3593004650117556
2.5063354370850863,-2.4398271219071566,0.40585793562671024,0.06846595864708696,2.0120588476547527,-2.5944981116625816,0.36284151453079116,0.16240050286741997,1.9774739156290173,-2.6815093262136553,0.35929023134820615
2.556854152225085,-2.425471877163597,0.4060457540646987,0.06865303371233102,2.0195761430973653,-2.5870210239910008,0.35986313987545787,0.17043378757514874,1.9943461064263408,-2.675172347327415,0.3592805199442572
2.5406188566918217,-2.425055702865271,0.40431754539522385,0.06968637413286959,2.0362692076185285,-2.5803610227000453,0.36191427035122764,0.16701781277754424,2.011163626942939,-2.6688560931709495,0.359270296617347
2.6126606741223295,-2.404610936936379,0.4065914776199267,0.0682748075735781,2.0533978898802023,-2.5825949438226257,0.3596697458041071,0.1825985093937827,2.028035944410555,-2.6625194505062315,0.3592605843849663
2.6115006491828923,-2.4037684199361578,0.40657884613246387,0.06824067207841523,2.070237491987512,-2.5728528767619774,0.3598676113716469,0.1766106375184045,2.0448535910126955,-2.6562035315464705,0.3592503617935261
2.6115006491828954,-2.4037684199361586,0.40657884613246287,0.0682406720784145,2.086194791154725,-2.563966169737362,0.3607115209984363,0.17158607074419843,2.061726034833536,-2.649867225206827,0.359240650494749
2.6615539942029263,-2.3863028654504816,0.4055675257761478,0.0684132987140283,2.1059164851586893,-2.566864754335284,0.36022144174410914,0.18244391749220928,2.078543807445209,-2.6435516414381874,0.3592304288488637
2.662132152937784,-2.3862344083187543,0.40559741933627386,0.06841329871402896,2.1227700765452657,-2.559430017875892,0.36093136700156364,0.17749121269815754,2.0954163775771453,-2.637215671403528,0.3592207184735168
2.6612690373995234,-2.386444809828055,0.4055055422367983,0.06841329871403092,2.138155761263939,-2.5433653959898845,0.3605918394233491,0.16923442945603875,2.1122342761512,-2.630900422809359,0.359210497641718
2.6621321529377804,-2.386234408318754,0.4055974193362753,0.06841329871403122,2.1544316606506797,-2.540814342898016,0.3615783096313444,0.16723880506446315,2.1291069724958067,-2.6245647890878763,0.3592007876630822
2.7107824131290164,-2.359609395069856,0.40577726780387097,0.06744049658608746,2.1724126611100516,-2.540991597891934,0.35929866702473057,0.17757213077170358,2.1459249986182622,-2.618249874953868,0.3591905775942347
2.7107824131290177,-2.3596093950698562,0.40577726780387036,0.06744049658608711,2.1863921223769838,-2.5250332807084837,0.36043506711802387,0.1706187300858031,2.1627978200687585,-2.611914577808963,0.3591808615594276
2.7526924128968573,-2.3391037913498014,0.4003850097565073,0.07020543277709734,2.208042101793997,-2.519803668937213,0.35980917996999023,0.17906720910585983,2.179615970485924,-2.605599999458586,0.3591706422155181
2.7529831684004034,-2.339069171576567,0.40039999842523283,0.07020543277709797,2.2229958137750065,-2.5155602798523304,0.3587340604475736,0.1750875892396972,2.19648891943819,-2.599265038147687,0.359160934441954
2.752692412896849,-2.339103791349802,0.4003850097565083,0.07020543277710038,2.2370347897482987,-2.5112347707212312,0.3589595822440701,0.1716995503470537,2.213307195824695,-2.5929507948715944,0.3591507162738328
2.8137639225667974,-2.323738822850912,0.4008415846794307,0.07122416244927128,2.2595264301542506,-2.5147715761478615,0.35790275926694953,0.18239717630181218,2.2301802710238463,-2.5866161697545405,0.3591410094650792
2.813763922566798,-2.323738822850911,0.40084158467943076,0.07122416244927132,2.275421785771369,-2.5001740924493623,0.3584634462716321,0.17518805220997685,2.246998673246322,-2.580302261561541,0.3591307924696301
2.8137639225668005,-2.3237388228509124,0.4008415846794302,0.07122416244927102,2.2910589867152966,-2.4950430842492786,0.3582645791636671,0.1711628295756548,2.263871875760634,-2.5739679722608075,0.3591210798975502
2.845856558785178,-2.30366522586023,0.39955055782001364,0.07273728998994385,2.305874546946131,-2.4851401980911385,0.3593077427309517,0.1799323281030901,2.280690403175114,-2.567654399443909,0.35911086792770264
2.8458565587851745,-2.3036652258602306,0.39955055782001403,0.07273728998994423,2.3232655517844307,-2.4792274390481324,0.35943587213140593,0.17571095792893257,2.2975637308013197,-2.561320446674719,0.3591011626937211
2.8458565587851754,-2.3036652258602306,0.3995505578200141,0.07273728998994464,2.3388869464771678,-2.4756510345620315,0.35957329573430574,0.1726971588218212,2.314382384829497,-2.555007208550364,0.3590909466422826
2.8846554166095526,-2.275799261970219,0.398769094427346,0.07341986369499927,2.3563245104776245,-2.4664816177683218,0.3574451160281041,0.18038130892423646,2.3312558386973112,-2.5486735918933103,0.3590812417598599
2.8973818843054047,-2.27981551182855,0.4003747528654736,0.07268726395078234,2.370987570764813,-2.4624277857032317,0.35897242803124035,0.17775635921736854,2.3480746185788046,-2.542360688774596,0.3590710262057456
2.8973818843054038,-2.2798155118285486,0.4003747528654736,0.07268726395078295,2.392242811367461,-2.455927233283124,0.3584987526460172,0.1731931245619518,2.364948198638431,-2.5360274082302663,0.3590613218425862
2.9622983604255775,-2.2583954566306725,0.40221736117528645,0.07337539299758732,2.407156464574711,-2.4554756294799183,0.35819040215002035,0.18642255693710386,2.3817671043459363,-2.529714840107935,0.35905110678729957
2.955001445503995,-2.258839358074835,0.40131564422317595,0.07364661966162805,2.41783956809449,-2.4498218263371268,0.35855405328895273,0.18375738721945184,2.3986408105763597,-2.5233818956650715,0.3590414028962158
3.0077698703911557,-2.2401497474763796,0.40115842629398774,0.07410511888479537,2.4366651062573887,-2.4361113593269694,0.35939896305628605,0.18971141345299436,2.4154598420790405,-2.5170696625330926,0.35903118822397
3.0077698703911575,-2.2401497474763814,0.40115842629398696,0.07410511888479483,2.4539569978369986,-2.4333002270438153,0.35761049999313715,0.18521539631775835,2.4323336743348665,-2.5107370542381098,0.3590214839462216
3.0077698703911575,-2.240149747476381,0.4011584262939875,0.07410511888479514,2.4671448763768145,-2.4287708522965477,0.35758280956586924,0.18175310390799793,2.449152831953176,-2.5044251559569983,0.3590112716781365
3.007769870391147,-2.2401497474763805,0.4011584262939889,0.07410511888479833,2.4941491138080583,-2.4129564132769197,0.3572899494841773,0.1736585433206403,2.466026790440769,-2.498092883680507,0.35900156838602
3.0618952661804504,-2.2251001532080545,0.39778971060779383,0.07769673290668908,2.503747603544566,-2.4220420854312255,0.35794411380439256,0.19455848357913091,2.4828460735195863,-2.4917813204684895,0.3589913546057755
3.061895266180449,-2.2251001532080537,0.39778971060779456,0.07769673290668853,2.527007555133101,-2.4166288140107537,0.35697215974639096,0.18899899647132629,2.499720158198956,-2.485449384237879,0.3589816520478858
3.126696958603778,-2.2033176058256934,0.40373700802679535,0.07900394171909421,2.542290025030864,-2.41461110971161,0.3606614682345756,0.2058792931468966,2.5165395670521167,-2.4791381559732386,0.358971438734421
3.126696958603767,-2.20331760582569,0.4037370080267977,0.07900394171909765,2.5564355410790074,-2.409457845814227,0.3610917861079126,0.20245380974899596,2.5334137778514414,-2.4728065557951133,0.3589617366311605
3.1266969586037714,-2.203317605825692,0.4037370080267961,0.07900394171909553,2.5789714095147254,-2.4020414803165475,0.35941619794424784,0.196339777553689,2.550233312359978,-2.4664956625002104,0.3589515242642058
3.166761629251658,-2.1863059818836943,0.3998141117492448,0.08036532996355135,2.588783579500165,-2.3737594360766523,0.3626778930853159,0.20019462818747333,2.5671076494885283,-2.46016439828276,0.3589418212020439
3.171117498972626,-2.1859408402379183,0.40040664351392935,0.08039658756165316,2.6116707804924837,-2.3779156724622723,0.3611599282196394,0.1980251791391244,2.5839273098089888,-2.4538538399091134,0.3589316087438873
3.172395102917857,-2.1848395434970103,0.400120273722025,0.08040645721435145,2.636125317868265,-2.3715126607954726,0.35971163792609673,0.19228197332968977,2.600801772836774,-2.44752291180947,0.3589219072575264
3.2234940357860253,-2.16236498573581,0.4004965670798658,0.0779137352859225,2.633873086743981,-2.375970149320234,0.3604574816893716,0.20674962552542292,2.617621558916902,-2.4412126883464382,0.3589116948776145
3.224437752394461,-2.1630118673937764,0.40061054220914727,0.07792406766773508,2.6619778204102715,-2.3694630063560336,0.3607343880915386,0.2018111296902447,2.6344961480469813,-2.434882096269413,0.3589019936152864
3.2725512839947175,-2.146255940043579,0.3960033496173055,0.07961425619931747,2.6744470614463793,-2.360968499526083,0.3583553611559558,0.20649472790953471,2.651316059845048,-2.4285722077254923,0.3588917814675443
3.27255128399472,-2.146255940043579,0.3960033496173047,0.07961425619931738,2.692413429020515,-2.3597285282870875,0.3563623374285944,0.2027649404241834,2.668190775061428,-2.4222419516685907,0.35888208043339825
3.2832551289871046,-2.1451695763405456,0.3971033759978861,0.07903533818727397,2.711733779165859,-2.349809356221827,0.3562820169069106,0.19729912053035986,2.68501081256312,-2.415932398040302,0.3588718684955974
3.2725512839947157,-2.146255940043578,0.39600334961730577,0.07961425619931756,2.7314238226753766,-2.3479282645643385,0.35732461982872943,0.19513360926372564,2.701885653852302,-2.4096024780003553,0.35886216764878587
3.316378731110376,-2.128973550671602,0.39389161350399227,0.08264978886732492,2.742081466328749,-2.32782876336096,0.35991685832324766,0.2030826550785883,2.7187058170321508,-2.40329325929107,0.3588519558099522
3.316062924783188,-2.129030023452572,0.3938715425597518,0.08264978886732485,2.7529515136684957,-2.3255860608362564,0.359805884869646,0.2011901253176873,2.735580784563795,-2.3969636751883963,0.3588422562361833
3.316062924783193,-2.129030023452572,0.3938715425597515,0.08264978886732313,2.7775098292148575,-2.3230571905463813,0.36024984429979656,0.19811558669418244,2.7524010733246964,-2.3906547914128815,0.3588320439758735
3.368448887411791,-2.118587763671958,0.38961505377706296,0.08694270994726609,2.7935831329123277,-2.307056679510316,0.3591177040587713,0.20323384884910492,2.769276166734141,-2.384325543389396,0.3588223434591154
3.368448887411792,-2.1185877636719574,0.389615053777062,0.08694270994726495,2.808915501287991,-2.301620835908797,0.35911970704178037,0.19965708003808752,2.786096581281106,-2.378016994485077,0.358812132032398
3.433063484405227,-2.1003801611191824,0.3902761845439493,0.08968201705204057,2.818207765923883,-2.2989857330475467,0.36406246564877814,0.2165716995483877,2.8029718007479087,-2.3716880824643676,0.3588024317126276
3.4331063555641905,-2.100816077213379,0.39011682995369634,0.08971033702994191,2.8395134707609135,-2.2915696061916986,0.3629226390502809,0.21181256996594808,2.8197923409580308,-2.365379868464018,0.3587922204446516
3.433106355564192,-2.1008160772133797,0.39011682995369545,0.08971033702994141,2.856809870263429,-2.2884027845515824,0.3626796115675358,0.20904097416478737,2.8366676864585703,-2.359051292448291,0.35878252030691477
3.4331063555641927,-2.1008160772133784,0.3901168299536958,0.08971033702994131,2.873496255041942,-2.2853291086522733,0.36228611937334915,0.20621611910834817,2.853488352412401,-2.3527434133207867,0.3587723086082763
3.4820977975826333,-2.0897708282727083,0.38785516105493684,0.09079015293309609,2.9000774407452896,-2.274808269285139,0.3628274663739015,0.21359722472199377,2.870363823902998,-2.346415173329338,0.3587626088536463
3.4819849591007204,-2.089632395758684,0.38814392120245056,0.09079015293309438,2.9148794965553875,-2.2690069494020046,0.3624917511015748,0.20951631118839256,2.88718461540958,-2.3401076291369685,0.3587523977989602
3.4279510505536326,-2.0606634210411707,0.38525408410315537,0.08687939075581959,2.9312000178910536,-2.2263221107077347,0.36585101300958156,0.19434012377668855,2.904060212978245,-2.333779725123069,0.3587426978008779
3.4294614922556073,-2.060826105437905,0.3855666510826877,0.08689947836471444,2.9596435671745427,-2.2079815657948907,0.36639920188335123,0.18440453411964047,2.920881130123552,-2.327472515831506,0.358732486792047
3.428815111320533,-2.060529311238473,0.3855557240676416,0.08690194390468436,2.9731672235621884,-2.2069289684227957,0.3658051172014268,0.18224159320163846,2.937756853711686,-2.3211449478179755,0.3587227868492476
3.487038808771772,-2.044270865868115,0.38437703809826873,0.08677614867622101,2.985068325606842,-2.1899980440706157,0.3675684898917339,0.19185015783052312,2.954577896483676,-2.3148380734299248,0.3587125758892665
3.4876499605419746,-2.0442958292566664,0.38449367765226383,0.08676589470119178,2.995802615562562,-2.191827016844989,0.3668661830533635,0.1911299051331284,2.971453746082484,-2.3085108414180944,0.3587028759891021
3.4779636475278366,-2.046525077389421,0.3823734459319666,0.08714571576754099,3.0240121759040797,-2.178834878512554,0.3678247728689208,0.18407603700779118,2.9882749144714857,-2.3022043019356975,0.3586926650593294
3.5265599273991994,-2.0218095467492847,0.38159187126407684,0.08969253376482542,3.0358383819916175,-2.180906009454586,0.3658200320925018,0.19577859551494856,3.005150890070828,-2.2958774059285534,0.35868296516936643
3.5333876488632767,-2.0238861881787384,0.38244342855828123,0.0897247796967913,3.0508711751053683,-2.1810598593461017,0.3648919256371292,0.1934202913943446,3.0219721840377467,-2.2895712013673135,0.3586727540612575
3.530651873228303,-2.022470780838149,0.3825936159766934,0.08979533749350443,3.049607108391701,-2.1695406237942545,0.3938337023762898,0.2157258939627625,3.0272831355208085,-2.287478889438435,0.3919076582712424
3.5457243516030226,-2.00833362203992,0.4294103119617114,0.09044915562436397,3.0533311362409927,-2.155921282425001,0.427550268197016,0.2035283128355303,3.0326390961938903,-2.28517735070119,0.41980801623511516
3.5723892627909377,-2.0028434424726074,0.4308046781986513,0.0887679429169319,3.047708385991308,-2.14250032764069,0.4568342152218109,0.2264816318980369,3.035987374209212,-2.283611659004689,0.4549966865437126
3.5153380622445143,-2.012557063949517,0.49863201663376433,0.0967582605076444,3.0701375840703573,-2.1549827405671853,0.5006858666288071,0.21312724958727353,3.0375317400015307,-2.2828203462241388,0.4920191971117203
3.5270627033323123,-2.0130726551814475,0.49847881833128205,0.09693844341166728,3.077489486943545,-2.147225925456395,0.5094570549858867,0.21539354569590627,3.0471478155458542,-2.277608713970347,0.5012965496072778
3.52798846052674,-2.013154139366675,0.4988081789806429,0.09694127615897273,3.0856304241860566,-2.130762405995424,0.5125019129185238,0.2099844184661747,3.058363631460677,-2.2714496656287246,0.503068196314947
3.629911017931454,-1.9747164076526633,0.4956222071393307,0.08801247035178024,3.0901322636167676,-2.139499654270106,0.5057388081982057,0.2278913487833374,3.071390242837251,-2.264294697370092,0.5014782554429306
3.629911017931451,-1.974716407652665,0.49562220713933036,0.08801247035178214,3.101339597788035,-2.138445553092749,0.5041252485135245,0.22556330631518892,3.0847258806053164,-2.2569985852644487,0.4997710560091001
3.6299110179314487,-1.9747164076526642,0.49562220713933114,0.08801247035178249,3.1132432356389352,-2.136271924748132,0.5034191615824222,0.22379975726261478,3.1011378511885868,-2.2480424164125363,0.4993153879771635
3.675802728234571,-1.961868441321442,0.4906315616440284,0.08892877476541809,3.137588358299557,-2.119616148057714,0.5036120632292185,0.22957862244881497,3.117148343693588,-2.239309596328794,0.49936112755242984
3.6758027282345704,-1.9618684413214422,0.4906315616440276,0.08892877476541931,3.1491423461578063,-2.119735407465682,0.5027924664101423,0.22875953988628733,3.1330647920728443,-2.2306267908888913,0.4994394527320648
3.675802728234569,-1.9618684413214418,0.4906315616440284,0.08892877476541854,3.1726960796045502,-2.0976661092743045,0.5019417596515217,0.2176396418363035,3.148871907481353,-2.222002460219915,0.4994751096557388
3.7380016582115156,-1.9337279795606828,0.49182996214004576,0.08722432697402296,3.1815345929749097,-2.0936928856962362,0.5020062277547076,0.23287224112929553,3.164708249142969,-2.2133617071087013,0.4994858410623694
3.7380016582115196,-1.933727979560683,0.49182996214004554,0.08722432697402045,3.2018990036598405,-2.074994829267306,0.5024791072344619,0.22497725019203105,3.180483920857615,-2.204753955447933,0.4994850526321746
3.7380016582115148,-1.9337279795606839,0.4918299621400458,0.08722432697402317,3.2136793746821537,-2.074787779286175,0.5018997682443473,0.22346004799181907,3.196307195756569,-2.1961202899553545,0.4994799863711741
3.787514504367424,-1.9102085632566292,0.4962078659106749,0.09088285036037709,3.2226923515762733,-2.073603417900458,0.5027274066882788,0.23783285281016706,3.2120778163167416,-2.1875154829332057,0.4994724809494195
3.7875145043674268,-1.9102085632566284,0.49620786591067434,0.09088285036037591,3.2444255116501983,-2.0532012237670574,0.5040776911513977,0.23048561399365156,3.227899364767069,-2.178883045109343,0.4994647312435265
3.832139386374303,-1.8829422666120952,0.5017526605942753,0.09308720115536953,3.256334249504982,-2.047611699659528,0.5040233961224339,0.23324479054980574,3.243669395945649,-2.17027888272286,0.4994561640333548
3.8350392393409876,-1.8814624849911112,0.5033564459184949,0.09325014920632688,3.272404094169092,-2.0435356969426155,0.5034420575662567,0.23084847988117982,3.2594906893611104,-2.1616469234412117,0.4994479867471745
3.8363500930833254,-1.8794380506455737,0.5045066562440957,0.0934175495316436,3.2610016735041247,-2.0201344629759066,0.5332784027805334,0.2416839903533008,3.265187825461392,-2.1584215590693128,0.5308492801413576
3.8524127371259578,-1.8754247928712593,0.5562508141071939,0.08875942626720713,3.281376523909037,-2.0327111424459283,0.5667900765892169,0.24056027932018498,3.2695773869941016,-2.155751003551277,0.562279033208465
3.852012298265366,-1.8751166321900543,0.556364717899765,0.08876164606340485,3.2699637025157937,-2.009116030535296,0.5985711521003686,0.2578251608197574,3.272201130454857,-2.1540354535788535,0.595883069683357
3.8520122982653593,-1.8751166321900548,0.556364717899765,0.08876164606340875,3.2691141174141034,-1.9994478379041731,0.6047075101064464,0.2590405706972245,3.2811492125287534,-2.147906312650363,0.6052475100098674
3.8351205604015446,-1.8663596276710086,0.5663535983698786,0.10140358409582759,3.3014374637730577,-1.9848363049801598,0.6088322185922923,0.24508181017216585,3.292405703381036,-2.14011268661232,0.6059223876381609
3.835120560401545,-1.866359627671009,0.5663535983698786,0.10140358409582693,3.311773074944603,-1.985169722792338,0.6081191947207936,0.24368741744848813,3.304741655763657,-2.131580068431688,0.6043275510315941
3.83512056040155,-1.866359627671009,0.5663535983698783,0.10140358409582521,3.3302226988775647,-1.982513735188928,0.6070970777924188,0.2404893776005637,3.3182257519608744,-2.122281645221814,0.6030752734396266
3.9327927909689446,-1.8174897826479128,0.5679615984861224,0.09210759462092256,3.3283909752572396,-1.9706105082878822,0.6048745356566086,0.2558390763389866,3.333318025147382,-2.1118926988648195,0.6026695317722336
3.9327927909689535,-1.8174897826479128,0.5679615984861222,0.09210759462091829,3.337444441081103,-1.9686705326119007,0.6050468567656444,0.2553831003587309,3.348283916807136,-2.101594851480172,0.6027032193873032
3.9327927909689477,-1.8174897826479133,0.5679615984861219,0.09210759462092115,3.3616816479892755,-1.9625764953999423,0.6032915601696786,0.25197886470269787,3.3631291438752555,-2.0913792340776016,0.6027424798789153
3.9709098705279526,-1.7840135294135298,0.5681720174081528,0.09051562922047608,3.3660480486794344,-1.9538709996017452,0.6045386290701505,0.26324599937647,3.377993745479126,-2.0811496770021107,0.60275866593689
3.970909870527957,-1.7840135294135313,0.5681720174081526,0.09051562922047383,3.3863672007515224,-1.9519847726674642,0.6012397373389115,0.2604157799756158,3.39279928007218,-2.0709605673019666,0.6027609513906843
4.003038055006766,-1.7560665223745753,0.5687920682758071,0.0942397931476276,3.4028468067151243,-1.935676689450053,0.6043563535703175,0.26711174827400697,3.407649150269569,-2.0607409546688817,0.6027578751459498
4.006393110140537,-1.7574883316531569,0.5686844060955629,0.09418761762490442,3.4179441657812326,-1.9210452086397343,0.6035518381924804,0.2618495947086977,3.4224489830705798,-2.050555876657457,0.6027518621003354
4.004589835551082,-1.7578733909371216,0.5685527301408114,0.0942509161846112,3.4355574093101886,-1.8978404139787668,0.6029038435668699,0.25331009627881823,3.4372960899092675,-2.0403383996827698,0.6027455804205039
4.004589835551082,-1.757873390937122,0.5685527301408114,0.09425091618461064,3.444387031875798,-1.8958124174003919,0.6029667049658721,0.25251125410015035,3.452094966734698,-2.030154266078559,0.602737880023597
4.059232251871379,-1.7275000410702468,0.5691850545562702,0.09640781051768849,3.464514466320492,-1.8790935073989337,0.6014029456544491,0.2647054856140459,3.4669420412994394,-2.019937125506356,0.602730840664594
4.059232251871377,-1.727500041070242,0.5691850545562708,0.09640781051768962,3.476282319749165,-1.8790790569644287,0.60179206218172,0.26460647288067074,3.4817409501051952,-2.0097532905449214,0.6027232118863195
4.108853461870115,-1.6998251174256833,0.5667323808437666,0.09297004379085891,3.494193842356838,-1.862399459829235,0.5999639254056539,0.2722623352607513,3.4965880292759284,-1.9995364687661934,0.6027160760766722
4.108831254261188,-1.700582099386689,0.5669721166670482,0.09303491618770544,3.506280785875642,-1.8620289513946053,0.5991093337583264,0.27129071337474975,3.511387027860263,-1.9893528945154273,0.6027083992960438
4.109080561932197,-1.6995931498181307,0.5682698700612884,0.09320510190244358,3.5238670526265516,-1.8524945662862824,0.600645257234072,0.2691808455063644,3.526234308753857,-1.979136256550119,0.6027013950664261
4.109831765426284,-1.699784288512909,0.5682073804236825,0.09317023830877469,3.5393469582262247,-1.8264037995498938,0.6266585878575908,0.2844298587127172,3.5317636370074803,-1.975208047000009,0.632684177217693
4.125392484481935,-1.6843499800045003,0.6014950187821833,0.096211508617575,3.5318321498383383,-1.8127644013011004,0.6572410618024167,0.28030281166942655,3.535830258201885,-1.9721269705045539,0.66407443436123
4.120129879495441,-1.6859401104304763,0.6360559633541684,0.11277706112389775,3.576796504250008,-1.7897448990592242,0.6948155762844653,0.30010567101054686,3.538376336082,-1.9700633457616479,0.6981604729368003
4.120089308854084,-1.6854462900744474,0.6361006668881083,0.11277706112389381,3.592524358625323,-1.7733484014768472,0.7001354335742523,0.2992891048450745,3.5466788405268024,-1.9630347426116126,0.7068315841764061
4.1201298794954395,-1.6859401104304723,0.6360559633541689,0.11277706112389764,3.602267597314641,-1.763370781399479,0.7039939796178998,0.29938076549337506,3.556943518733898,-1.9542509765442766,0.7087878426956833
4.120890634337383,-1.6843131872732195,0.6362244354670419,0.11278359818409738,3.614393299389228,-1.7633205096330429,0.7027623186629901,0.2961048341336883,3.5682690708532854,-1.9445575202436212,0.7070223429869417
4.186613490713674,-1.6430879632870221,0.6294669817073836,0.0975447093678099,3.580632939456119,-1.7972152045898893,0.6881947500463075,0.30076626657873223,3.580512075658356,-1.9341118447694639,0.7056701375391328
4.186613490713675,-1.6430879632870257,0.6294669817073822,0.09754470936781075,3.601054506201414,-1.7818409422277364,0.6869047119500711,0.2940464333826716,3.5945110352568905,-1.922190455582336,0.7051639541850615
4.186965564570217,-1.6426602317640016,0.6295980343538986,0.09754470936780786,3.6196281987136323,-1.7718660691836818,0.6875433350670878,0.29114790725752066,3.608427520204791,-1.91034488406169,0.7052049672861647
4.235576256613032,-1.5993287534866254,0.6329350151830467,0.09570148942541622,3.630993372671278,-1.759017995567128,0.6869874477296543,0.2997442538686234,3.622181570165713,-1.8986362347987669,0.7052770018040734
4.236367042350285,-1.6009477725922636,0.6326682785431782,0.09571192727080634,3.647767851172056,-1.7516471215131817,0.6869627320615801,0.29735980833508247,3.6359338422243135,-1.886927836866032,0.705311392507996
4.2336144615342794,-1.5985674364097866,0.6335085796576548,0.09580720705951808,3.6674160897406285,-1.7405578511442805,0.6883064243440012,0.29475802984317984,3.64962350776048,-1.8752722065190088,0.7053222567458967
4.276913516656123,-1.5709539471786447,0.6345917971301661,0.09736290980752269,3.6730993753270895,-1.7236831049804733,0.6889101767121965,0.30174135603800084,3.66335102732399,-1.8635842050097993,0.7053233487860818
4.276913516656126,-1.570953947178642,0.6345917971301661,0.0973629098075221,3.690456765485377,-1.716600545929305,0.6896339670150454,0.30023419073944924,3.677031033864327,-1.8519366882753312,0.7053196434216552
4.3183742461744306,-1.5524543067845307,0.6276615326204215,0.09745582484387127,3.6967421481817255,-1.7087634998355075,0.6873703305587774,0.3093475545661304,3.6907542706622953,-1.8402524660945314,0.7053147367443887
4.318374246174428,-1.552454306784532,0.6276615326204215,0.09745582484387379,3.7226070476729687,-1.6916869489312154,0.68732446513297,0.3043114108139078,3.7044326824949687,-1.8286065405135052,0.7053084727150707
4.321650431210922,-1.5502382360193363,0.628670920946648,0.09723777608523433,3.733648252760479,-1.688741114206993,0.6871512292823849,0.3026315063068659,3.7181555841773055,-1.816922879440631,0.7053026056036594
4.322046169356901,-1.55029463570596,0.628654131138275,0.09723777608523246,3.7507929072257324,-1.6740278588425026,0.689095202046035,0.2992966161957437,3.731833943505308,-1.8052772880142984,0.7052960673235121
4.36032997397138,-1.5054536285129254,0.6331711129156644,0.09627444210683316,3.749541708813759,-1.6706184431377196,0.688622717469541,0.31069834988051886,3.74555681292261,-1.7935939507148881,0.705289974886948
4.36395535244711,-1.5030108970597111,0.634346570240833,0.09598450094040083,3.7725802639041417,-1.657376018211375,0.6901322230278026,0.3071876691315045,3.7592352596066254,-1.781948582661458,0.7052834579509134
4.360688652547445,-1.505376655740232,0.6333078691387013,0.09627444210683259,3.7878120595807117,-1.646958571288844,0.6908060402405407,0.30420934832531366,3.7729583002782583,-1.77026539801142,0.705277366391055
4.400207833407013,-1.4817951323138,0.6317110706558516,0.09599359191968358,3.8052063726099736,-1.637925309229686,0.6901659381358147,0.3111997225601288,3.786636892156256,-1.7586202048810629,0.705270759181931
4.400207833407011,-1.4817951323137994,0.6317110706558521,0.09599359191968193,3.8216793400332576,-1.6259358535667336,0.6906863037778054,0.3073116076403313,3.8003600635530463,-1.7469372093206799,0.7052646837365729
4.4457139602464455,-1.4590676715430906,0.6303576692733099,0.09504675178427285,3.818254368149279,-1.6210515882360994,0.6881803791648502,0.3079322395283349,3.8140387956662978,-1.735292195961264,0.7052580814460896
4.444350444101586,-1.4582467782438966,0.6307257147094705,0.09508890527039536,3.831936887355873,-1.6173790115161908,0.6878101469247861,0.30632113531964167,3.8277621230379,-1.723609367631043,0.7052520107691835
4.441169776161742,-1.4541773118554089,0.6315775788424979,0.09503174656366528,3.8551283030056736,-1.597168212995264,0.690091332995077,0.30220919263819535,3.841441006286048,-1.7119645245316542,0.7052454136762926
4.485982519076504,-1.4288482537773302,0.6289995561289453,0.09499805647801766,3.8677748351890906,-1.5838240352701174,0.684352455457434,0.30855119650703344,3.855164477902753,-1.7002818731825133,0.7052393476979368
4.4830095701807915,-1.4218880309379602,0.630630584251031,0.09491921614317712,3.8834346622232396,-1.5775505163333177,0.6848627563410188,0.30689322140687936,3.868843507276946,-1.6886372043851972,0.7052327547894472
4.4850289938202375,-1.422059518606738,0.6306979179390064,0.09499930125394188,3.895676958253555,-1.567913779476727,0.686452829904292,0.3053003219002513,3.882567128579329,-1.6769547251795651,0.7052266931421971
4.526463569668901,-1.3868013666676613,0.6325369675990741,0.0964819747503457,3.9120793850000424,-1.555614101054453,0.6860488387603895,0.3099309620548728,3.896246306246457,-1.6653102286353656,0.7052201047395814
4.526042315966347,-1.3863102207408096,0.6325586996873193,0.09648197475034612,3.923276528411782,-1.5538916135438172,0.6859538380176908,0.30920581838339256,3.909970074416066,-1.6536279237571514,0.7052140479396638
4.526463569668901,-1.3868013666676613,0.6325369675990744,0.09648197475034545,3.941803065731797,-1.538729211335506,0.6874204723312658,0.3057230948020191,3.9236493987550354,-1.6419836005975013,0.7052074664228516
4.683284151043415,-1.4792135557142605,0.6304469498484113,0.10415810939552787,3.9238908215165567,-1.5624262046528943,0.6892706758512712,0.2911687908233168,3.937373295967833,-1.6303014833397347,0.7052015498181572
4.683284151043405,-1.4792135557142598,0.6304469498484111,0.10415810939553345,3.932793484798177,-1.5606258237272097,0.6890759825952438,0.29115981506397387,3.9510527883505775,-1.6186573138268092,0.7051948120388272
3.924844378875206,-1.3716789548539705,0.6618275357240607,0.24864939526302998,3.9431801504754813,-1.5410426070786654,0.6911553841585272,0.2954651810130438,3.964776851666416,-1.6069753562309468,0.7051887645711044
3.968930355572089,-1.378476291716942,0.6613268873301137,0.2475199752056823,3.9620819395409264,-1.5465415800379276,0.689728219181717,0.296636821633266,3.978456470664356,-1.5953313787208794,0.705182182708093
3.9693294282926783,-1.378363346839437,0.6613584453465733,0.2475199752056818,3.977754893988703,-1.517900291379447,0.6887516924605979,0.2911003340035775,3.992180688369403,-1.5836495880526344,0.705176182912644
4.739962545346072,-1.4429239084694356,0.6330068339656858,0.09898181234613589,3.9959437913384823,-1.4908103479549681,0.6908534029907141,0.2878608828234871,4.005860450909268,-1.5720057854577716,0.7051695769070931
4.766517179710894,-1.4114652357166846,0.6297668821892851,0.102790400605829,3.9939101918025988,-1.5012484281913732,0.6884584091235977,0.2998703473803808,4.019584809604775,-1.560324173686348,0.705163530076689
4.76341144648358,-1.4094668736114688,0.6299557540366612,0.10285117807110575,4.0168741510127814,-1.4858615676419429,0.6870225701872598,0.2958908889125516,4.03326472354832,-1.5486805403184798,0.7051569571920854
3.963511061382358,-1.347287708291293,0.650116501586032,0.2543092827122217,4.013022812656317,-1.4824833732369638,0.6903827799646152,0.301817249837508,4.046989230032219,-1.5369991013693771,0.7051509154642235
3.997845955368356,-1.362695024422914,0.6473877799483619,0.25301523954857225,4.042582267759723,-1.4776548363085547,0.6905091414955012,0.3033031802775966,4.060669291151847,-1.5253556402752508,0.7051443460695721
3.9995990954480165,-1.3631863751743598,0.6473729633692852,0.25301915637277933,4.050138777775617,-1.4506853368416017,0.6932019737775057,0.3016014597578074,4.074393945031493,-1.5136743743034549,0.7051383074123053
4.020300594301117,-1.2778813307477228,0.6716672479701615,0.2567384588964856,4.075333973028783,-1.4289660881386026,0.6908136224073304,0.2945663222954823,4.088074153150335,-1.5020310854864474,0.7051317408582644
4.045255659645725,-1.2750901275509865,0.6658022955677296,0.25404457770581457,4.084454469947571,-1.4252289862466185,0.6909918294658391,0.2944762503004554,4.101798954331044,-1.4903499924362666,0.7051257049422486
4.871534569750767,-1.358009946041654,0.6300327424622256,0.09764197771194136,4.096776607900771,-1.4249003021200388,0.6904767706571511,0.29455205459029177,4.115479309356598,-1.478706875845679,0.7051191410224866
4.07649637369568,-1.3077327592673986,0.655945800220884,0.26452915657036247,4.1148913205025,-1.4345700526143,0.6872066133242178,0.30415519902912763,4.129204257745953,-1.4670259556704996,0.705113107717558
4.090507249564594,-1.3087178109112694,0.6559239285063283,0.26444679804692006,4.130281681901033,-1.3966880114636342,0.6899800957426963,0.3015430803964481,4.142884759574678,-1.4553830112712758,0.7051065464149227
4.909476629999411,-1.3213801424609022,0.6316672357987329,0.09865566476187101,4.143198793940475,-1.387746571294097,0.6901986608533717,0.30139712276903047,4.156609855034227,-1.4437022639608292,0.7051005160481542
4.097892121459272,-1.2281701345256195,0.6639374013805417,0.2615567735926646,4.146975208663151,-1.3951394154291932,0.6880117207388368,0.3028890384875019,4.170290503118659,-1.432059492050295,0.7050939605268753
4.107772788686963,-1.2284456159840442,0.6659637365463396,0.26143695064724654,4.16031108720303,-1.3778251961602346,0.6877015101437806,0.3010422818199231,4.184015747446256,-1.4203789160343838,0.7050879190925917
4.119634489202117,-1.1774127831011918,0.6810333461672698,0.2656376018567743,4.185139345747431,-1.3715869698930332,0.6881493396756945,0.293724280904457,4.197696542253825,-1.40873631638107,0.7050813658236548
4.119634489202113,-1.1774127831011905,0.6810333461672708,0.26563760185677443,4.197457480692459,-1.3448393468184083,0.6899097987266356,0.29180618111824663,4.211421931786766,-1.3970559146831931,0.7050753388463451
4.119634489202117,-1.1774127831011916,0.6810333461672696,0.26563760185677454,4.2129720640367445,-1.332435104687375,0.6901421935024175,0.2908400264059586,4.225102872641032,-1.3854134876207955,0.7050687749183535
4.201917611709522,-1.1803186793430775,0.6738983388039187,0.2626717751734661,4.236068951421284,-1.3179270149665747,0.6912075709107062,0.2908711046817737,4.2388284115051365,-1.3737332565965925,0.7050627660554504
4.156969381666594,-1.1638224049166803,0.6641674165080628,0.2574195747932506,4.226271551905207,-1.3228864051751035,0.6926568743948226,0.3072456639634949,4.252509499762264,-1.3620910005702571,0.7050562105428783
4.217720346306879,-1.176549496115281,0.6583804452196211,0.2553991117800656,4.255797673134416,-1.3114785064374066,0.6877966729159911,0.30412487600603527,4.266235183348507,-1.350410943901582,0.7050501870909011
4.224517885437029,-1.2225140731422641,0.655316017520413,0.26836253431391105,4.267750575040149,-1.2957444591903147,0.686507929295753,0.30550007351110825,4.279916418455058,-1.3387688595820042,0.7050436354022771
4.22817526127002,-1.2237683223956637,0.6550998835518761,0.268397036334813,4.275170044952041,-1.2935306397154382,0.686571382282024,0.30604696842182866,4.293642249017845,-1.3270889754060633,0.7050376141421366
4.23348458868079,-1.1704719356558364,0.657228976116945,0.261186402818745,4.294743533359207,-1.2798881195929168,0.6824630178287855,0.3019123528864264,4.307323630647532,-1.3154470629522996,0.7050310643092801
4.4487662348640065,-1.1810053264901814,0.6345955885945648,0.24472776968473417,4.323357070804647,-1.2603288173736122,0.6839327796849084,0.3015938894538014,4.321049608084736,-1.303767351265455,0.7050250447862589
4.244331610671592,-1.1333482680390836,0.6534537690890319,0.25569115058507347,4.317125192818316,-1.2628048312149944,0.6869514397894246,0.3051479782859048,4.334731136168043,-1.2921256106548635,0.7050184965948452
4.286547650928063,-1.1370599341327385,0.6543758054241735,0.2562452725295837,4.330156266418397,-1.2247038042518175,0.6916940427889584,0.30414076849196825,4.34845726042676,-1.2804460714245018,0.705012478668358
4.214768972111963,-1.0687436842050366,0.673117230841031,0.26366790709894045,4.337148102931844,-1.2292211996480262,0.6919863407615048,0.30518779772578647,4.36213893491064,-1.2688045026263821,0.705005932014046
4.304598024508966,-1.0770520671881059,0.6656169667297726,0.2606543437266319,4.358600313108835,-1.201432729667197,0.6929164699944663,0.3034739700580983,4.375865205942162,-1.2571251358201634,0.7049999156106425
4.312870598763036,-1.0835018394113087,0.664066695731985,0.2604154672782552,4.3699029200289985,-1.203106057839706,0.6928766161983781,0.3043510077758292,4.389547026767158,-1.2454837388131517,0.7049933704866468
4.271093520081809,-1.088500414569304,0.6695683737391674,0.27313514972432545,4.375278837865744,-1.1819084446305217,0.6955280857264279,0.30387888067068725,4.403273444474721,-1.2338045444377022,0.704987355898685
4.2863154640476715,-1.071490470149009,0.6693919326305923,0.27032106609137774,4.398039205388513,-1.179081497109565,0.6960395708561532,0.3062602459200157,4.416955418340343,-1.222163314016584,0.7049807636742503
4.2870925878714425,-1.07008544289837,0.6696432218976082,0.27032106609137746,4.412596882097759,-1.1620822454591297,0.6960068455470181,0.3054350464081549,4.430681976960031,-1.2104842975156438,0.7049747959108899
4.345141057857983,-1.053781213743261,0.6559176992426685,0.2630441844303101,4.436083529673049,-1.1805858539725986,0.6869849299222784,0.30620200438074285,4.444364090332702,-1.198843244058609,0.7049682534527263
4.36282659421074,-1.0552042461514874,0.6555312930750675,0.2619285047338082,4.4489893863356365,-1.171299420272739,0.6872244764869982,0.30590978195782204,4.458090801366014,-1.1871643944546721,0.7049622400382666
4.377383980875317,-1.0633020595580216,0.653903814593992,0.2615138886421335,4.465044307615308,-1.1257141738638459,0.69063820484486,0.30324755370265505,4.471773061910679,-1.175523511842211,0.7049557050867354
4.324226354350967,-1.0320558724506677,0.6676189569374379,0.2691569423679574,4.466197616460675,-1.120144054625685,0.6913201455435026,0.30217370760213363,4.485499919202506,-1.1638448347530086,0.7049496900764578
4.324226354350962,-1.03205587245067,0.6676189569374376,0.26915694236795784,4.477180418494177,-1.118370252571383,0.6919607710271576,0.30322627271920743,4.499182325051379,-1.1522041245924504,0.7049431492602236
4.338092592379924,-0.9407061037642452,0.6803735275062828,0.264495135309505,4.496075445252755,-1.1192330887004551,0.6922269594991736,0.30548039361047785,4.512909329453796,-1.1405256193973519,0.7049371388028499
4.339098075130195,-0.9400466238840051,0.6804105063425546,0.2644951353095051,4.514334142345285,-1.0709532755672637,0.6959998351491227,0.3034165457081949,4.526591881537692,-1.1288850808420103,0.7049305993623356
4.33909807513019,-0.9400466238840055,0.6804105063425553,0.2644951353095057,4.530327444407873,-1.063124538855684,0.6974455835451884,0.3046906766425623,4.54031903254456,-1.117206747871819,0.7049245900257392
4.387824893204239,-0.9944127281138657,0.6723559943907397,0.2774855836175788,4.52609336626591,-1.0823718470454666,0.6939543884192428,0.30441187332935477,4.554001730788625,-1.1055663809309872,0.7049180516064474
4.392256533830137,-0.9279801710872083,0.6784997137709968,0.27146782485257787,4.545988228785268,-1.0740277622997427,0.6950243622278917,0.3062286034377133,4.567729028360087,-1.0938882201703488,0.704912043247248
4.394875713419698,-0.9279989572473178,0.6786466248766518,0.2714678248525782,4.574780779369917,-1.0461512978828666,0.6903089086645422,0.30143266156700427,4.581411872729827,-1.082248024827364,0.7049055057575467
4.511486977240118,-0.9503454935816105,0.6593111830760771,0.2736791062950402,4.580427231971733,-1.0330095440686844,0.695134242940715,0.3118083872060197,4.595139316836928,-1.070570036256672,0.7048994983037565
4.5178550813651315,-0.9580890079914968,0.6570818043827563,0.27352635357822797,4.589384779710151,-1.0270930448157847,0.6955330029811148,0.31237544019120983,4.608822307302504,-1.058930012494463,0.7048929616841604
4.523755452005482,-0.897878036083235,0.6632492440328964,0.26790361394178497,4.608101483819394,-1.024670324173334,0.6893946773970874,0.3089705591722111,4.622549897918199,-1.0472521960954473,0.704886955089939
4.516635082717225,-0.8991496575608687,0.6642518068945125,0.2719028588654203,4.605480136287759,-0.9825771103051963,0.6960155520165808,0.30133176430920317,4.63623303444445,-1.0356123439025144,0.7048804193367636
4.516254476566517,-0.8997157991214678,0.6640980826002708,0.2719028588654203,4.626774156927122,-0.9810276505029267,0.6961310512233682,0.3029566309510372,4.649960771483269,-1.0239346997031258,0.7048744139775619
4.543105617179687,-0.897810223991149,0.6647687991111341,0.27214937438566783,4.638429643359607,-0.9793549857334223,0.6962803786731666,0.30379479773046936,4.663644054238821,-1.0122950189048279,0.7048678775816167
4.5309336304707974,-0.7968708647214403,0.6798095221665322,0.2728408589659468,4.6523391466869946,-0.9697184234228275,0.6991978584061561,0.30498246026443077,4.677371937768667,-1.000617546840541,0.7048618727599913
4.5309336304707895,-0.7968708647214395,0.6798095221665331,0.27284085896594723,4.662866104502779,-0.9476647924109263,0.70060295877535,0.304368756537033,4.691055366350501,-0.9889780377520734,0.7048553382461115
4.563968964934093,-0.8418388174031117,0.6750983543843302,0.27551204790054357,4.678571811441104,-0.924037367310391,0.7015113602538152,0.3035909716859953,4.704783396048312,-0.9773007380733119,0.7048493312376919
4.434008575515261,-0.7290068124410225,0.7036882926947023,0.26595387495513234,4.684267955333052,-0.9205936653390661,0.7015437313158925,0.298045017473412,4.718466971187521,-0.9656614000480022,0.7048428013486434
4.43400857551527,-0.7290068124410206,0.7036882926947017,0.26595387495513084,4.695653777206407,-0.9214415727886048,0.7013120755900606,0.2992735119463097,4.732195147591618,-0.953984272179413,0.7048367972062969
4.502947573947588,-0.7511449681372835,0.6953594943148446,0.27066647387927173,4.717298669975902,-0.8982944096248832,0.700349023224693,0.3010455782818625,4.745878868175721,-0.942345106079999,0.7048302639962477
4.502947573947591,-0.7511449681372819,0.6953594943148441,0.2706664738792718,4.7315091375304466,-0.8828772428949847,0.7000346138243937,0.30108360667669976,4.759607191041422,-0.9306681502633829,0.7048242607756426
4.5032904834469845,-0.750544939596688,0.6955172772903179,0.2706664738792718,4.747196110683852,-0.8784572080556918,0.7010482793590648,0.30324644729590067,4.773291057603189,-0.9190291556470935,0.7048177282132787
4.585051756807811,-0.8217004353611588,0.6833887909313768,0.2701851767759994,4.770436153217058,-0.8805096035251728,0.6971433589521873,0.2964071896150521,4.787019526870949,-0.9073523718995293,0.7048117255784957
4.585051756807808,-0.8217004353611681,0.6833887909313747,0.27018517677600085,4.775542933593566,-0.8478550503644061,0.7004718065006262,0.29561320337189073,4.80070353938295,-0.8957135487617514,0.7048051935621964
4.577699946653257,-0.7475170955536776,0.6903551213992416,0.26691086127297453,4.791126309953123,-0.8270090091936197,0.70014888032075,0.29447263280647856,4.814432155033419,-0.884036937073974,0.7047991914529638
4.549760286657888,-0.608655960434593,0.7093508879881593,0.25795554593358144,4.793094596155457,-0.8171983910250734,0.7016463408110694,0.29441558774821325,4.828116313476904,-0.8723982854056098,0.7047926599358411
4.549760286657893,-0.6086559604345956,0.7093508879881584,0.2579555459335817,4.810397677192864,-0.8220159690578503,0.7006921554789091,0.29635502857987966,4.841845075494417,-0.8607218457673511,0.7047866583112039
4.549760286657902,-0.6086559604345947,0.7093508879881576,0.2579555459335805,4.825531299414703,-0.8150742598765693,0.7006828108329787,0.29760359050993085,4.855529379852723,-0.8490833655599901,0.7047801272569618
4.63082505021085,-0.6723186139915753,0.6977801004279046,0.2698078736905465,4.846364218209438,-0.8051887798255203,0.6990322506159808,0.2987034660990196,4.86925828822187,-0.8374070979622883,0.7047741260863232
4.62861519596789,-0.6714534202904959,0.6977045882894637,0.2698376215101001,4.857315791393174,-0.7854318727832492,0.6994717169455147,0.2991319259013084,4.882942738474403,-0.825768789211792,0.7047675954915229
4.631411950879883,-0.5865148860211303,0.6935901493314653,0.2679131254224068,4.881980494993014,-0.7784339437735607,0.7000672722023457,0.30064522947103983,4.896671793292998,-0.814092693559195,0.7047615939313066
4.701131912258924,-0.7183423294945674,0.6870551411126876,0.27807668858737405,4.879093559919802,-0.7617410094428065,0.7010542616788629,0.29805080321268157,4.910356389357266,-0.8024545563282275,0.7047550642966399
4.736810688657833,-0.6607088051609501,0.6829984903066962,0.27608798885842545,4.913473336580191,-0.7598598494864174,0.6947344886265454,0.29759558012113796,4.924085590387365,-0.7907786327922715,0.7047490638873302
4.673136608516766,-0.5367368423933598,0.6950655773940306,0.27327425374424785,4.900665318488647,-0.7749754367232375,0.6964280512164066,0.307116626537385,4.937770332375965,-0.7791406669520402,0.7047425337760468
5.632547821422562,-0.6525649741380346,0.6316843251280249,0.0851877161021924,4.960694442687725,-0.7248625358741941,0.673513587294608,0.30471137364268913,4.94279802831959,-0.7749836337341107,0.6770294348771573
4.9744076972132145,-0.5514976960904434,0.655866459485058,0.2581612234751608,4.954757000761527,-0.7229642559365117,0.650743951003845,0.2908988256492709,4.94681260958701,-0.7718443613653365,0.6502674402913478
5.655179097686258,-0.6453638654065696,0.5751185984829965,0.08677086478736423,4.961734423660541,-0.7446559355305556,0.6144466096841218,0.3038843942363908,4.949275436482711,-0.770024936235107,0.6222630267624828
4.984774127863963,-0.6499254944338853,0.5916314301880788,0.2752324181422019,4.956804117831482,-0.7354878432552446,0.5900069102737325,0.29057673140925877,4.9507350682410864,-0.769012980468248,0.5901608633230637
4.985963229725068,-0.6624582249959309,0.5871554232720229,0.273778760707014,4.972195563716338,-0.7154279985345445,0.5786919613023886,0.27841138086947964,4.9586589068411255,-0.7638056389816152,0.5726431414628382
5.587261526392169,-0.6083146398598958,0.6014098505734896,0.23758611955707232,4.980236574619754,-0.6661577889679704,0.588299738218682,0.33765124073998526,4.970400660294756,-0.7562793353210027,0.5673820856814744
5.587261526392187,-0.6083146398598953,0.6014098505734887,0.23758611955706901,4.982459724880837,-0.6783956318364758,0.5830931566614859,0.3387401589743435,4.983105386446046,-0.748204460256991,0.564961008921657
5.031701414129027,-0.5871637300558636,0.5724357762916492,0.27388650184455327,5.000771532584348,-0.6935116912308711,0.5657339021551192,0.28907097405486537,4.995990530882417,-0.7400528760147376,0.5631796261575798
5.030986944431515,-0.5869083623881259,0.5724972072096246,0.27388650184455315,5.010028893242313,-0.6685422945096793,0.5665375087476583,0.2852251389919956,5.011980612265132,-0.7299612961323789,0.5627894214779745
5.036957103920885,-0.5879924237053645,0.5722364366553956,0.2739357429522119,5.0294251027239545,-0.6672175868881791,0.5647802337538129,0.28373964718744893,5.027498523224635,-0.7201704526849699,0.5629268169613029
5.040592296236177,-0.5894369294913419,0.5718890013083106,0.27391917900684504,5.043859046184539,-0.6686301236782295,0.5650341260974915,0.2843535315126848,5.042869526331679,-0.7104694708166859,0.5630526114354545
5.123763271227763,-0.5329228357416504,0.569324228596338,0.2641308021217395,5.073761381875108,-0.6530922484694924,0.5658528126130787,0.2849598582165237,5.05811148019003,-0.7008479906233132,0.5631092463235049
5.123763271227761,-0.5329228357416538,0.5693242285963377,0.26413080212173995,5.0816083910340435,-0.6555679668733332,0.5651145802784635,0.28483420652321106,5.073371867336833,-0.6912140556463977,0.5631293410252982
5.114513148145138,-0.5227344992231808,0.5691531326638197,0.2696349904180966,5.09034347683339,-0.6635310703812201,0.5622542084284463,0.29351552112316076,5.088570335018073,-0.6816189617127715,0.5631326684160929
5.144428744185375,-0.5125975422703555,0.5700712101707608,0.26798566695878884,5.114268885890156,-0.6321058969674317,0.563006798894742,0.28855717229508887,5.103813468309819,-0.6719956643195215,0.5631298264480809
5.148724132657692,-0.5139754406156589,0.5697433037288223,0.2679856669587884,5.121395480950527,-0.6109284223541456,0.5632645211515477,0.28419033169347313,5.119005215101385,-0.6624049028355805,0.5631237657540821
5.190320632894472,-0.42245630631815834,0.5771210558075202,0.2653667956010023,5.146472407507475,-0.6002359544460829,0.5662961954376782,0.29303503001269443,5.13424573932587,-0.6527834883180224,0.5631166111754814
5.19032063289447,-0.42245630631816,0.5771210558075197,0.26536679560100207,5.153509464360954,-0.6030898091605362,0.5654812154640542,0.2925473399399896,5.149436436934369,-0.6431936805729741,0.5631095508956235
5.838519163995437,-0.5110014418755406,0.5522961158813829,0.08770378769161476,5.1702877855341836,-0.6012164006890812,0.5657694206338716,0.29159590512852834,5.164676608423597,-0.6335727924715528,0.5631023250792161
5.222125779791785,-0.4663007805496932,0.5708811895127864,0.27076796973641143,5.190250080934976,-0.5783391316267357,0.5647538920838514,0.28595274588759145,5.179867361742398,-0.6239832610873162,0.5630945089858257
5.264018725813823,-0.46391355956360647,0.5714337884796056,0.2699926271951253,5.2079214076638785,-0.5742308517057774,0.5657028393971495,0.28498090054988634,5.195107597793021,-0.6143626538489242,0.5630871872132536
5.264018725813818,-0.4639135595636043,0.571433788479606,0.269992627195125,5.218196641466762,-0.5459699823630713,0.5664805698799767,0.28075246884131444,5.210298464379821,-0.6047733729591962,0.563079333088162
5.270063534279077,-0.4085475281539547,0.5697517909021301,0.26691781532682646,5.232880755450606,-0.5369747485679837,0.5656245486708654,0.2884783189866214,5.225538840337723,-0.5951530010450168,0.5630719932161834
5.261622846296776,-0.44083333096404115,0.5589937151586528,0.26585788353150985,5.237621023937554,-0.561775207079206,0.5398772524494944,0.2769593529390535,5.230969454603,-0.5918270316218588,0.5359725590152692
5.938665794774248,-0.4734483745494237,0.5467504314647044,0.08615238160153361,5.264978365546298,-0.5339022015340219,0.520330821261377,0.2691734909940034,5.2357291198582825,-0.5890788296522067,0.5112905270403623
5.2728832125921805,-0.3864160004717417,0.5002618620082534,0.2600361161063705,5.234410771093408,-0.5394367325858288,0.48783215917739375,0.2787369516726173,5.238596073056781,-0.5875256951620842,0.4816636609268852
5.336838677579325,-0.5350226974397946,0.4680317905421518,0.2666876578245555,5.262183204233956,-0.5580252238528959,0.45833924925015024,0.27277343852665575,5.240412063699624,-0.5866136908947599,0.4491605663074643
5.9457543716737185,-0.4595270378701076,0.48495316489562706,0.08638036331306372,5.293537406996309,-0.5397483797356643,0.43760191055434755,0.28452653137807,5.241163584430923,-0.5862673920469237,0.4144328997065878
4.993416180387616,-0.14829003894644094,0.5186323818591674,0.3320643762477496,5.162342372201322,-0.45069164530850586,0.4362650249794527,0.36802894266541153,5.248963448529221,-0.5829220172102829,0.39590862173988295
5.012384679612364,-0.1576371660621771,0.5158953899543481,0.33168981622378585,5.186198789915466,-0.44851423346639246,0.4296362030213432,0.37461018814656893,5.26185238891268,-0.5775774708311494,0.3902539689771828
6.003036090875465,-0.4253252554053152,0.4225719903216151,0.08265242066599818,5.31569908750535,-0.5409257645998566,0.39239281019725647,0.27129213772060656,5.275804788072741,-0.571858495325456,0.38775541203237
6.003036090875462,-0.42532525540531696,0.4225719903216149,0.08265242066599914,5.319275476127102,-0.5410086927640748,0.39208967194776334,0.2709329469740483,5.289963535675268,-0.566090281855308,0.38597601190508785
6.003036090875453,-0.42532525540531385,0.42257199032161635,0.08265242066600091,5.3335273124925795,-0.5430803935881151,0.390916382906545,0.2699989717985486,5.306551953654001,-0.5593576636121278,0.3851241735013668
6.0030360908754625,-0.4253252554053153,0.42257199032161535,0.08265242066599886,5.342045504367128,-0.5409568236061691,0.3912474282193781,0.26910053342102164,5.323912743087636,-0.5523186620357032,0.3852743140069722
6.052923022123539,-0.3940860497466436,0.42471456191741036,0.08191611225773356,5.372825842676653,-0.49923065805976796,0.3922130006389131,0.26801539772811195,5.340815912937751,-0.5454616003491175,0.3854903504354545
6.052923022123531,-0.3940860497466511,0.42471456191740947,0.08191611225773714,5.392711848228477,-0.5034858027141099,0.38905766012597015,0.2676416520758676,5.357618837978828,-0.5386420578628281,0.3855959215084454
5.492045785103319,-0.41220794767700375,0.4099566478792027,0.2640000886697646,5.4111029830633175,-0.455284428057693,0.39757388279298217,0.2743695813665196,5.374304717474988,-0.5318686063487239,0.3856357060640877
5.492045785103326,-0.41220794767700264,0.40995664787920233,0.2640000886697639,5.41940886942598,-0.4563887616004238,0.39733426862917576,0.274026728351858,5.391020259142937,-0.525082619612407,0.3856466847196392
6.110122862877283,-0.4019258884010238,0.42331115477093173,0.08292356176315276,5.4312434237730605,-0.4562394606583351,0.3973666622292344,0.27332740653895143,5.4076717428764045,-0.5183225470401176,0.3856451258767762
6.149150681360722,-0.3630857369165006,0.4242267790127398,0.08334001397508145,5.461895736686019,-0.4825863548113337,0.39273872630749374,0.2774638457017509,5.424373648411395,-0.5115420779769622,0.3856391328397407
6.149184851664396,-0.36384850109263844,0.42420436118264443,0.08337976425249587,5.4706246517061565,-0.48396027999344887,0.39215483312082655,0.2769971216201736,5.441019840104246,-0.5047843673137344,0.3856306580113766
6.149184851664394,-0.3638485010926394,0.4242043611826445,0.0833797642524968,5.482587630687771,-0.48511277009899567,0.3916190120846401,0.2761766413472432,5.45771962348191,-0.4980050680276933,0.3856219077322873
6.149184851664392,-0.36384850109263794,0.4242043611826448,0.08337976425249696,5.4995462826108845,-0.4537978333388648,0.39225170036110385,0.2721655827901981,5.474365053861302,-0.4912480110823658,0.3856123307707143
6.196197175190766,-0.3630853118807915,0.4157304248067134,0.08671131185733778,5.515314098514152,-0.40262191938023395,0.3819202028003627,0.28748369597668766,5.480115268021949,-0.48900704419695185,0.3576117159199147
6.19624565847443,-0.36388399331958726,0.4157032112073017,0.0867113118573432,5.540918489253768,-0.4121935904060638,0.3700817070570039,0.30074644255902727,5.485156412787759,-0.487195202740363,0.332455901905538
6.20957738540203,-0.3494478278037705,0.3572648088322834,0.09087988278089831,5.540041301633261,-0.4269692301674396,0.32223589071249537,0.2823384678549383,5.488322160186571,-0.4861528327644171,0.3037133815302872
6.209577385402014,-0.34944782780377565,0.3572648088322835,0.0908798827809044,5.557278427938905,-0.4091608213149278,0.30869934849980235,0.3015050097303792,5.489895131870394,-0.485686345469599,0.272890281554723
6.209577385402015,-0.34944782780377565,0.3572648088322834,0.09087988278090413,5.579826642886307,-0.40394342132758376,0.3006515646401759,0.31267818737202097,5.499419575746658,-0.4831064975560677,0.2561473317744476
6.236962262782552,-0.314520915276676,0.34026267402081195,0.08195688527660044,5.579536730447815,-0.39831394010010485,0.28418392927027186,0.27731679084038163,5.512409912616508,-0.47975080384748914,0.2494445673481494
6.236971572458503,-0.31584847130353405,0.3402566783170575,0.08198721248505991,5.5967827979169,-0.38496960622045434,0.2849113809094263,0.276711713250391,5.526849419869317,-0.4760935263039232,0.24668719097247163
6.236971572458519,-0.31584847130353444,0.34025667831705636,0.08198721248505632,5.604819255635898,-0.35633060570337555,0.2862363014209213,0.2788251395193767,5.543105384946549,-0.47201173779958294,0.2453304274908419
6.286242917004005,-0.309447628487904,0.33313858269266705,0.08680272290397205,5.6298637538873475,-0.3826832783163229,0.2785267323700806,0.2946790515213826,5.560824727634841,-0.4675789820062213,0.244937095694213
6.339039919110141,-0.2953674642707072,0.3333742962993729,0.08544499884745863,5.632792337087753,-0.3553075011647523,0.28835360894075995,0.2921703719073454,5.578338903062869,-0.46320125584583494,0.2449323468320916
6.3390399191101485,-0.2953674642707086,0.33337429629937215,0.08544499884745738,5.6718994624218455,-0.3484134228163598,0.28652544557395726,0.292887533706303,5.595856418059017,-0.45882259164084305,0.2449481970054635
6.339039919110133,-0.2953674642707083,0.3333742962993734,0.0854449988474623,5.680971577757595,-0.34405500177953696,0.287285547494429,0.2923054848088414,5.613297472059235,-0.454462865402272,0.2449511441081803
6.339039919110148,-0.29536746427070704,0.33337429629937254,0.08544499884745695,5.688983327092538,-0.3484392708975639,0.28609575307218155,0.29308177550911035,5.630788471257655,-0.45009066788678664,0.2449467457849838
6.376191480890995,-0.2855971784428975,0.3296118071759696,0.08491441587611102,5.7139365157758775,-0.34005695133423636,0.28566098683930424,0.28953439856042396,5.648219213373508,-0.4457336517817021,0.244938288458315
6.376191480890995,-0.2855971784428982,0.3296118071759696,0.08491441587611218,5.725893806579656,-0.32384823308138333,0.2874052241363318,0.289287087135304,5.665704944979694,-0.4413630571829841,0.24492879281256208
6.376191480890992,-0.2855971784428984,0.32961180717596955,0.0849144158761129,5.739368209423843,-0.32908831597856525,0.2863359559375465,0.28948099676999506,5.683133640165027,-0.43700690495007555,0.2449181999149123
6.431902772572386,-0.24768677832323405,0.33552375009305735,0.08381305306632916,5.763587185317592,-0.33715341521330167,0.283129618268665,0.285398596154171,5.700619155699043,-0.4326367453464499,0.24490786610661938
6.431902772572366,-0.2476867783232382,0.33552375009305796,0.08381305306633537,5.789979921198472,-0.36264428857460906,0.27775397498841153,0.28855210328275055,5.718047836050045,-0.42828098744000576,0.2448969371761274
6.431902772572376,-0.2476867783232358,0.33552375009305757,0.08381305306633241,5.818484712065505,-0.3817496801715731,0.27487196666249253,0.2873897932918292,5.735533140523064,-0.4239112768140174,0.244886472012329
6.483950496939724,-0.2520553234805601,0.33330065993971103,0.08782519410373553,5.824818487261449,-0.31802459452355414,0.28595774705339666,0.29766576696493285,5.752961789571184,-0.41955592346794424,0.2448754804379203
6.483950496939715,-0.25205532348056303,0.33330065993971125,0.08782519410373867,5.8348135790123905,-0.31832684159900726,0.28547310855674324,0.2979170922691078,5.770447259789883,-0.41518657024508165,0.24486499228103764
6.483950496939714,-0.2520553234805622,0.3333006599397113,0.08782519410373878,5.843494259582794,-0.31663382801405116,0.2858107526804345,0.2974756887277181,5.787876033056779,-0.4108315836301779,0.24485399732553154
6.52050031857866,-0.22926301566744847,0.3302388273913046,0.08695557833323375,5.871362012038964,-0.3035804398981893,0.2851843116476255,0.2913632984518802,5.805361552122702,-0.406462617310936,0.24484350781509043
6.520500318578675,-0.22926301566744173,0.3302388273913047,0.08695557833322871,5.8870027382908345,-0.2876357660343396,0.28677696098692446,0.291054940333503,5.822790400273001,-0.4021080098335914,0.2448325104584041
6.567172897141449,-0.22252435381969693,0.32959915135252615,0.08720417650812985,5.911185076272297,-0.27090469946509876,0.2843024133051083,0.2936446204084284,5.840276032533498,-0.39773941439802396,0.24482202080778293
6.5671728971414405,-0.22252435381969865,0.3295991513525263,0.08720417650813202,5.918428850072706,-0.2752981812376956,0.2831580621963322,0.29449348207807474,5.857704982412568,-0.39338517936233597,0.2448110248909532
6.566776595975874,-0.22279355928590025,0.329403879793774,0.08737116750653426,5.946628288337235,-0.2951773012943687,0.2791071447110914,0.2960611070240714,5.875190698937073,-0.3890169620160946,0.2448005349083182
6.623153100025644,-0.20094992867500366,0.33327958527381246,0.08821564272289617,5.987067610624845,-0.30599636430510835,0.2745468479049365,0.29635338132533856,5.892619739434996,-0.38466310213719446,0.2447895447417129
6.614984618400113,-0.21373229018900342,0.325265556750272,0.09204732910784304,5.988706031249239,-0.30681526857932573,0.2743889564308484,0.2963351415543243,5.910105554100412,-0.38029525930426145,0.2447790553869136
6.623153100025657,-0.2009499286750017,0.3332795852738122,0.08821564272289216,6.003926185953311,-0.3107972692078307,0.2737605827762092,0.2950337005397661,5.9275346891144345,-0.375941773582539,0.2447680610245609
6.658207421495897,-0.2109659235212439,0.3250818909956431,0.09321868289277435,6.022180715073093,-0.2278165322453795,0.2876784600598778,0.30072376321498745,5.945020595791908,-0.3715743068397259,0.2447575744660163
6.662705277528273,-0.19373253315093178,0.3293168892124408,0.09143255092257258,6.02894112017624,-0.22955855471594516,0.2871990137736652,0.30060691148915064,5.962449823065248,-0.3672211957884306,0.2447465841444771
6.7075461311667475,-0.17291204633665133,0.32884813725836953,0.08930107931004883,6.029042997470987,-0.21381386120475618,0.28777216896788016,0.29676674411511567,5.979935825593107,-0.36285410412647856,0.2447360921880889
6.707546131166751,-0.17291204633665622,0.3288481372583684,0.08930107931004858,6.05780682285207,-0.23404288238791393,0.28476992758121383,0.2962801246098433,5.997365147272741,-0.3585013672859807,0.24472510036425177
6.707546131166746,-0.172912046336654,0.328848137258369,0.0893010793100502,6.067049757984859,-0.23406447417522255,0.28462248005596164,0.29614639964336614,6.014851242136303,-0.35413465159694635,0.244714615239793
6.707546131166747,-0.17291204633665438,0.32884813725836876,0.08930107931004948,6.097700077969468,-0.2203383564836491,0.2842323306158896,0.2985644314349073,6.032280657339603,-0.34978228907684406,0.244703623239528
6.761226750265169,-0.14514354314097938,0.33611356934506975,0.08594853944421305,6.1278668185822305,-0.2474523075758001,0.28219846853367786,0.2987486144971487,6.0497668462419,-0.34541594887097515,0.2446931385823094
6.76122675026519,-0.14514354314098007,0.3361135693450681,0.08594853944420909,6.13900724789852,-0.252987703484667,0.2807496813814943,0.29992964799901994,6.067196355100371,-0.3410639606260353,0.24468214714358133
6.794462410211044,-0.14246281903130179,0.32417603906391007,0.09140515312468535,6.165424014817312,-0.21072582352613783,0.28352330906571355,0.2905381610963613,6.084682637692446,-0.3366979959705181,0.2446716630578878
6.79349326443451,-0.14688159325008598,0.3229184274095613,0.09149807091250275,6.17290952418959,-0.2157916126360296,0.2825858843018865,0.2906261002794597,6.102112240050508,-0.3323463820186401,0.24466067216355483
6.79446241021105,-0.14246281903130475,0.3241760390639092,0.0914051531246842,6.183967550400418,-0.21704116805435208,0.2823546901209081,0.29012828642885824,6.119598616460266,-0.3279807928612497,0.24465018861375512
6.847450876220145,-0.10911916938085484,0.3298566003977454,0.08676230075006795,6.203123431872546,-0.23231248814551675,0.2795634425770017,0.2901778610801569,6.13702831235865,-0.3236295531728022,0.2446391982213671
6.847450876220147,-0.10911916938085403,0.32985660039774534,0.08676230075006634,6.216925689677493,-0.21540180762769973,0.2811225261102032,0.2903859835711627,6.154514782497211,-0.31926433951686173,0.244628715127609
6.847450876220144,-0.10911916938085398,0.3298566003977455,0.08676230075006774,6.235105316658206,-0.21628473725618685,0.279693481043575,0.2913903472971302,6.171944571861659,-0.31491347409473347,0.2446177250201132
6.895004443488242,-0.11007815178960223,0.32858736209606576,0.09054782641299386,6.263771588535758,-0.2030604336299412,0.2822707330970644,0.3025191838666152,6.189431140835001,-0.31054863437071845,0.2446072726876634
6.895004443488227,-0.11007815178960487,0.3285873620960662,0.09054782641299526,6.272986501988802,-0.20638130709005806,0.2816615328233085,0.3026964536219834,6.206861018703519,-0.3061981441454451,0.2445962540310528
6.952582190598031,-0.08666531469289462,0.3341119720995415,0.08919517002959028,6.311555156120141,-0.18477123172081295,0.28104972986024457,0.30226624090829596,6.224347676301044,-0.3018336814248559,0.244585771731311
6.948081494434062,-0.09701444411836654,0.3263602517382249,0.09277902671869753,6.321612512796663,-0.18354639136321524,0.28086240041068994,0.30243199973776824,6.241777652652409,-0.29748356445066015,0.244574782712996
6.952582190598017,-0.08666531469289557,0.3341119720995423,0.08919517002959401,6.33982509314004,-0.19101523655453367,0.27786082547248103,0.3051987264127471,6.259264403961324,-0.2931194771831471,0.2445643012942306
6.9974914728713316,-0.08807889273019112,0.32540884781603147,0.0913189195781576,6.3474830790491374,-0.1771219185314993,0.2794000919792734,0.29451571096990997,6.276694474203206,-0.2887697343338891,0.2445533102931512
6.998307361366174,-0.08897141028407679,0.3253888695412772,0.0913189195781573,6.362635755306671,-0.15013754624541692,0.2823928802521046,0.2942735579994633,6.294181319059808,-0.28440602257583825,0.2445428303055712
6.998307361366175,-0.08897141028407313,0.3253888695412778,0.09131891957815716,6.369684939592577,-0.15239300158666896,0.2818524203362838,0.29429327706565045,6.311611482337741,-0.280056654030421,0.244531842117972
7.043944465638912,-0.04492439126201675,0.3343690691157418,0.08470081880462951,6.378798256505634,-0.1373421715623528,0.2826586171820622,0.2892889709262107,6.329098421121576,-0.27569331763095395,0.24452136114843734
7.0439444656389005,-0.04492439126201958,0.33436906911574216,0.08470081880463375,6.389060987912025,-0.14510702923668967,0.28100868297875853,0.29004342269035605,6.346528677861391,-0.2713443232734831,0.244510373150624
7.043944465638903,-0.04492439126201797,0.3343690691157421,0.08470081880463193,6.42427837184858,-0.1441159029672176,0.27938740006193313,0.2914541755085372,6.364015710347792,-0.2669813622914714,0.24449989243859
7.094406367495831,-0.05417806033997358,0.3311319430588442,0.08999538287937418,6.456248450602342,-0.1296755344120306,0.28237658903396345,0.3090533757776884,6.381446060519233,-0.262632742120831,0.24448890469967824
7.094406367495829,-0.05417806033997069,0.33113194305884486,0.08999538287937382,6.4768951433688144,-0.15313844101595975,0.2807226736089156,0.30654537722223846,6.39893318669311,-0.25827015655048013,0.2444784242436882
7.094406367495822,-0.05417806033997402,0.3311319430588445,0.08999538287937606,6.491240958748883,-0.1588659346257461,0.2795770758175303,0.3067690112636539,6.416363630281849,-0.2539219105607642,0.24446743674400603
7.131989023611542,-0.03190741573271433,0.3241844125053952,0.09300868699223383,6.512700708754017,-0.10238296791682436,0.2839460410195928,0.2993728484917479,6.433850850131531,-0.24955970039608388,0.24445695651692748
7.131989023611538,-0.03190741573271372,0.3241844125053955,0.09300868699223376,6.519208059686636,-0.10422642239251055,0.28347602235988056,0.2994546416453251,6.451281387123433,-0.24521182858240298,0.2444459692223029
7.133563801439598,-0.03165494656063739,0.32379171657513256,0.0928061513621237,6.5299826510785435,-0.10212793782106026,0.28384704733526006,0.29864023180386884,6.468768700633132,-0.2408499938201487,0.24443548916469893
7.133563801439604,-0.03165494656063761,0.323791716575132,0.09280615136212264,6.53677170924257,-0.10057658610359994,0.28368909814294335,0.29873098140628873,6.486199330974943,-0.23650249619125852,0.2444245018026743
7.178025008557528,-0.02036561648076185,0.3224899195482329,0.09284257284479636,6.568643732727408,-0.11444072820855417,0.27946790209972616,0.294895188944785,6.503686738279922,-0.2321410367878256,0.2444140227493006
7.1767857883615065,-0.02330907868905302,0.32225997489170494,0.09287851234326168,6.590338075958483,-0.11401199160780977,0.27799168462799545,0.2956198384904326,6.521117462011101,-0.2277939133140201,0.2444030356231001
7.234034666891265,-0.003240535803547495,0.3368307662557027,0.09074150030826336,6.605915032601285,-0.0649411459899154,0.28745385288726094,0.31296219633227357,6.538604962825207,-0.2234328293326513,0.2443925559436723
7.2339677029126594,-0.0022390966660428835,0.336863269055747,0.0906686726720316,6.606195602367305,-0.08207577173960455,0.2972420384429124,0.29806892344903413,6.544541660204482,-0.22186633751543017,0.2715788864598778
7.2339677029126435,-0.002239096666043966,0.3368632690557477,0.09066867267203496,6.578322756822265,-0.1400473833277858,0.31168583937393,0.2950218380531338,6.549458525162333,-0.2204120026800931,0.3035917889502825
7.252616700204811,0.00667676039334647,0.4067302286215716,0.09268085075467748,6.616804086985979,-0.13670952359512126,0.3610574088584049,0.3013340072029683,6.552962066418168,-0.21924512718968092,0.3394101060172718
7.252616700204799,0.00667676039334858,0.40673022862157265,0.09268085075467956,6.612524404486717,-0.1484448627048226,0.36645757774644555,0.2962597790825457,6.563296972035984,-0.21552519930963898,0.3515917287770013
7.295025484315867,0.04421580081060719,0.4134916678899921,0.08796718257595465,6.634930180056599,-0.13663474422937372,0.3663191827989012,0.29545624819934574,6.576012069595752,-0.2108610172888148,0.3515723190382352
7.295025484315862,0.04421580081060883,0.41349166788999275,0.0879671825759549,6.653722663558213,-0.14724627133691376,0.36253972013827845,0.29539794642135314,6.590051023281927,-0.2057252840985928,0.3498246025347233
7.29502548431588,0.04421580081060508,0.4134916678899911,0.0879671825759508,6.663920352792514,-0.1454875380992096,0.3625495697334044,0.29490451392786554,6.606054378648722,-0.19989703567628725,0.3486936897391198
7.295025484315881,0.04421580081060908,0.41349166788999164,0.0879671825759514,6.671237710706931,-0.11001010802697837,0.36383782008647836,0.29660089697580133,6.623067020496049,-0.19371509763513117,0.3483834127549658
7.330668180832917,0.0894885669936478,0.41512763320835355,0.08677484153751892,6.692825534879968,-0.0867749153074884,0.3640169911730898,0.28917079571633625,6.640054114653427,-0.18754558899659202,0.34836646848948044
7.330668180832921,0.08948856699364335,0.4151276332083524,0.0867748415375195,6.696472700928751,-0.08805035465371303,0.36380020498511967,0.2889794054186713,6.65695761632475,-0.1814065664118858,0.3483702139740938
7.377371590746035,0.08681623605488467,0.4134726659658435,0.08796200430784402,6.739072765035645,-0.04867874932958949,0.3699451197134515,0.2968466171251931,6.673906515112285,-0.17525103436377387,0.3483687739583376
7.377371590746032,0.0868162360548905,0.41347266596584437,0.08796200430784418,6.744513080169804,-0.04810318858050559,0.37004272755913575,0.2962468988467039,6.690795312868934,-0.16911740399286224,0.3483624641936244
7.418200264352878,0.10033050659747697,0.4111068130086445,0.08996651865410212,6.778474473171505,-0.06468341217722826,0.3673126449017454,0.29288114647579794,6.707736455957594,-0.16296489936537206,0.3483545488674419
7.418495933357256,0.10120031929046763,0.41139647190666695,0.08991983788218257,6.784695767577669,-0.059939125318223305,0.36810967813454415,0.2920333840447497,6.724622233436782,-0.156832666721344,0.3483452099516831
7.418495933357246,0.10120031929046655,0.41139647190666745,0.08991983788218554,6.806096400508883,-0.027151414570320494,0.367743135464569,0.2918913742431252,6.741563141930883,-0.15068059013887902,0.3483360435427229
7.418200264352876,0.10033050659747614,0.41110681300864443,0.08996651865410286,6.8198880390381005,-0.028072262578067532,0.36744856706229595,0.2904178839860236,6.758448914375234,-0.1445487174704425,0.3483262377134316
7.4670959921259685,0.11202757171083205,0.4134992623211259,0.09206031698400927,6.830792111976063,-0.05456768608686412,0.36409973626146525,0.3020352367815611,6.775389466767601,-0.13839713572294077,0.3483168904691171
6.851677916435683,0.18519819484976321,0.4025635470390577,0.3159328691374662,6.821432589298034,0.009638763217033844,0.36906520748351074,0.32685898533949326,6.79227516055863,-0.13226565866071205,0.3483069815087499
7.572139863913496,0.24674697164145715,0.4133181217238408,0.11430826747865183,6.83286601208501,0.006782825792346596,0.36859229551943223,0.32657808260304133,6.809215951483459,-0.12611435996501408,0.3482975882308484
7.622285908044497,0.27019147222982653,0.41256146156439266,0.11069267079247458,6.878034955307427,0.01160539737056678,0.36452631020060144,0.3158021873212197,6.826101816710988,-0.11998318952221032,0.3482876831802934
7.622285908044502,0.2701914722298215,0.41256146156439166,0.11069267079247452,6.890385334959174,-0.0015528176119149846,0.36418177084228043,0.31641915624261596,6.843042653206081,-0.11383224433229433,0.3482782876951518
6.962522110554339,0.25444330236815915,0.40998551381599835,0.30663973780399945,6.903439226218136,0.0527082370273958,0.3725448497018956,0.3256567721524409,6.8599286063051474,-0.10770141089939811,0.34826837810186356
6.9582632003973615,0.2430429409902336,0.4076961352926495,0.3060956062511204,6.918862425228289,0.0781017509375103,0.3743838747844729,0.3232562680709192,6.876869593295017,-0.10155078123127304,0.3482589821115007
6.67129163595454,0.48001164413708713,0.4661499978026498,0.3036429265765561,6.889477373188097,-0.006126694265130508,0.39555196677758486,0.33142304884459556,6.882358361461726,-0.09945901489739217,0.3799557172843951
7.686441172092617,0.3020843878674764,0.4749530105298341,0.11318967441499872,6.913998163250582,0.043884201269885875,0.4345507898431338,0.32666472320158824,6.887690005432486,-0.09723570307011986,0.410199708188616
6.592742810772141,0.32837643757525947,0.5314791365268038,0.2722467367095098,6.898554399369445,-0.07068819937382236,0.45612294781075463,0.32768311718992915,6.890651244167088,-0.0958868740178711,0.444628403616082
6.6018788680217515,0.14893479423992267,0.5173923609699247,0.27219376457970723,6.858466186125584,-0.06950442772872494,0.48649922276886853,0.304801668227445,6.892180226253033,-0.09512352467283991,0.4814717302335529
6.983060342807858,0.1680485082269839,0.5544203928813268,0.3134198194955932,6.913772311538488,0.027096101278328434,0.5378895681742222,0.3267614575693746,6.892769416731388,-0.09480181391462716,0.5180956431629115
6.64780465913839,0.4482293188387773,0.6113513304099714,0.297162751121238,6.9125635716441565,0.005312110429421535,0.5458685437489265,0.3269404894696715,6.901319740424816,-0.08985622144199423,0.5306907301470025
6.684299247911322,0.4069024703469409,0.6024754566829796,0.2911025590636618,6.938263546395773,-0.05564948245377838,0.5341754565641321,0.32030063238904105,6.9127986409046365,-0.08313348501361295,0.52892703166116
7.01104510430675,0.05932395089123972,0.5480049900674706,0.3106436455009734,6.940425842287616,-0.004556965597089295,0.5366978157690412,0.3184800438383365,6.925513880701624,-0.07572223207928497,0.5265210651666813
7.0118893328053655,0.05914993563201776,0.5479775605762328,0.3106628021782491,6.943926753841664,-0.0017748041750023404,0.5365093621124243,0.31824000671862934,6.939100236760607,-0.06784028049347501,0.5248519501885289
6.6533879743920545,0.3351780777518439,0.6025677514126058,0.27219954515232997,6.951538272032725,0.03639186560164233,0.5420790570194844,0.32155340239925545,6.955049194164831,-0.058611160185633615,0.5243181594797974
6.646689162783233,0.3468549672092271,0.6042319114633142,0.2729107714002162,6.954802253787884,0.03874565981355858,0.5421799151374416,0.32148925200508294,6.970813083786021,-0.04949461936689303,0.5243303512045827
6.615404644312159,0.4924921094901057,0.6146797399901888,0.2729550524090636,6.99204873210606,0.0344391197393571,0.5355135886117892,0.32418052523833585,6.986427069687609,-0.040464134923940964,0.5243791717831314
6.7840747806425945,0.47269208910051175,0.5927182344274879,0.3046627917290396,7.018164851720196,-0.002280663113322782,0.5296324217225288,0.33257564748255164,7.00205424946641,-0.03142527466300171,0.5244017996475441
7.047220010688643,0.1992361451349042,0.554774084662211,0.3204653637513228,7.0266718631305505,0.04242187166954885,0.5325729241288016,0.32935653417106764,7.0176148697471294,-0.022424624286517147,0.5244069617917749
6.7840747806425785,0.4726920891005213,0.5927182344274907,0.30466279172903854,7.044232621738342,0.08535792416660232,0.534688033390387,0.32429490724084187,7.033219574505001,-0.013398440354341457,0.5244050644710998
6.784074780642595,0.47269208910051647,0.5927182344274884,0.3046627917290387,7.058173672282287,0.1018057561496821,0.5363250241149674,0.32257179788296353,7.048771378276303,-0.004402936304574556,0.5243992028261755
6.73565967157188,0.5533708210570819,0.6041081821999748,0.28214248618793275,7.068922327108953,0.022661274291896183,0.5310375819814206,0.3304573416940103,7.064373144439426,0.004621337616748988,0.5243926283110514
6.735659671571885,0.5533708210570765,0.6041081821999738,0.2821424861879328,7.086442710236688,0.09777098787914354,0.5369171506700857,0.3263224804276868,7.0799239001706304,0.013615959325197657,0.5243850282799352
7.202923995101322,0.07269320940327925,0.5405829001825172,0.3241963069361936,7.102838012891098,0.04088552606146678,0.5316625876867531,0.33029317196884683,7.09552506826066,0.022639584750536734,0.5243777390500323
7.202923995101326,0.07269320940328033,0.5405829001825171,0.32419630693619367,7.115138870778345,0.05723744783894036,0.5322672493267964,0.32963049000469213,7.111075667053634,0.03163380363248791,0.5243698443550164
7.202923995101326,0.07269320940328033,0.5405829001825171,0.32419630693619367,7.1364751335369645,0.054558163987608654,0.5322652887003857,0.32834732176407616,7.126676974989875,0.040657192641675444,0.524362442985787
7.178286087533033,0.32480600734382803,0.560682995115201,0.3234364735075656,7.148206020722079,0.13754153083092463,0.5393233299281333,0.3324346522500552,7.142227714790102,0.04965117528426344,0.5243545135014367
7.181888740110725,0.3207433726922647,0.5601830081172375,0.3234364735075655,7.158734132389799,0.14626562957816733,0.5397345402875902,0.33101555272556127,7.157829105644391,0.058674292964625785,0.5243471029248425
7.184366628300032,0.343716239392593,0.5624199892921933,0.3238709136813382,7.169784192035553,0.1501005101981448,0.5403311833651918,0.33009142817871884,7.173379959529044,0.06766802330050847,0.5243391788302787
6.938984089613969,0.5098061200445215,0.5924274016041706,0.2859803308587144,7.189761259703907,0.15795882447673829,0.5421431250979457,0.31759742797829615,7.188981532660009,0.07669092537787314,0.5243315995778326
6.9389840896139745,0.5098061200445169,0.5924274016041697,0.2859803308587141,7.21030268114667,0.13694485857428162,0.5369680981830108,0.319455514074347,7.204532515141111,0.08568440963317592,0.5243237985050644
6.938984089613965,0.5098061200445102,0.5924274016041695,0.2859803308587143,7.2288427990912405,0.16734291376571858,0.5377797891598638,0.31830412023872606,7.220134190316495,0.09470705237809618,0.5243163985877887
6.924228882588355,0.621743123350108,0.6117844982517144,0.2773393850028339,7.246239364635792,0.18157039377473475,0.5378425450690574,0.33127527227901565,7.235685325573607,0.1037003082592296,0.5243084746463468
6.924228882588351,0.6217431233501073,0.6117844982517144,0.2773393850028344,7.2548081237329844,0.17602317973491563,0.5371270978208292,0.33108190085736744,7.251287144176256,0.11272271488902508,0.5243010723742156
6.942401377212102,0.5005068729573833,0.6037133433033811,0.27681112581880424,7.2335621161553005,0.15059692968170094,0.562922227281688,0.3063668754704071,7.256792777954341,0.1160323535954868,0.5582087571043155
6.9536265679158,0.33097364026573217,0.5910837018703943,0.2763306852435474,7.247899221687361,0.10715188064723558,0.5752888448272411,0.3071086057548654,7.261647682411956,0.11916121605025065,0.5867534386392088
6.978168037058079,0.329131125186536,0.6251197051934871,0.2808069681916468,7.237166032822921,0.1442772060971997,0.6147088518925524,0.3058174833683784,7.264373626999663,0.12104093429579077,0.6206241337748915
6.978168037058078,0.3291311251865297,0.6251197051934866,0.28080696819164774,7.24992238730782,0.1468844429002402,0.6193972739609274,0.30814298964061687,7.273039345282386,0.12729883419910415,0.6302436492451997
7.102428474506006,0.37633582200656346,0.6449838356726537,0.5259915006792913,7.102428474506006,0.37633582200656346,0.6449838356726537,0.52523751774401,7.284081107184269,0.13535871120072773,0.6308398805751179
7.1745844612497605,0.34891156018109637,0.6383473838570125,0.5482945794863681,7.1745844612497605,0.34891156018109637,0.6383473838570125,0.5408916133615684,7.296202452331889,0.14419723237269988,0.6292322835504042
6.800742382848763,0.8980824071814978,0.6991027122783166,0.547604543590919,7.199625862822204,0.3736020176097165,0.6390902152771996,0.5656685464282478,7.309171665689206,0.15362503117355786,0.6279208246150654
7.2916182942191865,0.18261104976970613,0.6250198104871658,0.2984318516060961,7.30838009728288,0.18504608466005665,0.6283729347180265,0.2986513997721817,7.32417379057831,0.16451010052188675,0.6274406353083455
7.300729535154791,0.2070849754563029,0.6305153529491523,0.29882422693572747,7.3181345514553025,0.1926267382770348,0.6288514308585706,0.2992926345063749,7.3388770228984,0.1751735964765393,0.6275013692063832
7.104817772355043,0.39497164957623265,0.6487016944009579,0.28464217661173663,7.326297747920157,0.1983414092890949,0.626092323776346,0.29848143454747417,7.353530986708042,0.18580272705106093,0.6275628502069708
7.10481777235505,0.3949716495762219,0.6487016944009563,0.28464217661173613,7.3365947331941275,0.1974201929495905,0.6256608150520718,0.2991173410204765,7.368097774668429,0.1963696023174073,0.6275892600818674
7.091607158871675,0.555101541382188,0.6594650854157497,0.2848953755615975,7.352151464377079,0.22168843538344005,0.6253767247269799,0.30160959851304464,7.382696059362591,0.2069597072354883,0.6275971085916205
7.091607158871683,0.5551015413821875,0.659465085415749,0.2848953755615969,7.3719714981692,0.2510778817380467,0.6297874627517713,0.30289077531462955,7.397240973878477,0.21751117046011892,0.6275960077147807
7.1195061343479695,0.5661368800839642,0.6591107029022775,0.28209113436745986,7.382211915579325,0.2543536239077717,0.6268536708879564,0.30355231904145386,7.411831076149281,0.22809535756946087,0.6275919782006311
7.119506134347973,0.5661368800839612,0.6591107029022767,0.2820911343674601,7.389914271929316,0.25179600847390216,0.626318730549784,0.3040764196344528,7.426372854184152,0.23864437786153125,0.6275860348174843
7.189870885844316,0.6063794342417641,0.6541975452628909,0.2824660561094477,7.417688087414415,0.27994767911447915,0.6245461427396913,0.30350920053102687,7.440961526006537,0.2492272835390157,0.6275800581482927
7.1898708858443205,0.6063794342417659,0.6541975452628909,0.2824660561094475,7.432665974941782,0.27310393340934447,0.6236475041780416,0.30407955797232666,7.455502813046454,0.2597756748188429,0.6275733682187429
7.226421437930549,0.5482930805957278,0.6575855624814255,0.2849580618585399,7.4377462037620035,0.33410477921002224,0.6332037597693345,0.2990341205014914,7.470091506222243,0.27035830931401517,0.627566974427697
7.226421437930551,0.5482930805957277,0.6575855624814255,0.2849580618585404,7.448701530294322,0.3325719210820014,0.632532024807069,0.29989124046372884,7.48463288687338,0.28090647655456813,0.6275601423809262
7.226421437930546,0.548293080595731,0.6575855624814262,0.2849580618585401,7.460558550887329,0.32490200630380667,0.6314870030712092,0.30057550520807275,7.499221629877495,0.2914888533826314,0.62755380814673
7.226421437930542,0.5482930805957275,0.6575855624814262,0.28495806185854033,7.4809685047265795,0.3375812595867712,0.6322968127049544,0.30225267814610085,7.513763121583621,0.30203680855709614,0.6275469376644541
7.214763096489734,0.6313606976002061,0.6765990279713117,0.28278179123729774,7.47655015705698,0.36531411914884476,0.6355686481592926,0.3141964076434688,7.528352016481499,0.31261900131371245,0.6275405810626469
7.222051058792847,0.625475525512649,0.6758138450615254,0.28278179123729746,7.486847386048984,0.35950204431523103,0.6343153569115366,0.3149984867282718,7.542893663851981,0.32316677667150895,0.6275337838632467
7.298000371775392,0.574903898622405,0.6581094795376352,0.2916751108960114,7.511098322037707,0.3831883708275595,0.6342238105191839,0.3112167351741486,7.557482686617314,0.3337487692096426,0.6275274181441254
7.290377818272734,0.6383956711238888,0.6606746156758281,0.29237674083789744,7.528763040238808,0.40568949571544166,0.6330563683549872,0.3132960886276798,7.572024459171155,0.3442963424802157,0.6275205514434189
7.253198315959686,0.8091246174855485,0.6761237111984167,0.2894481205535214,7.542918079061915,0.42300133999352074,0.6337947913745026,0.3145374316704102,7.586613629815021,0.3548781480151053,0.6275142170285113
7.253198315959691,0.8091246174855462,0.6761237111984163,0.2894481205535213,7.586616800177454,0.4113304602531477,0.6288266099341518,0.3177995550923176,7.601155544123138,0.36542553123349464,0.6275073585602392
7.652299459488166,0.5509527511266445,0.6156142491994372,0.30341934060478554,7.598185781879576,0.40847232934654304,0.6249230873893727,0.3184163573064286,7.615744852614971,0.3760071430837746,0.6275010297802097
7.652299459488168,0.5509527511266421,0.6156142491994367,0.30341934060478565,7.610477879280813,0.4351802269792171,0.6268603109704438,0.31756925126599955,7.630286905533979,0.38655433423801,0.6274941759994895
7.67084689987199,0.535599827167065,0.6136831223227034,0.3030537640766461,7.647846718142768,0.42626960141262576,0.6225109629849738,0.31576948923922477,7.644876354518937,0.3971357545392742,0.6274878517160485
7.337460062838664,0.9804259276979221,0.6700712489293452,0.2753939913693226,7.625421614048739,0.40845708511899936,0.623196756607495,0.30496448715470487,7.659418547070377,0.4076827545712085,0.6274810023447485
7.337460062838675,0.9804259276979213,0.6700712489293441,0.2753939913693222,7.659045085265042,0.44267413203264905,0.6228917205526745,0.30374168747438635,7.674008135014254,0.4182639824089467,0.6274746825238559
7.643300217498843,0.44215797566193443,0.6551416941193409,0.29344404935586715,7.643300217498843,0.44215797566193443,0.6551416941193409,0.29211665612027027,7.679473264775812,0.4223537210035344,0.6573924529904117
7.425417569845392,0.6170514045519959,0.6778042066336659,0.2757259633618534,7.663025228462739,0.30476429216775186,0.6680684668479698,0.31275073365533906,7.68345514426921,0.42552913821614613,0.688996501600277
7.374525767017105,0.6059644404268496,0.6910412088956316,0.2743691843456699,7.686066925824933,0.42596680238570933,0.7115329355677826,0.35548132377494424,7.685927417467486,0.42763716181121136,0.7230831968325648
7.47688616087099,1.1373917303001333,0.7313278639113843,0.349726799647279,7.72490158903558,0.41128635552420834,0.7031912512401857,0.42064301033301577,7.693851663053187,0.4346999469600341,0.7328787008307002
7.476886160870992,1.1373917303001313,0.7313278639113839,0.3497267996472795,7.7319348341691905,0.44902485410964554,0.7052543360353586,0.41873957836875436,7.704013590967844,0.4438511847622575,0.7333496836668273
7.472974080057147,1.141025230902563,0.7319848637823804,0.3497822897151428,7.728628231455757,0.5207269457471498,0.7089539743583841,0.41451643521727943,7.715167649639777,0.4538842288608338,0.7317247567224936
7.459563328984482,0.8212710712056548,0.7265262193402491,0.2661974374379507,7.743689732035193,0.36628143349525083,0.7024790921957639,0.3088285769542547,7.727101038697365,0.4645865940625775,0.730410523873566
7.459563328984478,0.8212710712056622,0.72652621934025,0.2661974374379507,7.756735493819275,0.42469070244315255,0.7060058815085626,0.30613737649251394,7.740907054827876,0.47694608055636856,0.7299305461641279
7.459563328984485,0.821271071205653,0.7265262193402485,0.2661974374379507,7.768140636879412,0.47220387374884176,0.7073587704325972,0.30608340513682103,7.75444179916071,0.48905761332514874,0.7299917312331368
7.49708379279206,0.8447849383960357,0.7257266070773309,0.275588882881147,7.759112283817137,0.4569351067867694,0.715670929727039,0.32053303198865374,7.767931193699808,0.5011300614385785,0.7300537531467606
7.497083792792057,0.8447849383960431,0.725726607077332,0.275588882881147,7.770618438552058,0.45321379210636026,0.7146846152789107,0.3206691033659288,7.781340396136608,0.5131318257647557,0.7300815699457733
7.500024092448183,0.8105870147405316,0.7270381755720684,0.2672759612435671,7.753833921720255,0.43407345699841865,0.7137300620485186,0.3073135508367631,7.794778510282481,0.5251599114354439,0.7300904604245672
7.499874387770758,0.8120546816615901,0.7270948740295514,0.2674004962224106,7.786661069767879,0.4938661210617612,0.7180121487158351,0.31189039059697343,7.80816749017777,0.5371441251594105,0.7300904244848792
7.499874387770749,0.8120546816615961,0.7270948740295525,0.2674004962224103,7.835072001241265,0.4772978882900584,0.7060765572644089,0.30701929628403507,7.821598065247894,0.5491655338270327,0.7300874772792149
7.5632867929033525,0.8916390261327889,0.7350823848792764,0.2693656547143896,7.839409940768542,0.4768233803021524,0.70648804914491,0.30764795806196615,7.83498415734856,0.5611470325816761,0.730082610581516
7.563286792903364,0.8916390261327908,0.7350823848792756,0.2693656547143891,7.854207793489448,0.5378250569029402,0.710023232901043,0.30647012460804984,7.848413417571477,0.573167051805326,0.7300777160824622
7.563286792903356,0.8916390261327929,0.7350823848792765,0.2693656547143895,7.873890635173457,0.5766567322264826,0.710881311340442,0.3071624432524051,7.861799066771213,0.5851479092861451,0.7300720604933224
7.608421332658225,1.0725520633303343,0.7374607197521224,0.2701986177911597,7.894079262765544,0.5108216900133842,0.7039646642131681,0.315043579877381,7.875228336980093,0.5971676785194786,0.7300668562951022
7.608421332658223,1.0725520633303407,0.7374607197521235,0.27019861779115933,7.908269253328692,0.5696658768555183,0.707289088453854,0.3131740197899367,7.888614072350532,0.6091483499353014,0.7300610868028404
7.613222661895274,1.1547666003543853,0.7428743271884976,0.27678194569338205,7.884964400064877,0.5353686188062317,0.7119642008840652,0.32092189320285414,7.90204340564802,0.6211679096967488,0.7300558400398672
7.613222661895266,1.154766600354384,0.7428743271884979,0.2767819456933821,7.907389144437558,0.603966698495187,0.7170306566376203,0.32559160865252545,7.915429245182065,0.6331484085595482,0.730050054422716
7.613222661895269,1.1547666003543942,0.7428743271884987,0.27678194569338216,7.9174942175618614,0.5999223358806584,0.7161986137712578,0.325915913699841,7.928858723574767,0.6451678313214213,0.730044805911965
7.613222661895269,1.1547666003543928,0.7428743271884989,0.27678194569338144,7.918343731494093,0.6628632713183787,0.7196370522383834,0.32375290388573613,7.942244700386936,0.657148187122182,0.730039027692797
7.687388624550227,1.1323686137968942,0.7356731392590088,0.2709536432973621,7.936746205724422,0.6526867071540775,0.7209670680830438,0.32202074003710635,7.955674296564456,0.6691674491498292,0.7300338246317395
7.6873886245502225,1.1323686137968814,0.7356731392590078,0.2709536432973617,7.990281225705019,0.6257880700166124,0.7074660469683133,0.313589773250513,7.969060413245569,0.6811476643751124,0.7300279620766504
7.726433892666154,0.9747423077159324,0.7246518024673101,0.26753547939068917,7.98837929595973,0.6036533953665402,0.7037871565815219,0.3057672771319556,7.982490149952227,0.693166784195486,0.7300227310451491
7.726433892666142,0.9747423077159283,0.7246518024673104,0.2675354793906898,8.011633813198495,0.6729556470409799,0.7086969700254862,0.3084106543161466,7.995876387892536,0.7051468414030904,0.7300169434059406
7.768384495586221,1.1094760389882035,0.7299229316978902,0.26607976142451856,8.025407427977253,0.6344415190055858,0.7053616006004757,0.29319112976135486,8.00930626480222,0.7171658208614566,0.7300117672756812
7.768384495586229,1.109476038988217,0.7299229316978907,0.26607976142451784,8.043293573764204,0.6401803635317982,0.7062620001848298,0.29593359096683414,8.022692633197819,0.7291457304521085,0.7300059750394335
7.768384495586227,1.1094760389882126,0.7299229316978907,0.266079761424518,8.055523176584728,0.70169389057377,0.7097431778040073,0.2949473586851053,8.03612263510794,0.7411645557691662,0.730000738785839
7.768384495586218,1.109476038988215,0.7299229316978912,0.2660797614245186,8.06315004617743,0.7006861636896092,0.7094081755422964,0.2954842143807955,8.049509138949048,0.7531443210045419,0.7299949714565861
7.885600539991175,0.8248680489613895,0.7075104952694712,0.286417799475773,8.042990807130531,0.6690668070380816,0.7141441901913196,0.31341864851844314,8.062939273202616,0.7651629987116664,0.7299897422395623
7.9027058209788335,0.906525769247408,0.7121455538303985,0.28649231712659684,8.062565419745159,0.7385329629202804,0.7190619232783592,0.3156331974867034,8.076325909025178,0.777142617020699,0.7299839798149726
7.953834692789177,0.7296231102071871,0.7159595092919377,0.29539503864479266,8.073110872781063,0.7019459752544011,0.7130450619398494,0.30521243681676086,8.089756175705823,0.789161147449283,0.7299787549245297
8.089768083848217,0.5054320127530577,0.6998051981367353,0.2989393838962547,8.111219299986631,0.5956686924293045,0.7300325182383951,0.31518638894853723,8.094762649083911,0.793778981899683,0.76009947767827
8.087547456300962,0.5094455716095979,0.7002284462976818,0.2986165673207063,8.10010538313312,0.7679872265068912,0.7734480608758421,0.3601451058811611,8.098373523844714,0.7973153751601156,0.7898556538026773
7.833695085301,0.7379013613682737,0.7401793828551038,0.28343795293747015,7.988484040807232,0.9945045979037831,0.8309628715001753,0.4052298840272393,8.100620457625446,0.7996643685079521,0.825346423131345
7.760142701446537,0.8439183332662705,0.7437997592404955,0.28784746837184455,7.870180989467381,1.1819606107401568,0.883121810982052,0.43954178103727337,8.101506849788752,0.8006606776215506,0.8620826605705137
7.8839788392248575,0.9431527223224534,0.8200874134226739,0.2653977613251537,8.080757216184267,0.8706399267210256,0.867913676122192,0.365204231440628,8.107676493574193,0.8079425103058098,0.8737014800329337
7.883978839224858,0.9431527223224616,0.8200874134226744,0.2653977613251535,8.090212010947385,0.8618132458335479,0.8661115947496023,0.363946025610631,8.116499201209875,0.8184597622823082,0.8718860944337946
7.843190795548415,1.0306276685168085,0.822481430352219,0.25022925615677605,8.081235797966384,0.9147869701007122,0.8634879369614874,0.36306578502479925,8.126059183683601,0.8298085361915781,0.869599134228675
7.843190795548419,1.030627668516811,0.822481430352219,0.2502292561567764,8.090485789574617,0.9065934089232252,0.8620282742166385,0.36213112389788005,8.13621355626046,0.8418151696861127,0.8679735234670056
7.963915182093832,0.9804511708589867,0.8103090346520859,0.271727680280599,8.141933471435383,0.8926022994168151,0.8566422806204789,0.3571322496633865,8.148189545133484,0.8559454372102735,0.8674889779190005
8.090054044669419,0.7833621260755007,0.792376351746355,0.28195083098294643,8.149914534416112,0.8961495729456302,0.8572073659061106,0.35865310237959025,8.159998041686464,0.8698720573137564,0.8675467533709735
8.090054044669422,0.7833621260754994,0.7923763517463548,0.28195083098294565,8.16109735849438,0.895987121913265,0.8571814835416334,0.36032982112093026,8.171674672110965,0.883644982653216,0.8676196772992283
7.938479235415075,1.057409996858151,0.8186133793524034,0.25981186269045686,8.149653586714944,0.9415627436240875,0.8606957241219783,0.3529304344804474,8.183352997209672,0.8974214156221008,0.8676547962219264
7.938479235415077,1.0574099968581538,0.8186133793524034,0.25981186269045725,8.158948571693884,0.9436827509832908,0.8612288813978359,0.3549449785370701,8.194978441041302,0.9111361311581856,0.867667468202014
7.938479235415071,1.0574099968581667,0.8186133793524049,0.2598118626904583,8.254328605190963,0.9002568906575571,0.8451754912145338,0.3415831772520445,8.20663574481735,0.9248886518228092,0.8676705386469155
7.93847923541507,1.057409996858158,0.8186133793524039,0.2598118626904602,8.262975734260737,0.9109773963899783,0.8466721931376249,0.3450952349552974,8.218252940414008,0.9385938769803177,0.8676690147979775
7.951774275886263,1.1165636724495702,0.8169584037416564,0.25726333023458503,8.27085832614611,0.970336585899421,0.8453889320027537,0.3511656239683824,8.229907194675295,0.9523427648478062,0.8676664678965501
7.962874330326339,1.1418804642923783,0.8227906916120201,0.24683014095935146,8.266518272819702,0.9808383395954289,0.8476420773015643,0.3389559218755363,8.241523287506565,0.9660465450554376,0.8676627210600634
7.962874330326339,1.1418804642923708,0.8227906916120196,0.24683014095935132,8.274311101843542,0.9787775324961175,0.847514337669824,0.3400634216565053,8.25317703562428,0.9797946476723842,0.8676592619156106
7.961142556850325,1.1454615387952272,0.8229608110749937,0.24683014095935094,8.139423352098635,1.2300914926351703,0.9073464215065135,0.3953569570252051,8.257397115877222,0.9849376226604232,0.8996377138934264
7.950923036520705,1.2790641955020128,0.8920455340670068,0.2643863484905219,8.304760594994784,1.0386122053207285,0.9110695916285798,0.34927689257986494,8.26016774071866,0.9885440071984402,0.9317896664885896
7.956014766733787,1.2712165694937505,0.8912190460978697,0.264523661063867,8.073312855128625,1.3102788811798363,0.9838720325417275,0.4093942634638073,8.261890915968225,0.9909417261912346,0.9635062324627544
8.267588389741194,1.9918207525653162,0.9640307446524654,0.28862342683567166,8.091171197496223,1.3350922105828777,0.9882840651563529,0.4159350449160339,8.267788104710261,0.9995299200005876,0.9746498731827812
7.975062663307776,1.2960501326085048,0.8928586740425256,0.2555801005150988,8.095482240059125,1.3627639930569657,0.9898660538421472,0.4152393326139505,8.275491406107871,1.010865262655292,0.9731604459032492
7.97506266330778,1.296050132608505,0.8928586740425253,0.2555801005150981,8.1047082628934,1.353009560216005,0.9880930552726165,0.4137464483037832,8.283926485435146,1.0232309877137657,0.9711635360151254
7.975062663307776,1.2960501326085105,0.8928586740425262,0.2555801005150979,8.105229611353074,1.3541682015045446,0.9882799303254842,0.4141486692077764,8.29390668143517,1.037815547292504,0.9702085013837856
8.093803733268622,1.2448524190381272,0.8803711625309759,0.2799069224287235,8.083432960988638,1.4089023857209748,0.9954460782774619,0.41255400220538896,8.30408608764679,1.0526724673852996,0.9699873054524086
8.070525685168157,1.587284464864589,0.895985070636178,0.27754981325155886,8.183127904746035,1.3592304492855884,0.9782593407061843,0.40201211774603296,8.314238415540594,1.0674857117692076,0.9699469722631096
9.209087332574969,1.5049438077460089,0.8591054030820681,0.08578743738585923,8.19132981603728,1.3619746622723319,0.9786953412630871,0.4029469456377009,8.324427603263084,1.0823519399874506,0.9699372259581048
8.184640551346657,1.1774388704645946,0.8681315597347787,0.2851935352350793,8.189513095370922,1.370884839318791,0.9819470629161893,0.43001937843392574,8.334583787187231,1.097169783704791,0.9699324139639594
8.169805153261448,1.1910005948900884,0.8694115658719335,0.28359948309351096,8.195446021168536,1.3755706838000845,0.9826829355947503,0.43197364984375886,8.344772336540608,1.1120347210441937,0.9699292295365886
8.169805153261448,1.1910005948900861,0.8694115658719336,0.2835994830935108,8.205829935221583,1.3725262493089738,0.9822047971533009,0.43262615378451236,8.35492828119625,1.1268519822068948,0.9699257153132128
8.090441037804576,1.359650972040522,0.8866146995319485,0.2614831913726555,8.176413893042996,1.4557026612282202,0.986637205931459,0.4006145164630512,8.365117828878416,1.141718168215358,0.9699228865900678
8.090441037804574,1.3596509720405172,0.8866146995319478,0.2614831913726557,8.18605582687145,1.4545548443022007,0.9864543173010045,0.401865565969144,8.375274221241494,1.15653588104888,0.9699193739055144
8.109185421519037,1.4334824094979037,0.8894300266503339,0.25101052006392544,8.167283750683303,1.5378185744784902,0.9930765639026361,0.4181710168602566,8.385463554991855,1.171401561011674,0.9699170611507774
8.109185421519031,1.4334824094979008,0.8894300266503338,0.25101052006392593,8.17654736263821,1.5366793966675287,0.9926880420694445,0.4187063954240954,8.395619940158017,1.18621907609631,0.9699134132165914
9.298273989760663,1.5991159940779307,0.8612972041905623,0.083941085060194,8.287064244085816,1.487973080696059,0.9751058938720811,0.40398020693765885,8.405809491897925,1.2010848793937372,0.9699108064484316
8.231946225449574,1.37892493180338,0.8759245993555783,0.27008058893289316,8.275562478161424,1.527967358987308,0.9787248117157,0.4028551623234535,8.415966013381242,1.2159024006142811,0.9699075359976108
8.207935178204107,1.5918490958765688,0.8879127651705429,0.2707953986627633,8.274905951642069,1.5460842311968748,0.9813642182700494,0.4051355596066618,8.426155588768317,1.2307680493306803,0.9699048207502263
9.330312819524993,1.6644372116512596,0.8580918406467528,0.08571159961906874,8.286753454985558,1.544882307321025,0.9811761818707094,0.4058829109727984,8.43631216854733,1.2455854652352327,0.9699015392903124
8.289211148771969,1.3869942925684446,0.8731096400083026,0.2799773958751563,8.302583315546935,1.548377456716616,0.9823329757598077,0.429380969270232,8.446501871238812,1.2604511085555101,0.9698988263306932
8.289211148771978,1.3869942925684315,0.8731096400083017,0.27997739587515424,8.30840301493703,1.5486393500460216,0.9823731339933288,0.4299477191683596,8.456658556190312,1.2752684875691331,0.96989555357642
8.191071746514076,1.476123414043991,0.8882036410538554,0.2599941716742019,8.236486251170104,1.6548801325154379,0.9929147568098584,0.4072105557747665,8.466848330748817,1.2901340450385659,0.9698928475013705
8.191071746514076,1.4761234140439998,0.8882036410538559,0.2599941716742036,8.24917999751861,1.6479411600141687,0.9918093574327175,0.40779956294156894,8.47700509749986,1.3049513534959862,0.9698895794752316
8.186858031899359,1.629558330213826,0.8922282137708931,0.2590469177158285,8.257294984004753,1.645726509324582,0.9914567340799537,0.40833467984219224,8.487194969223959,1.3198168623761921,0.9698868792693972
8.193894759666396,1.6210819813260344,0.8917484804325868,0.25899855264679483,8.375059339032976,1.597742660584063,0.9740589337146064,0.40152001568822143,8.497351828210727,1.3346341158683455,0.969883617950756
8.270366654199325,1.5287254108333148,0.8842005085483942,0.25111732906603784,8.366774080460216,1.6407958601084158,0.9767703562022485,0.3946593841177518,8.507541784788474,1.3494995586011056,0.9698809237720651
8.270366654199327,1.5287254108333133,0.8842005085483943,0.25111732906603773,8.375400665433794,1.6436662160218607,0.9772205880204049,0.39563037523473055,8.517698730666666,1.3643167497135327,0.9698776675717627
8.270366654199329,1.5287254108333188,0.8842005085483945,0.25111732906603784,8.386634319741631,1.6406602805214814,0.9767490931128526,0.39619593850188667,8.527888777389549,1.379182134350546,0.9698749780475328
9.469676377602987,1.824155032108763,0.8573476255906238,0.07998404080920918,8.411216046239874,1.6696319043095709,0.9790792317770952,0.43207162342883226,8.538045811914717,1.39399926591161,0.9698717243233396
9.469676377602994,1.8241550321087705,0.857347625590624,0.07998404080920671,8.417944674754045,1.6683540454214594,0.9788860237142799,0.43228306516568876,8.54823594400643,1.4088645854368096,0.9698690220074678
8.376221575862276,1.6957039074909512,0.8794253803441419,0.2655194058025239,8.405514962445254,1.7227036600262948,0.9820145745196177,0.43999100059291757,8.55839307904155,1.423681676918486,0.9698659277988146
8.376221575862276,1.6957039074909432,0.8794253803441414,0.2655194058025235,8.416106079184253,1.719355775866168,0.9815111470955318,0.4402837173497117,8.568583270275509,1.438546900638615,0.969863394034886
8.376221575862292,1.6957039074909386,0.8794253803441405,0.2655194058025218,8.419745412560614,1.723667719960465,0.9821595694974324,0.4410125764803857,8.578740505689975,1.4533639529677007,0.9698598735756704
8.375073732391867,1.7948891349996188,0.8892577696458679,0.26737447950446724,8.359061632765936,1.8459371453296118,0.9942427846699075,0.42610136283874034,8.588930814948828,1.4682291538705465,0.9698572137234512
8.59958387761709,1.9598145011322199,0.9133393132424321,0.2975289667097537,8.364391783138332,1.8461413162934779,0.9942739718630578,0.4261915312128345,8.599088113410913,1.4830461064075129,0.969853982528858
9.534353402101129,1.8898316862448656,0.8628164930064897,0.08484493970463093,8.48769429000193,1.7825966127176507,0.9748857362895161,0.4122747858012355,8.609278512054619,1.4979112498301568,0.9698513167742466
8.374776147858583,1.7791762224510261,0.8893871404422745,0.2514690754067303,8.468258990653027,1.8367765560153082,0.9803693769064603,0.4143271410978047,8.619435898660857,1.5127281436311781,0.9698480880528192
8.374776147858578,1.7791762224510324,0.8893871404422752,0.25146907540673014,8.470992355833971,1.8360995919190455,0.9800515790195102,0.4140937124081002,8.629626385163046,1.527593227392292,0.9698454261659762
8.532047242539251,1.551235417660438,0.8606624974891858,0.2781076625609939,8.50229667315014,1.82976270558172,0.9820256453747729,0.43779156016114146,8.639783859390207,1.5424100619223706,0.9698422015904288
8.532047242539257,1.5512354176604424,0.8606624974891853,0.2781076625609949,8.51021461024981,1.8273801092206863,0.981676671117541,0.4378166349126828,8.649974433539935,1.557275085978163,0.9698395439503776
9.452210689903385,1.7325762644777256,0.8605563883787607,0.0944856648331296,8.650819567067021,1.7153259121160667,0.964160425577954,0.4119657198661681,8.660131995200315,1.5720918612303096,0.969836323541742
9.457819630647235,1.7311506562632752,0.8599952809923425,0.09436444098199355,8.65178186421027,1.7373371452618593,0.9663987785162224,0.4106780249543365,8.670322656794578,1.5869568255482926,0.9698336700240268
9.484406199697407,1.7495573037787324,0.8602773530906023,0.09585752699292643,8.662661447191503,1.7054415551109128,0.9581668287653724,0.3907186505872947,8.680480305704359,1.6017735415150636,0.9698304535789404
9.484406199697412,1.749557303778732,0.8602773530906022,0.0958575269929247,8.662605455598824,1.7942972551137855,0.9660897726769903,0.3841724585487075,8.690671054592826,1.6166384461300325,0.9698278039009576
9.535885911754635,1.7799499093818105,0.8563618362348062,0.0907676357815962,8.669736668031668,1.7782537595139893,0.96154584707612,0.39508184897316234,8.700828790573352,1.631455102791704,0.9698245909889892
9.521608370853173,1.7891812680187074,0.8593594584815211,0.09002436617619373,8.800265528953144,1.7117353319230655,0.9418081148754218,0.3771069136340594,8.71101962651945,1.6463199475786805,0.9698219442586926
9.52160837085319,1.7891812680187118,0.8593594584815204,0.09002436617619183,8.793728669041322,1.746376080933118,0.9444688967291489,0.37348823849473556,8.721177449085815,1.6611365443855526,0.9698187317976552
9.554961888903954,1.8031202507861206,0.8804856986449626,0.0946228302717446,8.715536506126739,1.786944592145883,0.9856278104442897,0.38495900130745114,8.725231906959797,1.6672578501756714,1.0017550570957874
9.531423145551383,1.8257882561449956,0.8842430744630951,0.09415643882024104,8.520532089201792,1.9104926781301557,1.030829720297067,0.4561325348260996,8.727901339970375,1.6715786066840819,1.0330042156945294
7.673185801082487,2.148466452717187,1.0922194542092294,0.3965947553750119,8.501451323461223,1.7177099414210217,1.0568879283492578,0.5858849008775718,8.729467456210077,1.6743032767876773,1.0652338316536258
9.569180622833983,1.8176135139542584,0.9693115033095714,0.0928170408852015,8.62370784424014,1.8765554390745214,1.096296228216917,0.40620140964741924,8.730224392661722,1.675731808154505,1.1018440698738732
8.077692941893808,2.122056887732079,1.0321666446213635,0.2528177587167993,8.547181546509723,1.8075742716622603,1.1306456690668332,0.5147628506422659,8.730539451074938,1.6763828729797696,1.13835861174635
7.643476228461655,2.164396198855407,1.1803495078295332,0.38716796016171046,8.511875971042071,1.6359593030181372,1.1600523372445368,0.6182200189111149,8.730647045780865,1.676627539243544,1.1746206251713736
9.53623478921301,1.8086919091960185,1.0635303147061597,0.09977429955498966,8.690720211810115,1.7667755874946678,1.191611373624252,0.4599062320750606,8.73071065867925,1.676787680093475,1.2107380907160854
7.7016493880665795,2.095579399506451,1.2396306152770917,0.4065747928673341,8.526857566353442,1.671392795058045,1.2343266563379758,0.5811862705771579,8.730727520418645,1.676835041167041,1.246789695241713
7.630369223091741,2.2266658960915247,1.2692021149452808,0.4177293781736993,8.531469970691198,1.506597783407518,1.2491987753563,0.6533735983300256,8.73075292733532,1.67691546401774,1.2828139564531478
9.545674675629952,1.822573127290359,1.1517312250059226,0.08596982860437673,8.529532165928108,1.7778373637741398,1.3125712840359547,0.5620273290179202,8.730757015372989,1.6769302365578165,1.3188268594281027
7.46669441647278,2.2882666391524955,1.3776633410585595,0.4316512691759123,8.531602854156914,1.584834346851096,1.3364037707302798,0.6513114530929685,8.730773302194992,1.6769985738970954,1.3548355661142195
7.470606746957678,2.288319190369264,1.3776717529205402,0.4310611497743674,8.644493204613429,1.3643299555888775,1.333686641775802,0.7317356173368733,8.730775192060731,1.677007995698661,1.390842385596882
7.7898652205686405,2.3203699676275837,1.4577488018940516,0.4546926739330395,8.490073704887223,1.8054802368404554,1.4286504454568738,0.6095372972297822,8.730786111168186,1.6770748276282736,1.4268488647437036
7.643700726974162,2.2310890913303307,1.461122408504859,0.4394598033978149,8.607140522752314,1.5432405112615113,1.4330737491196321,0.7014800748664937,8.73078717421019,1.677083223518923,1.4628549917143068
7.665112841899296,2.1716241292085794,1.497440814641372,0.385946733139847,8.378117530466806,1.8199789714873102,1.4862171643238609,0.5640732589173229,8.730781104035223,1.6770233039420237,1.4768157993003073
7.665112841899303,2.1716241292085896,1.4974408146413722,0.38594673313984723,8.384111823618863,1.8193843753137566,1.486333294524398,0.5662413052427764,8.730806449424579,1.677297669546796,1.4805434155512949
7.66511284189929,2.1716241292085803,1.4974408146413727,0.3859467331398468,8.388836646376634,1.8200486954528592,1.4864399498912866,0.567936042936817,8.730813437886372,1.677375171188098,1.4811920737713635
7.883259025734665,2.2793745397061866,1.527335851636703,0.44231291716739196,8.517250107250558,1.8037730497649302,1.5021117503419952,0.5806391342343088,8.730796765190195,1.6771646065074863,1.5023685409871033
7.675663577271966,2.214728063728943,1.5474521761957143,0.4366173710807737,8.47715052465472,1.72197882292499,1.5313227097121922,0.6426785194906124,8.730797320625046,1.6771753116458044,1.5355473138788964
7.675663577271953,2.2147280637289533,1.5474521761957143,0.4366173710807723,8.74071242110962,1.3552348700747794,1.5087040967077476,0.7525867795271238,8.730796886391273,1.6771504780065403,1.5710774865661137
7.682149497863607,2.2235482636246933,1.6374513096563694,0.43444550016208267,8.495499337904226,1.7186672439425412,1.6044873168592833,0.6196326319432555,8.730795969035643,1.6772007579983805,1.6070010067221878
7.641604125592571,2.232581602504167,1.637368322893418,0.4338823184945439,8.611534864636665,1.537829152419943,1.6088381172162762,0.6984224575710043,8.730795911534546,1.67720181785557,1.6429926289255292
7.682636035001079,2.224675835299837,1.6376305367458888,0.4344455001620814,8.766748874001497,1.2858186180002416,1.5996093042977861,0.7773614232765097,8.730790083377169,1.677266256944499,1.67899807790476
7.6687484006258035,2.1800489479868377,1.7252382207741772,0.4062531513821781,8.35522077684647,1.7697113252087864,1.7212189353842378,0.6113893448788845,8.73078921630389,1.6772730907304183,1.7150065841132744
7.668748400625811,2.1800489479868337,1.725238220774177,0.40625315138217793,8.750749340000397,1.3712114920954919,1.6843328446140144,0.7524335203617695,8.730778603438793,1.6773379404480924,1.7510165693487776
7.669682012092205,2.1670516537126714,1.8118016913131356,0.398179388325632,8.36765604202064,1.8128695886932302,1.7994122692305416,0.5781084905122383,8.730777194752976,1.6773449536117093,1.7870267448073458
7.669682012092206,2.1670516537126723,1.8118016913131354,0.3981793883256325,8.498997815779896,1.5772286799287283,1.795570889780547,0.6648070281986562,8.73076181054662,1.6774094262786763,1.8230376988685848
7.669682012092206,2.167051653712671,1.8118016913131354,0.39817938832563265,8.733616191463282,1.2832099640266228,1.7876707548162818,0.8026119609684068,8.730759867770153,1.6774164393073487,1.8590486099869652
7.65706175071105,2.1466872577063816,1.8887844044813915,0.41846484503067444,8.523533061882524,1.5859506077076027,1.8788148129484719,0.6291404092448629,8.73073998526017,1.6774793175385003,1.8950602487729988
7.644936719864152,2.215203965673549,1.8973794520458183,0.4217890989341788,8.626254489381214,1.371658799015453,1.877805422438047,0.712490153593749,8.73073762439513,1.6774859437350855,1.931071792909584
7.644936719864142,2.2152039656735667,1.8973794520458183,0.4217890989341797,8.72646373207272,1.2671027004448383,1.8823729610190023,0.7656234552890911,8.730668651998622,1.6776649523418081,1.9460647382176632
7.665339651595309,2.1694007572407243,1.9172386327071427,0.3855941212480876,8.628945076680145,1.427355260515757,1.893552887416424,0.7192627251602287,8.730632633378901,1.677756050824728,1.9485644124501225
7.665339651595301,2.1694007572407275,1.9172386327071425,0.3855941212480872,8.628945076680136,1.4273552605157622,1.8935528874164245,0.7192627251602268,8.730600702711767,1.6778364654413318,1.9489935251673984
7.665339651595305,2.169400757240727,1.917238632707143,0.3855941212480877,8.62894507668014,1.4273552605157602,1.8935528874164242,0.7192627251602278,8.730603335144044,1.6778298407522003,1.9490679613925104
7.664109645428681,2.1721714387866364,1.91747857543928,0.3855954442396813,8.631159380911171,1.426231178550127,1.893378803951972,0.71953979066683,8.730589600519947,1.6778644006746255,1.9490762074655208
7.6641096454286854,2.1721714387866324,1.91747857543928,0.38559544423968145,8.631159380911177,1.4262311785501258,1.8933788039519714,0.7195397906668314,8.730599964924378,1.6778383211479833,1.9490689542272772
7.664109645428679,2.17217143878664,1.9174785754392802,0.3855954442396812,8.631159380911178,1.426231178550125,1.893378803951971,0.7195397906668313,8.730589844045582,1.6778637885785113,1.949057947526437
7.664054060685949,2.1722443239270333,1.9174880013829783,0.3855938428253608,8.629005264258051,1.4272801478147434,1.8935431106541927,0.7191580585849323,8.73060165550114,1.6778340660691784,1.9490450165937792
7.664054060685948,2.172244323927033,1.9174880013829785,0.3855938428253606,8.629005264258048,1.4272801478147432,1.893543110654193,0.7191580585849322,8.730591925686632,1.677858551231668,1.949032063490148
7.664054060685947,2.1722443239270333,1.9174880013829783,0.38559384282536086,8.62900526425805,1.4272801478147408,1.8935431106541925,0.7191580585849325,8.730603887263001,1.6778284486549353,1.9490184262557717
7.664015537274079,2.1722754790968266,1.917493152592053,0.38560056322755126,8.628969707906883,1.4273094630773786,1.8935478243568258,0.7192650637667184,8.730594310308264,1.6778525510216236,1.9490051975295124
7.664015537274074,2.172275479096832,1.917493152592053,0.38560056322755126,8.628969707906881,1.427309463077378,1.893547824356826,0.7192650637667186,8.73060633250316,1.6778222935180205,1.9489914427011403
7.665280980893301,2.1694845675737073,1.9172490938268871,0.3855951278363785,8.628893042524624,1.4274346625822443,1.8935624309846228,0.7193443544907067,8.730596738059356,1.677846441799872,1.9489781698795376
7.6652809808932965,2.1694845675737113,1.9172490938268874,0.3855951278363788,8.628893042524625,1.4274346625822452,1.8935624309846228,0.7193443544907069,8.730608751241538,1.6778162045974732,1.9489644035393685
7.6652809808932965,2.1694845675737087,1.9172490938268871,0.38559512783637845,8.628893042524624,1.427434662582245,1.8935624309846226,0.7193443544907067,8.730599174223673,1.677840310919569,1.9489511269977653
7.66521541594814,2.1695700591611047,1.917260180697066,0.385598467369512,8.628834662723254,1.4275152776255648,1.8935725000030557,0.7194420913758656,8.730611193288555,1.6778100565259404,1.9489373582169276
7.6652154159481425,2.169570059161103,1.917260180697066,0.3855984673695127,8.628834662723257,1.4275152776255617,1.8935725000030554,0.719442091375867,8.730601610159022,1.677834180133111,1.9489240823125895
7.665215415948143,2.1695700591611016,1.9172601806970657,0.38559846736951253,8.628834662723257,1.4275152776255622,1.8935725000030557,0.7194420913758675,8.730613625307175,1.6778039332147232,1.9489103160295276
7.640938167436374,2.2436792278319038,1.9175854733341595,0.437759040193238,8.745808144764977,1.3059356903100634,1.8810299137477726,0.7759737825933151,8.727005995157748,1.6869011329627757,1.947765507027138
7.640938167436369,2.243679227831903,1.9175854733341597,0.43775904019323875,8.735655124699248,1.378451732877426,1.8785265517472918,0.7543166494976166,8.722283770950492,1.6989192251896164,1.942614153298407
7.640938167436384,2.2436792278319166,1.91758547333416,0.4377590401932387,8.607046815231262,1.4904940027490445,1.892511834160726,0.7300449688940303,8.716993705359304,1.7125480250148213,1.939483097810403
7.663337281598588,2.1990449414692717,1.9022939339436389,0.39717311441477104,8.606551351094758,1.446777664599271,1.878224190298021,0.7443781409163909,8.711553107274721,1.7266716722370639,1.9374964413697169
7.663337281598588,2.199044941469278,1.9022939339436389,0.3971731144147715,8.605939986622559,1.4471973347922753,1.8780742376585289,0.7436660773044099,8.704842334327282,1.7441583096305298,1.9369632105552617
7.629008545507144,2.294126191242548,1.9052669431610254,0.4300571539933825,8.720103244863285,1.4427813582265572,1.865260686946058,0.755849850653482,8.698333175090976,1.7611334672408931,1.936949506158792
7.629008545507137,2.2941261912425386,1.9052669431610256,0.43005715399338207,8.720103244863285,1.4427813582265603,1.8652606869460584,0.7558498506534818,8.691849736886818,1.7780406889349,1.9369971537302733
7.629008545507144,2.2941261912425404,1.9052669431610256,0.4300571539933821,8.720396073874465,1.4468993429358876,1.8646677960724185,0.7531748968244285,8.685404974893519,1.7948453544248775,1.9370170691580717
7.500966441534832,2.388175140624103,1.916989982710201,0.41400697244766477,8.649521981732633,1.4908016841725482,1.8780870741247098,0.7399564225475643,8.678945946219548,1.81168668141399,1.9370185445462795
7.500966441534845,2.3881751406241056,1.9169899827102008,0.4140069724476652,8.526567450694337,1.6046077690266065,1.8921119964456132,0.7118728050052708,8.672510891979034,1.8284656429979433,1.9370112610949768
7.50096644153483,2.3881751406241176,1.916989982710201,0.414006972447664,8.522802689386289,1.6059864593183566,1.8923265516987526,0.7109455529075134,8.666056341975159,1.8452958915383162,1.9370005425682888
7.535753470768271,2.4274258734253618,1.9090782112530458,0.41136984425831996,8.624752272558851,1.5377663616327295,1.87850277624306,0.7322218753268348,8.659623316140632,1.8620706177649264,1.9369872646272104
7.535753470768258,2.427425873425367,1.9090782112530456,0.41136984425832007,8.626221990693736,1.6085883943561075,1.8770164239124194,0.7108673902155486,8.653169740932853,1.8788995729534888,1.9369749342687872
7.535753470768271,2.4274258734253604,1.909078211253045,0.41136984425832024,8.626221990693736,1.6085883943561106,1.8770164239124199,0.7108673902155482,8.646737389024963,1.895673832539802,1.936961423273894
7.595036133545511,2.5571908636569165,1.9201274641495747,0.4594550484496866,8.64438576059369,1.6494252756815633,1.8803032238412831,0.7709583652548664,8.64028438039598,1.9125026313239237,1.936948287396112
7.59503613354552,2.5571908636569085,1.9201274641495747,0.45945504844968704,8.64438576059369,1.6494252756815637,1.8803032238412833,0.770958365254866,8.633852538001735,1.9292769030407095,1.9369346244532992
7.595036133545513,2.557190863656908,1.9201274641495751,0.4594550484496875,8.643328280292224,1.6535423066303239,1.879626636185444,0.7683981068414644,8.627399971769687,1.9461058986042126,1.9369214317645695
7.370166287894373,2.5962837941917662,1.9280650666004868,0.4294478472761926,8.584958535094527,1.6959977185495223,1.8896191746640976,0.7652277195456961,8.62096857558464,1.962880354645642,1.936907751099182
7.3701662878943655,2.5962837941917716,1.9280650666004866,0.4294478472761914,8.440901699929967,1.8260911710155119,1.906195271207122,0.7365599451776261,8.614516475672414,1.979709487081875,1.9368945518636085
7.54600182718064,2.5677546294672586,1.9072940396007003,0.4286390798997154,8.522178994411817,1.7711456473857916,1.8960002449164255,0.7311139445043788,8.608085535989266,1.9964841014633414,1.9368808676796736
7.546001827180644,2.567754629467248,1.9072940396007005,0.4286390798997153,8.522829900504208,1.8464691010357575,1.8947170605649637,0.7130106832282701,8.601633883272495,2.01331342100117,1.936867668189289
7.546001827180648,2.567754629467257,1.9072940396007003,0.4286390798997158,8.512258513633274,1.8487454124599965,1.8948517092166175,0.7097991963423441,8.595203392136245,2.0300882145337473,1.936853985580364
7.485961550351798,3.086966481678389,1.9677849129290084,0.46152630379430976,8.6115525624015,1.841103956117279,1.8948380361751747,0.7391484303123169,8.588752194317651,2.046917700975505,1.9368407873781937
7.485961550351792,3.086966481678385,1.9677849129290084,0.4615263037943102,8.611999137189159,1.8397292043926734,1.894418552058685,0.7388084584444257,8.582322154989143,2.063692665036177,1.93682710527823
7.4859615503517905,3.086966481678385,1.9677849129290086,0.4615263037943102,8.61044604051449,1.8378125052117609,1.8941304782871335,0.7384809360155958,8.575871408372738,2.080522327976561,1.9368139066272096
7.256589793709437,3.286919939536447,1.9992942244856144,0.4243927776191488,8.459235215940481,1.9801348798931016,1.9132278473383861,0.7565737804617428,8.569441820020293,2.0972974649670757,1.9368002156701531
7.256589793709442,3.286919939536438,1.9992942244856144,0.42439277761914845,8.457579314392742,1.9783054990919504,1.9129393651475672,0.7560702350162333,8.562991522360395,2.1141273092095236,1.936787077129272
7.256589793709439,3.2869199395364372,1.9992942244856144,0.42439277761914856,8.30784490759996,2.1158678137040994,1.9306526528189314,0.7247011222955487,8.55656238513821,2.1309026161115456,1.936773379046025
5.818918417299571,4.789219646807595,2.2075239734001912,0.2368725593679709,8.13796490370004,2.4919421788629452,1.9752541635683214,0.6696471001241546,8.550112544401792,2.147732620421545,1.9367602124072392
5.818918417299553,4.789219646807575,2.2075239734001917,0.23687255936796844,8.469784349480882,1.9927493054612242,1.9504784589925572,0.7746205358608268,8.547656105829834,2.1538370645206957,1.9699825937383304
8.682356209886228,1.7588917352430484,1.9349968601870904,0.7668824570915245,8.682356209886228,1.7588917352430484,1.9349968601870904,0.7640143608352857,8.545684626446842,2.1583172779501796,2.000693175385569
8.6652936520245,1.5128226673795904,1.9440548310433277,0.7463469524706489,8.584655332768014,1.8401893934267983,1.9976910483687174,0.7606679988748409,8.544278703691491,2.161255159504141,2.033580882438822
8.82918376189838,1.458192123304906,1.9402578987884818,0.731106093472214,8.73936452357373,1.73835426737901,1.9928856137474817,0.7445716581289459,8.543456977382053,2.1628312127709535,2.0692253208743487
8.787330317881532,1.77625822942161,1.9975005259635625,0.7387619883922647,8.487824988698211,2.325959212921321,2.0949963624105647,0.7599867517474306,8.543124619226056,2.163416223230927,2.105669348196528
8.758316312590715,1.634655531370588,2.0670746160375795,0.6861331977338588,8.758316312590715,1.634655531370588,2.0670746160375795,0.682756619461657,8.542949104488809,2.1637005707412316,2.141943323931211
8.8406553795604,1.6893036322456187,2.074565570812913,0.6830138672237203,8.557751302724606,2.3795523208858764,2.202141923600134,0.7500554162893126,8.542818137991624,2.16388914490462,2.2141395896769662
8.762394557660345,1.7318165293448726,2.1721079037291933,0.7074911315798291,8.762394557660345,1.7318165293448726,2.1721079037291933,0.7053224494719406,8.542800358017491,2.163911989874137,2.250175523098997
8.82480050342674,1.7322393123303623,2.1869922784211795,0.7045143542200877,8.82480050342674,1.7322393123303623,2.1869922784211795,0.6885627927173551,8.542750323650344,2.1639717082338006,2.2862000051683644
8.725134012628686,1.7287690631601393,2.2560553313578007,0.7347563388173779,8.725134012628686,1.7287690631601393,2.2560553313578007,0.7319197972030134,8.54274044633203,2.163982669839596,2.322219061956042
8.748196903186027,1.8062151727200602,2.2735804411771925,0.7326386316486848,8.748196903186027,1.8062151727200602,2.2735804411771925,0.7270226646961582,8.542690337601101,2.1640344048304163,2.358236252589591
8.744218657712441,1.814248011117228,2.2912501150886744,0.7296476247052912,8.744218657712441,1.814248011117228,2.2912501150886744,0.7239732835029862,8.542590500096466,2.1641323552749316,2.373233797927325
8.753949662135819,1.8180165641335697,2.2920805574157765,0.7294645195923556,8.753949662135819,1.8180165641335697,2.2920805574157765,0.7234068735174841,8.542478213324534,2.1642406072188223,2.37574175583565
8.753949662135819,1.8180165641335702,2.2920805574157765,0.7294645195923546,8.753949662135819,1.8180165641335702,2.2920805574157765,0.723406873517484,8.542457910738921,2.1642601226933467,2.3761774570805567
8.75394966213582,1.8180165641335695,2.2920805574157765,0.7294645195923549,8.75394966213582,1.8180165641335695,2.2920805574157765,0.7234068735174841,8.54241970042235,2.164296832663897,2.3762579663222376
8.754971803404725,1.8167682540228023,2.291895028581326,0.7297034097071956,8.754971803404725,1.8167682540228023,2.291895028581326,0.723661732675492,8.542435570866013,2.164281586799193,2.376270422031408
8.75497180340473,1.8167682540228025,2.2918950285813255,0.7297034097071969,8.75497180340473,1.8167682540228025,2.2918950285813255,0.723661732675493,8.542414556479756,2.1643017739619417,2.376268135379245
8.75497180340473,1.8167682540227954,2.291895028581325,0.729703409707196,8.75497180340473,1.8167682540227954,2.291895028581325,0.7236617326754922,8.542437414078133,2.16427981593492,2.376260888164029
8.754782227418207,1.8170013474569446,2.2919295008509404,0.7296624603512771,8.754782227418207,1.8170013474569446,2.2919295008509404,0.7236178903055973,8.542418502035918,2.164297983963305,2.376252827321069
8.75478222741821,1.817001347456943,2.29192950085094,0.7296624603512787,8.75478222741821,1.817001347456943,2.29192950085094,0.7236178903055976,8.542442180522682,2.1642752366131432,2.376243638090096
8.754640543296187,1.8171744064969695,2.291955348633282,0.7296232702222443,8.754640543296187,1.8171744064969695,2.291955348633282,0.7235763624009164,8.542423947453381,2.1642927529975076,2.376234847219502
8.754640543296192,1.8171744064969657,2.2919553486332815,0.7296232702222458,8.754640543296192,1.8171744064969657,2.2919553486332815,0.7235763624009175,8.542447899233656,2.1642697422657964,2.376225355934908
8.754640543296189,1.8171744064969675,2.2919553486332815,0.7296232702222447,8.754640543296189,1.8171744064969675,2.2919553486332815,0.7235763624009166,8.542429614668185,2.1642873087670136,2.376216449727916
8.754640543296189,1.817174406496967,2.2919553486332815,0.7296232702222438,8.754640543296189,1.817174406496967,2.2919553486332815,0.723576362400916,8.542453542198759,2.1642643204849144,2.3762069229071816
8.754417906412423,1.8174478574513742,2.2919958429793525,0.7295739747579022,8.754417906412423,1.8174478574513742,2.2919958429793525,0.7235236040219575,8.542435325023316,2.164281822888615,2.376198002706486
8.75441790641243,1.8174478574513686,2.2919958429793517,0.7295739747579023,8.75441790641243,1.8174478574513686,2.2919958429793517,0.7235236040219576,8.54245927938857,2.164258807975222,2.37618846711764
8.754274484328084,1.8176231279656623,2.2920220122747175,0.7295346794278805,8.754274484328084,1.8176231279656623,2.2920220122747175,0.7234819606931563,8.542441038085288,2.1642763342075346,2.3761795452944865
8.754274484328088,1.8176231279656623,2.292022012274717,0.7295346794278805,8.754274484328088,1.8176231279656623,2.292022012274717,0.7234819606931573,8.542464981178087,2.164253329274678,2.376170012111248
8.754274484328084,1.8176231279656618,2.2920220122747175,0.7295346794278796,8.754274484328084,1.8176231279656618,2.2920220122747175,0.7234819606931563,8.542446752900284,2.164270843639043,2.3761610922141174
8.754051579023583,1.8178970225956441,2.292062559858598,0.7294856606935298,8.754051579023583,1.8178970225956441,2.292062559858598,0.723429525392608,8.542470700304197,2.1642478337141426,2.376151559839284
8.754051579023585,1.8178970225956423,2.2920625598585977,0.7294856606935298,8.754051579023585,1.8178970225956423,2.2920625598585977,0.7234295253926086,8.542452466629856,2.164265353910741,2.376142641558181
8.753861835015671,1.818129463816438,2.2920971027837127,0.7294399124215623,8.753861835015671,1.818129463816438,2.2920971027837127,0.7233807724531706,8.542476410637745,2.1642423463992975,2.3761331112007205
8.753861835015673,1.8181294638164391,2.2920971027837127,0.7294399124215629,8.753861835015673,1.8181294638164391,2.2920971027837127,0.7233807724531709,8.542458179987262,2.164259864337194,2.376124194769789
8.753861835015671,1.8181294638164367,2.2920971027837127,0.7294399124215621,8.753861835015671,1.8181294638164367,2.2920971027837127,0.72338077245317,8.542482124127499,2.1642368558490874,2.3761146658210914
8.753672237452715,1.818361803637651,2.2921316212768814,0.7293944809541542,8.753672237452715,1.818361803637651,2.2921316212768814,0.723332376714786,8.542463892461118,2.164254375409949,2.3761057510238404
8.753672237452715,1.8183618036376459,2.292131621276881,0.7293944809541543,8.753672237452715,1.8183618036376459,2.292131621276881,0.7233323767147855,8.5424878350474,2.1642313675657503,2.376096223653694
8.753672237452715,1.81836180363765,2.2921316212768814,0.7293944809541538,8.753672237452715,1.81836180363765,2.2921316212768814,0.7233323767147857,8.542469604199573,2.1642488869866954,2.3760873104596816
8.753498249221927,1.8185754842937425,2.2921633468107503,0.7293528166448447,8.753498249221927,1.8185754842937425,2.2921633468107503,0.7232879704830403,8.542493546006726,2.1642258790420232,2.37607778446608
8.753498249221925,1.8185754842937414,2.2921633468107503,0.7293528166448447,8.753498249221925,1.8185754842937414,2.2921633468107503,0.7232879704830408,8.542475315067874,2.164243399197029,2.376068872759066
8.753498249221927,1.8185754842937396,2.29216334681075,0.7293528166448455,8.753498249221927,1.8185754842937396,2.29216334681075,0.7232879704830404,8.542499255723623,2.164220391509809,2.3760593481183583
8.753295634645564,1.8188240906698125,2.2922002710316205,0.729304364863961,8.753295634645564,1.8188240906698125,2.2922002710316205,0.7232363316090671,8.542481025079566,2.1642379120280157,2.376050437827806
8.753295634645566,1.8188240906698114,2.2922002710316205,0.7293043648639622,8.753295634645566,1.8188240906698114,2.2922002710316205,0.7232363316090676,8.542504964755388,2.1642149044336234,2.376040914437993
8.753295634645564,1.818824090669813,2.292200271031621,0.7293043648639599,8.753295634645564,1.818824090669813,2.292200271031621,0.7232363316090672,8.542486734191053,2.164232425521641,2.3760320054777644
8.753121886474135,1.8190369345072654,2.292231901236409,0.7292629784392534,8.753121886474135,1.8190369345072654,2.292231901236409,0.7231922181663236,8.542510672808024,2.1642094180960854,2.376022483278938
8.753121886474133,1.819036934507266,2.292231901236409,0.7292629784392536,8.753121886474133,1.819036934507266,2.292231901236409,0.7231922181663236,8.542492442396204,2.1642269396838874,2.3760135755758727
8.753121886474135,1.819036934507261,2.2922319012364087,0.7292629784392547,8.753121886474135,1.819036934507261,2.2922319012364087,0.7231922181663244,8.542516379996874,2.16420393238643,2.376004054493507
8.752934046480586,1.8192676930265184,2.292266158194827,0.7292182510834135,8.752934046480586,1.8192676930265184,2.292266158194827,0.7231445629199896,8.542498149680553,2.164221454528743,2.3759951479737693
8.752934046480583,1.819267693026518,2.292266158194827,0.7292182510834132,8.752934046480583,1.819267693026518,2.292266158194827,0.7231445629199882,8.542522086253886,2.1641984473701363,2.375985627945047
8.75276174507606,1.8194789500651452,2.292297550222626,0.7291772064954695,8.75276174507606,1.8194789500651452,2.292297550222626,0.7231008510805639,8.54250385604155,2.164215970058744,2.375976722540268
8.752761745076064,1.8194789500651447,2.292297550222626,0.7291772064954699,8.752761745076064,1.8194789500651447,2.292297550222626,0.7231008510805644,8.542527791604527,2.164192963022808,2.37596720350154
8.75276174507606,1.8194789500651467,2.292297550222626,0.7291772064954707,8.75276174507606,1.8194789500651467,2.292297550222626,0.723100851080564,8.54250956147798,2.1642104862751452,2.375958299145664
8.752574090363364,1.8197089871614065,2.2923317273178205,0.7291327919269576,8.752574090363364,1.8197089871614065,2.2923317273178205,0.7230535093323421,8.542533496036848,2.164187479356009,2.375948781038102
8.752574090363362,1.8197089871614067,2.2923317273178205,0.7291327919269576,8.752574090363362,1.8197089871614067,2.2923317273178205,0.7230535093323415,8.542515265993943,2.164205003174085,2.3759398776686824
8.75257409036336,1.819708987161405,2.29233172731782,0.7291327919269571,8.75257409036336,1.819708987161405,2.29233172731782,0.7230535093323412,8.542539199561986,2.1641819963591074,2.375930360435413
8.75243425425458,1.819880347578549,2.2923572944314308,0.7290953206484083,8.75243425425458,1.819880347578549,2.2923572944314308,0.7230137838573253,8.542520969596136,2.164199520749208,2.3759214579927592
8.75243425425458,1.8198803475785514,2.292357294431431,0.729095320648409,8.75243425425458,1.8198803475785514,2.292357294431431,0.7230137838573261,8.542544902184977,2.1641765140273383,2.3759119415800143
8.752434254254576,1.8198803475785499,2.292357294431431,0.7290953206484079,8.752434254254576,1.8198803475785499,2.292357294431431,0.7230137838573252,8.542526672294366,2.164194038991168,2.37590304000739
8.752262531182685,1.8200912974249228,2.2923886146480226,0.7290548913698395,8.752262531182685,1.8200912974249228,2.2923886146480226,0.7229706749894581,8.542550603917725,2.1641710323493317,2.375893524363767
8.752262531182685,1.8200912974249246,2.292388614648023,0.7290548913698399,8.752262531182685,1.8200912974249246,2.292388614648023,0.7229706749894581,8.542532374100626,2.1641885578885107,2.375884623607064
8.752043218153075,1.8203610250345783,2.2924285394869948,0.7290077595912918,8.752043218153075,1.8203610250345783,2.2924285394869948,0.7229202686760777,8.542556304772281,2.1641655513135714,2.375875108683693
8.752043218153071,1.8203610250345805,2.292428539486995,0.729007759591292,8.752043218153071,1.8203610250345805,2.292428539486995,0.7229202686760777,8.542538075028936,2.164183077427831,2.3758662086914524
8.752043218153073,1.8203610250345792,2.2924285394869948,0.729007759591292,8.752043218153073,1.8203610250345792,2.2924285394869948,0.7229202686760776,8.542562004763433,2.1641600709059086,2.375856694441757
8.751857611200606,1.8205891859786811,2.292462410141343,0.7289640897750768,8.751857611200606,1.8205891859786811,2.292462410141343,0.7228737317283893,8.54254377509489,2.16417759759421,2.3758477951649266
8.751857611200608,1.820589185978679,2.2924624101413427,0.7289640897750772,8.751857611200608,1.820589185978679,2.2924624101413427,0.7228737317283893,8.542567703906997,2.164154591111207,2.375838281544579
8.751857611200608,1.8205891859786802,2.2924624101413427,0.7289640897750768,8.751857611200608,1.8205891859786802,2.2924624101413427,0.7228737317283893,8.542549474315408,2.164172118371453,2.3758293829365016
8.751857611200606,1.8205891859786831,2.2924624101413427,0.7289640897750767,8.751857611200606,1.8205891859786831,2.2924624101413427,0.7228737317283891,8.542573402220182,2.164149111912983,2.3758198699032755
8.751671775243762,1.8208176305111798,2.292496320153833,0.7289205510334523,8.751671775243762,1.8208176305111798,2.292496320153833,0.7228273346133719,8.542555172708429,2.1641666397423753,2.3758109719194858
8.751671775243766,1.8208176305111758,2.292496320153833,0.7289205510334523,8.751671775243766,1.8208176305111758,2.292496320153833,0.722827334613372,8.542579099721022,2.1641436332939605,2.375801459433185
8.751500199190598,1.8210283102442784,2.292527605429187,0.7288805880187006,8.751500199190598,1.8210283102442784,2.292527605429187,0.7227847452173991,8.542560870292707,2.1641611616890133,2.37579256203137
8.751500199190597,1.821028310244275,2.292527605429187,0.7288805880187005,8.751500199190597,1.821028310244275,2.292527605429187,0.7227847452173985,8.542584796428322,2.1641381552361203,2.3757830500537214
8.751500199190598,1.82102831024428,2.2925276054291874,0.728880588018701,8.751500199190598,1.82102831024428,2.2925276054291874,0.722784745217399,8.542566567087595,2.1641556841928224,2.375774153193599
8.751315131094643,1.8212562165164687,2.29256141359099,0.7288374957995184,8.751315131094643,1.8212562165164687,2.29256141359099,0.7227388243258143,8.542590492361379,2.164132677720964,2.375764641688167
8.751315131094648,1.8212562165164679,2.29256141359099,0.7288374957995188,8.751315131094648,1.8212562165164679,2.29256141359099,0.7227388243258156,8.542572263112863,2.164150207234851,2.375755745331398
