x,y,theta,mean_error,initial_x,initial_y,initial_theta,mean_error_initial,odom_x,odom_y,odom_theta
-0.07080527617142873,-4.011597283358253,0.058793190334348086,0.15904492727495656,-0.2591152882920883,-3.987732419811621,-0.0946427081665465,0.28545318213553755,-0.2591152882920883,-3.987732419811621,-0.0946427081665465
-0.07079250650186086,-4.0115898143425515,0.058789451651961616,0.15904072447723397,-0.259147304380023,-3.987729380616852,-0.0946443110206815,0.2856003052816645,-0.259147304380023,-3.987729380616852,-0.0946443110206815
-0.07079250650186214,-4.0115898143425515,0.0587894516519615,0.15904072447723394,-0.2591210822486714,-3.987731869841677,-0.0946452495725636,0.28560036417572515,-0.2591210822486714,-3.987731869841677,-0.0946452495725636
-0.07079250650186164,-4.0115898143425515,0.058789451651961554,0.1590407244772341,-0.2591530990899228,-3.987728830493458,-0.09464684222665819,0.2856004747705271,-0.2591530990899228,-3.987728830493458,-0.09464684222665819
-0.07079250650185953,-4.0115898143425515,0.05878945165196149,0.15904072447723405,-0.2591268762018303,-3.987731319856954,-0.0946477702892084,0.28560053296808663,-0.2591268762018303,-3.987731319856954,-0.0946477702892084
-0.07079250650186142,-4.011589814342552,0.05878945165196159,0.1590407244772338,-0.2591588925061989,-3.987728280478433,-0.0946493529137431,0.2856006428996311,-0.2591588925061989,-3.987728280478433,-0.0946493529137431
-0.07080165910648328,-4.011591149440874,0.05878607847083649,0.15903834525800167,-0.2591326702935008,-3.9877307698441085,-0.0946502708365279,0.28560002361838227,-0.2591326702935008,-3.9877307698441085,-0.0946502708365279
-0.07080165910648306,-4.0115911494408705,0.058786078470836396,0.15903834525800203,-0.2591646866688393,-3.9877277303782246,-0.09465184384878111,0.28560013291306946,-0.2591646866688393,-3.9877277303782246,-0.09465184384878111
-0.07083276111630121,-4.011601128055415,0.05878305655803851,0.1590377760058478,-0.2591384644379592,-3.987730219811403,-0.0946527519743049,0.28560301010417505,-0.2591384644379592,-3.987730219811403,-0.0946527519743049
-0.07083276111630443,-4.011601128055414,0.05878305655803839,0.15903777600584776,-0.2591704806016107,-3.9877271802856162,-0.09465431565185228,0.2856031187673169,-0.2591704806016107,-3.9877271802856162,-0.09465431565185228
-0.07083276111630482,-4.011601128055419,0.05878305655803842,0.1590377760058477,-0.2591442586575659,-3.987729669756838,-0.0946552143015743,0.2856031749996203,-0.2591442586575659,-3.987729669756838,-0.0946552143015743
-0.0708418419155944,-4.011602466066988,0.05877975330627435,0.1590354745319822,-0.2591762747447195,-3.987726630158913,-0.09465676896483721,0.285602717196157,-0.2591762747447195,-3.987726630158913,-0.09465676896483721
-0.0708418419155914,-4.011602466066989,0.05877975330627423,0.15903547453198222,-0.25915005292515,-3.987729119683106,-0.0946576584469418,0.2856027728180608,-0.25915005292515,-3.987729119683106,-0.0946576584469418
-0.07084184191559112,-4.011602466066989,0.05877975330627415,0.15903547453198233,-0.2591820688749529,-3.9877260800194057,-0.0946592043746583,0.2856028803068859,-0.2591820688749529,-3.9877260800194057,-0.0946592043746583
-0.07085021342526071,-4.01160366809264,0.0587767539229198,0.15903339180550347,-0.2591558472378745,-3.9877285695905913,-0.0946600849815353,0.2856024014968359,-0.2591558472378745,-3.9877285695905913,-0.0946600849815353
-0.07085021342526177,-4.01160366809264,0.058776753922919825,0.15903339180550344,-0.2591878630814541,-3.987725529858724,-0.09466162245145361,0.2856025084256064,-0.2591878630814541,-3.987725529858724,-0.09466162245145361
-0.07083784573062574,-4.011596348989369,0.05877296002147325,0.15902931569386344,-0.2591616415825034,-3.987728019480659,-0.094662494461975,0.2855984185901667,-0.2591616415825034,-3.987728019480659,-0.094662494461975
-0.07083784573062457,-4.011596348989372,0.05877296002147342,0.15902931569386328,-0.2591936573078171,-3.9877249796823184,-0.0946640237327975,0.28559852498848337,-0.2591936573078171,-3.9877249796823184,-0.0946640237327975
-0.07083784573062507,-4.011596348989369,0.05877296002147341,0.15902931569386342,-0.2591674359516258,-3.9877274693541214,-0.094664887412254,0.28559857890263207,-0.2591674359516258,-3.9877274693541214,-0.094664887412254
-0.07084613701227926,-4.011597501298292,0.058770014981479046,0.15902733345144718,-0.2591994515668635,-3.9877244294890573,-0.094666408733046,0.28559820073549175,-0.2591994515668635,-3.9877244294890573,-0.094666408733046
-0.07084613701227932,-4.011597501298291,0.05877001498147901,0.15902733345144718,-0.2591732303359776,-3.987726919211957,-0.094667264334184,0.2855982541116958,-0.2591732303359776,-3.987726919211957,-0.094667264334184
-0.07087644403487803,-4.011607469367276,0.05876740303641245,0.1590271126954304,-0.2592052458398065,-3.987723879280811,-0.0946687779408947,0.2856013086788802,-0.2592052458398065,-3.987723879280811,-0.0946687779408947
-0.07087644403487792,-4.011607469367276,0.058767403036412626,0.15902711269543027,-0.2591790247279846,-3.987726369054985,-0.09466962570436652,0.28560136152476345,-0.2591790247279846,-3.987726369054985,-0.09466962570436652
-0.07087644403487625,-4.011607469367277,0.0587674030364125,0.1590271126954303,-0.2592110401235037,-3.987723329057963,-0.0946711318223183,0.2856014663786784,-0.2592110401235037,-3.987723329057963,-0.0946711318223183
-0.07087644403487853,-4.011607469367277,0.058767403036412466,0.15902711269543035,-0.2591848191200427,-3.987725818884025,-0.0946719719773441,0.28560151871964284,-0.2591848191200427,-3.987725818884025,-0.0946719719773441
-0.07086405045899724,-4.011600122962971,0.058763725927659584,0.1590231595914792,-0.2592168344082299,-3.987722778821516,-0.0946734708208882,0.2855975697736855,-0.2592168344082299,-3.987722778821516,-0.0946734708208882
-0.07086405045900185,-4.011600122962972,0.05876372592765957,0.15902315959147922,-0.2591906135052741,-3.9877252686998204,-0.0946743035857843,0.2855976216305009,-0.2591906135052741,-3.9877252686998204,-0.0946743035857843
-0.07087226777454803,-4.011601303928272,0.058760837057521643,0.1590212885538477,-0.2592226286880559,-3.9877222285721152,-0.0946757953592485,0.28559724922283974,-0.2592226286880559,-3.9877222285721152,-0.0946757953592485
-0.07087226777455169,-4.011601303928274,0.058760837057521755,0.15902128855384756,-0.2591964078771234,-3.9877247185030873,-0.0946766209420009,0.2855973006012889,-0.2591964078771234,-3.9877247185030873,-0.0946766209420009
-0.07087226777455108,-4.011601303928275,0.058760837057521664,0.15902128855384762,-0.2592284229559319,-3.9877216783105096,-0.09467810584000089,0.28559740406385714,-0.2592284229559319,-3.9877216783105096,-0.09467810584000089
-0.07088114350668051,-4.011602589765956,0.05875776230527108,0.1590193077753483,-0.2592022022295035,-3.9877241682944935,-0.0946789244387396,0.2855969758616727,-0.2592022022295035,-3.9877241682944935,-0.0946789244387396
-0.047991701634718664,-3.9640792182114817,0.059508479842501225,0.15705077679222307,-0.2592342172059511,-3.9877211280373315,-0.0946804026467534,0.2853244604056165,-0.2592342172059511,-3.9877211280373315,-0.0946804026467534
-0.04799170163472344,-3.964079218211482,0.05950847984249779,0.15705077679222285,-0.2592079965566871,-3.9877236180746647,-0.0946812144502666,0.28532450747096716,-0.2592079965566871,-3.9877236180746647,-0.0946812144502666
-0.048021126144738135,-3.96409003011329,0.05950595447440837,0.15705156106119197,-0.2592400114322455,-3.987720577753212,-0.0946826861450046,0.28532380733474577,-0.2592400114322455,-3.987720577753212,-0.0946826861450046
-0.04802112614474202,-3.9640900301132906,0.059505954474405036,0.15705156106119184,-0.2592137908533172,-3.9877230678441924,-0.0946834913331856,0.28532385399050136,-0.2592137908533172,-3.9877230678441924,-0.0946834913331856
-0.04802112614475024,-3.964090030113288,0.059505954474398826,0.15705156106119142,-0.2592458056294687,-3.987720027458731,-0.0946849566830904,0.2853239465796144,-0.2592458056294687,-3.987720027458731,-0.0946849566830904
-0.04802112614475462,-3.964090030113288,0.05950595447439548,0.1570515610611911,-0.2592195851143685,-3.987722517603637,-0.094685755427392,0.28532399284383914,-0.2592195851143685,-3.987722517603637,-0.094685755427392
-0.06486694780426595,-3.92543920763618,-0.05415318709339076,0.527404109353886,-0.2501734946150298,-3.9885978090395935,-0.098231857376799,0.527404109353886,-0.2501734946150298,-3.9885978090395935,-0.098231857376799
-0.06169156005281082,-3.929560371762374,-0.054402609766003224,0.5272995234342687,-0.2365926637096082,-3.9899574235666933,-0.1013287412898543,0.5272995234342687,-0.2365926637096082,-3.9899574235666933,-0.1013287412898543
-0.0024589965795967436,-3.899920170111595,-0.06400312376691937,0.5460959401119049,-0.2216013850475867,-3.9914978446146905,-0.1034614794955362,0.5460959401119049,-0.2216013850475867,-3.9914978446146905,-0.1034614794955362
0.002506590373983729,-3.9008224701902923,-0.06358837030952448,0.5456650781617167,-0.2063453733198793,-3.9930950720318727,-0.1051683738417381,0.5456650781617167,-0.2063453733198793,-3.9930950720318727,-0.1051683738417381
0.007980397667660934,-3.903385769844238,-0.06357561691845354,0.5455446730954759,-0.1904935458667908,-3.994779776967716,-0.1065932831267283,0.5455446730954759,-0.1904935458667908,-3.994779776967716,-0.1065932831267283
0.031101754467772413,-3.9583009961088518,0.04506378986383807,0.15702941861393513,-0.1713117237276573,-3.996833507128555,-0.1067270387134044,0.26524967151832657,-0.1713117237276573,-3.996833507128555,-0.1067270387134044
0.03110111605194882,-3.9583010201106767,0.04506328655817995,0.1570294259694006,-0.1527335353777767,-3.9988198584832677,-0.10630060236877252,0.26438711194449976,-0.1527335353777767,-3.9988198584832677,-0.10630060236877252
0.03250867407524899,-3.9596521448406796,0.04569788527153535,0.15706648869924644,-0.134525321595784,-4.000760120129801,-0.106017577931107,0.2611941400443939,-0.134525321595784,-4.000760120129801,-0.106017577931107
0.09011323292132617,-3.947778589070346,0.0461528036579517,0.15821078227705518,-0.1165479518396996,-4.002671989187987,-0.1058832546283424,0.241865032520538,-0.1165479518396996,-4.002671989187987,-0.1058832546283424
0.09481405415676092,-3.9512780568747328,0.04589661216590667,0.1582359861711659,-0.0985793496328911,-4.00458113608007,-0.1058205952382407,0.23974590809012628,-0.0985793496328911,-4.00458113608007,-0.1058205952382407
0.09481404118528625,-3.951278057772471,0.045896601018001505,0.15823598652399018,-0.0806962704366571,-4.00648035247197,-0.105789943290716,0.23626763495040778,-0.0806962704366571,-4.00648035247197,-0.105789943290716
0.13927171066863664,-3.944920256984464,0.04655082876623772,0.15939823164542596,-0.0627657314614416,-4.008384159761955,-0.1057710253064315,0.25160666014292843,-0.0627657314614416,-4.008384159761955,-0.1057710253064315
0.19581712323845796,-3.922020680966355,0.04679191969292801,0.1469827515267686,-0.0448976595423783,-4.010281047515598,-0.1057581787838933,0.22980290428788305,-0.0448976595423783,-4.010281047515598,-0.1057581787838933
0.1958171205997452,-3.9220206818071914,0.046791917410773674,0.14698275164573998,-0.0269730758505653,-4.012183711349907,-0.105746392835679,0.22983816951664146,-0.0269730758505653,-4.012183711349907,-0.105746392835679
0.2465935893435806,-3.920636023486274,0.04610025140482317,0.14686015030269056,-0.0091073186389714,-4.014079934790467,-0.10573647475900139,0.24655114247463153,-0.0091073186389714,-4.014079934790467,-0.10573647475900139
0.24653346304505502,-3.9206735185041297,0.04610613520549875,0.1468604539866032,0.0088163165678835,-4.015982115079246,-0.1057258509342944,0.24658084365390495,0.0088163165678835,-4.015982115079246,-0.1057258509342944
0.24653324856283476,-3.9206735578922136,0.046105953094701176,0.14686046959074275,0.0266817168054486,-4.017877932656438,-0.10571628130823331,0.24540234157154428,0.0266817168054486,-4.017877932656438,-0.10571628130823331
0.2859676957782651,-3.9157889916961754,0.04649481732521915,0.14810433370266965,0.044605251099337,-4.019779737986839,-0.1057058522096908,0.23158225340873845,0.044605251099337,-4.019779737986839,-0.1057058522096908
0.28643836154071206,-3.9155615486418864,0.04646040589227784,0.14810315189984122,0.0624706269750197,-4.021675192696108,-0.1056963959873759,0.2502582507173074,0.0624706269750197,-4.021675192696108,-0.1056963959873759
0.28643828634176804,-3.915561576296647,0.046460344119886025,0.14810315327454135,0.0803941711391704,-4.023576638810182,-0.1056859849675651,0.2504716144149122,0.0803941711391704,-4.023576638810182,-0.1056859849675651
0.3300470534597207,-3.91781256432373,0.045503433843446024,0.14850985901611063,0.0982595732092016,-4.025471737451998,-0.10567653808382259,0.2554847318783923,0.0982595732092016,-4.025471737451998,-0.10567653808382259
0.3269727523705338,-3.9118533359300307,0.045979481381101577,0.14827979893590718,0.116183153724806,-4.027372827520874,-0.10566613016322819,0.25580368413551763,0.116183153724806,-4.027372827520874,-0.10566613016322819
0.38673060342984605,-3.904235778437524,0.04546659581465083,0.1486157438512314,0.1340485930428749,-4.029267571412481,-0.1056566837299999,0.23271536095670814,0.1340485930428749,-4.029267571412481,-0.1056566837299999
0.3928303527447643,-3.911945466500577,0.04556221559247662,0.14873647986712946,0.1519722093599685,-4.0311683054096985,-0.1056462753182238,0.24297448869481333,0.1519722093599685,-4.0311683054096985,-0.1056462753182238
0.39283035281422624,-3.9119454664723436,0.04556221564905047,0.14873647986272048,0.1698376856037894,-4.033062694505352,-0.1056368281123115,0.24284637353876773,0.1698376856037894,-4.033062694505352,-0.1056368281123115
0.42856952321588393,-3.9057283030893584,0.04323307517125845,0.14848260366883392,0.1877613399472031,-4.034963072639133,-0.1056264186826257,0.24694018051345168,0.1877613399472031,-4.034963072639133,-0.1056264186826257
0.42896200489047936,-3.906369432169934,0.04339174459323115,0.14846919197377592,0.2056268540162105,-4.036857106998667,-0.10561697038364011,0.24529248668985504,0.2056268540162105,-4.036857106998667,-0.10561697038364011
0.4289620047469015,-3.9063694322193037,0.04339174448218763,0.14846919198534742,0.2235505456295202,-4.0387571291492925,-0.1056065597801777,0.2460330441889523,0.2235505456295202,-4.0387571291492925,-0.1056065597801777
0.4923843507207705,-3.910936983812909,0.046344619228333904,0.150970962554741,0.2414160971585811,-4.04065080869183,-0.1055971102173117,0.2371410960236461,0.2414160971585811,-4.04065080869183,-0.1055971102173117
0.49473299229098444,-3.915100254094341,0.04600246108384885,0.15111100195133462,0.2593398263146458,-4.042550474838828,-0.1055866978718986,0.23447908680793492,0.2593398263146458,-4.042550474838828,-0.1055866978718986
0.49473299227851597,-3.9151002541008197,0.04600246107220327,0.1511110019526919,0.2772054149314067,-4.044443799444825,-0.1055772442376776,0.2353193481605496,0.2772054149314067,-4.044443799444825,-0.1055772442376776
0.5262162859837025,-3.902235595925648,0.04514099333632615,0.1525957994552233,0.2951291922886834,-4.046343111185997,-0.1055668934444386,0.2337932246561446,0.2951291922886834,-4.046343111185997,-0.1055668934444386
0.5285393479203695,-3.903913977595223,0.04567528710229924,0.15251302127822167,0.3129948105008686,-4.0482360807470945,-0.1055573966268463,0.25038658687712456,0.3129948105008686,-4.0482360807470945,-0.1055573966268463
0.5285402972114888,-3.9039134880765474,0.045676064606839734,0.15251291307024764,0.3309186249603888,-4.050135035550956,-0.1055469211339357,0.2645361873394374,0.3309186249603888,-4.050135035550956,-0.1055469211339357
0.5830599819694093,-3.8934074470353615,0.04636561171654609,0.15226013544487835,0.3487842803673519,-4.052027649097697,-0.1055375204384551,0.25337801573764773,0.3487842803673519,-4.052027649097697,-0.1055375204384551
0.5830603904448997,-3.8934071591703963,0.046365979765723264,0.15226011369029685,0.3667081221224669,-4.053926247103614,-0.10552710739626091,0.25178804566446444,0.3667081221224669,-4.053926247103614,-0.10552710739626091
0.5829287186438521,-3.893456669488013,0.04625866269770945,0.1522646865447785,0.3845738241862063,-4.0558185071676345,-0.1055176549626249,0.252440910290028,0.3845738241862063,-4.0558185071676345,-0.1055176549626249
0.6226221698997081,-3.8973346770541717,0.04374504374825865,0.1510413159351909,0.4024977038391011,-4.057716749109453,-0.1055072399736749,0.25268249968724155,0.4024977038391011,-4.057716749109453,-0.1055072399736749
0.6755589841013552,-3.897962097914634,0.045307032006663646,0.15213937183471626,0.4203634436275916,-4.059608654231933,-0.1054977864568961,0.2383292229508297,0.4203634436275916,-4.059608654231933,-0.1054977864568961
0.675558984054497,-3.8979620979564897,0.04530703196203462,0.1521393718358735,0.4382873609316689,-4.061506540037817,-0.10548737053942751,0.23898026401305716,0.4382873609316689,-4.061506540037817,-0.10548737053942751
0.6755582370980466,-3.897962763599734,0.0453063200004822,0.15213939029195833,0.4561531383668588,-4.063398090176622,-0.1054779161794396,0.23882828317692092,0.4561531383668588,-4.063398090176622,-0.1054779161794396
0.6726416297751472,-3.8997657357663247,0.04466933933542417,0.15219110809177216,0.4740770932988869,-4.065295619812908,-0.1054674994223641,0.23732414429844728,0.4740770932988869,-4.065295619812908,-0.1054674994223641
0.721603994444412,-3.898074676481817,0.04267348535801911,0.15290540702535732,0.4919429083616475,-4.067186814935643,-0.1054580442632237,0.23896937870515744,0.4919429083616475,-4.067186814935643,-0.1054580442632237
0.721603985599525,-3.8980746819300665,0.042673478386376265,0.1529054079863854,0.5098669009105752,-4.069083988371472,-0.10544762668919182,0.24022896246147651,0.5098669009105752,-4.069083988371472,-0.10544762668919182
0.7216053151906396,-3.898073860072683,0.04267452540137551,0.152905263574924,0.527732753584391,-4.070974828447588,-0.105438170732497,0.23919174579235059,0.527732753584391,-4.070974828447588,-0.105438170732497
0.7733946722351225,-3.894619430833721,0.04257908000214229,0.1534662728126626,0.5456567837369982,-4.072871645652065,-0.1054277523105186,0.24590788693508164,0.5456567837369982,-4.072871645652065,-0.1054277523105186
0.7733263739726283,-3.894615081745194,0.04257768984665351,0.15346642318134335,0.5635226739842145,-4.074762130646483,-0.1054182954291009,0.265705323292249,0.5635226739842145,-4.074762130646483,-0.1054182954291009
0.7733398077739985,-3.8946194193241914,0.042562160162635664,0.15346804728117786,0.5814467416384058,-4.076658591572346,-0.1054078756625609,0.26490954304732794,0.5814467416384058,-4.076658591572346,-0.1054078756625609
0.8116141022959795,-3.888695414043855,0.041334333812118824,0.15544150385735267,0.5993126685268969,-4.078548721298652,-0.105398412683654,0.23062379760266816,0.5993126685268969,-4.078548721298652,-0.105398412683654
0.823234277346934,-3.9019552895895493,0.042232112352622794,0.15533164707235772,0.6172367759638063,-4.080444826176464,-0.1053880052710176,0.22990467460413294,0.6172367759638063,-4.080444826176464,-0.1053880052710176
0.8164958467317225,-3.894166825004766,0.041670072724979065,0.15530344649174913,0.6351027406181439,-4.082334600968597,-0.105378547478149,0.23014983835303848,0.6351027406181439,-4.082334600968597,-0.105378547478149
0.8586680759223526,-3.8844614919220812,0.04533809536092881,0.1559421247540781,0.6530268846207254,-4.084230349486011,-0.10536812043226859,0.2389812213196982,0.6530268846207254,-4.084230349486011,-0.10536812043226859
0.8625851342176162,-3.887669905786044,0.04540959488050649,0.15591912811379285,0.659185141535283,-4.084786768509913,-0.0748491893594482,0.2176312593821853,0.659185141535283,-4.084786768509913,-0.0748491893594482
0.8856899097012145,-3.8922723177988297,0.09704139714343499,0.15477823541132954,0.6639264259431625,-4.085066456932473,-0.0429942691970777,0.22310768343424334,0.6639264259431625,-4.085066456932473,-0.0429942691970777
0.8645181732721616,-3.8790642364232206,0.09474007523206103,0.15533866771962795,0.6677364441012775,-4.085166705182327,-0.0096170943555373,0.20333250892141624,0.6677364441012775,-4.085166705182327,-0.0096170943555373
0.8856899190531304,-3.8922723088274367,0.09704140709966196,0.15477823464527296,0.6696660829171912,-4.085150859215043,0.0260404902545037,0.1880750430977813,0.6696660829171912,-4.085150859215043,0.0260404902545037
0.8811286788812724,-3.8915509143917606,0.18654286510044005,0.15579340734401417,0.6705102780459863,-4.0851134543176935,0.0625182960372171,0.21260703774709372,0.6705102780459863,-4.0851134543176935,0.0625182960372171
0.8804706672239131,-3.890944875051891,0.18634633121900057,0.1558128742988537,0.6708222642650628,-4.085088232246259,0.09881792065394332,0.1980762339574064,0.6708222642650628,-4.085088232246259,0.09881792065394332
0.8803185506351098,-3.8909971477248,0.18636549882861114,0.1558145057226221,0.671012696209863,-4.08506587087769,0.1349604402279864,0.1864836299665085,0.671012696209863,-4.08506587087769,0.1349604402279864
0.8804712566663973,-3.889270120114186,0.2774806084531165,0.15506686926457192,0.6710719368548238,-4.085056736053127,0.1710267758406707,0.20738289652814632,0.6710719368548238,-4.085056736053127,0.1710267758406707
0.8802444825593878,-3.889301769973108,0.2776762222473728,0.15504760747793672,0.6711608203422819,-4.085039730098846,0.20706113146144461,0.19234771276860071,0.6711608203422819,-4.085039730098846,0.20706113146144461
0.8802360716521088,-3.8893000703515717,0.277690614131525,0.1550462274077074,0.6711801019952732,-4.085035315555207,0.24308160163015494,0.17553835370983883,0.6711801019952732,-4.085035315555207,0.24308160163015494
0.8933191029267955,-3.8974143024145014,0.3733336316024773,0.1567879834735849,0.6712513104970036,-4.085016289412941,0.279098730492465,0.20648273253517832,0.6712513104970036,-4.085016289412941,0.279098730492465
0.8933190347554504,-3.8974143698225756,0.3733335667492564,0.15678798833967472,0.6712640182686214,-4.085012398719529,0.3151101677214383,0.18783532667709538,0.6712640182686214,-4.085012398719529,0.3151101677214383
0.8965829449890399,-3.8867144374262828,0.46338005344057714,0.15568852189466587,0.6713313390230767,-4.08498910505254,0.3511218522526388,0.21638877968800152,0.6713313390230767,-4.08498910505254,0.3511218522526388
0.8967951537171251,-3.8865935554499944,0.46340405484911495,0.15568337801729595,0.6713423761474795,-4.084984835236492,0.3871326635523769,0.19554504345502285,0.6713423761474795,-4.084984835236492,0.3871326635523769
0.8930381330288325,-3.889474934818027,0.46290824886357773,0.15581501428154224,0.6714072009614976,-4.084957034278201,0.423143357819236,0.17968284857445352,0.6714072009614976,-4.084957034278201,0.423143357819236
0.8974765675903137,-3.895031770562325,0.46283182143230284,0.15588640772850784,0.671417511973014,-4.084952165581274,0.4591534553120699,0.1739495707735311,0.671417511973014,-4.084952165581274,0.4591534553120699
0.8985880979103817,-3.8846463737463033,0.5494852428104666,0.15640544966202158,0.6714798798038712,-4.084919921130932,0.495163539332522,0.1844983932431802,0.6714798798038712,-4.084919921130932,0.495163539332522
0.8902972521607633,-3.8933408804903986,0.5489683855222044,0.1567168251776737,0.671489563814473,-4.08491446394152,0.5311731193252147,0.17253336505908531,0.671489563814473,-4.08491446394152,0.5311731193252147
0.8847543511002525,-3.8923452702732906,0.6370963308683413,0.153700827048386,0.6715492053779786,-4.084877964815135,0.5671827052858627,0.18677178543524733,0.6715492053779786,-4.084877964815135,0.5671827052858627
0.8846649222318294,-3.8925486772289175,0.6371373706842133,0.15370354444609302,0.6715582425541631,-4.0848719767127175,0.6031918439645807,0.17432727863461508,0.6715582425541631,-4.0848719767127175,0.6031918439645807
0.8918736860237115,-3.9000237128651376,0.6370424261233358,0.15377378003202202,0.6716148786747929,-4.084831441292492,0.6392010018279082,0.17136047284761102,0.6716148786747929,-4.084831441292492,0.6392010018279082
0.8806207605470189,-3.8893675479802026,0.7147293621842465,0.15513064223280693,0.6716232459847882,-4.084824984769287,0.6752097628374468,0.18062755298058267,0.6716232459847882,-4.084824984769287,0.6752097628374468
0.8806140145937763,-3.8890197439709078,0.7149478425304854,0.15509588119929976,0.6717746468504239,-4.084701873994434,0.6901994846121738,0.17242463115860163,0.6717746468504239,-4.084701873994434,0.6901994846121738
0.8762500916773831,-3.8959546774297236,0.7142821725738324,0.15548558490489836,0.6717509918520712,-4.084721877557437,0.7137128749357107,0.1741228814469488,0.6717509918520712,-4.084721877557437,0.7137128749357107
0.8881088453486475,-3.894462867140618,0.7952831743583288,0.1532293414134677,0.6717470382021269,-4.08472542060002,0.7476491920196119,0.18469020838315542,0.6717470382021269,-4.08472542060002,0.7476491920196119
0.8877238509263283,-3.8934442904042093,0.7953626522432747,0.15322586412289038,0.671726732369376,-4.084744933052237,0.7833023465447575,0.16827241527496695,0.671726732369376,-4.084744933052237,0.7833023465447575
0.8922000170269586,-3.9008051530408663,0.7950455062435813,0.15333983593329337,0.6717626146847392,-4.08470789301596,0.8192434681710549,0.18071176932293864,0.6717626146847392,-4.08470789301596,0.8192434681710549
0.8856664554725976,-3.89406972367572,0.8872851654161777,0.15518085595007186,0.6717645068411983,-4.08470579375203,0.8552361991950376,0.17564668672732742,0.6717645068411983,-4.08470579375203,0.8552361991950376
0.8854819425224953,-3.9002554014456003,0.8874647243953286,0.15540992859346492,0.6718069855486112,-4.08465511060217,0.8912399691870443,0.17210016935038872,0.6718069855486112,-4.08465511060217,0.8912399691870443
0.8967206267291421,-3.906683972601196,0.8879741825177052,0.15568586262756695,0.671812273146207,-4.084648319412012,0.927246367830534,0.18996798883082716,0.671812273146207,-4.084648319412012,0.927246367830534
0.9213083224614974,-3.8752670780279326,0.9703451828206618,0.1637039306718679,0.6718519896141042,-4.084593334469265,0.9632538097902303,0.1820061241063432,0.6718519896141042,-4.084593334469265,0.9632538097902303
0.9231086901854657,-3.8805541262878025,0.9705202391843358,0.16389277075484512,0.677111030469177,-4.076922726221164,0.9763340703704656,0.18231597222582935,0.677111030469177,-4.076922726221164,0.9763340703704656
0.9250272697871402,-3.879580078037907,0.9700860808165401,0.16389610990378164,0.6787768391744824,-4.074395285594036,0.9997820415392854,0.19598249052219233,0.6787768391744824,-4.074395285594036,0.9997820415392854
0.9038965282985032,-3.882508108560295,1.0403514234631368,0.15738322387422007,0.6800991854537943,-4.072256972626211,1.0341231236275248,0.17355162871571833,0.6800991854537943,-4.072256972626211,1.0341231236275248
0.9039261678679558,-3.8846953121644674,1.0409279299827507,0.15742859298571554,0.6810867893532229,-4.070529331067332,1.0688455792094391,0.18808102190514822,0.6810867893532229,-4.070529331067332,1.0688455792094391
0.9039240522559502,-3.884697561394102,1.0409258275414766,0.157428756653865,0.6814617002250849,-4.069815841067798,1.105131077354832,0.24561982058510115,0.6814617002250849,-4.069815841067798,1.105131077354832
0.9038347557822268,-3.884751178379211,1.1275780398570374,0.1574439224561678,0.6816290871850217,-4.069467132006071,1.1413908125705066,0.17890437455137387,0.6816290871850217,-4.069467132006071,1.1413908125705066
0.9044109520489128,-3.8841016080813646,1.1274856006400729,0.15741512094982557,0.6816828703101955,-4.069343839373505,1.177525060340024,0.20601913964155985,0.6816828703101955,-4.069343839373505,1.177525060340024
0.9015914518328944,-3.8798687739029196,1.215983681422979,0.15700203478720576,0.681726199422429,-4.069233840040065,1.2135882528234727,0.1756456330684417,0.681726199422429,-4.069233840040065,1.2135882528234727
0.9012114929192117,-3.8831275848679248,1.215609296837703,0.15718698301794118,0.6817357025406182,-4.069206905960024,1.24961909891528,0.1959445444033415,0.6817357025406182,-4.069206905960024,1.24961909891528
0.9030146735164923,-3.880431171808815,1.2161003972432503,0.1570048360184514,0.6817582038451077,-4.06913497342485,1.2856367951719063,0.24846453938226842,0.6817582038451077,-4.06913497342485,1.2856367951719063
0.899977043051787,-3.885952562991655,1.3045463955057943,0.15351215149874345,0.6817612330693061,-4.069123905582648,1.32164887090571,0.17748698234308063,0.6817612330693061,-4.069123905582648,1.32164887090571
0.9011218545506912,-3.8847909688712257,1.3040883195507003,0.15346099259373946,0.6817768889960913,-4.069057383311184,1.3576591062401648,0.20978555730226855,0.6817768889960913,-4.069057383311184,1.3576591062401648
0.9011994988212415,-3.8849110204948984,1.3041195873685971,0.15346344644851367,0.6817785393934436,-4.069049033114091,1.3936680974259197,0.2524121873234655,0.6817785393934436,-4.069049033114091,1.3936680974259197
0.9011218781093135,-3.88479094523468,1.3040883432677377,0.15346098952778947,0.6817891904517946,-4.068982662998556,1.4296785871335242,0.2668459224542293,0.6817891904517946,-4.068982662998556,1.4296785871335242
0.9131690560629153,-3.881230383849796,1.4011913084251124,0.15509795139535462,0.6817901545775149,-4.06897487139949,1.4656873977111595,0.25243790083515577,0.6817901545775149,-4.06897487139949,1.4656873977111595
0.9133083217719975,-3.8816998338742743,1.401220616077062,0.1551107025955384,0.681795951035795,-4.068908493475551,1.5016969943550194,0.2641946774798534,0.681795951035795,-4.068908493475551,1.5016969943550194
0.9093216066511489,-3.889798200389496,1.4881844993701847,0.15618588686799992,0.6817963409307071,-4.068900869269231,1.5377065151159208,0.206161747653395,0.6817963409307071,-4.068900869269231,1.5377065151159208
0.8975786384732054,-3.9806995211332157,1.4903145601474719,0.15937759397294568,0.6817973425438517,-4.068834475252192,1.5737166377902874,0.24952672346348137,0.6817973425438517,-4.068834475252192,1.5737166377902874
0.8973309546784793,-3.980064948462634,1.4902435361079251,0.15936818520764234,0.6817971871699783,-4.068827051177352,1.6097266701468669,0.26620732496959554,0.6817971871699783,-4.068827051177352,1.6097266701468669
0.8982019168712982,-3.9756594274507733,1.5919588132696307,0.15851715523397975,0.6817934201020346,-4.068760959126368,1.6457373635504646,0.1899257342565737,0.6817934201020346,-4.068760959126368,1.6457373635504646
0.8982023442067327,-3.975588221396189,1.5919585310280682,0.1585161385934204,0.6817927486485316,-4.068753755842915,1.681747966836589,0.24324319954818482,0.6817927486485316,-4.068753755842915,1.681747966836589
0.8982021773712701,-3.9755884621962947,1.5919583460744517,0.1585161612888328,0.6817895216801508,-4.0687265997718525,1.6963963427732698,0.2446174666183913,0.6817895216801508,-4.0687265997718525,1.6963963427732698
0.8981280720379754,-3.9752440161690052,1.6094487097303467,0.15849509090889313,0.681758403930563,-4.068482990699995,1.6992931059808878,0.24328479557395272,0.681758403930563,-4.068482990699995,1.6992931059808878
0.8981281546857404,-3.975243896747539,1.6094488013214634,0.1584950799133226,0.6817501779052414,-4.068419454003841,1.6998049117449796,0.243587527780851,0.6817501779052414,-4.068419454003841,1.6998049117449796
0.8981281546857234,-3.975243896747563,1.6094488013214452,0.15849507991332465,0.6817414988977873,-4.068352578515488,1.6999023024918494,0.24359948714482832,0.6817414988977873,-4.068352578515488,1.6999023024918494
0.9002074092537095,-3.976836651013108,1.609895490473586,0.15863168067095107,0.6817435280041998,-4.068368205945239,1.699930822711375,0.24345318651015954,0.6817435280041998,-4.068368205945239,1.699930822711375
0.9002074092536929,-3.9768366510131337,1.60989549047357,0.15863168067095249,0.681739332235245,-4.068335897571189,1.6999488758848649,0.2434529437155233,0.681739332235245,-4.068335897571189,1.6999488758848649
0.9002074092536815,-3.976836651013151,1.609895490473559,0.15863168067095326,0.6817431473718963,-4.068365271472889,1.6999614065030209,0.24345277424249767,0.6817431473718963,-4.068365271472889,1.6999614065030209
0.9001918036467469,-3.976844193439258,1.609922953303711,0.15864175795424823,0.6817395834818707,-4.068337834588878,1.699973020360262,0.24341800064542923,0.6817395834818707,-4.068337834588878,1.699973020360262
0.9001918036467378,-3.9768441934392724,1.609922953303702,0.1586417579542491,0.6817436475998453,-4.068369119872527,1.6999829979815109,0.24341786564564732,0.6817436475998453,-4.068369119872527,1.6999829979815109
0.9001826024943256,-3.976843925411707,1.6099460313907341,0.158653809041788,0.6817402235475679,-4.068342763889294,1.6999935853056438,0.2433920859815376,0.6817402235475679,-4.068342763889294,1.6999935853056438
0.9001826024943171,-3.976843925411722,1.6099460313907255,0.15865380904178886,0.6817443443674541,-4.0683744806067805,1.7000031408783356,0.24339195638373762,0.6817443443674541,-4.0683744806067805,1.7000031408783356
0.900182602494308,-3.976843925411737,1.6099460313907163,0.1586538090417895,0.6817409234211689,-4.06834815266539,1.7000135642960137,0.2433918161297712,0.6817409234211689,-4.06834815266539,1.7000135642960137
0.9001840584236906,-3.9768416566233777,1.6099474475605866,0.15865369264918197,0.6817816050476546,-4.06863735114354,1.7210856112719382,0.24837245109657427,0.6817816050476546,-4.06863735114354,1.7210856112719382
0.8947790269422271,-3.9723674726469578,1.6634645707175686,0.1583387290922672,0.6817849489167455,-4.068657203853884,1.7542423159512417,0.25712814713697874,0.6817849489167455,-4.068657203853884,1.7542423159512417
0.8947790269422276,-3.972367472646958,1.6634645707175688,0.15833872909226784,0.6817924697336821,-4.068694076855622,1.7897613990974304,0.26798238801000585,0.6817924697336821,-4.068694076855622,1.7897613990974304
0.8947790269422295,-3.972367472646956,1.6634645707175693,0.1583387290922673,0.6817814935372437,-4.068648619301373,1.825681907754657,0.2916110288395257,0.6817814935372437,-4.068648619301373,1.825681907754657
0.9001104992051597,-3.9816902288887945,1.7529255619481277,0.15918993110970914,0.6817808108432277,-4.068646179916885,1.8616744848522413,0.2607816291899578,0.6817808108432277,-4.068646179916885,1.8616744848522413
0.8973940421633372,-3.9795076353172174,1.752474009233911,0.15919657392013672,0.6785821991717291,-4.0580619537730405,1.86687614117551,0.26196539570558286,0.6785821991717291,-4.0580619537730405,1.86687614117551
0.8875941330056389,-3.945213307382548,1.7794791072145208,0.15638220301809946,0.6750561453295849,-4.046612841044213,1.8722329509703015,0.24767062860187583,0.6750561453295849,-4.046612841044213,1.8722329509703015
0.8875941330007635,-3.945213307389278,1.7794791072095804,0.15638220301874686,0.6707001450652295,-4.032574057146691,1.8710879338375743,0.247516042947403,0.6707001450652295,-4.032574057146691,1.8710879338375743
0.8658065314997152,-3.8982467986192946,1.7745183598405114,0.15346767533564648,0.6659926787664832,-4.017336680224425,1.8697850734291337,0.25152961387678885,0.6659926787664832,-4.017336680224425,1.8697850734291337
0.8658065315006063,-3.898246798618141,1.7745183598413907,0.153467675335547,0.6606586140202917,-4.00001205123262,1.8691650018461856,0.249469141504312,0.6606586140202917,-4.00001205123262,1.8691650018461856
0.8688187819568078,-3.8994657975569806,1.7749889440270148,0.15345291403374045,0.6553546175178188,-3.982763924302721,1.86909506416164,0.2493974050045172,0.6553546175178188,-3.982763924302721,1.86909506416164
0.868284235407837,-3.898735478139942,1.774897368447076,0.15343814598741282,0.6500604697755361,-3.965545491361229,1.8690888581579848,0.24916308318468217,0.6500604697755361,-3.965545491361229,1.8690888581579848
0.8687577988804223,-3.8574855867832363,1.7763543670377597,0.15554417802761683,0.6447699607065426,-3.9483385354365175,1.8690834002181032,0.25366469106214895,0.6447699607065426,-3.9483385354365175,1.8690834002181032
0.868742919858291,-3.85742891792782,1.7763649384881388,0.15554156039368902,0.6394809683460236,-3.9311360749105653,1.869074567332508,0.2518808273440624,0.6394809683460236,-3.9311360749105653,1.869074567332508
0.8687013064795166,-3.8575034026764277,1.7763504327561805,0.15554568101530153,0.6341926981001086,-3.9139353642551544,1.8690638420756485,0.2509590991317791,0.6341926981001086,-3.9139353642551544,1.8690638420756485
0.859121645253774,-3.8015628908499184,1.777926613012287,0.15479204212936112,0.6289048403748446,-3.8967353130247018,1.8690522804423104,0.2553373122787889,0.6289048403748446,-3.8967353130247018,1.8690522804423104
0.8599781295670226,-3.8018478852742525,1.778833895727166,0.15479543351045685,0.6236172726937306,-3.879535486658227,1.8690403723406728,0.2550996635725912,0.6236172726937306,-3.879535486658227,1.8690403723406728
0.8484065360866073,-3.746871493447892,1.778828345230913,0.1575597929282167,0.6183299465993428,-3.8623357125157525,1.8690283197870483,0.24601286751843637,0.6183299465993428,-3.8623357125157525,1.8690283197870483
0.8484065360679219,-3.7468714934767373,1.778828345211311,0.15755979293006275,0.6130430630656315,-3.845136525857447,1.869012539961686,0.24642517461882008,0.6130430630656315,-3.845136525857447,1.869012539961686
0.8484065360679638,-3.746871493476672,1.7788283452113551,0.15755979293005856,0.6077560132383586,-3.8279360591094402,1.8690041830541049,0.24645593102456984,0.6077560132383586,-3.8279360591094402,1.8690041830541049
0.8346431622366637,-3.703278701274148,1.7780539260852468,0.15401893607291095,0.6024693273698525,-3.810736145561564,1.8689919377927264,0.24702984945630332,0.6024693273698525,-3.810736145561564,1.8689919377927264
0.8346431622372315,-3.7032787012733572,1.7780539260858648,0.15401893607285164,0.5971828582587873,-3.7935361914638426,1.8689798300011928,0.24521299604199254,0.5971828582587873,-3.7935361914638426,1.8689798300011928
0.8346431610712188,-3.7032787028962364,1.7780539248168168,0.15401893619454834,0.5918965965800768,-3.7763361700118163,1.8689677001536469,0.2452785918852213,0.5918965965800768,-3.7763361700118163,1.8689677001536469
0.8340858534093997,-3.648506456914453,1.7793198780259325,0.15625383614432317,0.586610543384941,-3.7591360838636048,1.8689555675052951,0.2496557295429495,0.586610543384941,-3.7591360838636048,1.8689555675052951
0.8340858534093951,-3.648506456914459,1.7793198780259276,0.15625383614432345,0.581324698757354,-3.7419359331942905,1.8689434344276368,0.2495834696798181,0.581324698757354,-3.7419359331942905,1.8689434344276368
0.8351743599521433,-3.6497643772838004,1.7792889955531654,0.1562511355691476,0.5760390627096187,-3.7247357180372487,1.8689313015625597,0.24795409512173452,0.5760390627096187,-3.7247357180372487,1.8689313015625597
0.8389833450207841,-3.617931939538633,1.7829723708686342,0.16048050054613555,0.5707536352427404,-3.707535438415077,1.8689191691333775,0.25357768005137626,0.5707536352427404,-3.707535438415077,1.8689191691333775
0.8385126602688603,-3.6171025058106645,1.7827301638606912,0.16048120683314196,0.5654684163544287,-3.69033509434991,1.8689070372240455,0.2535339417765647,0.5654684163544287,-3.69033509434991,1.8689070372240455
0.8415445870381535,-3.61878523518132,1.7834707604108007,0.16047683962145948,0.5601834060412498,-3.673134685863416,1.8688949058633,0.2543548632439506,0.5601834060412498,-3.673134685863416,1.8688949058633
0.8179422486106227,-3.553516768152141,1.7821452210940405,0.15828619240839367,0.5548986042995092,-3.655934212976525,1.8688827750544783,0.2522694794432434,0.5548986042995092,-3.655934212976525,1.8688827750544783
0.8179422486106216,-3.553516768152145,1.7821452210940407,0.15828619240839367,0.5496140111253264,-3.6387336757108724,1.8688706447859127,0.2538677517606438,0.5496140111253264,-3.6387336757108724,1.8688706447859127
0.8179422486106194,-3.5535167681521402,1.7821452210940407,0.15828619240839348,0.5443296265161979,-3.6215330740904026,1.868858515030827,0.254033774144055,0.5443296265161979,-3.6215330740904026,1.868858515030827
0.8162107452515205,-3.513198564677076,1.7844847320672461,0.16057932827624005,0.5390454504734774,-3.6043324081485433,1.868846385732675,0.25891385968471553,0.5390454504734774,-3.6043324081485433,1.868846385732675
0.8162107452515202,-3.5131985646770754,1.7844847320672463,0.16057932827624002,0.5337614830083212,-3.587131677946101,1.8688342567394252,0.25715042978649505,0.5337614830083212,-3.587131677946101,1.8688342567394252
0.8135507457350997,-3.463177168391606,1.7910622887288088,0.16525038082348184,0.5284777241742183,-3.569930883655394,1.86882212741946,0.2418842247731307,0.5284777241742183,-3.569930883655394,1.86882212741946
0.8135507538733824,-3.463177146197543,1.7910623034804984,0.1652503800217374,0.5231941744611203,-3.552730026634979,1.8688099906877755,0.2420776394870149,0.5231941744611203,-3.552730026634979,1.8688099906877755
0.8135797123215728,-3.4632064546994275,1.7910487401492388,0.16525094494812928,0.5179108311567273,-3.5355290992113995,1.8687978991323777,0.24169080026102543,0.5179108311567273,-3.5355290992113995,1.8687978991323777
0.7984282839441645,-3.4094449992721887,1.789650931469,0.16314001851681892,0.5126276932903476,-3.5183280949849585,1.868785656683811,0.23986331073896788,0.5126276932903476,-3.5183280949849585,1.868785656683811
0.7984282842117978,-3.4094449987066153,1.789650931864325,0.16314001848260104,0.5073447737826847,-3.5011270575645668,1.868773615439254,0.23981157548886148,0.5073447737826847,-3.5011270575645668,1.868773615439254
0.798428278659081,-3.409445010427333,1.789650923666275,0.1631400191919811,0.5020620577210485,-3.4839259420743423,1.8687614930041967,0.23993003698085444,0.5020620577210485,-3.4839259420743423,1.8687614930041967
0.7984290291492041,-3.409443424851946,1.789652027225137,0.16313992354450602,0.4967795499693888,-3.4667247618035413,1.8687493686343128,0.24020968347265814,0.4967795499693888,-3.4667247618035413,1.8687493686343128
0.7940802807646864,-3.3474868908240403,1.7890630855724112,0.15868749071718874,0.4914972506602863,-3.4495235171198986,1.8687372441051489,0.24348489736693127,0.4914972506602863,-3.4495235171198986,1.8687372441051489
0.7802338026968099,-3.299080370228126,1.786883634111529,0.1557991239642538,0.4862151598222832,-3.432322208116138,1.8687251197552104,0.24724782832435588,0.4862151598222832,-3.432322208116138,1.8687251197552104
0.7802338026968096,-3.2990803702281255,1.786883634111529,0.15579912396425383,0.4809332774630674,-3.415120834831882,1.8687129956826052,0.24820757869656154,0.4809332774630674,-3.415120834831882,1.8687129956826052
0.7802338026968108,-3.2990803702281277,1.7868836341115286,0.1557991239642535,0.4756516035841985,-3.397919397290389,1.8687008719192304,0.24922319801553253,0.4756516035841985,-3.397919397290389,1.8687008719192304
0.7744492496810155,-3.2541640955872406,1.7908162213537162,0.15892263830336975,0.4703701381850347,-3.380717895508224,1.8686887484731995,0.2451040767173739,0.4703701381850347,-3.380717895508224,1.8686887484731995
0.7744492486117205,-3.25416409789285,1.790816219697821,0.15892263842056245,0.4650888812640069,-3.3635163294995656,1.8686766253423197,0.24507430530458837,0.4650888812640069,-3.3635163294995656,1.8686766253423197
0.7744492472888781,-3.254164100745181,1.7908162176492193,0.1589226385655471,0.4598078328188745,-3.3463146992768316,1.8686645025188515,0.2455859559916379,0.4598078328188745,-3.3463146992768316,1.8686645025188515
0.7639163807549867,-3.198930696001174,1.7908902850034338,0.15888135877810625,0.4545269928480543,-3.329113004852894,1.868652379990511,0.2490926190926308,0.4545269928480543,-3.329113004852894,1.868652379990511
0.7639163433376572,-3.198930763754582,1.790890226043592,0.15888135949258905,0.4492463613505779,-3.3119112462421985,1.8686402577378716,0.24993843249388606,0.4492463613505779,-3.3119112462421985,1.8686402577378716
0.7639773959318118,-3.1988371598471583,1.7909227794804594,0.15887922610876462,0.447477629349034,-3.305827052473669,1.8387756301723477,0.23017357262359678,0.447477629349034,-3.305827052473669,1.8387756301723477
0.7520072519571154,-3.179749549853972,1.7411796267623882,0.15248576464818497,0.4460765888402052,-3.300488431817255,1.816111921401276,0.24388755504544724,0.4460765888402052,-3.300488431817255,1.816111921401276
0.7517563179081381,-3.179718017064291,1.7413168477548937,0.15249555805064852,0.4452469571159006,-3.2969824740387135,1.7902020665311882,0.19324893034181342,0.4452469571159006,-3.2969824740387135,1.7902020665311882
0.7471104455231041,-3.1808397554546475,1.7402740782347066,0.15260377581338647,0.4449218922010798,-3.2954092082955837,1.7588921520025806,0.17235279733396472,0.4449218922010798,-3.2954092082955837,1.7588921520025806
0.7683088786129287,-3.1786312894623148,1.6384312378790953,0.1574299797556924,0.444794993112762,-3.2946745633841124,1.7247952868024463,0.24771899136861955,0.444794993112762,-3.2946745633841124,1.7247952868024463
0.767337174349239,-3.1790059104178625,1.6382953710070995,0.15743691617909655,0.4447549251609549,-3.294382634254159,1.6895975168694104,0.24009128225843707,0.4447549251609549,-3.294382634254159,1.6895975168694104
0.767460723899311,-3.17897300864977,1.6382404770193195,0.15743147267053811,0.4447349319099763,-3.2941853234978598,1.65396326896042,0.17545355459307332,0.4447349319099763,-3.2941853234978598,1.65396326896042
0.7618709159821014,-3.1754997427895835,1.517217851520917,0.15389254073146316,0.4447300409962998,-3.2941104872136995,1.6181534499278851,0.25547977951027306,0.4447300409962998,-3.2941104872136995,1.6181534499278851
0.7592469188317659,-3.174396248067966,1.5171133966328316,0.1539055656782007,0.4447267734112937,-3.293999447375092,1.5822765064031767,0.24094436563117388,0.4447267734112937,-3.293999447375092,1.5822765064031767
0.7561569608048035,-3.1712140061229994,1.5167708812947387,0.15389139442280098,0.4447270484702503,-3.2939569471306913,1.5463724514401207,0.18118046539396754,0.4447270484702503,-3.2939569471306913,1.5463724514401207
0.7683369307137419,-3.1737784074997304,1.4077189987104504,0.15702470200276675,0.4447311960360266,-3.2938591408247535,1.5104591577662576,0.25174662787074625,0.4447311960360266,-3.2938591408247535,1.5104591577662576
0.7683369306810393,-3.173778407553566,1.4077189986582739,0.15702470200382487,0.4447340892248975,-3.2938222644788833,1.474541275794257,0.24544086825278183,0.4447340892248975,-3.2938222644788833,1.474541275794257
0.7572329070048022,-3.2426300420825602,1.3321527035676966,0.3020871843263887,0.4447449414364652,-3.293727661306754,1.4386238948005874,0.3547698739378677,0.4447449414364652,-3.293727661306754,1.4386238948005874
0.6096241594334548,-3.227250835684137,1.3787240144618926,0.3291633072017921,0.4460847251401004,-3.2843522193964594,1.4190837398706408,0.3291633072017921,0.4460847251401004,-3.2843522193964594,1.4190837398706408
0.6564897073837915,-3.157335106956593,1.2643930727143522,0.2766717410791232,0.4481211827057137,-3.271455811910185,1.4092775156329689,0.3451984250888838,0.4481211827057137,-3.271455811910185,1.4092775156329689
0.790800867824414,-3.1472286364627586,1.3211623315178924,0.1874841527004826,0.4505395083057757,-3.256767101809169,1.405965990995104,0.25449464612255784,0.4505395083057757,-3.256767101809169,1.405965990995104
0.7908008678244208,-3.1472286364628004,1.3211623315178607,0.18748415270048077,0.4530577203008602,-3.241718242441698,1.4040274716719563,0.2531097656223293,0.4530577203008602,-3.241718242441698,1.4040274716719563
0.7908008629484646,-3.147228596899629,1.3211623612881045,0.18748415439172048,0.4558953561962978,-3.2249208447976057,1.4028591627006997,0.25130119468753354,0.4558953561962978,-3.2249208447976057,1.4028591627006997
0.794648304140189,-3.0797356293458416,1.3018263610971657,0.15208766706813642,0.4590585219608085,-3.206262534726598,1.402864504474876,0.25048783466856345,0.4590585219608085,-3.206262534726598,1.402864504474876
0.7939178541616231,-3.079433023651328,1.3015337112702348,0.15209496254894495,0.460298090635392,-3.1994640504310734,1.3780300647533206,0.2418057263447657,0.460298090635392,-3.1994640504310734,1.3780300647533206
0.7938169862331392,-3.0796151452863056,1.3014326972711883,0.15210245774058043,0.4614120386754869,-3.194104763900986,1.3536910813561709,0.23558333185970534,0.4614120386754869,-3.194104763900986,1.3536910813561709
0.8791792358077075,-3.086199107783469,1.240046923453207,0.15494421663828958,0.46215174106374,-3.1909814396081146,1.322807280877211,0.25561736388397316,0.46215174106374,-3.1909814396081146,1.322807280877211
0.8791792358077083,-3.0861991077834725,1.2400469234532066,0.15494421663828964,0.462673240333409,-3.1890563214321688,1.2896991425157391,0.24888776459824632,0.462673240333409,-3.1890563214321688,1.2896991425157391
0.8692695971731084,-3.0864656383568083,1.1398166172994104,0.1548168989174924,0.4629058381550422,-3.1883005468771093,1.2547704164451046,0.27179385231620273,0.4629058381550422,-3.1883005468771093,1.2547704164451046
0.869269595237428,-3.086465640635763,1.1398166149454654,0.15481689885073632,0.463032503680153,-3.1879352852022906,1.2192151438992065,0.2620823194965236,0.463032503680153,-3.1879352852022906,1.2192151438992065
0.8690769609016915,-3.0865817277286816,1.1397467341747742,0.15481665842520295,0.4630818421953305,-3.187807883082995,1.1834157828720204,0.2556322772916942,0.4630818421953305,-3.187807883082995,1.1834157828720204
0.868871236737971,-3.086363798237021,1.1397252287792512,0.1548185303265366,0.4631294966656095,-3.187696823124425,1.1475210174447306,0.1864854135811978,0.4631294966656095,-3.187696823124425,1.1475210174447306
0.8814693663350778,-3.083787972619474,1.0565935079403184,0.15737131913569313,0.4631428114050791,-3.1876686317982252,1.111586872704719,0.2564407901320011,0.4631428114050791,-3.1876686317982252,1.111586872704719
0.8780879653815195,-3.0870129689977315,1.055931007304159,0.15727569026083305,0.4631786408753559,-3.1875993340356614,1.0756383674930128,0.18929962575745016,0.4631786408753559,-3.1875993340356614,1.0756383674930128
0.8745559990716,-3.0844749375216733,1.0555614116896455,0.15718730562105346,0.4631855579975468,-3.1875870583782064,1.0396827924058007,0.18254452472240534,0.4631855579975468,-3.1875870583782064,1.0396827924058007
0.8695986727221166,-3.0813070238550027,0.9609472141470339,0.1532835976707006,0.4632226344706293,-3.187526461714926,1.0037257372457988,0.2439274796276656,0.4632226344706293,-3.187526461714926,1.0037257372457988
0.8696932839564737,-3.081308046421456,0.960935842426079,0.15328296765987537,0.4632288103468713,-3.18751713837511,0.9677667354786512,0.18465278432594906,0.4632288103468713,-3.18751713837511,0.9677667354786512
0.8817262965874972,-3.0877426820670357,0.8675872258182165,0.15854316948630234,0.4632693507612842,-3.1874604728183247,0.9318082724293253,0.25450822748422347,0.4632693507612842,-3.1874604728183247,0.9318082724293253
0.8804992396044705,-3.0867445410608063,0.8675834771329867,0.1585380759983026,0.4632757554821089,-3.1874521685641684,0.8958486420888512,0.1985596433320167,0.4632757554821089,-3.1874521685641684,0.8958486420888512
0.8757194230010448,-3.0871295570198067,0.8673575086206915,0.15855853145886942,0.4633199892041687,-3.1873988921891443,0.859889844615714,0.18479775227645587,0.4633199892041687,-3.1873988921891443,0.859889844615714
0.88484741668441,-3.0891505943480535,0.7823418641414793,0.15879201804198712,0.4633267556660725,-3.187391314235261,0.8239299686068821,0.24695274160498554,0.4633267556660725,-3.187391314235261,0.8239299686068821
0.8803072933587012,-3.0874355033819683,0.7815301165307177,0.15874142081837148,0.4633744917647934,-3.1873415745025198,0.7879709452976357,0.18909992590857488,0.4633744917647934,-3.1873415745025198,0.7879709452976357
0.8805240728312593,-3.087323073229903,0.7815643032763939,0.1587425041007294,0.4633815828873648,-3.1873346985909947,0.7520108198342774,0.19048926224267307,0.4633815828873648,-3.1873346985909947,0.7520108198342774
0.8683600224584926,-3.084914583813995,0.6842036366647685,0.15395361712500424,0.46343256344547,-3.1872887037529303,0.7160515267380073,0.20508440522576452,0.46343256344547,-3.1872887037529303,0.7160515267380073
0.8684785490391322,-3.0848529117949037,0.6841128980913573,0.15394817652839604,0.4634399219203001,-3.1872825300166623,0.6800910905883809,0.1820489431275692,0.4634399219203001,-3.1872825300166623,0.6800910905883809
0.8684785490391347,-3.084852911794903,0.6841128980913571,0.15394817652839626,0.4634938552272153,-3.1872404893571726,0.6441314619967854,0.19005123623221595,0.4634938552272153,-3.1872404893571726,0.6441314619967854
0.41555307782672884,-3.1752016503829488,0.5470062342877717,0.6513084211979395,0.4703426619330119,-3.182197366807867,0.6252846839217305,0.6632338274282261,0.4703426619330119,-3.182197366807867,0.6252846839217305
0.4659287474179513,-3.133051880677143,0.554285320546412,0.6629699206257577,0.4817105856111752,-3.174039789477611,0.6195914094043052,0.6754086742950027,0.4817105856111752,-3.174039789477611,0.6195914094043052
0.901517885595903,-3.061697355372716,0.578461699861308,0.15401550000969225,0.4850866285662845,-3.1716906777674607,0.5962361620619481,0.18945060452745327,0.4850866285662845,-3.1716906777674607,0.5962361620619481
0.906142381142585,-3.059527842615253,0.5782951682847979,0.15401676037256218,0.4864265711555744,-3.170809031646102,0.5676833926283619,0.18389937755441219,0.4864265711555744,-3.170809031646102,0.5676833926283619
0.905265471618538,-3.0588696098808446,0.5782801060261036,0.15401083806213386,0.4897424212006554,-3.1687739515431312,0.5332435809919037,0.19110307162674026,0.4897424212006554,-3.1687739515431312,0.5332435809919037
0.9053977153903273,-3.059362446910253,0.5781504432949265,0.1540034268183474,0.4917281164384138,-3.167644820075643,0.5008284267526824,0.20246931384592207,0.4917281164384138,-3.167644820075643,0.5008284267526824
0.9091994918516972,-3.0563123151007487,0.4919968229975263,0.1547543482199763,0.4926165183581935,-3.1671783893295795,0.4661004101620156,0.18274560504636503,0.4926165183581935,-3.1671783893295795,0.4661004101620156
0.9129214685820253,-3.0537131570536715,0.492610561611221,0.15475594990139876,0.4929565550415724,-3.1670148219877463,0.4306107123384028,0.197170828767068,0.4929565550415724,-3.1670148219877463,0.4306107123384028
0.9097413993757668,-3.057066026953979,0.40234248216391144,0.153331475619239,0.4931541390117331,-3.1669283051221586,0.3948377632620793,0.18449603645180157,0.4931541390117331,-3.1669283051221586,0.3948377632620793
0.9104036538877593,-3.0576887930262813,0.4023355804120997,0.15332434789124852,0.493216445648388,-3.1669036431901993,0.3589499257863402,0.19064652750312594,0.493216445648388,-3.1669036431901993,0.3589499257863402
0.9104036547072498,-3.0576887913362385,0.40233558234542943,0.15332434797818673,0.4933019935127807,-3.1668732870293117,0.32301767957724686,0.20144691995243197,0.4933019935127807,-3.1668732870293117,0.32301767957724686
0.9104036399374877,-3.0576888218126954,0.4023355474498344,0.15332434640978632,0.4933186876057839,-3.1668680305726027,0.2870660839204005,0.2181461596107984,0.4933186876057839,-3.1668680305726027,0.2870660839204005
0.9203985131319186,-3.1037799438250016,0.3130365136578611,0.1486978444121867,0.4933868663496988,-3.166849228545399,0.2511080044660633,0.1950790947759699,0.4933868663496988,-3.166849228545399,0.2511080044660633
0.9217296454677114,-3.1016320282798597,0.31255424738885296,0.14865426221464198,0.5016514951196581,-3.1648118130076774,0.2322977811488108,0.2034408237751183,0.5016514951196581,-3.1648118130076774,0.2322977811488108
0.48363066359345436,-3.0417735504428554,0.23875656121541158,0.6216970287263813,0.5152709008337576,-3.1616310171553774,0.2265747474935217,0.6216970287263813,0.5152709008337576,-3.1616310171553774,0.2265747474935217
0.4706716186764438,-3.043078925235051,0.24005231033352167,0.6213959372968223,0.5300288043750647,-3.158248114531286,0.2240925113010414,0.6213959372968223,0.5300288043750647,-3.158248114531286,0.2240925113010414
0.4700279393236034,-3.0255339189434616,0.24295138934334817,0.6207587254325779,0.5450227120443499,-3.1548444091532035,0.2223532020159462,0.6207587254325779,0.5450227120443499,-3.1548444091532035,0.2223532020159462
1.004880122099241,-3.082446393010258,0.28871253609318126,0.14887889155547618,0.5600098949432049,-3.151468465131045,0.2207618610851693,0.18847622647370788,0.5600098949432049,-3.151468465131045,0.2207618610851693
1.0048801220992285,-3.08244639301028,0.288712536093155,0.1488788915554752,0.5789905623249595,-3.1472105227696057,0.22059233720519822,0.18737135467304217,0.5789905623249595,-3.1472105227696057,0.22059233720519822
1.0048801220998125,-3.082446393009251,0.2887125360943687,0.1488788915555285,0.5974436533086348,-3.1430682996721924,0.2210334701248584,0.186392298082935,0.5974436533086348,-3.1430682996721924,0.2210334701248584
1.0599335932518847,-3.064134184711657,0.28884337664497467,0.14688045139105713,0.6153098844875642,-3.13905075959692,0.22134374513893873,0.1946785007691492,0.6153098844875642,-3.13905075959692,0.22134374513893873
1.0599335932518847,-3.0641341847116585,0.2888433766449729,0.14688045139105693,0.6330290572180878,-3.1350621054468957,0.2214828430780377,0.1926775731361048,0.6330290572180878,-3.1350621054468957,0.2214828430780377
1.1033759337367328,-3.048857790824994,0.287115540983344,0.14554850054286575,0.6506084529652191,-3.131103154225147,0.221534471240298,0.19233983792891926,0.6506084529652191,-3.131103154225147,0.221534471240298
1.1033759337367643,-3.048857790824958,0.2871155409833836,0.1455485005428664,0.6682128187798683,-3.1271379667694688,0.2215491091950383,0.1893291027279277,0.6682128187798683,-3.1271379667694688,0.2215491091950383
1.1033759337367868,-3.048857790824932,0.28711554098341086,0.14554850054286672,0.6857470322189977,-3.1231884544477175,0.2215481391900909,0.18679886302247922,0.6857470322189977,-3.1231884544477175,0.2215481391900909
1.1033759337367486,-3.0488577908249765,0.2871155409833632,0.14554850054286594,0.7033330650450594,-3.119227344915164,0.2215410022130168,0.1866373527665482,0.7033330650450594,-3.119227344915164,0.2215410022130168
1.1465813059384988,-3.036706289931629,0.2870026175254934,0.14610253164444745,0.720860059635438,-3.1152796902770827,0.2215310871589673,0.19563804810133673,0.720860059635438,-3.1152796902770827,0.2215310871589673
1.1460532325508987,-3.03691121010208,0.28727504218041944,0.1461282202516589,0.7384433605167346,-3.1113195411761314,0.2215206980218553,0.19202220051061952,0.7384433605167346,-3.1113195411761314,0.2215206980218553
1.1973856930517803,-3.0195241137095348,0.2872509560208673,0.1448993520351555,0.7559693051757912,-3.107372508838502,0.22150948829558184,0.1928961809831673,0.7559693051757912,-3.107372508838502,0.22150948829558184
1.1974318272892548,-3.0192425686584063,0.28727860881304207,0.14489877447697577,0.7735522330677155,-3.1034128490822965,0.2214984164998343,0.18763347292013602,0.7735522330677155,-3.1034128490822965,0.2214984164998343
1.1974318271099549,-3.0192425688475453,0.28727860860722193,0.1448987744734569,0.7910780864182555,-3.099466250224701,0.22148692333963232,0.18235252999973636,0.7910780864182555,-3.099466250224701,0.22148692333963232
1.2497658800769307,-3.0045318920731914,0.28738265050455436,0.14450140796233815,0.8086610188050797,-3.0955070058934258,0.2214758991945307,0.1902719397317135,0.8086610188050797,-3.0955070058934258,0.2214758991945307
1.249765880076953,-3.00453189207317,0.287382650504622,0.14450140796233846,0.8261869393582046,-3.0915608069605267,0.2214643613268251,0.1895716612573141,0.8261869393582046,-3.0915608069605267,0.2214643613268251
1.2497658800817044,-3.0045318920685853,0.2873826505191297,0.14450140796239472,0.8437699447219559,-3.0876019631443787,0.2214533234179264,0.18367873241046337,0.8437699447219559,-3.0876019631443787,0.2214533234179264
1.2899042107301562,-2.9868905332429265,0.2860342768502921,0.14314504679271317,0.8612959479892031,-3.0836561613444164,0.2214417815670824,0.18978795856301314,0.8612959479892031,-3.0836561613444164,0.2214417815670824
1.2887444097280243,-2.987751267556166,0.28588411994826907,0.14314504157450494,0.8788790432833968,-3.079697714425944,0.2214307437439279,0.18626932559723489,0.8788790432833968,-3.079697714425944,0.2214307437439279
1.3494694931756706,-2.9741390568007797,0.28597080924362567,0.1425950196096605,0.8964051361205224,-3.0757523082348333,0.22141920359032308,0.1905924872707228,0.8964051361205224,-3.0757523082348333,0.22141920359032308
1.3494694931760978,-2.974139056800317,0.28597080924423346,0.14259501960968943,0.9139883192347652,-3.071794258636678,0.2214081679351462,0.19047808039322614,0.9139883192347652,-3.071794258636678,0.2214081679351462
1.3494694931761135,-2.9741390568003006,0.28597080924425544,0.14259501960969062,0.9315145006582344,-3.067849248200896,0.2213966299033413,0.18825217231883806,0.9315145006582344,-3.067849248200896,0.2213966299033413
1.4055892504378775,-2.963833676936484,0.28700948942932464,0.14125983875211262,0.9490977733839192,-3.063891595443032,0.2213855961611268,0.19240134483277632,0.9490977733839192,-3.063891595443032,0.2213855961611268
1.4055892504378544,-2.963833676936511,0.2870094894292962,0.14125983875211032,0.9666240438734772,-3.059946980593299,0.2213740588344974,0.18783267752748672,0.9666240438734772,-3.059946980593299,0.2213740588344974
1.4055892504378191,-2.963833676936553,0.28700948942925364,0.1412598387521071,0.973103471746482,-3.0583838689872684,0.2520643817503273,0.18306580931480362,0.973103471746482,-3.0583838689872684,0.2520643817503273
1.4311977733795427,-2.953620243739216,0.3403906747214404,0.14505402191134012,0.9779582389967052,-3.057056831817495,0.2815936051637128,0.1948948831324323,0.9779582389967052,-3.057056831817495,0.2815936051637128
1.4242670267755992,-2.955759599780335,0.3397233235772514,0.1450240852091203,0.980968665950138,-3.056130186151435,0.31562300738894705,0.18281798048188996,0.980968665950138,-3.056130186151435,0.31562300738894705
1.4321509081363804,-2.9546523588943043,0.3404174431129507,0.14506087221249303,0.9826556004210184,-3.0555452147097415,0.3519586115061062,0.17867478332812511,0.9826556004210184,-3.0555452147097415,0.3519586115061062
1.3131225721198527,-3.0027876426790443,0.36137445772788324,0.37717087662538346,0.9924152059674975,-3.0519050882950314,0.362036435117959,0.38525312696603536,0.9924152059674975,-3.0519050882950314,0.362036435117959
1.3132790943797188,-3.003155138854603,0.36129043992757787,0.37715146550144807,1.0050136879876057,-3.0471242923974797,0.3633381002349394,0.3844220603473441,1.0050136879876057,-3.0471242923974797,0.3633381002349394
1.4880631598866654,-2.9346399591297736,0.3847242143731768,0.1415145912222303,1.0190363791674877,-3.041804916582247,0.36180323940529263,0.18461977342136582,1.0190363791674877,-3.041804916582247,0.36180323940529263
1.4880426269759754,-2.9342064475686835,0.38479105208234965,0.1415142505101613,1.0333065261505183,-3.036417729169794,0.3601434396126927,0.18162936465744045,1.0333065261505183,-3.036417729169794,0.3601434396126927
1.531842872151338,-2.909301630419506,0.38314426440779925,0.1401450156850305,1.050353972510234,-3.030005195945769,0.3594275825924902,0.1880506379420374,1.050353972510234,-3.030005195945769,0.3594275825924902
1.5317376180828135,-2.909405917690296,0.3831393402853274,0.14014627423128403,1.067637280243862,-3.0235100044856287,0.3595287439509752,0.18267324847335425,1.067637280243862,-3.0235100044856287,0.3595287439509752
1.5317376130629878,-2.9094059221884976,0.3831393350091276,0.14014627391070675,1.0846929835577916,-3.0170978871230445,0.3596804701617553,0.18118321809142474,1.0846929835577916,-3.0170978871230445,0.3596804701617553
1.5318428726880853,-2.9093016299438372,0.3831442649814151,0.1401450157241303,1.101580901636597,-3.010746709447112,0.3597507260877896,0.17845239926292983,1.101580901636597,-3.010746709447112,0.3597507260877896
1.5838279197532632,-2.8942751351175007,0.38513745945889094,0.1385226745346837,1.1184795707698982,-3.0043905653492846,0.3597761911582849,0.1877414274558297,1.1184795707698982,-3.0043905653492846,0.3597761911582849
1.5880011077022032,-2.8918581612939116,0.38565417363900845,0.13843928834372035,1.1353055570402195,-2.9980614750744046,0.3597803604477358,0.18459095012914276,1.1353055570402195,-2.9980614750744046,0.3597803604477358
1.5880011377711774,-2.891858074400307,0.3856540678069377,0.1384392883229634,1.1521792393034644,-2.991714441907578,0.3597764047362454,0.18266619880938875,1.1521792393034644,-2.991714441907578,0.3597764047362454
1.5886226525691418,-2.8919507162320373,0.385615825898034,0.1384435332514332,1.1689954354946823,-2.985389146499589,0.3597684429485998,0.17576142415878918,1.1689954354946823,-2.985389146499589,0.3597684429485998
1.646273717729944,-2.8729986786525523,0.38603347619203005,0.13585787864391763,1.1858653603246965,-2.9790438032982425,0.3597595938672134,0.18083896957678794,1.1858653603246965,-2.9790438032982425,0.3597595938672134
1.6462737174902857,-2.872998678795968,0.386033475628752,0.13585787860348833,1.2026801515009848,-2.972719377783933,0.3597496788597253,0.17937633039784107,1.2026801515009848,-2.972719377783933,0.3597496788597253
1.6462737177483937,-2.8729986786415114,0.3860334762353906,0.13585787864702994,1.2195495355024717,-2.9663746068264647,0.35974005064341735,0.1749406371762624,1.2195495355024717,-2.9663746068264647,0.35974005064341735
1.7040839929310434,-2.8487051115024147,0.38451924090466577,0.1322481929329362,1.236364188601398,-2.960050611353214,0.35972982209399396,0.18253779327358108,1.236364188601398,-2.960050611353214,0.35972982209399396
1.7040839171740603,-2.8487053851666033,0.3845195913820377,0.13224822067002556,1.2532336134533473,-2.9537062087634913,0.3597200507727472,0.18158974085383284,1.2532336134533473,-2.9537062087634913,0.3597200507727472
1.7387613593649422,-2.8269791542113727,0.3828127170570238,0.1279713893663772,1.2700483740118729,-2.947382556413635,0.3597098556116407,0.18305539188754075,1.2700483740118729,-2.947382556413635,0.3597098556116407
1.7379844721667708,-2.8249701649479246,0.383116741514049,0.12797144875698022,1.2869179015572212,-2.94103849980356,0.359700069989445,0.17962304412920285,1.2869179015572212,-2.94103849980356,0.359700069989445
1.7387616486118056,-2.826978940571428,0.3828130998185912,0.1279713773666753,1.3037327665008875,-2.9347151924683046,0.3596897933419121,0.17407257122955536,1.3037327665008875,-2.9347151924683046,0.3596897933419121
1.822892154664323,-2.8023386767226435,0.3925453926529045,0.1314861457212925,1.3206024260148628,-2.928371472309746,0.3596800310883694,0.19321939378364839,1.3206024260148628,-2.928371472309746,0.3596800310883694
1.822892154632613,-2.8023386767623815,0.3925453926773008,0.13148614572256206,1.3374174189169836,-2.9220485013825295,0.3596697622203735,0.1915969237059016,1.3374174189169836,-2.9220485013825295,0.3596697622203735
1.8228924130080928,-2.802338344313239,0.3925451929507211,0.1314861353928569,1.3542872028941708,-2.915705120046111,0.3596600079593251,0.186753256782118,1.3542872028941708,-2.915705120046111,0.3596600079593251
1.8754300471835468,-2.777730538832836,0.3934325031155763,0.12915889139808,1.371102318603718,-2.909382487012361,0.3596497623852559,0.19377213241997807,1.371102318603718,-2.909382487012361,0.3596497623852559
1.8124249938899069,-2.6881367337877204,0.39246572868019464,0.13037316441131622,1.387972241118253,-2.903039439270862,0.3596399468142358,0.2016332932410122,1.387972241118253,-2.903039439270862,0.3596399468142358
1.8177556856106591,-2.688556141093751,0.39366585983090857,0.1304061723535677,1.4047874844050152,-2.8967171432632286,0.3596297040308182,0.19814380253429023,1.4047874844050152,-2.8967171432632286,0.3596297040308182
1.877582885709833,-2.6597175532158395,0.39451549770506,0.12510930205795834,1.4216575227881292,-2.8903744375127154,0.3596199574253844,0.20147238663049252,1.4216575227881292,-2.8903744375127154,0.3596199574253844
1.877582756410208,-2.6597177326232275,0.3945152173754071,0.12510926516962784,1.438472895516298,-2.884052476621237,0.359609699947174,0.19724714418737113,1.438472895516298,-2.884052476621237,0.359609699947174
1.8775827564387506,-2.6597177325825525,0.3945152174413418,0.12510926517837032,1.455343061420983,-2.8777101080966965,0.359599953608072,0.19053869934306594,1.455343061420983,-2.8777101080966965,0.359599953608072
1.938841764537724,-2.6394737178949153,0.39438207782271745,0.12221998152929128,1.4721585610565733,-2.871388483389985,0.35958969819798,0.20384158863118734,1.4721585610565733,-2.871388483389985,0.35958969819798
1.9388950451924953,-2.6390397439913635,0.39444134611202736,0.1222192176597468,1.489028853744425,-2.865046452302502,0.3595799543516471,0.1993955269074836,1.489028853744425,-2.865046452302502,0.3595799543516471
2.0039423816450235,-2.613177865254419,0.39625479096213423,0.11813507239328984,1.505844479950869,-2.858725163816294,0.3595697013669737,0.2050061094090188,1.505844479950869,-2.858725163816294,0.3595697013669737
2.0039423816450244,-2.613177865254419,0.39625479096213406,0.11813507239328969,1.5227148993503958,-2.8523834701029323,0.3595599595146115,0.20295489983179849,1.5227148993503958,-2.8523834701029323,0.3595599595146115
2.0425496722041925,-2.5933221292833797,0.39702721931772683,0.11401508822195057,1.539530651668252,-2.8460625179510934,0.3595497062312691,0.20903424798505055,1.539530651668252,-2.8460625179510934,0.3595497062312691
2.0326879077701423,-2.5944410110645064,0.3953188145776337,0.11401096726729743,1.5564012242457086,-2.8397211500397996,0.3595401316488,0.20258840082748863,1.5564012242457086,-2.8397211500397996,0.3595401316488
2.0326577290952876,-2.5944084849477784,0.39532214861982057,0.11401151065974516,1.5732170786451862,-2.8334005414202297,0.3595297353103726,0.20148066797658234,1.5732170786451862,-2.8334005414202297,0.3595297353103726
2.0379094428896507,-2.594413408898457,0.3963187862949773,0.11396349337064486,1.5900877510888292,-2.8270595220709316,0.3595199969292906,0.19923808027035925,1.5900877510888292,-2.8270595220709316,0.3595199969292906
2.09921901113971,-2.571525273823871,0.3969126563977392,0.10904111931317025,1.6069037567295168,-2.8207392415730896,0.3595097515640753,0.20556498569684734,1.6069037567295168,-2.8207392415730896,0.3595097515640753
2.0997925204903014,-2.5715950797810874,0.39692990356598373,0.10902273440922516,1.6237745562453267,-2.81439855917733,0.359500018628565,0.20380632285184744,1.6237745562453267,-2.81439855917733,0.359500018628565
2.1641830891971345,-2.552502119706773,0.3990711604876843,0.10018158393967752,1.6405906883259147,-2.808078614533389,0.3594897771130779,0.20722268669205088,1.6405906883259147,-2.808078614533389,0.3594897771130779
2.1641832803743193,-2.5525019801803506,0.39907125700539986,0.10018160117342868,1.657461614099523,-2.8017382692202393,0.3594800494197757,0.20477696839982437,1.657461614099523,-2.8017382692202393,0.3594800494197757
2.1645146892170706,-2.5514359754149805,0.3991960070514915,0.10018239806044682,1.6742778927267985,-2.7954186538714003,0.3594696896088186,0.19810903334987934,1.6742778927267985,-2.7954186538714003,0.3594696896088186
2.1646222654052703,-2.5517770282097842,0.3991762425861187,0.10018277091247833,1.6911489282774523,-2.789078653025295,0.3594600695162281,0.19244995509724216,1.6911489282774523,-2.789078653025295,0.3594600695162281
2.229993613583578,-2.528530612182775,0.39787531969014617,0.0959529814080755,1.70796531290696,-2.78275938008398,0.3594498341927225,0.20520080734210097,1.70796531290696,-2.78275938008398,0.3594498341927225
2.2301652018592546,-2.5285655035270076,0.39782388529899265,0.09595281786252378,1.724836492273806,-2.776419708494752,0.3594401087723221,0.20269176233945058,1.724836492273806,-2.776419708494752,0.3594401087723221
2.229993527159824,-2.5285307190205586,0.3978751971906622,0.09595298690359857,1.7416530035497024,-2.7701007710314087,0.3594298732866364,0.1977423845100248,1.7416530035497024,-2.7701007710314087,0.3594298732866364
2.2881190103730007,-2.516287264292951,0.39942247099923245,0.08856955833903579,1.7585243095569285,-2.7637614361578504,0.3594201491737094,0.20971082117539666,1.7585243095569285,-2.7637614361578504,0.3594201491737094
2.2881190123062884,-2.516287253383789,0.39942249616594006,0.08856955830727152,1.7753409471363817,-2.7574428342626702,0.3594099152497472,0.20657084771144874,1.7753409471363817,-2.7574428342626702,0.3594099152497472
2.2883198511074307,-2.517031816540379,0.39933784548426166,0.08856661473901035,1.7922123796680065,-2.751103836090513,0.3594001927414098,0.2023049304279989,1.7922123796680065,-2.751103836090513,0.3594001927414098
2.3563742170101825,-2.4999915641841604,0.4000329537636384,0.08273496020959502,1.8090291434617485,-2.744785569737075,0.3593899602941,0.2041333794001618,1.8090291434617485,-2.744785569737075,0.3593899602941
2.356335271679936,-2.4998895785297255,0.40000061216604677,0.08273928629848874,1.8259007023967104,-2.7384469082575045,0.3593802388630595,0.1987150481681504,1.8259007023967104,-2.7384469082575045,0.3593802388630595
2.3994716238951335,-2.4780736544238917,0.403978991642253,0.07853010400275784,1.842717591736409,-2.7321289776859836,0.3593700039080515,0.20715153412576562,1.842717591736409,-2.7321289776859836,0.3593700039080515
2.399254579310764,-2.478514295010987,0.4039191376251719,0.07853467943198193,1.8595892790469983,-2.7257906520679076,0.35936029577248757,0.20579513109267936,1.8595892790469983,-2.7257906520679076,0.35936029577248757
2.399182210786667,-2.4784830937087112,0.40392113615609787,0.07853529762273836,1.8764062947611693,-2.7194730567063217,0.3593500639260443,0.20104820561193315,1.8764062947611693,-2.7194730567063217,0.3593500639260443
2.459096320664865,-2.4615727923007578,0.40870789318424333,0.08099940373541718,1.893278106601644,-2.7131350683028765,0.3593403457974644,0.22340403157477812,1.893278106601644,-2.7131350683028765,0.3593403457974644
2.459096320666128,-2.4615727922982833,0.4087078931877995,0.0809994037354197,1.910095248880068,-2.706817808202505,0.3593301180694856,0.21915800458002396,1.910095248880068,-2.706817808202505,0.3593301180694856
2.4590982885224126,-2.461584076396399,0.4087069807632947,0.08099939203300316,1.9269671871930127,-2.700480156280911,0.3593204020029985,0.21803641410678712,1.9269671871930127,-2.700480156280911,0.3593204020029985
2.5077876767118497,-2.440786037264208,0.4062173293561934,0.08675907568230228,1.943784455529564,-2.694163231533251,0.3593101762888486,0.2249688622763518,1.943784455529564,-2.694163231533251,0.3593101762888486
2.507576105591644,-2.4403513565751163,0.4057797113004024,0.08675766882979154,1.960656519683551,-2.687825916225923,0.3593004650117556,0.21972190799160632,1.960656519683551,-2.687825916225923,0.3593004650117556
2.5079662577820416,-2.440719473293443,0.4061267866585534,0.08674995537162843,1.9774739156290173,-2.6815093262136553,0.35929023134820615,0.2098846206984905,1.9774739156290173,-2.6815093262136553,0.35929023134820615
2.5559516684926304,-2.4236577054618653,0.4062680297053392,0.08677370286716327,1.9943461064263408,-2.675172347327415,0.3592805199442572,0.21983374089734822,1.9943461064263408,-2.675172347327415,0.3592805199442572
2.555951500274775,-2.4236581103847996,0.40626751463373784,0.086773700357539,2.011163626942939,-2.6688560931709495,0.359270296617347,0.21698163319867406,2.011163626942939,-2.6688560931709495,0.359270296617347
2.6163643684332762,-2.405160648198649,0.4064625375383867,0.08657762222107529,2.028035944410555,-2.6625194505062315,0.3592605843849663,0.22986201245549964,2.028035944410555,-2.6625194505062315,0.3592605843849663
2.616364368580464,-2.405160647928248,0.40646253788484205,0.08657762220557004,2.0448535910126955,-2.6562035315464705,0.3592503617935261,0.22576209286519153,2.0448535910126955,-2.6562035315464705,0.3592503617935261
2.6163643683051223,-2.4051606484340873,0.4064625372367244,0.08657762223457588,2.061726034833536,-2.649867225206827,0.359240650494749,0.22334774199097795,2.061726034833536,-2.649867225206827,0.359240650494749
2.665430285037182,-2.3838933273361995,0.4059638107537525,0.08455411349781035,2.078543807445209,-2.6435516414381874,0.3592304288488637,0.2276660590087297,2.078543807445209,-2.6435516414381874,0.3592304288488637
2.6656149480013025,-2.384302966586482,0.4059941282634726,0.08454415827243512,2.0954163775771453,-2.637215671403528,0.3592207184735168,0.22488648678325662,2.0954163775771453,-2.637215671403528,0.3592207184735168
2.665372508596694,-2.3839105526121225,0.40595736633215174,0.08455435296220293,2.1122342761512,-2.630900422809359,0.359210497641718,0.21839399435766454,2.1122342761512,-2.630900422809359,0.359210497641718
2.6654793706971067,-2.384371736171584,0.40591608034835003,0.08454820484994431,2.1291069724958067,-2.6245647890878763,0.3592007876630822,0.21597402434600474,2.1291069724958067,-2.6245647890878763,0.3592007876630822
2.710312468338496,-2.3610554441184535,0.40476049175829576,0.08382634762593946,2.1459249986182622,-2.618249874953868,0.3591905775942347,0.22464251881712965,2.1459249986182622,-2.618249874953868,0.3591905775942347
2.7101409018967866,-2.3607711110364265,0.40479796849656446,0.08382653987034804,2.1627978200687585,-2.611914577808963,0.3591808615594276,0.22069482306610547,2.1627978200687585,-2.611914577808963,0.3591808615594276
2.763300261961254,-2.341617391977539,0.4013774876331006,0.08520835909939274,2.179615970485924,-2.605599999458586,0.3591706422155181,0.22506235368351588,2.179615970485924,-2.605599999458586,0.3591706422155181
2.763201994777382,-2.3406025621977973,0.40140596936172385,0.08520810045333528,2.19648891943819,-2.599265038147687,0.359160934441954,0.22142524140649397,2.19648891943819,-2.599265038147687,0.359160934441954
2.7634965516971413,-2.34160717345235,0.4013765595427121,0.08520844998648176,2.213307195824695,-2.5929507948715944,0.3591507162738328,0.21986372103936389,2.213307195824695,-2.5929507948715944,0.3591507162738328
2.815073155654695,-2.3199350446989566,0.4000391639974778,0.08660102064556807,2.2301802710238463,-2.5866161697545405,0.3591410094650792,0.22377534122702392,2.2301802710238463,-2.5866161697545405,0.3591410094650792
2.8114761418331065,-2.3188866233873737,0.40045863089859035,0.08656981960314636,2.246998673246322,-2.580302261561541,0.3591307924696301,0.21811105424136149,2.246998673246322,-2.580302261561541,0.3591307924696301
2.8124450058784882,-2.320587808624796,0.4004694335943504,0.08651168167325604,2.263871875760634,-2.5739679722608075,0.3591210798975502,0.21623625822782494,2.263871875760634,-2.5739679722608075,0.3591210798975502
2.863098685939601,-2.3004192114637383,0.4010409472056322,0.0877923191514063,2.280690403175114,-2.567654399443909,0.35911086792770264,0.22299684676542744,2.280690403175114,-2.567654399443909,0.35911086792770264
2.8600022361516113,-2.303125533815222,0.4007991833749958,0.08776884942476659,2.2975637308013197,-2.561320446674719,0.3591011626937211,0.22125547786653402,2.2975637308013197,-2.561320446674719,0.3591011626937211
2.860382182587948,-2.302146627702744,0.4008787691476851,0.08776906777816429,2.314382384829497,-2.555007208550364,0.3590909466422826,0.21980857347250246,2.314382384829497,-2.555007208550364,0.3590909466422826
2.90642226362458,-2.278807283126659,0.40204565851321716,0.08815240551877031,2.3312558386973112,-2.5486735918933103,0.3590812417598599,0.2258643053819559,2.3312558386973112,-2.5486735918933103,0.3590812417598599
2.904867200040198,-2.280230771637541,0.4019158674491221,0.088177274108288,2.3480746185788046,-2.542360688774596,0.3590710262057456,0.22456730867367364,2.3480746185788046,-2.542360688774596,0.3590710262057456
2.9100036172434995,-2.282598986951925,0.40140312778764137,0.0881449560257125,2.364948198638431,-2.5360274082302663,0.3590613218425862,0.21944713094967708,2.364948198638431,-2.5360274082302663,0.3590613218425862
2.9688427610322,-2.2584979361220943,0.4018530840852724,0.08962014877553726,2.3817671043459363,-2.529714840107935,0.35905110678729957,0.23295373650392118,2.3817671043459363,-2.529714840107935,0.35905110678729957
2.9661005125607196,-2.2589744019922544,0.4012801255314857,0.08960687052079636,2.3986408105763597,-2.5233818956650715,0.3590414028962158,0.23159418706162296,2.3986408105763597,-2.5233818956650715,0.3590414028962158
3.0178334485484104,-2.239610391816245,0.40224136535689275,0.0899872025081109,2.4154598420790405,-2.5170696625330926,0.35903118822397,0.23611169735932785,2.4154598420790405,-2.5170696625330926,0.35903118822397
3.017450164283777,-2.2392677552023654,0.402195095558006,0.08999275247098698,2.4323336743348665,-2.5107370542381098,0.3590214839462216,0.2321100787476205,2.4323336743348665,-2.5107370542381098,0.3590214839462216
3.0175828733608006,-2.2393187091939555,0.40215356431950566,0.08999247676547263,2.449152831953176,-2.5044251559569983,0.3590112716781365,0.2300501794617812,2.449152831953176,-2.5044251559569983,0.3590112716781365
3.017859946561924,-2.240053751441853,0.40220272153194614,0.08998494250183399,2.466026790440769,-2.498092883680507,0.35900156838602,0.22066230219268904,2.466026790440769,-2.498092883680507,0.35900156838602
3.073528478742593,-2.2254484663820793,0.3991173754648301,0.09264070143293497,2.4828460735195863,-2.4917813204684895,0.3589913546057755,0.2411656657143432,2.4828460735195863,-2.4917813204684895,0.3589913546057755
3.0709439251030872,-2.2249877610682525,0.39881972004228505,0.09268101673564409,2.499720158198956,-2.485449384237879,0.3589816520478858,0.23328499181644913,2.499720158198956,-2.485449384237879,0.3589816520478858
3.130161927510558,-2.2048634180713345,0.40322267439704546,0.09755985989482163,2.5165395670521167,-2.4791381559732386,0.358971438734421,0.2551807650046447,2.5165395670521167,-2.4791381559732386,0.358971438734421
3.131027666551962,-2.20563064457463,0.4031652961609339,0.09756087893146627,2.5334137778514414,-2.4728065557951133,0.3589617366311605,0.25330418589979703,2.5334137778514414,-2.4728065557951133,0.3589617366311605
3.1301608840343915,-2.204864915636327,0.4032214138504996,0.09755995646809805,2.550233312359978,-2.4664956625002104,0.3589515242642058,0.24592937671343648,2.550233312359978,-2.4664956625002104,0.3589515242642058
3.1830175364084994,-2.1869448830447444,0.4022940362069981,0.09652624642643053,2.5671076494885283,-2.46016439828276,0.3589418212020439,0.2530204827688679,2.5671076494885283,-2.46016439828276,0.3589418212020439
3.185142045831626,-2.1839877711988884,0.4024676381814197,0.09651794777157419,2.5839273098089888,-2.4538538399091134,0.3589316087438873,0.24738341006506473,2.5839273098089888,-2.4538538399091134,0.3589316087438873
3.1855188344687777,-2.1842783856513877,0.40234514623906603,0.09652173343263955,2.600801772836774,-2.44752291180947,0.3589219072575264,0.24050524838349774,2.600801772836774,-2.44752291180947,0.3589219072575264
3.2306032581331015,-2.165937761778997,0.4005507875424008,0.09325398879891578,2.617621558916902,-2.4412126883464382,0.3589116948776145,0.25720417573358173,2.617621558916902,-2.4412126883464382,0.3589116948776145
3.234371039970943,-2.1657907542697457,0.40012960101706335,0.09330197240735527,2.6344961480469813,-2.434882096269413,0.3589019936152864,0.25075893445739456,2.6344961480469813,-2.434882096269413,0.3589019936152864
3.2853435288801505,-2.146469438573025,0.3977519865106884,0.0931797372001718,2.651316059845048,-2.4285722077254923,0.3588917814675443,0.2537625364967562,2.651316059845048,-2.4285722077254923,0.3588917814675443
3.285258492996434,-2.146492813495221,0.39774783667180386,0.09318031277719249,2.668190775061428,-2.4222419516685907,0.35888208043339825,0.24998576991089144,2.668190775061428,-2.4222419516685907,0.35888208043339825
3.2853438018046015,-2.146469029298167,0.397752348410208,0.09317974407844892,2.68501081256312,-2.415932398040302,0.3588718684955974,0.24392098576282084,2.68501081256312,-2.415932398040302,0.3588718684955974
3.2853437636500527,-2.1464690865080605,0.39775229785108335,0.09317974311601476,2.701885653852302,-2.4096024780003553,0.35886216764878587,0.24100932702585842,2.701885653852302,-2.4096024780003553,0.35886216764878587
3.3242211155141854,-2.1301205998987283,0.3929269629546264,0.09765248780711433,2.7187058170321508,-2.40329325929107,0.3588519558099522,0.2511999935585663,2.7187058170321508,-2.40329325929107,0.3588519558099522
3.3242210206210023,-2.1301208055657113,0.392926811204487,0.09765250755054312,2.735580784563795,-2.3969636751883963,0.3588422562361833,0.2502487553273238,2.735580784563795,-2.3969636751883963,0.3588422562361833
3.3243262433259457,-2.1298716012796937,0.39291969134013466,0.09765489461176888,2.7524010733246964,-2.3906547914128815,0.3588320439758735,0.24732401940750073,2.7524010733246964,-2.3906547914128815,0.3588320439758735
3.3775879281253247,-2.1205834231204923,0.39037438805080615,0.10168145970221924,2.769276166734141,-2.384325543389396,0.3588223434591154,0.24959377437198027,2.769276166734141,-2.384325543389396,0.3588223434591154
3.3775054862080243,-2.120585086384647,0.39037968452854,0.10168138346004638,2.786096581281106,-2.378016994485077,0.358812132032398,0.24674878510769513,2.786096581281106,-2.378016994485077,0.358812132032398
3.4312765716791764,-2.1009460075344055,0.3907034220825264,0.10585532991097245,2.8029718007479087,-2.3716880824643676,0.3588024317126276,0.2679286688109302,2.8029718007479087,-2.3716880824643676,0.3588024317126276
3.433456007144846,-2.102486424074407,0.3907370540193597,0.10587270443047023,2.8197923409580308,-2.365379868464018,0.3587922204446516,0.26208220508812885,2.8197923409580308,-2.365379868464018,0.3587922204446516
3.4356117347199815,-2.0996864816321588,0.39080636099006394,0.10584984503159388,2.8366676864585703,-2.359051292448291,0.35878252030691477,0.2589636191204875,2.8366676864585703,-2.359051292448291,0.35878252030691477
3.434345282674429,-2.101660417488836,0.39052172805435587,0.10584147006939962,2.853488352412401,-2.3527434133207867,0.3587723086082763,0.2567643961306737,2.853488352412401,-2.3527434133207867,0.3587723086082763
3.4868798192113766,-2.0867102936711905,0.38877819173009504,0.10692764514078143,2.870363823902998,-2.346415173329338,0.3587626088536463,0.25806166949770676,2.870363823902998,-2.346415173329338,0.3587626088536463
3.486636016603191,-2.0865495982418523,0.3883179814577375,0.10693568007888603,2.88718461540958,-2.3401076291369685,0.3587523977989602,0.254947112584601,2.88718461540958,-2.3401076291369685,0.3587523977989602
3.44106588140109,-2.0594892543570533,0.38651291118226516,0.10318915967349478,2.904060212978245,-2.333779725123069,0.3587426978008779,0.22373421173929703,2.904060212978245,-2.333779725123069,0.3587426978008779
3.4434478589791486,-2.059440126348695,0.38690592902506027,0.10319446968581081,2.920881130123552,-2.327472515831506,0.358732486792047,0.1965604829192986,2.920881130123552,-2.327472515831506,0.358732486792047
3.4436104191352217,-2.059264803420332,0.38694682152260135,0.1031961273191499,2.937756853711686,-2.3211449478179755,0.3587227868492476,0.19155344719793913,2.937756853711686,-2.3211449478179755,0.3587227868492476
3.4938037600160055,-2.043115249511114,0.38503969312990394,0.10292868729494979,2.954577896483676,-2.3148380734299248,0.3587125758892665,0.21775050617611122,2.954577896483676,-2.3148380734299248,0.3587125758892665
3.4931989234383014,-2.0441745485399414,0.3847524530796885,0.10293064571147754,2.971453746082484,-2.3085108414180944,0.3587028759891021,0.2131856652434458,2.971453746082484,-2.3085108414180944,0.3587028759891021
3.4898889637304413,-2.046086099571849,0.38507563780811116,0.10289583874506829,2.9882749144714857,-2.3022043019356975,0.3586926650593294,0.18644801334060934,2.9882749144714857,-2.3022043019356975,0.3586926650593294
3.5391015574906586,-2.018304725647832,0.3877679466641728,0.10682297011714416,3.005150890070828,-2.2958774059285534,0.35868296516936643,0.21486734923767487,3.005150890070828,-2.2958774059285534,0.35868296516936643
3.5383488197751722,-2.0175977921468413,0.3877068095538938,0.1068509589731642,3.0219721840377467,-2.2895712013673135,0.3586727540612575,0.21181638934352176,3.0219721840377467,-2.2895712013673135,0.3586727540612575
3.5418709963993633,-2.0233029839261025,0.3863981598914698,0.10682275504062136,3.0272831355208085,-2.287478889438435,0.3919076582712424,0.21064669025894708,3.0272831355208085,-2.287478889438435,0.3919076582712424
3.578097551267316,-2.0052058496777954,0.43180064354890857,0.10746143027396339,3.0326390961938903,-2.28517735070119,0.41980801623511516,0.21959746664415272,3.0326390961938903,-2.28517735070119,0.41980801623511516
3.5807394313941856,-2.0042617289893974,0.43242496500821037,0.10757527807449231,3.035987374209212,-2.283611659004689,0.4549966865437126,0.229896657782989,3.035987374209212,-2.283611659004689,0.4549966865437126
3.558617404652475,-2.015553313368781,0.49668439597622516,0.11285917850721737,3.0375317400015307,-2.2828203462241388,0.4920191971117203,0.21061299171907166,3.0375317400015307,-2.2828203462241388,0.4920191971117203
3.554121656506778,-2.019198905986151,0.4956514083847959,0.11285996805673898,3.0471478155458542,-2.277608713970347,0.5012965496072778,0.21048484216153784,3.0471478155458542,-2.277608713970347,0.5012965496072778
3.5542159215847207,-2.019222300949176,0.4956467676797744,0.11286164948961094,3.058363631460677,-2.2714496656287246,0.503068196314947,0.20369426220496084,3.058363631460677,-2.2714496656287246,0.503068196314947
3.6335476136167313,-1.979258677524879,0.4942021940333933,0.10729500905012984,3.071390242837251,-2.264294697370092,0.5014782554429306,0.2434263638652909,3.071390242837251,-2.264294697370092,0.5014782554429306
3.634032183869908,-1.9825080879991583,0.4943321913908909,0.1073086366329436,3.0847258806053164,-2.2569985852644487,0.4997710560091001,0.23931664716912604,3.0847258806053164,-2.2569985852644487,0.4997710560091001
3.63350160253887,-1.979229403372472,0.4942185351199844,0.10729194124814563,3.1011378511885868,-2.2480424164125363,0.4993153879771635,0.23333613692713412,3.1011378511885868,-2.2480424164125363,0.4993153879771635
3.687741962843555,-1.9596283617422257,0.49458495597793933,0.10687154126271567,3.117148343693588,-2.239309596328794,0.49936112755242984,0.2417515313024805,3.117148343693588,-2.239309596328794,0.49936112755242984
3.687740092672939,-1.959594353279014,0.4944958440373321,0.10686734058770885,3.1330647920728443,-2.2306267908888913,0.4994394527320648,0.24019965187106262,3.1330647920728443,-2.2306267908888913,0.4994394527320648
3.6877393950297077,-1.9595970781977807,0.4944940568020793,0.10686725999051648,3.148871907481353,-2.222002460219915,0.4994751096557388,0.2096988968641282,3.148871907481353,-2.222002460219915,0.4994751096557388
3.740537160640301,-1.9333897235691795,0.49512434140444816,0.10553255720994992,3.164708249142969,-2.2133617071087013,0.4994858410623694,0.2497723050156985,3.164708249142969,-2.2133617071087013,0.4994858410623694
3.740346907049014,-1.9330600320953844,0.495119095798262,0.10552522147398823,3.180483920857615,-2.204753955447933,0.4994850526321746,0.2264892348571117,3.180483920857615,-2.204753955447933,0.4994850526321746
3.740346903821044,-1.9330600494092312,0.49511908475845023,0.10552522233327406,3.196307195756569,-2.1961202899553545,0.4994799863711741,0.2259575856317238,3.196307195756569,-2.1961202899553545,0.4994799863711741
3.7921291495336784,-1.9053246283787293,0.500379487771657,0.10907626011683749,3.2120778163167416,-2.1875154829332057,0.4994724809494195,0.2589061270241436,3.2120778163167416,-2.1875154829332057,0.4994724809494195
3.792262825395512,-1.9054825427363664,0.500400910059371,0.10907640359011256,3.227899364767069,-2.178883045109343,0.4994647312435265,0.2369664946476478,3.227899364767069,-2.178883045109343,0.4994647312435265
3.8397743071901553,-1.8777559129113632,0.5045664078151941,0.11065376082466552,3.243669395945649,-2.17027888272286,0.4994561640333548,0.2589613087900041,3.243669395945649,-2.17027888272286,0.4994561640333548
3.8397747144312477,-1.8777531105937673,0.5045680731130702,0.11065379540646018,3.2594906893611104,-2.1616469234412117,0.4994479867471745,0.2528077634924998,3.2594906893611104,-2.1616469234412117,0.4994479867471745
3.839857406264005,-1.8768848149354977,0.5044852849528249,0.11065906593075184,3.265187825461392,-2.1584215590693128,0.5308492801413576,0.2594585004295282,3.265187825461392,-2.1584215590693128,0.5308492801413576
3.857240720210264,-1.873399231901947,0.5587564290289105,0.10738474787046866,3.2695773869941016,-2.155751003551277,0.562279033208465,0.26064919096646544,3.2695773869941016,-2.155751003551277,0.562279033208465
3.8562801132673385,-1.8730412739320703,0.5582285606961392,0.10736225602839684,3.272201130454857,-2.1540354535788535,0.595883069683357,0.271640934931567,3.272201130454857,-2.1540354535788535,0.595883069683357
3.8572395660350995,-1.8734037909356853,0.55875380442075,0.10738477343733151,3.2811492125287534,-2.147906312650363,0.6052475100098674,0.2780379132339771,3.2811492125287534,-2.147906312650363,0.6052475100098674
3.8339224448277855,-1.8658015011977693,0.5666689886226913,0.11755172195024123,3.292405703381036,-2.14011268661232,0.6059223876381609,0.25316061007283003,3.292405703381036,-2.14011268661232,0.6059223876381609
3.8331552868405474,-1.8659916351248191,0.5668240770381583,0.11756822538264401,3.304741655763657,-2.131580068431688,0.6043275510315941,0.25207053055803286,3.304741655763657,-2.131580068431688,0.6043275510315941
3.8331552801604722,-1.8659887626889513,0.5668255942606996,0.11756832370600992,3.3182257519608744,-2.122281645221814,0.6030752734396266,0.24575568257744723,3.3182257519608744,-2.122281645221814,0.6030752734396266
3.9302078591407605,-1.8167780351303033,0.5684962764666337,0.1102306473281216,3.333318025147382,-2.1118926988648195,0.6026695317722336,0.28003252314583815,3.333318025147382,-2.1118926988648195,0.6026695317722336
3.9302079224072974,-1.8167778488185693,0.5684963966686464,0.11023065378440447,3.348283916807136,-2.101594851480172,0.6027032193873032,0.2788602836736337,3.348283916807136,-2.101594851480172,0.6027032193873032
3.932301615904949,-1.8172162489576422,0.5714712990426246,0.11032546339629666,3.3631291438752555,-2.0913792340776016,0.6027424798789153,0.2651919748542795,3.3631291438752555,-2.0913792340776016,0.6027424798789153
3.9729418681582693,-1.7851229304496274,0.5692906729259992,0.10899063532289456,3.377993745479126,-2.0811496770021107,0.60275866593689,0.2926640489540851,3.377993745479126,-2.0811496770021107,0.60275866593689
3.973003720831499,-1.7850571198556975,0.5692908565033475,0.10898821673699281,3.39279928007218,-2.0709605673019666,0.6027609513906843,0.282478852732435,3.39279928007218,-2.0709605673019666,0.6027609513906843
4.01038543999713,-1.7584626321171655,0.5697513542639338,0.11281709767114298,3.407649150269569,-2.0607409546688817,0.6027578751459498,0.297732416597484,3.407649150269569,-2.0607409546688817,0.6027578751459498
4.01061382268535,-1.7585269032597106,0.5696920532847721,0.11281578491288358,3.4224489830705798,-2.050555876657457,0.6027518621003354,0.286000597165345,3.4224489830705798,-2.050555876657457,0.6027518621003354
4.011338631889252,-1.7575534176142829,0.5702738335324684,0.11282434694439114,3.4372960899092675,-2.0403383996827698,0.6027455804205039,0.2711855750812509,3.4372960899092675,-2.0403383996827698,0.6027455804205039
4.011341642183028,-1.7575433346552647,0.5702799809217262,0.11282464993508451,3.452094966734698,-2.030154266078559,0.602737880023597,0.2693788534544667,3.452094966734698,-2.030154266078559,0.602737880023597
4.058878969332468,-1.7311089975087603,0.5687231874416995,0.11555620646511346,3.4669420412994394,-2.019937125506356,0.602730840664594,0.2764438738120047,3.4669420412994394,-2.019937125506356,0.602730840664594
4.059288803871351,-1.7317018225221479,0.5683412658024716,0.11558270562317977,3.4817409501051952,-2.0097532905449214,0.6027232118863195,0.2735356586097987,3.4817409501051952,-2.0097532905449214,0.6027232118863195
4.1055330405108466,-1.697740264725405,0.5706263430603193,0.11364317040082324,3.4965880292759284,-1.9995364687661934,0.6027160760766722,0.28824001949977807,3.4965880292759284,-1.9995364687661934,0.6027160760766722
4.105540985327126,-1.6977133719012136,0.5706422303323081,0.11364611990790446,3.511387027860263,-1.9893528945154273,0.6027083992960438,0.28639262873218857,3.511387027860263,-1.9893528945154273,0.6027083992960438
4.107307274840578,-1.6947038532911276,0.5716650834292312,0.11381237112330642,3.526234308753857,-1.979136256550119,0.6027013950664261,0.27599399068699904,3.526234308753857,-1.979136256550119,0.6027013950664261
4.106175114338123,-1.697938447540659,0.5709813972746719,0.11370824193786515,3.5317636370074803,-1.975208047000009,0.632684177217693,0.27897087488395494,3.5317636370074803,-1.975208047000009,0.632684177217693
4.130325543143796,-1.6796155603822391,0.6058578777973793,0.11532051826955494,3.535830258201885,-1.9721269705045539,0.66407443436123,0.29869415901606844,3.535830258201885,-1.9721269705045539,0.66407443436123
4.11877422807718,-1.6862140552135576,0.6375702628852099,0.1371381769112449,3.538376336082,-1.9700633457616479,0.6981604729368003,0.28410495297244076,3.538376336082,-1.9700633457616479,0.6981604729368003
4.118773934393647,-1.6862127689455153,0.6375706888157577,0.13713819988649426,3.5466788405268024,-1.9630347426116126,0.7068315841764061,0.28066653653417006,3.5466788405268024,-1.9630347426116126,0.7068315841764061
4.121101174473964,-1.6984344918196046,0.6346005471183113,0.13719007517241466,3.556943518733898,-1.9542509765442766,0.7087878426956833,0.27844962556522546,3.556943518733898,-1.9542509765442766,0.7087878426956833
4.11877292107867,-1.6862083213957617,0.6375721606421052,0.1371382794934009,3.5682690708532854,-1.9445575202436212,0.7070223429869417,0.27080152684979353,3.5682690708532854,-1.9445575202436212,0.7070223429869417
4.185965937260434,-1.6396674643245999,0.6313986886940858,0.11691347535761727,3.580512075658356,-1.9341118447694639,0.7056701375391328,0.3258120121176198,3.580512075658356,-1.9341118447694639,0.7056701375391328
4.186970596324867,-1.6377685103082034,0.6326498500025601,0.11704177937250256,3.5945110352568905,-1.922190455582336,0.7051639541850615,0.30394773969443856,3.5945110352568905,-1.922190455582336,0.7051639541850615
4.187883872156534,-1.6384184231040035,0.6324417201028941,0.11700478915520235,3.608427520204791,-1.91034488406169,0.7052049672861647,0.29354784962654723,3.608427520204791,-1.91034488406169,0.7052049672861647
4.2386128550960915,-1.60220277950906,0.6343901768099617,0.11605151515789537,3.622181570165713,-1.8986362347987669,0.7052770018040734,0.3203785394035176,3.622181570165713,-1.8986362347987669,0.7052770018040734
4.239461706504652,-1.5989422984354706,0.6349509943022139,0.11602539680843221,3.6359338422243135,-1.886927836866032,0.705311392507996,0.30829006045913393,3.6359338422243135,-1.886927836866032,0.705311392507996
4.239665389192818,-1.6000065850756773,0.6345074977467127,0.11601336379566914,3.64962350776048,-1.8752722065190088,0.7053222567458967,0.29890199376037224,3.64962350776048,-1.8752722065190088,0.7053222567458967
4.278421953148062,-1.568231391220055,0.6355423902299662,0.11768813587124925,3.66335102732399,-1.8635842050097993,0.7053233487860818,0.30693130113210054,3.66335102732399,-1.8635842050097993,0.7053233487860818
4.278672581961146,-1.568140990945729,0.6355190037599517,0.11768818733640041,3.677031033864327,-1.8519366882753312,0.7053196434216552,0.29491062752228486,3.677031033864327,-1.8519366882753312,0.7053196434216552
4.319895732973502,-1.550044242596178,0.6322685468970015,0.11857199907263517,3.6907542706622953,-1.8402524660945314,0.7053147367443887,0.325402371552348,3.6907542706622953,-1.8402524660945314,0.7053147367443887
4.31904368957234,-1.5494292811571775,0.6309475249076327,0.11807988671274194,3.7044326824949687,-1.8286065405135052,0.7053084727150707,0.2978230330187757,3.7044326824949687,-1.8286065405135052,0.7053084727150707
4.318858042931241,-1.5491468095387546,0.6311709806102508,0.11813777995307362,3.7181555841773055,-1.816922879440631,0.7053026056036594,0.2943749452613766,3.7181555841773055,-1.816922879440631,0.7053026056036594
4.3188893575388345,-1.547493900738436,0.6309601041314519,0.11804912522150744,3.731833943505308,-1.8052772880142984,0.7052960673235121,0.2837928356420651,3.731833943505308,-1.8052772880142984,0.7052960673235121
4.366004488589049,-1.5051052370737774,0.6368684017082707,0.1173642584731923,3.74555681292261,-1.7935939507148881,0.705289974886948,0.3277250907820849,3.74555681292261,-1.7935939507148881,0.705289974886948
4.365546109899551,-1.5051198218940836,0.636665143211105,0.11729120774617326,3.7592352596066254,-1.781948582661458,0.7052834579509134,0.3179907005576445,3.7592352596066254,-1.781948582661458,0.7052834579509134
4.365029247132472,-1.505782397623693,0.6363962920383974,0.11722834795262684,3.7729583002782583,-1.77026539801142,0.705277366391055,0.2992551743379454,3.7729583002782583,-1.77026539801142,0.705277366391055
4.4038485576376285,-1.4859165199646622,0.6336077408846132,0.11743235125586257,3.786636892156256,-1.7586202048810629,0.705270759181931,0.31683796182595947,3.786636892156256,-1.7586202048810629,0.705270759181931
4.403410233733662,-1.4861543207822931,0.6330903983704879,0.11738127135664574,3.8003600635530463,-1.7469372093206799,0.7052646837365729,0.2917805577086133,3.8003600635530463,-1.7469372093206799,0.7052646837365729
4.4493567149078475,-1.4535511607275153,0.6333083829455971,0.1161282414111286,3.8140387956662978,-1.735292195961264,0.7052580814460896,0.3368216781511962,3.8140387956662978,-1.735292195961264,0.7052580814460896
4.448587791783349,-1.4599637326420098,0.6335938425520469,0.11640716589303245,3.8277621230379,-1.723609367631043,0.7052520107691835,0.32819355693038793,3.8277621230379,-1.723609367631043,0.7052520107691835
4.448770103618484,-1.4569902787708422,0.6327969329052014,0.11609025830678112,3.841441006286048,-1.7119645245316542,0.7052454136762926,0.3085253820462977,3.841441006286048,-1.7119645245316542,0.7052454136762926
4.4886015000273725,-1.4259262250776528,0.6320620155309894,0.11614530974560627,3.855164477902753,-1.7002818731825133,0.7052393476979368,0.32924325756401307,3.855164477902753,-1.7002818731825133,0.7052393476979368
4.48989091406669,-1.4239216439818616,0.6320330736389937,0.11606772618365992,3.868843507276946,-1.6886372043851972,0.7052327547894472,0.3214451482805486,3.868843507276946,-1.6886372043851972,0.7052327547894472
4.489770603238596,-1.4232631174463335,0.6321677962119827,0.11607904949772409,3.882567128579329,-1.6769547251795651,0.7052266931421971,0.315871465758081,3.882567128579329,-1.6769547251795651,0.7052266931421971
4.524733044948434,-1.3890254511489726,0.6334039204522878,0.11832443029321628,3.896246306246457,-1.6653102286353656,0.7052201047395814,0.3277035568359758,3.896246306246457,-1.6653102286353656,0.7052201047395814
4.524733044467857,-1.389025461204628,0.633403916643511,0.11832443002624332,3.909970074416066,-1.6536279237571514,0.7052140479396638,0.3255732313410141,3.909970074416066,-1.6536279237571514,0.7052140479396638
4.524655446482002,-1.3887761354931194,0.6334253217553767,0.11832370304162614,3.9236493987550354,-1.6419836005975013,0.7052074664228516,0.31344252221168034,3.9236493987550354,-1.6419836005975013,0.7052074664228516
4.686673185774736,-1.4782828480580588,0.6318734033116472,0.12263726513013723,3.937373295967833,-1.6303014833397347,0.7052015498181572,0.3411194927086863,3.937373295967833,-1.6303014833397347,0.7052015498181572
4.686673267598544,-1.4782955267352023,0.6318681734163224,0.1226371282173089,3.9510527883505775,-1.6186573138268092,0.7051948120388272,0.3401584632428325,3.9510527883505775,-1.6186573138268092,0.7051948120388272
4.736340658163866,-1.4388178567082845,0.635273835544546,0.1188017586262532,3.964776851666416,-1.6069753562309468,0.7051887645711044,0.35109522140689053,3.964776851666416,-1.6069753562309468,0.7051887645711044
4.735868945045756,-1.442775181459826,0.6347271448307882,0.11878253745020378,3.978456470664356,-1.5953313787208794,0.705182182708093,0.3511601632209922,3.978456470664356,-1.5953313787208794,0.705182182708093
4.7360222761354835,-1.4428651646323154,0.6347106470793672,0.11877705981734592,3.992180688369403,-1.5836495880526344,0.705176182912644,0.33861060762609835,3.992180688369403,-1.5836495880526344,0.705176182912644
4.736264214103594,-1.4387653000775018,0.6353057396919363,0.11880906771665259,4.005860450909268,-1.5720057854577716,0.7051695769070931,0.32593465902208457,4.005860450909268,-1.5720057854577716,0.7051695769070931
4.777719513767909,-1.409858481229698,0.6339913201999097,0.12129910226419528,4.019584809604775,-1.560324173686348,0.705163530076689,0.351853552030326,4.019584809604775,-1.560324173686348,0.705163530076689
4.7764453216596365,-1.4110048685170116,0.6337855341440168,0.12129506664359375,4.03326472354832,-1.5486805403184798,0.7051569571920854,0.3415326654985196,4.03326472354832,-1.5486805403184798,0.7051569571920854
4.822621630375706,-1.3807226894346736,0.6327647540813651,0.12133358686214184,4.046989230032219,-1.5369991013693771,0.7051509154642235,0.35647107774458436,4.046989230032219,-1.5369991013693771,0.7051509154642235
4.82533009602529,-1.3831462219410167,0.6325232516886069,0.12133865450219268,4.060669291151847,-1.5253556402752508,0.7051443460695721,0.356505124907708,4.060669291151847,-1.5253556402752508,0.7051443460695721
4.825647946206367,-1.382391357655532,0.6327739290161848,0.1213252316843184,4.074393945031493,-1.5136743743034549,0.7051383074123053,0.35281397466756376,4.074393945031493,-1.5136743743034549,0.7051383074123053
4.870484207166065,-1.3566175069236892,0.6320084698016923,0.11667468297952206,4.088074153150335,-1.5020310854864474,0.7051317408582644,0.3465015848856869,4.088074153150335,-1.5020310854864474,0.7051317408582644
4.869102461942629,-1.355121059066898,0.6316969409090413,0.1166282399701981,4.101798954331044,-1.4903499924362666,0.7051257049422486,0.34563219345469054,4.101798954331044,-1.4903499924362666,0.7051257049422486
4.869099535123083,-1.3554567865365765,0.6314979313238213,0.11661193975695382,4.115479309356598,-1.478706875845679,0.7051191410224866,0.34531127965181424,4.115479309356598,-1.478706875845679,0.7051191410224866
4.909432572173591,-1.3208744417019793,0.6329602948087408,0.1177613523753604,4.129204257745953,-1.4670259556704996,0.705113107717558,0.35965087294580184,4.129204257745953,-1.4670259556704996,0.705113107717558
4.908661098019382,-1.3254082276610335,0.6303588020904394,0.11777267129744251,4.142884759574678,-1.4553830112712758,0.7051065464149227,0.3538920678429815,4.142884759574678,-1.4553830112712758,0.7051065464149227
4.908223459714354,-1.3205836945305034,0.6326322106909544,0.1177286245992336,4.156609855034227,-1.4437022639608292,0.7051005160481542,0.34911018428952606,4.156609855034227,-1.4437022639608292,0.7051005160481542
4.946290717122444,-1.2972204670587586,0.6315287528305539,0.12117933223704044,4.170290503118659,-1.432059492050295,0.7050939605268753,0.3573591042461316,4.170290503118659,-1.432059492050295,0.7050939605268753
4.942779206200711,-1.2943157729610146,0.6305396574936495,0.12090092466198656,4.184015747446256,-1.4203789160343838,0.7050879190925917,0.35346215241693935,4.184015747446256,-1.4203789160343838,0.7050879190925917
5.004129859574527,-1.261745504449993,0.6336058636014139,0.11114864423772,4.197696542253825,-1.40873631638107,0.7050813658236548,0.3519943227831081,4.197696542253825,-1.40873631638107,0.7050813658236548
5.004112894243214,-1.2625222496900868,0.6334911279118322,0.11114742005117474,4.211421931786766,-1.3970559146831931,0.7050753388463451,0.348846080336882,4.211421931786766,-1.3970559146831931,0.7050753388463451
5.0040149582440625,-1.2622581226480083,0.6335044474457991,0.1111482913737765,4.225102872641032,-1.3854134876207955,0.7050687749183535,0.3454011392668799,4.225102872641032,-1.3854134876207955,0.7050687749183535
5.004077878481969,-1.2617666505495038,0.6336050121169063,0.11114818633647879,4.2388284115051365,-1.3737332565965925,0.7050627660554504,0.3343394454198247,4.2388284115051365,-1.3737332565965925,0.7050627660554504
5.062597338233496,-1.2229688744287832,0.6354883129273751,0.09824434277665897,4.252509499762264,-1.3620910005702571,0.7050562105428783,0.3621484610115441,4.252509499762264,-1.3620910005702571,0.7050562105428783
5.062849808285743,-1.2229843255261819,0.635690066491709,0.09825306744230952,4.266235183348507,-1.350410943901582,0.7050501870909011,0.35162569371943164,4.266235183348507,-1.350410943901582,0.7050501870909011
5.0993344110294885,-1.2075252293134962,0.6301661997970603,0.10271841507453659,4.279916418455058,-1.3387688595820042,0.7050436354022771,0.3571244875888619,4.279916418455058,-1.3387688595820042,0.7050436354022771
5.099334411029766,-1.2075252293269476,0.6301661997920606,0.10271841507423206,4.293642249017845,-1.3270889754060633,0.7050376141421366,0.3568801353801764,4.293642249017845,-1.3270889754060633,0.7050376141421366
5.1006677664677,-1.208442826509226,0.6297828836649176,0.10268162398205796,4.307323630647532,-1.3154470629522996,0.7050310643092801,0.3460807871376625,4.307323630647532,-1.3154470629522996,0.7050310643092801
5.100564037973935,-1.2057259717964683,0.6305173171600684,0.10274037886933224,4.321049608084736,-1.303767351265455,0.7050250447862589,0.342604730529986,4.321049608084736,-1.303767351265455,0.7050250447862589
5.140776063887293,-1.1740344583702738,0.6317256831281137,0.0998892168605336,4.334731136168043,-1.2921256106548635,0.7050184965948452,0.3554255876111292,4.334731136168043,-1.2921256106548635,0.7050184965948452
5.142162065918749,-1.1734679423653442,0.6323758848301083,0.09987974506363423,4.34845726042676,-1.2804460714245018,0.705012478668358,0.3556084036316202,4.34845726042676,-1.2804460714245018,0.705012478668358
5.185652683539599,-1.1389132252616458,0.6334011686791323,0.09981775441251209,4.36213893491064,-1.2688045026263821,0.705005932014046,0.35569354086369714,4.36213893491064,-1.2688045026263821,0.705005932014046
5.1856276950063975,-1.1382927066525714,0.6335622734502925,0.09982354881298383,4.375865205942162,-1.2571251358201634,0.7049999156106425,0.35328431833658924,4.375865205942162,-1.2571251358201634,0.7049999156106425
5.186374731376555,-1.1358112123414792,0.6338461551675993,0.09982721118882015,4.389547026767158,-1.2454837388131517,0.7049933704866468,0.3534995289214998,4.389547026767158,-1.2454837388131517,0.7049933704866468
5.225223387967471,-1.1063765614117247,0.6352616139545063,0.1012843013805607,4.403273444474721,-1.2338045444377022,0.704987355898685,0.359666303269847,4.403273444474721,-1.2338045444377022,0.704987355898685
5.225607157897381,-1.1057886514771775,0.6352368287151362,0.10128374587484998,4.416955418340343,-1.222163314016584,0.7049807636742503,0.3613658579702866,4.416955418340343,-1.222163314016584,0.7049807636742503
5.225607157876667,-1.1057886512201658,0.6352368288015268,0.10128374587363355,4.430681976960031,-1.2104842975156438,0.7049747959108899,0.3580491512048559,4.430681976960031,-1.2104842975156438,0.7049747959108899
5.265423214694328,-1.087852323058887,0.6311176210287935,0.10156729582182655,4.444364090332702,-1.198843244058609,0.7049682534527263,0.35502146652273386,4.444364090332702,-1.198843244058609,0.7049682534527263
5.2654723101972625,-1.0908556055794616,0.6315542845477794,0.10157466002878861,4.458090801366014,-1.1871643944546721,0.7049622400382666,0.35447999007936887,4.458090801366014,-1.1871643944546721,0.7049622400382666
5.266367869538859,-1.0893261153966407,0.6310510570615258,0.10155251195027698,4.471773061910679,-1.175523511842211,0.7049557050867354,0.3519464312578578,4.471773061910679,-1.175523511842211,0.7049557050867354
5.303479522651238,-1.046889932950731,0.6327346518650615,0.1001233948810757,4.485499919202506,-1.1638448347530086,0.7049496900764578,0.35499923657098864,4.485499919202506,-1.1638448347530086,0.7049496900764578
5.304505859992587,-1.047536835341568,0.6334226823189949,0.10014779629518047,4.499182325051379,-1.1522041245924504,0.7049431492602236,0.35530295674132256,4.499182325051379,-1.1522041245924504,0.7049431492602236
5.348589767764159,-1.010803359947504,0.6360989185699633,0.09934252232557345,4.512909329453796,-1.1405256193973519,0.7049371388028499,0.3582642072121976,4.512909329453796,-1.1405256193973519,0.7049371388028499
5.349448413857785,-1.0134533876433096,0.6350613981209254,0.09931604604677421,4.526591881537692,-1.1288850808420103,0.7049305993623356,0.3567803841572603,4.526591881537692,-1.1288850808420103,0.7049305993623356
5.349205633775774,-1.0134453147861784,0.6358921093111852,0.09938142289095742,4.54031903254456,-1.117206747871819,0.7049245900257392,0.3559592111981834,4.54031903254456,-1.117206747871819,0.7049245900257392
5.3905929196641,-0.9870834444677437,0.635884053216996,0.09979834901551166,4.554001730788625,-1.1055663809309872,0.7049180516064474,0.35942383455196786,4.554001730788625,-1.1055663809309872,0.7049180516064474
5.390365550719775,-0.9868733231640221,0.6359907830216345,0.0997924278626312,4.567729028360087,-1.0938882201703488,0.704912043247248,0.3607164861208681,4.567729028360087,-1.0938882201703488,0.704912043247248
5.391741378595867,-0.9942982306361982,0.6343559560179785,0.09978680995497914,4.581411872729827,-1.082248024827364,0.7049055057575467,0.35172415270461754,4.581411872729827,-1.082248024827364,0.7049055057575467
5.430847798871376,-0.9602486704048738,0.6346136469506413,0.10059888157634177,4.595139316836928,-1.070570036256672,0.7048994983037565,0.3682545070610143,4.595139316836928,-1.070570036256672,0.7048994983037565
5.430847806803176,-0.9602487740989679,0.6346136117929636,0.10059888318611154,4.608822307302504,-1.058930012494463,0.7048929616841604,0.36889699889762695,4.608822307302504,-1.058930012494463,0.7048929616841604
5.430847805974579,-0.9602487632660905,0.6346136154659014,0.10059888301792845,4.622549897918199,-1.0472521960954473,0.704886955089939,0.35765643730198454,4.622549897918199,-1.0472521960954473,0.704886955089939
5.472337203372865,-0.9196136926157638,0.6355241401353139,0.09807334158349386,4.63623303444445,-1.0356123439025144,0.7048804193367636,0.3520676497605429,4.63623303444445,-1.0356123439025144,0.7048804193367636
5.473342147717331,-0.9171981703394765,0.6356015577298064,0.09803983021013395,4.649960771483269,-1.0239346997031258,0.7048744139775619,0.35862296722356535,4.649960771483269,-1.0239346997031258,0.7048744139775619
5.473341951935586,-0.9171964620203814,0.6356021718131479,0.09803983500522861,4.663644054238821,-1.0122950189048279,0.7048678775816167,0.3590431213198825,4.663644054238821,-1.0122950189048279,0.7048678775816167
5.509636919593647,-0.8859203101974186,0.6391818907157402,0.09674088822758782,4.677371937768667,-1.000617546840541,0.7048618727599913,0.3604601008906453,4.677371937768667,-1.000617546840541,0.7048618727599913
5.513001275739814,-0.8913455410262245,0.6389767557061835,0.09673324390562868,4.691055366350501,-0.9889780377520734,0.7048553382461115,0.35992958938057107,4.691055366350501,-0.9889780377520734,0.7048553382461115
5.509636555815929,-0.8859177782063266,0.6391827739068364,0.0967409354255079,4.704783396048312,-0.9773007380733119,0.7048493312376919,0.35630124680562203,4.704783396048312,-0.9773007380733119,0.7048493312376919
4.552469570406143,-0.9858301947941932,0.6697397021582174,0.3297324600326662,4.718466971187521,-0.9656614000480022,0.7048428013486434,0.3528091919777801,4.718466971187521,-0.9656614000480022,0.7048428013486434
4.552469535182639,-0.9858301454105023,0.6697397130991108,0.3297324564045318,4.732195147591618,-0.953984272179413,0.7048367972062969,0.35343155284525624,4.732195147591618,-0.953984272179413,0.7048367972062969
5.587992675397111,-0.8364210287418052,0.6357307319588724,0.10076485807012743,4.745878868175721,-0.942345106079999,0.7048302639962477,0.3569195964390945,4.745878868175721,-0.942345106079999,0.7048302639962477
5.58806670690872,-0.8364866647540717,0.6357084615948002,0.10076475413587141,4.759607191041422,-0.9306681502633829,0.7048242607756426,0.3555204552604664,4.759607191041422,-0.9306681502633829,0.7048242607756426
5.587993969094098,-0.8364300696649423,0.6357278214137019,0.10076485954071418,4.773291057603189,-0.9190291556470935,0.7048177282132787,0.3587120246146914,4.773291057603189,-0.9190291556470935,0.7048177282132787
4.684196981956787,-0.9845267146990042,0.6493391216853673,0.3267418090097862,4.787019526870949,-0.9073523718995293,0.7048117255784957,0.3503266233823979,4.787019526870949,-0.9073523718995293,0.7048117255784957
5.6316705098306565,-0.8038703723036786,0.6362141288529906,0.0988657591756127,4.80070353938295,-0.8957135487617514,0.7048051935621964,0.35057964121224733,4.80070353938295,-0.8957135487617514,0.7048051935621964
5.631584841355107,-0.8032908411172099,0.6362175024385909,0.09885659229738553,4.814432155033419,-0.884036937073974,0.7047991914529638,0.34755169091277716,4.814432155033419,-0.884036937073974,0.7047991914529638
4.767636940155159,-0.7917222893139451,0.6771045908653915,0.32934310413386125,4.828116313476904,-0.8723982854056098,0.7047926599358411,0.3487841382919915,4.828116313476904,-0.8723982854056098,0.7047926599358411
4.767636940208285,-0.7917222894012534,0.6771045908449566,0.3293431041390973,4.841845075494417,-0.8607218457673511,0.7047866583112039,0.3489429942204115,4.841845075494417,-0.8607218457673511,0.7047866583112039
5.668124288672998,-0.7695368809303684,0.6379752168738488,0.10038339337727122,4.855529379852723,-0.8490833655599901,0.7047801272569618,0.3499107313244372,4.855529379852723,-0.8490833655599901,0.7047801272569618
5.710394841101146,-0.7479669794174157,0.6359410257524262,0.09862950971640828,4.86925828822187,-0.8374070979622883,0.7047741260863232,0.3571077050292332,4.86925828822187,-0.8374070979622883,0.7047741260863232
5.710965383282089,-0.7495681428807872,0.6362718715684484,0.09867634116815249,4.882942738474403,-0.825768789211792,0.7047675954915229,0.3553670638173663,4.882942738474403,-0.825768789211792,0.7047675954915229
5.711560481588987,-0.7471057267604129,0.6360963851581767,0.09862940962948084,4.896671793292998,-0.814092693559195,0.7047615939313066,0.3519796946727635,4.896671793292998,-0.814092693559195,0.7047615939313066
5.75367464020696,-0.7273676296544801,0.6360099438197003,0.09841471793574379,4.910356389357266,-0.8024545563282275,0.7047550642966399,0.35669932390365133,4.910356389357266,-0.8024545563282275,0.7047550642966399
5.750445878536604,-0.7214137488686353,0.6364779347858371,0.09844433271795444,4.924085590387365,-0.7907786327922715,0.7047490638873302,0.3515910231740715,4.924085590387365,-0.7907786327922715,0.7047490638873302
4.852769310908617,-0.8546566048928872,0.6503162930532143,0.34114995535086234,4.937770332375965,-0.7791406669520402,0.7047425337760468,0.3572856869011063,4.937770332375965,-0.7791406669520402,0.7047425337760468
5.638361126744461,-0.6499167118679091,0.6337224311941645,0.10019976527158068,4.94279802831959,-0.7749836337341107,0.6770294348771573,0.3025126264251424,4.94279802831959,-0.7749836337341107,0.6770294348771573
5.637728154912889,-0.6500376660927181,0.6337333648627232,0.1001989263991342,4.94681260958701,-0.7718443613653365,0.6502674402913478,0.29804762611763935,4.94681260958701,-0.7718443613653365,0.6502674402913478
5.654268733236484,-0.6430455032247555,0.5772073801347208,0.10313887864213138,4.949275436482711,-0.770024936235107,0.6222630267624828,0.3195062439238477,4.949275436482711,-0.770024936235107,0.6222630267624828
5.652990224593713,-0.6424232765771221,0.5770888994190135,0.10316973898883577,4.9507350682410864,-0.769012980468248,0.5901608633230637,0.3156521894649081,4.9507350682410864,-0.769012980468248,0.5901608633230637
5.653039986572765,-0.6423504742172906,0.5771181333062141,0.10316920179903917,4.9586589068411255,-0.7638056389816152,0.5726431414628382,0.2958256983759852,4.9586589068411255,-0.7638056389816152,0.5726431414628382
5.620350369878372,-0.5849373531027241,0.6015358771830579,0.3243522373001635,4.970400660294756,-0.7562793353210027,0.5673820856814744,0.39224662418340606,4.970400660294756,-0.7562793353210027,0.5673820856814744
5.620342141305625,-0.5849178341388944,0.6015392352940485,0.3243523657624168,4.983105386446046,-0.748204460256991,0.564961008921657,0.4019678620813827,4.983105386446046,-0.748204460256991,0.564961008921657
5.721686382712714,-0.6087563425265973,0.5536521511879288,0.10203251837855039,4.995990530882417,-0.7400528760147376,0.5631796261575798,0.33414197923958155,4.995990530882417,-0.7400528760147376,0.5631796261575798
5.72099699400927,-0.6047771220910325,0.5525800282333527,0.10198922824845101,5.011980612265132,-0.7299612961323789,0.5627894214779745,0.3300203728016733,5.011980612265132,-0.7299612961323789,0.5627894214779745
5.723964441506379,-0.6075688074494021,0.5542390635662824,0.10204425367912962,5.027498523224635,-0.7201704526849699,0.5629268169613029,0.311896803185119,5.027498523224635,-0.7201704526849699,0.5629268169613029
5.722144547009705,-0.6051778392189481,0.5547357711061385,0.10209346451224571,5.042869526331679,-0.7104694708166859,0.5630526114354545,0.2901150779085246,5.042869526331679,-0.7104694708166859,0.5630526114354545
5.768049835722852,-0.5643787785691959,0.5539500486364218,0.09887899519721091,5.05811148019003,-0.7008479906233132,0.5631092463235049,0.3117501440476305,5.05811148019003,-0.7008479906233132,0.5631092463235049
5.768049836297523,-0.5643787822048494,0.5539500475018586,0.09887899512759996,5.073371867336833,-0.6912140556463977,0.5631293410252982,0.3102967345930754,5.073371867336833,-0.6912140556463977,0.5631293410252982
5.807961211672094,-0.5267065482823656,0.5548961115300903,0.10122906375465983,5.088570335018073,-0.6816189617127715,0.5631326684160929,0.33468940057499486,5.088570335018073,-0.6816189617127715,0.5631326684160929
5.807955423991514,-0.5266795824132979,0.5549042900748251,0.10122830866286338,5.103813468309819,-0.6719956643195215,0.5631298264480809,0.3180006190515093,5.103813468309819,-0.6719956643195215,0.5631298264480809
5.807961701762507,-0.5267088370338658,0.5548954154195883,0.10122912859393805,5.119005215101385,-0.6624049028355805,0.5631237657540821,0.31401987825535815,5.119005215101385,-0.6624049028355805,0.5631237657540821
5.854590794379551,-0.5171855400429388,0.5544763060935244,0.10350982892492852,5.13424573932587,-0.6527834883180224,0.5631166111754814,0.32477232613597157,5.13424573932587,-0.6527834883180224,0.5631166111754814
5.855885613846644,-0.5193462912213933,0.554501990159353,0.10351405494247957,5.149436436934369,-0.6431936805729741,0.5631095508956235,0.3235844751253161,5.149436436934369,-0.6431936805729741,0.5631095508956235
5.855787359528838,-0.518715240185361,0.5544066455975204,0.10348829139335672,5.164676608423597,-0.6335727924715528,0.5631023250792161,0.31938309285777505,5.164676608423597,-0.6335727924715528,0.5631023250792161
5.8967379936167745,-0.49283805069249637,0.553614589867153,0.10139436805674802,5.179867361742398,-0.6239832610873162,0.5630945089858257,0.32423132737562804,5.179867361742398,-0.6239832610873162,0.5630945089858257
5.89800910726305,-0.49442313514025404,0.5532561294362826,0.10136810513337066,5.195107597793021,-0.6143626538489242,0.5630871872132536,0.3100620496214293,5.195107597793021,-0.6143626538489242,0.5630871872132536
5.898862812024713,-0.4986634451791184,0.5543506721377726,0.10135220506159999,5.210298464379821,-0.6047733729591962,0.563079333088162,0.28268181160681316,5.210298464379821,-0.6047733729591962,0.563079333088162
5.936784175217429,-0.46342893615855174,0.5498328444425222,0.10149631121959635,5.225538840337723,-0.5951530010450168,0.5630719932161834,0.31330024146886526,5.225538840337723,-0.5951530010450168,0.5630719932161834
5.936937090121114,-0.46317160369106797,0.5498106165583959,0.10148477807468574,5.230969454603,-0.5918270316218588,0.5359725590152692,0.31999057258802277,5.230969454603,-0.5918270316218588,0.5359725590152692
5.935778216639445,-0.45978857562047115,0.5493249010654552,0.1013972812965037,5.2357291198582825,-0.5890788296522067,0.5112905270403623,0.29558196733303055,5.2357291198582825,-0.5890788296522067,0.5112905270403623
5.947772458616841,-0.45834663837735734,0.4872693902024571,0.10154042671740782,5.238596073056781,-0.5875256951620842,0.4816636609268852,0.3235561876558431,5.238596073056781,-0.5875256951620842,0.4816636609268852
5.947899223155931,-0.4531630313764925,0.4872105314639503,0.10152962665707851,5.240412063699624,-0.5866136908947599,0.4491605663074643,0.30520948597041975,5.240412063699624,-0.5866136908947599,0.4491605663074643
5.947771496571933,-0.45831856336922616,0.4872507923518512,0.10154235327183526,5.241163584430923,-0.5862673920469237,0.4144328997065878,0.2791930246393363,5.241163584430923,-0.5862673920469237,0.4144328997065878
4.897789417446424,-0.08882451684298369,0.5190557220857851,0.41061270762419744,5.248963448529221,-0.5829220172102829,0.39590862173988295,0.4295045254612866,5.248963448529221,-0.5829220172102829,0.39590862173988295
4.891254975555391,-0.07872364126989183,0.5182865998081112,0.41037419730078356,5.26185238891268,-0.5775774708311494,0.3902539689771828,0.44090569457399337,5.26185238891268,-0.5775774708311494,0.3902539689771828
6.006244101625935,-0.4242221807686688,0.4244195327666805,0.09892415629454031,5.275804788072741,-0.571858495325456,0.38775541203237,0.30349845511355406,5.275804788072741,-0.571858495325456,0.38775541203237
6.006244101628919,-0.42422218078513013,0.42441953276183214,0.09892415629473551,5.289963535675268,-0.566090281855308,0.38597601190508785,0.30331680161828095,5.289963535675268,-0.566090281855308,0.38597601190508785
6.0062442340908735,-0.4242229136236808,0.4244193170180963,0.09892416499090766,5.306551953654001,-0.5593576636121278,0.3851241735013668,0.3048531606113259,5.306551953654001,-0.5593576636121278,0.3851241735013668
6.006244319993167,-0.4242233873060772,0.42441917747113667,0.09892417060722225,5.323912743087636,-0.5523186620357032,0.3852743140069722,0.30390793653173387,5.323912743087636,-0.5523186620357032,0.3852743140069722
6.05099868359789,-0.39543136171414583,0.4251242934440639,0.09977089858658039,5.340815912937751,-0.5454616003491175,0.3854903504354545,0.2996607944220779,5.340815912937751,-0.5454616003491175,0.3854903504354545
6.050998821478165,-0.39543208098229443,0.42512408503630583,0.09977089766268707,5.357618837978828,-0.5386420578628281,0.3855959215084454,0.2941465591808992,5.357618837978828,-0.5386420578628281,0.3855959215084454
6.106931418829057,-0.39643064779357984,0.4236773038474929,0.10023077815382961,5.374304717474988,-0.5318686063487239,0.3856357060640877,0.3000609143063404,5.374304717474988,-0.5318686063487239,0.3856357060640877
6.1069314234844745,-0.39643067266750864,0.42367729730147047,0.10023077797852067,5.391020259142937,-0.525082619612407,0.3856466847196392,0.29023935695568065,5.391020259142937,-0.525082619612407,0.3856466847196392
6.106931423737026,-0.3964306740168996,0.42367729694635314,0.10023077796901032,5.4076717428764045,-0.5183225470401176,0.3856451258767762,0.29228879771454036,5.4076717428764045,-0.5183225470401176,0.3856451258767762
6.150552687655647,-0.365364947945046,0.4258510474466724,0.10019610671710079,5.424373648411395,-0.5115420779769622,0.3856391328397407,0.3037943951525412,5.424373648411395,-0.5115420779769622,0.3856391328397407
6.150552687541633,-0.3653649473734192,0.42585104761029074,0.10019610674953287,5.441019840104246,-0.5047843673137344,0.3856306580113766,0.30391223608593343,5.441019840104246,-0.5047843673137344,0.3856306580113766
6.149481924959733,-0.3619812169962793,0.4251199668777534,0.09994265659667272,5.45771962348191,-0.4980050680276933,0.3856219077322873,0.3014682843014517,5.45771962348191,-0.4980050680276933,0.3856219077322873
6.14901663552622,-0.3617184255937258,0.4254422943096512,0.1000007491329745,5.474365053861302,-0.4912480110823658,0.3856123307707143,0.2846265421102335,5.474365053861302,-0.4912480110823658,0.3856123307707143
6.196555114971469,-0.34548358460547424,0.4209932555650093,0.10187603049156709,5.480115268021949,-0.48900704419695185,0.3576117159199147,0.29442259588543723,5.480115268021949,-0.48900704419695185,0.3576117159199147
6.1966941069159205,-0.34561975931723304,0.4209918365444359,0.10187742824841796,5.485156412787759,-0.487195202740363,0.332455901905538,0.28698162633042634,5.485156412787759,-0.487195202740363,0.332455901905538
6.206513060339074,-0.35071402681209607,0.3584039122796114,0.10542467915284602,5.488322160186571,-0.4861528327644171,0.3037133815302872,0.29008474607910467,5.488322160186571,-0.4861528327644171,0.3037133815302872
6.206444605626176,-0.3484006153521327,0.3586107017079391,0.10541454803138336,5.489895131870394,-0.485686345469599,0.272890281554723,0.30295580041861647,5.489895131870394,-0.485686345469599,0.272890281554723
6.206376919779214,-0.3492471526377459,0.3584780780975654,0.10540872657889028,5.499419575746658,-0.4831064975560677,0.2561473317744476,0.28948958645767964,5.499419575746658,-0.4831064975560677,0.2561473317744476
6.231913109698068,-0.310145712327112,0.33997583419990357,0.10022607763135039,5.512409912616508,-0.47975080384748914,0.2494445673481494,0.2949474123110519,5.512409912616508,-0.47975080384748914,0.2494445673481494
6.235899507119979,-0.30579507854311644,0.3408569229682127,0.10011053808379583,5.526849419869317,-0.4760935263039232,0.24668719097247163,0.27337234235696756,5.526849419869317,-0.4760935263039232,0.24668719097247163
6.23294745591389,-0.3134370515673823,0.3394226232281684,0.10023189797059809,5.543105384946549,-0.47201173779958294,0.2453304274908419,0.2597897772209365,5.543105384946549,-0.47201173779958294,0.2453304274908419
6.284956969259632,-0.30812524593772206,0.3330350538836249,0.10362976167174613,5.560824727634841,-0.4675789820062213,0.244937095694213,0.3023857690694014,5.560824727634841,-0.4675789820062213,0.244937095694213
6.338332777188883,-0.2952725438432987,0.3338342920227843,0.10278451778529085,5.578338903062869,-0.46320125584583494,0.2449323468320916,0.3178624358858719,5.578338903062869,-0.46320125584583494,0.2449323468320916
6.338266993741392,-0.2953426735589957,0.33381285221986257,0.10278419085691974,5.595856418059017,-0.45882259164084305,0.2449481970054635,0.2815189051921034,5.595856418059017,-0.45882259164084305,0.2449481970054635
6.338267367395969,-0.29534435389848196,0.33381240650470845,0.10278418174180055,5.613297472059235,-0.454462865402272,0.2449511441081803,0.2819975825766996,5.613297472059235,-0.454462865402272,0.2449511441081803
6.338267228596657,-0.29534372968708505,0.3338125720895234,0.10278418512338802,5.630788471257655,-0.45009066788678664,0.2449467457849838,0.279347682932769,5.630788471257655,-0.45009066788678664,0.2449467457849838
6.380015804163035,-0.275470361219077,0.33448750615586664,0.10127378637416685,5.648219213373508,-0.4457336517817021,0.244938288458315,0.30264928279268677,5.648219213373508,-0.4457336517817021,0.244938288458315
6.380187796152011,-0.2758395057964155,0.33441195104396265,0.10127171636369016,5.665704944979694,-0.4413630571829841,0.24492879281256208,0.2748035737698764,5.665704944979694,-0.4413630571829841,0.24492879281256208
6.380187777245326,-0.2758394122471781,0.33441197571522285,0.10127171626281548,5.683133640165027,-0.43700690495007555,0.2449181999149123,0.27260874714571404,5.683133640165027,-0.43700690495007555,0.2449181999149123
6.429993213095141,-0.2509008685513215,0.3348901549999061,0.1029019525473932,5.700619155699043,-0.4326367453464499,0.24490786610661938,0.306661842788966,5.700619155699043,-0.4326367453464499,0.24490786610661938
6.429993055401791,-0.25090018836650113,0.3348903289856925,0.10290192522212932,5.718047836050045,-0.42828098744000576,0.2448969371761274,0.29707427191046243,5.718047836050045,-0.42828098744000576,0.2448969371761274
6.4300052173617495,-0.2506017688155681,0.3348091898057235,0.10292017530207516,5.735533140523064,-0.4239112768140174,0.244886472012329,0.277389961270693,5.735533140523064,-0.4239112768140174,0.244886472012329
6.47971264585446,-0.24696850468388887,0.3338749060818167,0.10552742358925099,5.752961789571184,-0.41955592346794424,0.2448754804379203,0.2943332487173059,5.752961789571184,-0.41955592346794424,0.2448754804379203
6.479824753950592,-0.24705953590579105,0.33380983127740943,0.10553101849597422,5.770447259789883,-0.41518657024508165,0.24486499228103764,0.27510427089107803,5.770447259789883,-0.41518657024508165,0.24486499228103764
6.480767749433619,-0.24840362359510895,0.3335540039130507,0.10553008005043123,5.787876033056779,-0.4108315836301779,0.24485399732553154,0.2753568603119735,5.787876033056779,-0.4108315836301779,0.24485399732553154
6.523691611552328,-0.2295694200748183,0.33361080072029625,0.10324236407320543,5.805361552122702,-0.406462617310936,0.24484350781509043,0.3006060708166825,5.805361552122702,-0.406462617310936,0.24484350781509043
6.523691511609361,-0.22956893978192056,0.33361092690342214,0.1032423593194758,5.822790400273001,-0.4021080098335914,0.2448325104584041,0.2634417012812383,5.822790400273001,-0.4021080098335914,0.2448325104584041
6.569739820041087,-0.20875494487909296,0.3345145484268211,0.10323062221824951,5.840276032533498,-0.39773941439802396,0.24482202080778293,0.30729317225213976,5.840276032533498,-0.39773941439802396,0.24482202080778293
6.569739819705131,-0.2087549433277745,0.334514548844777,0.10323062227085918,5.857704982412568,-0.39338517936233597,0.2448110248909532,0.30593380492558553,5.857704982412568,-0.39338517936233597,0.2448110248909532
6.570765024379909,-0.210322368101973,0.3342634246269865,0.10319532839960763,5.875190698937073,-0.3890169620160946,0.2448005349083182,0.2969351152648337,5.875190698937073,-0.3890169620160946,0.2448005349083182
6.618751973640119,-0.19808816664572174,0.33224161687105386,0.10580930310346559,5.892619739434996,-0.38466310213719446,0.2447895447417129,0.2831975677330361,5.892619739434996,-0.38466310213719446,0.2447895447417129
6.618751088248686,-0.19808412092240693,0.3322426039555705,0.10580912015764998,5.910105554100412,-0.38029525930426145,0.2447790553869136,0.28286292609095764,5.910105554100412,-0.38029525930426145,0.2447790553869136
6.618751099886964,-0.19808417409372556,0.3322425909849893,0.10580912255996221,5.9275346891144345,-0.375941773582539,0.2447680610245609,0.2812533552041814,5.9275346891144345,-0.375941773582539,0.2447680610245609
6.662441229548976,-0.18252096826844721,0.33261714065051484,0.10659060931661032,5.945020595791908,-0.3715743068397259,0.2447575744660163,0.2776509381385117,5.945020595791908,-0.3715743068397259,0.2447575744660163
6.662441379636987,-0.182521691068132,0.33261696380483974,0.10659061578264299,5.962449823065248,-0.3672211957884306,0.2447465841444771,0.27225616506279465,5.962449823065248,-0.3672211957884306,0.2447465841444771
6.713616852163161,-0.16821233104408395,0.3336116725259206,0.10436753626154444,5.979935825593107,-0.36285410412647856,0.2447360921880889,0.31723538970771653,5.979935825593107,-0.36285410412647856,0.2447360921880889
6.713616846344613,-0.16821230395578832,0.3336116793242394,0.1043675364038361,5.997365147272741,-0.3585013672859807,0.24472510036425177,0.3105833358383958,5.997365147272741,-0.3585013672859807,0.24472510036425177
6.713898942747209,-0.1685332132064528,0.33354766349320464,0.10436685311162294,6.014851242136303,-0.35413465159694635,0.244714615239793,0.2998538927951795,6.014851242136303,-0.35413465159694635,0.244714615239793
6.713926663699966,-0.16864895987801007,0.3334874919299917,0.10436784120975304,6.032280657339603,-0.34978228907684406,0.244703623239528,0.2567265139287408,6.032280657339603,-0.34978228907684406,0.244703623239528
6.760662475453608,-0.1478044290067748,0.3345064450874571,0.10449036825251165,6.0497668462419,-0.34541594887097515,0.2446931385823094,0.2805791351776762,6.0497668462419,-0.34541594887097515,0.2446931385823094
6.760718891182863,-0.1471549873329846,0.33467365904593677,0.10445761992709234,6.067196355100371,-0.3410639606260353,0.24468214714358133,0.27775949257732796,6.067196355100371,-0.3410639606260353,0.24468214714358133
6.801676712876366,-0.13452077283512662,0.3309966202637986,0.10642377344315963,6.084682637692446,-0.3366979959705181,0.2446716630578878,0.2695888119688272,6.084682637692446,-0.3366979959705181,0.2446716630578878
6.8016767128007345,-0.13452077242657937,0.3309966203576268,0.1064237734195833,6.102112240050508,-0.3323463820186401,0.24466067216355483,0.26938100923667135,6.102112240050508,-0.3323463820186401,0.24466067216355483
6.801587982001622,-0.13445933008548225,0.33105269759302114,0.10640488238145128,6.119598616460266,-0.3279807928612497,0.24465018861375512,0.2671325810105595,6.119598616460266,-0.3279807928612497,0.24465018861375512
6.8503627205392945,-0.11064782333216905,0.33234525804502146,0.10343246819428112,6.13702831235865,-0.3236295531728022,0.2446391982213671,0.3030485927963972,6.13702831235865,-0.3236295531728022,0.2446391982213671
6.851277447967577,-0.11152200765620615,0.3318412529156552,0.10349467301399026,6.154514782497211,-0.31926433951686173,0.244628715127609,0.2751368740380459,6.154514782497211,-0.31926433951686173,0.244628715127609
6.850390519636589,-0.11101579820999619,0.3322316875615923,0.1034461497806922,6.171944571861659,-0.31491347409473347,0.2446177250201132,0.2725597595077681,6.171944571861659,-0.31491347409473347,0.2446177250201132
6.900934989070599,-0.10338531166221906,0.33313148940946197,0.10610051841433418,6.189431140835001,-0.31054863437071845,0.2446072726876634,0.30930273756700244,6.189431140835001,-0.31054863437071845,0.2446072726876634
6.8999845883576185,-0.09579591043026059,0.3330432134655033,0.10616367267258071,6.206861018703519,-0.3061981441454451,0.2445962540310528,0.30653481618690026,6.206861018703519,-0.3061981441454451,0.2445962540310528
6.948745252169717,-0.08124000025865041,0.334524491192407,0.1060230982735781,6.224347676301044,-0.3018336814248559,0.244585771731311,0.2911852375243528,6.224347676301044,-0.3018336814248559,0.244585771731311
6.94874525166715,-0.0812399985013994,0.33452449160972864,0.10602309826262006,6.241777652652409,-0.29748356445066015,0.244574782712996,0.29132722091262536,6.241777652652409,-0.29748356445066015,0.244574782712996
6.9487462320232485,-0.08124342661660378,0.33452367730187793,0.10602311972322902,6.259264403961324,-0.2931194771831471,0.2445643012942306,0.26796151633223114,6.259264403961324,-0.2931194771831471,0.2445643012942306
6.9964031700579685,-0.07415471911669452,0.3308034309472424,0.10635366928790241,6.276694474203206,-0.2887697343338891,0.2445533102931512,0.3016102289749668,6.276694474203206,-0.2887697343338891,0.2445533102931512
6.997366418959857,-0.07408357165225904,0.3304717595755419,0.1064571451392891,6.294181319059808,-0.28440602257583825,0.2445428303055712,0.26386409005107286,6.294181319059808,-0.28440602257583825,0.2445428303055712
6.997213368554149,-0.07398617624082482,0.3304774748391452,0.10646151556080843,6.311611482337741,-0.280056654030421,0.244531842117972,0.2616449757993708,6.311611482337741,-0.280056654030421,0.244531842117972
7.041612238158843,-0.04593986278988377,0.3323665491701502,0.10334743186954776,6.329098421121576,-0.27569331763095395,0.24452136114843734,0.3079429554244257,6.329098421121576,-0.27569331763095395,0.24452136114843734
7.041611686051638,-0.046015068576967744,0.3323765086438704,0.10334259616233012,6.346528677861391,-0.2713443232734831,0.244510373150624,0.30680977949829746,6.346528677861391,-0.2713443232734831,0.244510373150624
7.041511424851205,-0.04611357695584517,0.3321390340855743,0.10340891949051427,6.364015710347792,-0.2669813622914714,0.24449989243859,0.265347358958689,6.364015710347792,-0.2669813622914714,0.24449989243859
7.093431764932692,-0.040825547846506105,0.33331325171151527,0.10624278286555236,6.381446060519233,-0.262632742120831,0.24448890469967824,0.3094096598141385,6.381446060519233,-0.262632742120831,0.24448890469967824
7.09313413884025,-0.0419488014886234,0.33298868794035363,0.10622785839529668,6.39893318669311,-0.25827015655048013,0.2444784242436882,0.28477955005908984,6.39893318669311,-0.25827015655048013,0.2444784242436882
7.093134140226038,-0.04194880676552393,0.33298868674670706,0.10622785836538982,6.416363630281849,-0.2539219105607642,0.24446743674400603,0.2840407428715739,6.416363630281849,-0.2539219105607642,0.24446743674400603
7.139381431733573,-0.012127023949238924,0.33316415726636117,0.10883273958702717,6.433850850131531,-0.24955970039608388,0.24445695651692748,0.2799734434959478,6.433850850131531,-0.24955970039608388,0.24445695651692748
7.139382201571419,-0.012129874028185494,0.33316344648981827,0.10883273656964317,6.451281387123433,-0.24521182858240298,0.2444459692223029,0.2781706562984946,6.451281387123433,-0.24521182858240298,0.2444459692223029
7.139382347116897,-0.012130412962048365,0.3331633120537445,0.10883273601267368,6.468768700633132,-0.2408499938201487,0.24443548916469893,0.2747895673611277,6.468768700633132,-0.2408499938201487,0.24443548916469893
7.139382347264369,-0.012130413508039617,0.3331633119175441,0.10883273601211099,6.486199330974943,-0.23650249619125852,0.2444245018026743,0.27417999926896003,6.486199330974943,-0.23650249619125852,0.2444245018026743
7.187820673278688,-0.007184368383041151,0.329820278611151,0.10913391380094971,6.503686738279922,-0.2321410367878256,0.2444140227493006,0.2770052656287209,6.503686738279922,-0.2321410367878256,0.2444140227493006
7.186394731436107,-0.009071484361312221,0.33094060145437526,0.10905829236046115,6.521117462011101,-0.2277939133140201,0.2444030356231001,0.2556315114906605,6.521117462011101,-0.2277939133140201,0.2444030356231001
7.233276096074885,0.012981127162658757,0.3408271559642155,0.10542076562454449,6.538604962825207,-0.2234328293326513,0.2443925559436723,0.29508125727766477,6.538604962825207,-0.2234328293326513,0.2443925559436723
7.23325876028314,0.012600432485822044,0.34081998009868264,0.10541638099124698,6.544541660204482,-0.22186633751543017,0.2715788864598778,0.275576680428601,6.544541660204482,-0.22186633751543017,0.2715788864598778
7.233277246532175,0.012976904457525994,0.34082614417316837,0.10542069999764297,6.549458525162333,-0.2204120026800931,0.3035917889502825,0.30728793228244394,6.549458525162333,-0.2204120026800931,0.3035917889502825
7.253612703037273,0.01566587230109892,0.41211159857634594,0.10654540513133919,6.552962066418168,-0.21924512718968092,0.3394101060172718,0.3055893529303627,6.552962066418168,-0.21924512718968092,0.3394101060172718
7.254024443311492,0.014822677265373063,0.41229720012161825,0.1065863535781119,6.563296972035984,-0.21552519930963898,0.3515917287770013,0.30983111524991064,6.563296972035984,-0.21552519930963898,0.3515917287770013
7.2904055788918525,0.04584718707570712,0.4139964770797879,0.10399712039964515,6.576012069595752,-0.2108610172888148,0.3515723190382352,0.3092409968164765,6.576012069595752,-0.2108610172888148,0.3515723190382352
7.290646587200302,0.045582745578930634,0.4139759987831984,0.10398872814433927,6.590051023281927,-0.2057252840985928,0.3498246025347233,0.30668012856186433,6.590051023281927,-0.2057252840985928,0.3498246025347233
7.290490787722922,0.0366912338694467,0.41377647794243755,0.10411918736087514,6.606054378648722,-0.19989703567628725,0.3486936897391198,0.2984339844476114,6.606054378648722,-0.19989703567628725,0.3486936897391198
7.291126245194007,0.03651019359735527,0.4137102538495248,0.10409503025980106,6.623067020496049,-0.19371509763513117,0.3483834127549658,0.2947992044426219,6.623067020496049,-0.19371509763513117,0.3483834127549658
7.328841778886954,0.0816788209179429,0.41487908004455837,0.10411149040954921,6.640054114653427,-0.18754558899659202,0.34836646848948044,0.29973225246954516,6.640054114653427,-0.18754558899659202,0.34836646848948044
7.328841778988389,0.08167882039408866,0.4148790799168353,0.10411149041375586,6.65695761632475,-0.1814065664118858,0.3483702139740938,0.298918630087429,6.65695761632475,-0.1814065664118858,0.3483702139740938
7.3756510977556715,0.09771079642471533,0.41668535026671116,0.1061803067149672,6.673906515112285,-0.17525103436377387,0.3483687739583376,0.296768817908252,6.673906515112285,-0.17525103436377387,0.3483687739583376
7.375659530100538,0.0976752702079379,0.41667596620999425,0.10617848651303208,6.690795312868934,-0.16911740399286224,0.3483624641936244,0.29455481570387604,6.690795312868934,-0.16911740399286224,0.3483624641936244
7.4199676467194235,0.11154360723478046,0.4160431203412278,0.10637966880580008,6.707736455957594,-0.16296489936537206,0.3483545488674419,0.30152942572360314,6.707736455957594,-0.16296489936537206,0.3483545488674419
7.41996764671849,0.11154360723906767,0.41604312034230995,0.10637966880602466,6.724622233436782,-0.156832666721344,0.3483452099516831,0.3015538178775631,6.724622233436782,-0.156832666721344,0.3483452099516831
7.421003751684021,0.11247793725801594,0.41564838589341224,0.10632999729309486,6.741563141930883,-0.15068059013887902,0.3483360435427229,0.2778621438189042,6.741563141930883,-0.15068059013887902,0.3483360435427229
7.420585376294778,0.11520698738036278,0.4156330548676251,0.10641074079493008,6.758448914375234,-0.1445487174704425,0.3483262377134316,0.2787573642349435,6.758448914375234,-0.1445487174704425,0.3483262377134316
7.466333667137573,0.11712870114311752,0.41433301806513195,0.10829834861231767,6.775389466767601,-0.13839713572294077,0.3483168904691171,0.3143096653851112,6.775389466767601,-0.13839713572294077,0.3483168904691171
7.5722533389564886,0.23954512841052295,0.4149371044815426,0.13431748125482731,6.79227516055863,-0.13226565866071205,0.3483069815087499,0.3797249064858961,6.79227516055863,-0.13226565866071205,0.3483069815087499
7.5722533388118265,0.239545129137401,0.41493710465428707,0.13431748125176782,6.809215951483459,-0.12611435996501408,0.3482975882308484,0.38151448315175235,6.809215951483459,-0.12611435996501408,0.3482975882308484
7.619303698351382,0.2748269693603581,0.4131880508564606,0.13101340877129805,6.826101816710988,-0.11998318952221032,0.3482876831802934,0.3657842406281303,6.826101816710988,-0.11998318952221032,0.3482876831802934
7.619243615568353,0.2731099648451139,0.41238380282505316,0.1310812073855667,6.843042653206081,-0.11383224433229433,0.3482782876951518,0.35367669642383437,6.843042653206081,-0.11383224433229433,0.3482782876951518
7.674190041725204,0.2868815329970452,0.4175753958230332,0.13145955768086864,6.8599286063051474,-0.10770141089939811,0.34826837810186356,0.3816063984130237,6.8599286063051474,-0.10770141089939811,0.34826837810186356
7.674164620665635,0.28699358040661316,0.41760101233562724,0.13146141708018777,6.876869593295017,-0.10155078123127304,0.3482589821115007,0.35138860009490513,6.876869593295017,-0.10155078123127304,0.3482589821115007
7.674168937543695,0.2869745771452999,0.41759667927684235,0.1314610935861349,6.882358361461726,-0.09945901489739217,0.3799557172843951,0.37343985601684243,6.882358361461726,-0.09945901489739217,0.3799557172843951
7.6914286858552074,0.2945544026280554,0.4766554533153871,0.13389242307625818,6.887690005432486,-0.09723570307011986,0.410199708188616,0.37444289135708436,6.887690005432486,-0.09723570307011986,0.410199708188616
7.690452283282438,0.29644629555734947,0.4771032125051931,0.13398440152607408,6.890651244167088,-0.0958868740178711,0.444628403616082,0.3686548894688047,6.890651244167088,-0.0958868740178711,0.444628403616082
6.609343226578171,0.16926013344625188,0.5186779267381585,0.32933242443603244,6.892180226253033,-0.09512352467283991,0.4814717302335529,0.34727883981842966,6.892180226253033,-0.09512352467283991,0.4814717302335529
7.690957707329519,0.2970336108153665,0.5584986416144797,0.1308812827378317,6.892769416731388,-0.09480181391462716,0.5180956431629115,0.36346446644907116,6.892769416731388,-0.09480181391462716,0.5180956431629115
7.690418486860917,0.30116678716496414,0.558694481961662,0.13092880072770674,6.901319740424816,-0.08985622144199423,0.5306907301470025,0.3650659601636245,6.901319740424816,-0.08985622144199423,0.5306907301470025
7.724267447705008,0.33349043494562514,0.5612656715579334,0.12964724517577947,6.9127986409046365,-0.08313348501361295,0.52892703166116,0.3599976947623786,6.9127986409046365,-0.08313348501361295,0.52892703166116
7.724267621988786,0.33348965732265756,0.5612655097998382,0.12964724088318474,6.925513880701624,-0.07572223207928497,0.5265210651666813,0.35785467108890195,6.925513880701624,-0.07572223207928497,0.5265210651666813
7.7244866188597445,0.33198394167015743,0.560568825410229,0.12961834953978593,6.939100236760607,-0.06784028049347501,0.5248519501885289,0.35822833594248393,6.939100236760607,-0.06784028049347501,0.5248519501885289
6.355546781084464,0.4761990290493836,0.6237026122437421,0.308842540594453,6.955049194164831,-0.058611160185633615,0.5243181594797974,0.3509577931005926,6.955049194164831,-0.058611160185633615,0.5243181594797974
6.355546781215796,0.47619902858882934,0.6237026121799523,0.3088425406161435,6.970813083786021,-0.04949461936689303,0.5243303512045827,0.35180936229287907,6.970813083786021,-0.04949461936689303,0.5243303512045827
7.7737631246883865,0.34806948800750814,0.5581229997267922,0.13436442785243474,6.986427069687609,-0.040464134923940964,0.5243791717831314,0.36833564184203776,6.986427069687609,-0.040464134923940964,0.5243791717831314
7.813660573066089,0.35324354579147876,0.5531769643791274,0.13093358974631636,7.00205424946641,-0.03142527466300171,0.5244017996475441,0.37257336540723557,7.00205424946641,-0.03142527466300171,0.5244017996475441
7.8133797684051425,0.36200844949428534,0.5529434504557694,0.130642330392074,7.0176148697471294,-0.022424624286517147,0.5244069617917749,0.3697305753874693,7.0176148697471294,-0.022424624286517147,0.5244069617917749
7.813802424521024,0.3652702667175193,0.5543775826069992,0.13091290398487734,7.033219574505001,-0.013398440354341457,0.5244050644710998,0.36877346741641515,7.033219574505001,-0.013398440354341457,0.5244050644710998
7.814232978231446,0.36486418312193114,0.5540136816022384,0.130818105719228,7.048771378276303,-0.004402936304574556,0.5243992028261755,0.3640093926553316,7.048771378276303,-0.004402936304574556,0.5243992028261755
7.850277961833786,0.40646870016357434,0.5554124064670041,0.13188864927548272,7.064373144439426,0.004621337616748988,0.5243926283110514,0.36896911125634335,7.064373144439426,0.004621337616748988,0.5243926283110514
7.851945227766074,0.41164132692368227,0.5571089973606946,0.13227408859699935,7.0799239001706304,0.013615959325197657,0.5243850282799352,0.3662761104855683,7.0799239001706304,0.013615959325197657,0.5243850282799352
7.8886679035927,0.44176105574286006,0.5581310352145731,0.13115070027924222,7.09552506826066,0.022639584750536734,0.5243777390500323,0.36792491130675453,7.09552506826066,0.022639584750536734,0.5243777390500323
7.8886677708149175,0.4417618158224341,0.5581312131791032,0.13115075689280206,7.111075667053634,0.03163380363248791,0.5243698443550164,0.3684086179060737,7.111075667053634,0.03163380363248791,0.5243698443550164
7.89078957724193,0.44186899340100005,0.5583869384372022,0.13131660607106432,7.126676974989875,0.040657192641675444,0.524362442985787,0.3677641679397108,7.126676974989875,0.040657192641675444,0.524362442985787
7.950651513878315,0.4529332261106269,0.5550790428632403,0.13327345639479246,7.142227714790102,0.04965117528426344,0.5243545135014367,0.37193905448620973,7.142227714790102,0.04965117528426344,0.5243545135014367
7.197175854105495,0.2392385516878941,0.5539790578686636,0.36688524189310967,7.157829105644391,0.058674292964625785,0.5243471029248425,0.3707110872342719,7.157829105644391,0.058674292964625785,0.5243471029248425
7.2175413050725465,0.229729531129716,0.5525628885898731,0.3671557985680985,7.173379959529044,0.06766802330050847,0.5243391788302787,0.3701976229668949,7.173379959529044,0.06766802330050847,0.5243391788302787
7.064708239472055,0.2713243690707102,0.5666260334833194,0.347320475310234,7.188981532660009,0.07669092537787314,0.5243315995778326,0.35349826361860415,7.188981532660009,0.07669092537787314,0.5243315995778326
7.985308210885591,0.5000051447236386,0.5593436961242287,0.1354974865979849,7.204532515141111,0.08568440963317592,0.5243237985050644,0.36358416119625586,7.204532515141111,0.08568440963317592,0.5243237985050644
7.985323921662096,0.49993861202009204,0.5593284356878758,0.13549604135168977,7.220134190316495,0.09470705237809618,0.5243163985877887,0.36306704520101546,7.220134190316495,0.09470705237809618,0.5243163985877887
8.035972495605264,0.5101995407714421,0.560449779975166,0.13822700105525232,7.235685325573607,0.1037003082592296,0.5243084746463468,0.3719775965416668,7.235685325573607,0.1037003082592296,0.5243084746463468
8.035972495556816,0.5101995409796003,0.5604497800212891,0.13822700106595556,7.251287144176256,0.11272271488902508,0.5243010723742156,0.3722856385475615,7.251287144176256,0.11272271488902508,0.5243010723742156
6.948838112631266,0.44204066194792163,0.5974379598634434,0.33278931515169347,7.256792777954341,0.1160323535954868,0.5582087571043155,0.3504274518870084,7.256792777954341,0.1160323535954868,0.5582087571043155
7.000530997597018,0.2928704856212944,0.5861864093229805,0.3405031531479784,7.261647682411956,0.11916121605025065,0.5867534386392088,0.3629275881754761,7.261647682411956,0.11916121605025065,0.5867534386392088
7.016051612314651,0.22423551371680073,0.6225914018051062,0.346275803639609,7.264373626999663,0.12104093429579077,0.6206241337748915,0.35686997062371945,7.264373626999663,0.12104093429579077,0.6206241337748915
7.03016798350048,0.24131389710250067,0.6287137676976241,0.3486421035640713,7.273039345282386,0.12729883419910415,0.6302436492451997,0.3486421035640713,7.273039345282386,0.12729883419910415,0.6302436492451997
6.528296117451814,1.0122443492280466,0.7126248021205408,0.7331019122424398,7.284081107184269,0.13535871120072773,0.6308398805751179,0.7331019122424398,7.284081107184269,0.13535871120072773,0.6308398805751179
6.59307336777678,0.9867508584204244,0.7068204980696957,0.733247804429606,7.296202452331889,0.14419723237269988,0.6292322835504042,0.733247804429606,7.296202452331889,0.14419723237269988,0.6292322835504042
6.6065309621206225,1.048122928849153,0.7113827447979337,0.7612778263389365,7.309171665689206,0.15362503117355786,0.6279208246150654,0.7612778263389365,7.309171665689206,0.15362503117355786,0.6279208246150654
7.266150849132927,0.1974504706252363,0.6254266539852932,0.34921641641438717,7.32417379057831,0.16451010052188675,0.6274406353083455,0.3545014013957446,7.32417379057831,0.16451010052188675,0.6274406353083455
7.333282667962414,0.17636048258414863,0.6271686002633825,0.35463537331379225,7.3388770228984,0.1751735964765393,0.6275013692063832,0.354824740677844,7.3388770228984,0.1751735964765393,0.6275013692063832
7.249314525614613,0.252787257778895,0.631506866157172,0.347947798339735,7.353530986708042,0.18580272705106093,0.6275628502069708,0.3493888054183076,7.353530986708042,0.18580272705106093,0.6275628502069708
7.249223659077164,0.25151741841381076,0.6314241920135212,0.34794929968065325,7.368097774668429,0.1963696023174073,0.6275892600818674,0.3486059082261932,7.368097774668429,0.1963696023174073,0.6275892600818674
7.21265753404695,0.32832499609565535,0.6363439961531607,0.34517817804775724,7.382696059362591,0.2069597072354883,0.6275971085916205,0.34671943818593287,7.382696059362591,0.2069597072354883,0.6275971085916205
7.206715092968913,0.33818805487360076,0.637663149419931,0.34491911617376547,7.397240973878477,0.21751117046011892,0.6275960077147807,0.35369226029898004,7.397240973878477,0.21751117046011892,0.6275960077147807
7.228071436314359,0.3757108248113532,0.6417323910428793,0.34111285587856877,7.411831076149281,0.22809535756946087,0.6275919782006311,0.34111285587856877,7.411831076149281,0.22809535756946087,0.6275919782006311
7.22840277182118,0.37439293793481054,0.6416481949338062,0.34115850137566345,7.426372854184152,0.23864437786153125,0.6275860348174843,0.34115850137566345,7.426372854184152,0.23864437786153125,0.6275860348174843
7.232558900817279,0.42455950789160485,0.6413909680598255,0.33436453855647913,7.440961526006537,0.2492272835390157,0.6275800581482927,0.33436453855647913,7.440961526006537,0.2492272835390157,0.6275800581482927
7.250905310551329,0.4101714544427362,0.6400013632743193,0.33497113297810677,7.455502813046454,0.2597756748188429,0.6275733682187429,0.33497113297810677,7.455502813046454,0.2597756748188429,0.6275733682187429
7.33678601494121,0.43889301321448654,0.645998292961276,0.34823979775252606,7.470091506222243,0.27035830931401517,0.627566974427697,0.34823979775252606,7.470091506222243,0.27035830931401517,0.627566974427697
7.338541789016665,0.4404261770246848,0.6463592512688822,0.3483669838919527,7.48463288687338,0.28090647655456813,0.6275601423809262,0.3483669838919527,7.48463288687338,0.28090647655456813,0.6275601423809262
7.3298968409739285,0.4452291189193085,0.6472101242956431,0.3478482755796895,7.499221629877495,0.2914888533826314,0.62755380814673,0.3478482755796895,7.499221629877495,0.2914888533826314,0.62755380814673
7.366132588999071,0.45626997759212,0.6461145991476848,0.34988703860694703,7.513763121583621,0.30203680855709614,0.6275469376644541,0.35047064527323757,7.513763121583621,0.30203680855709614,0.6275469376644541
7.1928834055176925,0.6636874146982211,0.6802944295526286,0.3430164537865743,7.528352016481499,0.31261900131371245,0.6275405810626469,0.35127702485264894,7.528352016481499,0.31261900131371245,0.6275405810626469
7.248749382356041,0.6101550320816352,0.673778384692522,0.3437114513709918,7.542893663851981,0.32316677667150895,0.6275337838632467,0.34939461135403077,7.542893663851981,0.32316677667150895,0.6275337838632467
7.251442006730807,0.6573928165067867,0.6768567028704269,0.3410768084033072,7.557482686617314,0.3337487692096426,0.6275274181441254,0.3464182934306167,7.557482686617314,0.3337487692096426,0.6275274181441254
7.302815580605146,0.6125604631840619,0.6605229980567012,0.34697340557182915,7.572024459171155,0.3442963424802157,0.6275205514434189,0.34697340557182915,7.572024459171155,0.3442963424802157,0.6275205514434189
7.3256717760052,0.6234607204047948,0.6609422529894704,0.3474538704147053,7.586613629815021,0.3548781480151053,0.6275142170285113,0.3474538704147053,7.586613629815021,0.3548781480151053,0.6275142170285113
7.588250465307312,0.43500808484420644,0.6308018681445506,0.3676729987147041,7.601155544123138,0.36542553123349464,0.6275073585602392,0.36829021420467173,7.601155544123138,0.36542553123349464,0.6275073585602392
7.5206563640188016,0.4847334536480216,0.6330962812616261,0.3649029767921966,7.615744852614971,0.3760071430837746,0.6275010297802097,0.3649029767921966,7.615744852614971,0.3760071430837746,0.6275010297802097
7.519762630055826,0.5275574162111261,0.6367159243580767,0.36393070398059735,7.630286905533979,0.38655433423801,0.6274941759994895,0.36633772037961876,7.630286905533979,0.38655433423801,0.6274941759994895
8.44951250192424,0.7938480403340767,0.6242176990151806,0.12446634092446629,7.644876354518937,0.3971357545392742,0.6274878517160485,0.3666670518609205,7.644876354518937,0.3971357545392742,0.6274878517160485
7.451988208917759,0.7168758132874833,0.6462170147592031,0.33274584362251797,7.659418547070377,0.4076827545712085,0.6274810023447485,0.3505391588762724,7.659418547070377,0.4076827545712085,0.6274810023447485
7.595621449545289,0.5352140601754963,0.6272568496946582,0.3443117626656855,7.674008135014254,0.4182639824089467,0.6274746825238559,0.3485525987756207,7.674008135014254,0.4182639824089467,0.6274746825238559
7.3924841161251,0.7713844213985065,0.6869112986971448,0.3331934837836771,7.679473264775812,0.4223537210035344,0.6573924529904117,0.3479477611081355,7.679473264775812,0.4223537210035344,0.6573924529904117
7.338729795742175,0.6584250683060662,0.6955726919785576,0.355068487153374,7.68345514426921,0.42552913821614613,0.688996501600277,0.36941279124856974,7.68345514426921,0.42552913821614613,0.688996501600277
6.924095672209763,1.2620027101434617,0.742508235763044,0.32232822736145633,7.685927417467486,0.42763716181121136,0.7230831968325648,0.45484135250949265,7.685927417467486,0.42763716181121136,0.7230831968325648
7.297262961707625,1.3761988756483015,0.7618471383560086,0.42825100390173615,7.693851663053187,0.4346999469600341,0.7328787008307002,0.5193097465871043,7.693851663053187,0.4346999469600341,0.7328787008307002
7.2972629610538435,1.3761988797912066,0.7618471390373084,0.4282510039868048,7.704013590967844,0.4438511847622575,0.7333496836668273,0.5155073676629595,7.704013590967844,0.4438511847622575,0.7333496836668273
7.302064152109569,1.341522676027484,0.7582219288875752,0.4281721332765677,7.715167649639777,0.4538842288608338,0.7317247567224936,0.5045763189207997,7.715167649639777,0.4538842288608338,0.7317247567224936
7.171861548937151,0.9378064920431965,0.7347020831960167,0.3188682198181822,7.727101038697365,0.4645865940625775,0.730410523873566,0.3578067542140624,7.727101038697365,0.4645865940625775,0.730410523873566
7.4475446036486295,0.7222483527921908,0.720047595902427,0.31612815309982145,7.740907054827876,0.47694608055636856,0.7299305461641279,0.3501462289123911,7.740907054827876,0.47694608055636856,0.7299305461641279
7.51221214808018,0.6881252465221963,0.7137728522686586,0.31688464047340353,7.75444179916071,0.48905761332514874,0.7299917312331368,0.3472047487406366,7.75444179916071,0.48905761332514874,0.7299917312331368
6.991941902596687,1.2773444090095778,0.7744544041647904,0.31545703818795257,7.767931193699808,0.5011300614385785,0.7300537531467606,0.3700944162546571,7.767931193699808,0.5011300614385785,0.7300537531467606
6.994155240883548,1.290580070320132,0.77594128960373,0.31545134851007517,7.781340396136608,0.5131318257647557,0.7300815699457733,0.3705556591652112,7.781340396136608,0.5131318257647557,0.7300815699457733
7.203406310234733,1.0781031707439257,0.7432444163277163,0.30518463371453686,7.794778510282481,0.5251599114354439,0.7300904604245672,0.3642040752289963,7.794778510282481,0.5251599114354439,0.7300904604245672
7.20340633105815,1.0781031133075465,0.7432444085959931,0.30518463602957174,7.80816749017777,0.5371441251594105,0.7300904244848792,0.35906954186292084,7.80816749017777,0.5371441251594105,0.7300904244848792
7.483295574120499,0.8063006209235379,0.725355805452408,0.32306666965637965,7.821598065247894,0.5491655338270327,0.7300874772792149,0.3583629773153315,7.821598065247894,0.5491655338270327,0.7300874772792149
7.629253510885642,0.8229903272834804,0.7263075647496344,0.3272618040534494,7.83498415734856,0.5611470325816761,0.730082610581516,0.36308409934288877,7.83498415734856,0.5611470325816761,0.730082610581516
7.6239218776978115,0.824775804986969,0.7269867840338554,0.3269491894891431,7.848413417571477,0.573167051805326,0.7300777160824622,0.3553481042208047,7.848413417571477,0.573167051805326,0.7300777160824622
7.624578821075532,0.821757412375498,0.7267844331943975,0.3270253314320835,7.861799066771213,0.5851479092861451,0.7300720604933224,0.3517928586901729,7.861799066771213,0.5851479092861451,0.7300720604933224
7.57315903633531,0.894297537194564,0.7277805390611922,0.32471934975620415,7.875228336980093,0.5971676785194786,0.7300668562951022,0.3625944305355214,7.875228336980093,0.5971676785194786,0.7300668562951022
7.671049464931361,0.876504269367947,0.722998680543227,0.3238392987373162,7.888614072350532,0.6091483499353014,0.7300610868028404,0.3559808170614643,7.888614072350532,0.6091483499353014,0.7300610868028404
7.164279461937841,1.4424644510203448,0.7845603704545884,0.32508749824510796,7.90204340564802,0.6211679096967488,0.7300558400398672,0.3803164740024795,7.90204340564802,0.6211679096967488,0.7300558400398672
7.164284206282694,1.4424496663884663,0.7845584286490921,0.32508745028512215,7.915429245182065,0.6331484085595482,0.730050054422716,0.3726177809260249,7.915429245182065,0.6331484085595482,0.730050054422716
7.166333133407524,1.4395919538399675,0.7837553930721248,0.3250362845839615,7.928858723574767,0.6451678313214213,0.730044805911965,0.3736634371169458,7.928858723574767,0.6451678313214213,0.730044805911965
7.164283715017265,1.4424511975514005,0.7845586297701048,0.3250874552476382,7.942244700386936,0.657148187122182,0.730039027692797,0.36868461851310164,7.942244700386936,0.657148187122182,0.730039027692797
7.702806915269356,0.9208810086889341,0.722703681492017,0.3307448933277244,7.955674296564456,0.6691674491498292,0.7300338246317395,0.3692027195184345,7.955674296564456,0.6691674491498292,0.7300338246317395
7.619395806522464,1.01102445614334,0.7334622841036146,0.3309247679345564,7.969060413245569,0.6811476643751124,0.7300279620766504,0.3689227590384543,7.969060413245569,0.6811476643751124,0.7300279620766504
7.808278772948109,0.8887441930253694,0.7145427723782618,0.3217654419430638,7.982490149952227,0.693166784195486,0.7300227310451491,0.3630803043171057,7.982490149952227,0.693166784195486,0.7300227310451491
7.808179892174732,0.8888615330785303,0.7145573428078476,0.3217573411579553,7.995876387892536,0.7051468414030904,0.7300169434059406,0.3581278709358603,7.995876387892536,0.7051468414030904,0.7300169434059406
7.873312070772298,0.8887613304762325,0.7129518279235577,0.31984796958308737,8.00930626480222,0.7171658208614566,0.7300117672756812,0.3462224367793861,8.00930626480222,0.7171658208614566,0.7300117672756812
7.8733219693759935,0.8887497224589855,0.7129503478383544,0.3198487576600927,8.022692633197819,0.7291457304521085,0.7300059750394335,0.34672893365746177,8.022692633197819,0.7291457304521085,0.7300059750394335
7.8731281303579905,0.8912020973810406,0.7133128666654042,0.31982179161550667,8.03612263510794,0.7411645557691662,0.730000738785839,0.34045122799743244,8.03612263510794,0.7411645557691662,0.730000738785839
7.873128167530095,0.8912020542704202,0.7133128611884876,0.3198217948272527,8.049509138949048,0.7531443210045419,0.7299949714565861,0.3403420939188012,8.049509138949048,0.7531443210045419,0.7299949714565861
7.758151329480066,0.9300114088116799,0.7322696114784925,0.3559749945303697,8.062939273202616,0.7651629987116664,0.7299897422395623,0.37098591920425245,8.062939273202616,0.7651629987116664,0.7299897422395623
7.434186801004034,1.2963385248307693,0.762528571218566,0.344114158982159,8.076325909025178,0.777142617020699,0.7299839798149726,0.36660472369297825,8.076325909025178,0.777142617020699,0.7299839798149726
8.029886091657245,0.6359116921183344,0.7042691989774904,0.3559887940428491,8.089756175705823,0.789161147449283,0.7299787549245297,0.35941380019541125,8.089756175705823,0.789161147449283,0.7299787549245297
7.782168622547711,0.7965983848404989,0.738013324034324,0.3657090634065414,8.094762649083911,0.793778981899683,0.76009947767827,0.37422243797350513,8.094762649083911,0.793778981899683,0.76009947767827
7.317914797788011,1.5544613555955102,0.7939162911659307,0.318853920418752,8.098373523844714,0.7973153751601156,0.7898556538026773,0.4669829479800014,8.098373523844714,0.7973153751601156,0.7898556538026773
8.266550023432629,0.32835324829366996,0.6749782223887801,0.3658720489568509,8.100620457625446,0.7996643685079521,0.825346423131345,0.45296201844624445,8.100620457625446,0.7996643685079521,0.825346423131345
7.386602652103157,1.2147902693396144,0.882651600718827,0.45844191164350273,8.101506849788752,0.8006606776215506,0.8620826605705137,0.45844191164350273,8.101506849788752,0.8006606776215506,0.8620826605705137
7.5199425532865956,1.3148203292151832,0.8467966014678283,0.31447464006319514,8.107676493574193,0.8079425103058098,0.8737014800329337,0.47691478913650115,8.107676493574193,0.8079425103058098,0.8737014800329337
7.860274439356138,0.897407150233699,0.8174491866846978,0.3269781891963192,8.116499201209875,0.8184597622823082,0.8718860944337946,0.45651178782644347,8.116499201209875,0.8184597622823082,0.8718860944337946
7.577811160952239,1.2520941429160954,0.8338648188167637,0.3071277213853769,8.126059183683601,0.8298085361915781,0.869599134228675,0.7494464025863201,8.126059183683601,0.8298085361915781,0.869599134228675
7.578798192478489,1.2476617255852283,0.8336430120408024,0.3074778242601441,8.13621355626046,0.8418151696861127,0.8679735234670056,0.7435284043438106,8.13621355626046,0.8418151696861127,0.8679735234670056
7.364385965063879,1.5438581730961864,0.8671686664343737,0.32428818404160836,8.148189545133484,0.8559454372102735,0.8674889779190005,0.5987621032260203,8.148189545133484,0.8559454372102735,0.8674889779190005
7.364386044059697,1.543857950759498,0.8671686387912485,0.3242881957969464,8.159998041686464,0.8698720573137564,0.8675467533709735,0.6473812855806275,8.159998041686464,0.8698720573137564,0.8675467533709735
7.364408787516903,1.543793903895649,0.867160672635959,0.32429158440367395,8.171674672110965,0.883644982653216,0.8676196772992283,0.638662265950465,8.171674672110965,0.883644982653216,0.8676196772992283
7.5811900940786465,1.372394081103859,0.8387163675236748,0.31692221846993074,8.183352997209672,0.8974214156221008,0.8676547962219264,0.7101632776013103,8.183352997209672,0.8974214156221008,0.8676547962219264
7.613281157279356,1.3387673125730766,0.8365443587328559,0.31802956928375986,8.194978441041302,0.9111361311581856,0.867667468202014,0.6638795105795618,8.194978441041302,0.9111361311581856,0.867667468202014
7.579184920206873,1.368392064780331,0.8415244992238926,0.31615515963642693,8.20663574481735,0.9248886518228092,0.8676705386469155,0.5745316455081614,8.20663574481735,0.9248886518228092,0.8676705386469155
7.574888032756009,1.3726957895184664,0.8415441940629116,0.3160778159278632,8.218252940414008,0.9385938769803177,0.8676690147979775,0.5442080055737724,8.218252940414008,0.9385938769803177,0.8676690147979775
7.6319094795887095,1.484822067229099,0.8389233804335229,0.31011254898587626,8.229907194675295,0.9523427648478062,0.8676664678965501,0.6249716114744495,8.229907194675295,0.9523427648478062,0.8676664678965501
7.631422769497932,1.4666611584117628,0.8435550648163107,0.2846948182344014,8.241523287506565,0.9660465450554376,0.8676627210600634,0.7681742834726708,8.241523287506565,0.9660465450554376,0.8676627210600634
7.608745348308894,1.4940322008796965,0.8440125624560677,0.2822436605927244,8.25317703562428,0.9797946476723842,0.8676592619156106,0.7453968641279846,8.25317703562428,0.9797946476723842,0.8676592619156106
7.62709186750344,1.559492718039701,0.8524651487953825,0.27761509073655427,8.257397115877222,0.9849376226604232,0.8996377138934264,0.4676467588797972,8.257397115877222,0.9849376226604232,0.8996377138934264
7.654427036670742,1.6257647041832572,0.916358963789723,0.29736098180507325,8.26016774071866,0.9885440071984402,0.9317896664885896,0.4949849598433863,8.26016774071866,0.9885440071984402,0.9317896664885896
7.650531075657103,1.6321209706019997,0.9169626467949067,0.29710039614121597,8.261890915968225,0.9909417261912346,0.9635062324627544,0.4645970105753207,8.261890915968225,0.9909417261912346,0.9635062324627544
7.724739410142754,1.5876839764882924,0.9197055105562908,0.30198853012109933,8.267788104710261,0.9995299200005876,0.9746498731827812,0.45464191832227646,8.267788104710261,0.9995299200005876,0.9746498731827812
7.987796805565901,1.282941788371974,0.8906450862879358,0.3118602633802229,8.275491406107871,1.010865262655292,0.9731604459032492,0.4573618543553627,8.275491406107871,1.010865262655292,0.9731604459032492
7.987796805526277,1.282941788421434,0.8906450862941481,0.3118602633796204,8.283926485435146,1.0232309877137657,0.9711635360151254,0.46030382209438814,8.283926485435146,1.0232309877137657,0.9711635360151254
7.987796805560672,1.2829417883784997,0.8906450862887555,0.3118602633801435,8.29390668143517,1.037815547292504,0.9702085013837856,0.4602702294166455,8.29390668143517,1.037815547292504,0.9702085013837856
8.20526533341739,1.1358505198931792,0.8657450260017849,0.3421601630173046,8.30408608764679,1.0526724673852996,0.9699873054524086,0.46584153363190345,8.30408608764679,1.0526724673852996,0.9699873054524086
8.20526530454865,1.1358505499701055,0.8657450298825524,0.34216016172183533,8.314238415540594,1.0674857117692076,0.9699469722631096,0.4411954145126417,8.314238415540594,1.0674857117692076,0.9699469722631096
8.20526530454865,1.1358505499701066,0.8657450298825524,0.34216016172183544,8.324427603263084,1.0823519399874506,0.9699372259581048,0.44152711993466554,8.324427603263084,1.0823519399874506,0.9699372259581048
8.143227194777513,1.0601754631508271,0.8753738019989358,0.36841182905620096,8.334583787187231,1.097169783704791,0.9699324139639594,0.4956713396896838,8.334583787187231,1.097169783704791,0.9699324139639594
8.143227166950231,1.0601754811166564,0.8753738018107532,0.36841182404003064,8.344772336540608,1.1120347210441937,0.9699292295365886,0.4962048524237411,8.344772336540608,1.1120347210441937,0.9699292295365886
8.143227175008757,1.0601754758862647,0.875373801858909,0.3684118254859258,8.35492828119625,1.1268519822068948,0.9699257153132128,0.4965438445790747,8.35492828119625,1.1268519822068948,0.9699257153132128
8.069241955204483,1.400386078934302,0.889887307537893,0.3181381259238358,8.365117828878416,1.141718168215358,0.9699228865900678,0.4472851816047577,8.365117828878416,1.141718168215358,0.9699228865900678
8.06924205369502,1.400385961250365,0.8898872931443977,0.3181381258056906,8.375274221241494,1.15653588104888,0.9699193739055144,0.4485596720205248,8.375274221241494,1.15653588104888,0.9699193739055144
7.798067565173513,1.8207302327161474,0.918021559892151,0.2858425208877773,8.385463554991855,1.171401561011674,0.9699170611507774,0.4770744281284978,8.385463554991855,1.171401561011674,0.9699170611507774
7.798067565174866,1.8207302327131873,0.9180215598917824,0.28584252088788537,8.395619940158017,1.18621907609631,0.9699134132165914,0.47579682732700723,8.395619940158017,1.18621907609631,0.9699134132165914
7.905187577949623,1.7301580510042154,0.915087090202649,0.2938872549440095,8.405809491897925,1.2010848793937372,0.9699108064484316,0.4425230553694684,8.405809491897925,1.2010848793937372,0.9699108064484316
8.330108731421035,1.2853278623370623,0.8656062631945438,0.33493332336474657,8.415966013381242,1.2159024006142811,0.9699075359976108,0.45033453382934346,8.415966013381242,1.2159024006142811,0.9699075359976108
8.330108731423373,1.2853278623345938,0.8656062631942307,0.33493332336484605,8.426155588768317,1.2307680493306803,0.9699048207502263,0.44386269061728534,8.426155588768317,1.2307680493306803,0.9699048207502263
8.330108731427392,1.285327862330346,0.8656062631936922,0.33493332336501724,8.43631216854733,1.2455854652352327,0.9699015392903124,0.44306716657186224,8.43631216854733,1.2455854652352327,0.9699015392903124
8.393713492258179,1.2287862362935582,0.8557774517122131,0.3373115294332516,8.446501871238812,1.2604511085555101,0.9698988263306932,0.5017679412928252,8.446501871238812,1.2604511085555101,0.9698988263306932
8.280551828941464,1.1146436568670588,0.8583973180544393,0.35704707663672436,8.456658556190312,1.2752684875691331,0.96989555357642,0.5017927264187526,8.456658556190312,1.2752684875691331,0.96989555357642
7.902261935415376,1.8955975816750028,0.913210048725405,0.29765702040201913,8.466848330748817,1.2901340450385659,0.9698928475013705,0.45689871958027123,8.466848330748817,1.2901340450385659,0.9698928475013705
7.902261935415377,1.8955975816750035,0.9132100487254049,0.29765702040201897,8.47700509749986,1.3049513534959862,0.9698895794752316,0.4577801157750718,8.47700509749986,1.3049513534959862,0.9698895794752316
7.902261935415379,1.8955975816750037,0.9132100487254049,0.2976570204020193,8.487194969223959,1.3198168623761921,0.9698868792693972,0.4583035886711793,8.487194969223959,1.3198168623761921,0.9698868792693972
7.883383268760754,1.9252547841603131,0.9156787587581199,0.29661214220663956,8.497351828210727,1.3346341158683455,0.969883617950756,0.43225497394633017,8.497351828210727,1.3346341158683455,0.969883617950756
8.05552965373866,1.8250872642423592,0.9100466281590971,0.2973014426284925,8.507541784788474,1.3494995586011056,0.9698809237720651,0.431498536970786,8.507541784788474,1.3494995586011056,0.9698809237720651
8.055529653748161,1.8250872642311569,0.9100466281577535,0.2973014426291497,8.517698730666666,1.3643167497135327,0.9698776675717627,0.43183249197119217,8.517698730666666,1.3643167497135327,0.9698776675717627
8.055529743756312,1.8250871581119392,0.9100466154305981,0.2973014488567997,8.527888777389549,1.379182134350546,0.9698749780475328,0.4336475228499538,8.527888777389549,1.379182134350546,0.9698749780475328
8.539985822498219,1.3545678248736368,0.8534450627913515,0.3373737523424114,8.538045811914717,1.39399926591161,0.9698717243233396,0.5016245853205209,8.538045811914717,1.39399926591161,0.9698717243233396
8.539986358103594,1.3545672303028526,0.8534449892271819,0.33737378344150787,8.54823594400643,1.4088645854368096,0.9698690220074678,0.5019129851791788,8.54823594400643,1.4088645854368096,0.9698690220074678
8.03141430473535,1.9571598308253737,0.895304294368483,0.32313035829666664,8.55839307904155,1.423681676918486,0.9698659277988146,0.5031382902561454,8.55839307904155,1.423681676918486,0.9698659277988146
8.031414304735668,1.9571598308275022,0.8953042943689014,0.3231303582964946,8.568583270275509,1.438546900638615,0.969863394034886,0.5022807681922477,8.568583270275509,1.438546900638615,0.969863394034886
8.082911193869684,1.5763679962929475,0.9582357731801432,0.5046069106715999,8.578740505689975,1.4533639529677007,0.9698598735756704,0.5046069106715999,8.578740505689975,1.4533639529677007,0.9698598735756704
8.32439899974766,1.7714958925727564,0.8888442602206896,0.3166951035142757,8.588930814948828,1.4682291538705465,0.9698572137234512,0.48221748142251725,8.588930814948828,1.4682291538705465,0.9698572137234512
8.324399016234997,1.7714958716402065,0.8888442577046759,0.3166951037694429,8.599088113410913,1.4830461064075129,0.969853982528858,0.4818227613877425,8.599088113410913,1.4830461064075129,0.969853982528858
8.324791894106447,1.7709932455850197,0.8887836387588994,0.3167014798275672,8.609278512054619,1.4979112498301568,0.9698513167742466,0.4540828855808504,8.609278512054619,1.4979112498301568,0.9698513167742466
8.019280291864016,2.0175794362049038,0.910348026937819,0.2730844322927467,8.619435898660857,1.5127281436311781,0.9698480880528192,0.4503072870197373,8.619435898660857,1.5127281436311781,0.9698480880528192
8.019280291933196,2.0175794360774457,0.9103480269230629,0.2730844323031484,8.629626385163046,1.527593227392292,0.9698454261659762,0.4507974890413894,8.629626385163046,1.527593227392292,0.9698454261659762
8.58644368087991,1.481764368113252,0.8525209186627456,0.33609471156582327,8.639783859390207,1.5424100619223706,0.9698422015904288,0.5034881697537219,8.639783859390207,1.5424100619223706,0.9698422015904288
8.563499995307858,1.501541336414813,0.854115250222976,0.3353122452534537,8.649974433539935,1.557275085978163,0.9698395439503776,0.5035435890130141,8.649974433539935,1.557275085978163,0.9698395439503776
9.468631570607416,1.6820587919115235,0.8469223071754696,0.13471910723508526,8.660131995200315,1.5720918612303096,0.969836323541742,0.48154060231547224,8.660131995200315,1.5720918612303096,0.969836323541742
9.467012319779291,1.6825948610098371,0.8468474423194314,0.13492972404877104,8.670322656794578,1.5869568255482926,0.9698336700240268,0.480800632361416,8.670322656794578,1.5869568255482926,0.9698336700240268
9.504977541579427,1.7183621558676059,0.8472504679598721,0.1338182641104882,8.680480305704359,1.6017735415150636,0.9698304535789404,0.48083270367352376,8.680480305704359,1.6017735415150636,0.9698304535789404
9.51426352693199,1.7165386335593975,0.8472895453643345,0.13361870663794867,8.690671054592826,1.6166384461300325,0.9698278039009576,0.4659960927024254,8.690671054592826,1.6166384461300325,0.9698278039009576
9.560599246526836,1.7466006642666603,0.847867377097925,0.12859885322043862,8.700828790573352,1.631455102791704,0.9698245909889892,0.4828461543964799,8.700828790573352,1.631455102791704,0.9698245909889892
9.5329341671393,1.7689442124184511,0.8496041790281378,0.12862913548556862,8.71101962651945,1.6463199475786805,0.9698219442586926,0.4390724327942864,8.71101962651945,1.6463199475786805,0.9698219442586926
9.53289573758443,1.7688957289460936,0.8496076012416223,0.12862810537406685,8.721177449085815,1.6611365443855526,0.9698187317976552,0.4425573682929972,8.721177449085815,1.6611365443855526,0.9698187317976552
9.56216133847109,1.7750803569001956,0.8723250444360235,0.13155542948258958,8.725231906959797,1.6672578501756714,1.0017550570957874,0.48180728183936694,8.725231906959797,1.6672578501756714,1.0017550570957874
8.1332582677349,1.8801185074852593,0.9229895120074394,0.3149992234550316,8.727901339970375,1.6715786066840819,1.0330042156945294,0.5106450950576409,8.727901339970375,1.6715786066840819,1.0330042156945294
7.496886452991788,2.269799676571275,1.106018881050743,0.4788842689007477,8.729467456210077,1.6743032767876773,1.0652338316536258,0.6186697059566985,8.729467456210077,1.6743032767876773,1.0652338316536258
8.20907941821273,2.037975278186671,1.0233129209971925,0.3100987940339427,8.730224392661722,1.675731808154505,1.1018440698738732,0.4882958235180597,8.730224392661722,1.675731808154505,1.1018440698738732
7.486914000919226,2.4416690336045375,1.1861877339961073,0.47699092488037015,8.730539451074938,1.6763828729797696,1.13835861174635,0.5529115198013602,8.730539451074938,1.6763828729797696,1.13835861174635
7.345371170850371,2.37078934136691,1.2022112166189491,0.46652463791974524,8.730647045780865,1.676627539243544,1.1746206251713736,0.7605850550918511,8.730647045780865,1.676627539243544,1.1746206251713736
9.563660239523038,1.7695019809481178,1.051555991686931,0.13759008667455289,8.73071065867925,1.676787680093475,1.2107380907160854,0.5556258015459916,8.73071065867925,1.676787680093475,1.2107380907160854
6.75948021866976,2.8760702018050117,1.3246601609841073,0.4716060745186286,8.730727520418645,1.676835041167041,1.246789695241713,0.6390525039221897,8.730727520418645,1.676835041167041,1.246789695241713
7.163507041393462,2.4933472226228344,1.3142265871347314,0.5030057277437648,8.73075292733532,1.67691546401774,1.2828139564531478,0.8729071503646966,8.73075292733532,1.67691546401774,1.2828139564531478
7.299267998362454,2.547911376614537,1.3810749375192524,0.5148837590375496,8.730757015372989,1.6769302365578165,1.3188268594281027,0.6124976649011059,8.730757015372989,1.6769302365578165,1.3188268594281027
7.822955784824844,2.737712532322672,1.520471540591027,0.7077889009550767,8.730773302194992,1.6769985738970954,1.3548355661142195,0.7697690387544522,8.730773302194992,1.6769985738970954,1.3548355661142195
8.130969372904701,1.8689082147239668,1.4499414110882134,0.8875267810002806,8.730775192060731,1.677007995698661,1.390842385596882,1.0118613475368832,8.730775192060731,1.677007995698661,1.390842385596882
7.485587079331534,2.3309042641608375,1.472686541968901,0.5281441974130747,8.730786111168186,1.6770748276282736,1.4268488647437036,0.6225342782398355,8.730786111168186,1.6770748276282736,1.4268488647437036
7.7212533916148764,2.952672192639562,1.6447834140013595,0.6798788993617161,8.73078717421019,1.677083223518923,1.4628549917143068,0.8378901196460607,8.73078717421019,1.677083223518923,1.4628549917143068
7.419970338530321,2.343693949551317,1.5160750366459619,0.4665592982083499,8.730781104035223,1.6770233039420237,1.4768157993003073,0.6044313868405219,8.730781104035223,1.6770233039420237,1.4768157993003073
7.366301775070292,2.3888146029513555,1.5209852688669554,0.4665391896088193,8.730806449424579,1.677297669546796,1.4805434155512949,0.6084443927725048,8.730806449424579,1.677297669546796,1.4805434155512949
7.424375286488247,2.345249783244468,1.517277720858424,0.4664939270345716,8.730813437886372,1.677375171188098,1.4811920737713635,0.6045926984944857,8.730813437886372,1.677375171188098,1.4811920737713635
7.614685726712859,2.5039511507946184,1.5639830989172796,0.5261593515661535,8.730796765190195,1.6771646065074863,1.5023685409871033,0.5968941907860973,8.730796765190195,1.6771646065074863,1.5023685409871033
7.57626347291735,2.263667065708142,1.554187754567057,0.5228866380407798,8.730797320625046,1.6771753116458044,1.5355473138788964,0.6860308687110095,8.730797320625046,1.6771753116458044,1.5355473138788964
8.684793166581432,1.974551913397028,1.6110056708067237,0.9402153843414235,8.730796886391273,1.6771504780065403,1.5710774865661137,0.9760643646823988,8.730796886391273,1.6771504780065403,1.5710774865661137
7.620865662810554,2.242735872793563,1.639543178557914,0.5192744399831019,8.730795969035643,1.6772007579983805,1.6070010067221878,0.662824433298495,8.730795969035643,1.6772007579983805,1.6070010067221878
7.744301049966845,2.9198844813304117,1.8112684937576415,0.6528446327960172,8.730795911534546,1.67720181785557,1.6429926289255292,0.8120554714490051,8.730795911534546,1.67720181785557,1.6429926289255292
8.30802351569279,1.7793736737291703,1.7337400103414433,0.9151420644454138,8.730790083377169,1.677266256944499,1.67899807790476,1.1368982535758831,8.730790083377169,1.677266256944499,1.67899807790476
7.430314007449719,2.2968653408182917,1.7390029613702305,0.4864140441307281,8.73078921630389,1.6772730907304183,1.7150065841132744,0.6963023282844145,8.73078921630389,1.6772730907304183,1.7150065841132744
7.498119153259488,2.263690447347682,1.734994663487525,0.48612553007867365,8.730778603438793,1.6773379404480924,1.7510165693487776,0.9993785558796492,8.730778603438793,1.6773379404480924,1.7510165693487776
7.366221469655345,2.383296027253695,1.835143319556444,0.4762999303367485,8.730777194752976,1.6773449536117093,1.7870267448073458,0.6020562434938285,8.730777194752976,1.6773449536117093,1.7870267448073458
7.358831601145591,2.375662160179112,1.8337468499716367,0.4765033275316072,8.73076181054662,1.6774094262786763,1.8230376988685848,0.9022510819430994,8.73076181054662,1.6774094262786763,1.8230376988685848
9.590187521771485,0.648742570592206,1.7007808823962673,0.947570935714099,8.730759867770153,1.6774164393073487,1.8590486099869652,1.2204544620499183,8.730759867770153,1.6774164393073487,1.8590486099869652
6.744607511869186,2.9369188045143106,1.9608373846914047,0.47583921038758004,8.73073998526017,1.6774793175385003,1.8950602487729988,0.7469512138960946,8.73073998526017,1.6774793175385003,1.8950602487729988
7.658616918666812,1.8287096015638802,1.9532070277711087,0.6622646681807977,8.73073762439513,1.6774859437350855,1.931071792909584,0.996045455111105,8.73073762439513,1.6774859437350855,1.931071792909584
8.286006911741168,1.7897789367858874,2.003175668200074,0.8569704368206896,8.730668651998622,1.6776649523418081,1.9460647382176632,1.0834647412090452,8.730668651998622,1.6776649523418081,1.9460647382176632
7.899304493760655,0.9920497249845359,1.8577694492029362,0.7874369104772193,8.730632633378901,1.677756050824728,1.9485644124501225,1.0570259530993287,8.730632633378901,1.677756050824728,1.9485644124501225
7.899303751795515,0.9920501256346106,1.8577692293515906,0.7874365072038227,8.730600702711767,1.6778364654413318,1.9489935251673984,1.0568862011493425,8.730600702711767,1.6778364654413318,1.9489935251673984
7.899303623044233,0.9920501954174117,1.857769191251756,0.7874364371890007,8.730603335144044,1.6778298407522003,1.9490679613925104,1.0568617054776475,8.730603335144044,1.6778298407522003,1.9490679613925104
7.899086107916016,0.9919677970909134,1.8578056837961274,0.7874796006629072,8.730589600519947,1.6778644006746255,1.9490762074655208,1.0567856652678076,8.730589600519947,1.6778644006746255,1.9490762074655208
7.899086120257295,0.9919677905509672,1.8578056874477389,0.7874796073195912,8.730599964924378,1.6778383211479833,1.9490689542272772,1.0567877640422572,8.730599964924378,1.6778383211479833,1.9490689542272772
7.899086139271205,0.9919677798383306,1.8578056929892217,0.7874796177254425,8.730589844045582,1.6778637885785113,1.949057947526437,1.0567916645019806,8.730589844045582,1.6778637885785113,1.949057947526437
7.899179752670886,0.9920011588709761,1.8577893567121084,0.7874634710067238,8.73060165550114,1.6778340660691784,1.9490450165937792,1.056831503823166,8.73060165550114,1.6778340660691784,1.9490450165937792
7.899179775092564,0.9920011463793343,1.8577893632814806,0.7874634832594709,8.730591925686632,1.677858551231668,1.949032063490148,1.0568360287934564,8.730591925686632,1.677858551231668,1.949032063490148
7.899179798453328,0.9920011339056906,1.85778937019819,0.7874634958984609,8.730603887263001,1.6778284486549353,1.9490184262557717,1.0568401777662093,8.730603887263001,1.6778284486549353,1.9490184262557717
7.8992782474718295,0.9921481830988647,1.8577849925063428,0.7874093005442199,8.730594310308264,1.6778525510216236,1.9490051975295124,1.0568442822985245,8.730594310308264,1.6778525510216236,1.9490051975295124
7.899278271101458,0.9921481705809203,1.8577849995350613,0.7874093133284981,8.73060633250316,1.6778222935180205,1.9489914427011403,1.0568484628797636,8.73060633250316,1.6778222935180205,1.9489914427011403
7.899396552087456,0.9920782050554136,1.8577519092507182,0.787426061454407,8.730596738059356,1.677846441799872,1.9489781698795376,1.0569344556161,8.730596738059356,1.677846441799872,1.9489781698795376
7.8993965758374936,0.99207819258545,1.8577519163500327,0.787426074291412,8.730608751241538,1.6778162045974732,1.9489644035393685,1.0569386340710014,8.730608751241538,1.6778162045974732,1.9489644035393685
7.899396598977052,0.9920781799136689,1.8577519231971125,0.7874260869208908,8.730599174223673,1.677840310919569,1.9489511269977653,1.0569432492037392,8.730599174223673,1.677840310919569,1.9489511269977653
7.895315101990238,0.995543502151218,1.858392336716647,0.7875096219329438,8.730611193288555,1.6778100565259404,1.9489373582169276,1.0569899647003425,8.730611193288555,1.6778100565259404,1.9489373582169276
7.895315125503473,0.9955434887870696,1.858392343491987,0.7875096347443818,8.730601610159022,1.677834180133111,1.9489240823125895,1.056994573919625,8.730601610159022,1.677834180133111,1.9489240823125895
7.89531514964478,0.995543475593767,1.858392350517946,0.787509647773218,8.730613625307175,1.6778039332147232,1.9489103160295276,1.0569987458230976,8.730613625307175,1.6778039332147232,1.9489103160295276
8.49967392001322,1.673941393629803,1.993929288158361,0.9302957001308099,8.727005995157748,1.6869011329627757,1.947765507027138,1.1143104001435018,8.727005995157748,1.6869011329627757,1.947765507027138
8.683420862630838,1.9336735962750027,1.976406394101626,0.9355924660101224,8.722283770950492,1.6989192251896164,1.942614153298407,1.0052607237385154,8.722283770950492,1.6989192251896164,1.942614153298407
7.491166170889456,2.3435949145597523,1.9293460438530956,0.5258224747710133,8.716993705359304,1.7125480250148213,1.939483097810403,0.9036225307266964,8.716993705359304,1.7125480250148213,1.939483097810403
7.995734356761329,2.029268056935141,2.03468945378816,0.8676208841410639,8.711553107274721,1.7266716722370639,1.9374964413697169,1.1813274334692645,8.711553107274721,1.7266716722370639,1.9374964413697169
7.998051605988363,2.023730702977389,2.0342227830297315,0.8675990016388325,8.704842334327282,1.7441583096305298,1.9369632105552617,1.177192567960386,8.704842334327282,1.7441583096305298,1.9369632105552617
8.666216400511113,1.9426503067186962,1.9664119349831088,0.9805145854455535,8.698333175090976,1.7611334672408931,1.936949506158792,1.0372168243952244,8.698333175090976,1.7611334672408931,1.936949506158792
8.666208264378039,1.9426753530393386,1.9664126631758279,0.980512993482671,8.691849736886818,1.7780406889349,1.9369971537302733,1.0373289917292998,8.691849736886818,1.7780406889349,1.9369971537302733
8.657123167561076,1.9510421699342129,1.9681293929539787,0.9823698682560007,8.685404974893519,1.7948453544248775,1.9370170691580717,1.0545706052916874,8.685404974893519,1.7948453544248775,1.9370170691580717
8.283321026135784,2.1933597720160902,2.008223052464965,0.8324879693677153,8.678945946219548,1.81168668141399,1.9370185445462795,1.0162472632753947,8.678945946219548,1.81168668141399,1.9370185445462795
7.222173060144767,2.5491588186636016,1.9376210931381703,0.49541754558834955,8.672510891979034,1.8284656429979433,1.9370112610949768,0.9514203470061451,8.672510891979034,1.8284656429979433,1.9370112610949768
7.222173060144497,2.5491588186638254,1.9376210931382007,0.495417545588348,8.666056341975159,1.8452958915383162,1.9370005425682888,0.9506723648251761,8.666056341975159,1.8452958915383162,1.9370005425682888
7.519499457667063,2.1030358215974356,1.9593498951383113,0.6627183953350673,8.659623316140632,1.8620706177649264,1.9369872646272104,0.9936360573531112,8.659623316140632,1.8620706177649264,1.9369872646272104
7.231230454817202,2.611590686418452,1.9337682575038482,0.49343490794693495,8.653169740932853,1.8788995729534888,1.9369749342687872,0.8941170777090666,8.653169740932853,1.8788995729534888,1.9369749342687872
7.231230454817504,2.6115906864181504,1.933768257503822,0.4934349079469312,8.646737389024963,1.895673832539802,1.936961423273894,0.8942513843213207,8.646737389024963,1.895673832539802,1.936961423273894
7.524558656461636,2.5037677804898344,1.9182572250033212,0.5299672399594214,8.64028438039598,1.9125026313239237,1.936948287396112,1.0078474023979864,8.64028438039598,1.9125026313239237,1.936948287396112
7.5245586564735,2.5037677804758998,1.9182572250028813,0.5299672399599168,8.633852538001735,1.9292769030407095,1.9369346244532992,1.0079578081529457,8.633852538001735,1.9292769030407095,1.9369346244532992
8.564208417947352,2.2332890444409075,1.979734771936318,0.9240115754179417,8.627399971769687,1.9461058986042126,1.9369214317645695,1.0190778831745302,8.627399971769687,1.9461058986042126,1.9369214317645695
8.121148686157914,2.4072354687742292,2.0249730238934003,0.7847304945285897,8.62096857558464,1.962880354645642,1.936907751099182,1.05298274856525,8.62096857558464,1.962880354645642,1.936907751099182
7.410353678489463,2.6103411338810365,1.9365037881539813,0.5112582987918229,8.614516475672414,1.979709487081875,1.9368945518636085,0.9851457091706755,8.614516475672414,1.979709487081875,1.9368945518636085
7.515093134227514,2.590635489492292,1.9176588961351186,0.5125016219600705,8.608085535989266,1.9964841014633414,1.9368808676796736,0.9831144579305395,8.608085535989266,1.9964841014633414,1.9368808676796736
7.042328640372761,3.0390459675222243,1.9539898955426263,0.5177025071223411,8.601633883272495,2.01331342100117,1.936867668189289,0.8816226705652791,8.601633883272495,2.01331342100117,1.936867668189289
7.042328640372866,3.039045967522138,1.9539898955426134,0.5177025071223408,8.595203392136245,2.0300882145337473,1.936853985580364,0.8811213355767279,8.595203392136245,2.0300882145337473,1.936853985580364
6.166554832429096,4.7304593442767295,2.210090767456143,0.37801822397511353,8.588752194317651,2.046917700975505,1.9368407873781937,0.8823229256622608,8.588752194317651,2.046917700975505,1.9368407873781937
6.167920486005839,4.729288876936487,2.2100303306728546,0.3782021060666942,8.582322154989143,2.063692665036177,1.93682710527823,0.8817980137189225,8.582322154989143,2.063692665036177,1.93682710527823
6.133637698793905,4.767132186118829,2.2128149827383727,0.37551960038133897,8.575871408372738,2.080522327976561,1.9368139066272096,0.8795589604514585,8.575871408372738,2.080522327976561,1.9368139066272096
7.964554526880331,2.7607445541647886,2.0502612117786927,0.8106517987619345,8.569441820020293,2.0972974649670757,1.9368002156701531,1.048351252002575,8.569441820020293,2.0972974649670757,1.9368002156701531
7.952078297867382,2.830063270461827,2.0540465119762645,0.811416539723337,8.562991522360395,2.1141273092095236,1.936787077129272,1.034434835280817,8.562991522360395,2.1141273092095236,1.936787077129272
7.148667515855079,3.3629289296881906,2.006832378299175,0.5052447381179478,8.55656238513821,2.1309026161115456,1.936773379046025,0.9679446872234455,8.55656238513821,2.1309026161115456,1.936773379046025
5.232752897738399,5.139397881045384,2.2496988275613856,0.29986542672180133,8.550112544401792,2.147732620421545,1.9367602124072392,0.7721409612874567,8.550112544401792,2.147732620421545,1.9367602124072392
5.171359111626564,5.154952992695528,2.255539855113499,0.3071716434205334,8.547656105829834,2.1538370645206957,1.9699825937383304,1.2046152859537556,8.547656105829834,2.1538370645206957,1.9699825937383304
8.332405802371762,-8.12696650225363,0.7228613493593928,0.2894870771644076,8.545684626446842,2.1583172779501796,2.000693175385569,1.0665882052690892,8.545684626446842,2.1583172779501796,2.000693175385569
8.80819156707915,0.9744959362896851,1.923438474887528,0.8842986637565571,8.544278703691491,2.161255159504141,2.033580882438822,1.210310840072376,8.544278703691491,2.161255159504141,2.033580882438822
6.18869800398585,4.239230806024553,2.073394810329624,0.4698553130447553,8.543456977382053,2.1628312127709535,2.0692253208743487,1.1488353518900347,8.543456977382053,2.1628312127709535,2.0692253208743487
8.405097800441267,2.384193036567332,2.0831043173940222,0.8424651785560751,8.543124619226056,2.163416223230927,2.105669348196528,0.8424651785560751,8.543124619226056,2.163416223230927,2.105669348196528
8.88522981379385,0.795947529601504,1.6886674404026067,0.2819177373816724,8.542949104488809,2.1637005707412316,2.141943323931211,1.1241153400368262,8.542949104488809,2.1637005707412316,2.141943323931211
8.474183070432455,2.051263920848749,2.134644024559721,0.8029324833566646,8.542818137991624,2.16388914490462,2.2141395896769662,0.9617291309548864,8.542818137991624,2.16388914490462,2.2141395896769662
5.720603421449938,4.921031419908079,2.4468906650608675,0.3632536337030475,8.542800358017491,2.163911989874137,2.250175523098997,1.1264615125953132,8.542800358017491,2.163911989874137,2.250175523098997
9.713559013134734,1.2186926922145027,2.042743938789172,0.8997055060805659,8.542750323650344,2.1639717082338006,2.2862000051683644,1.0693659773652826,8.542750323650344,2.1639717082338006,2.2862000051683644
8.425171775372425,-8.078849216237668,1.0649849587961908,0.32443560279377787,8.54274044633203,2.163982669839596,2.322219061956042,1.1897669216834628,8.54274044633203,2.163982669839596,2.322219061956042
8.430874581171642,-8.088795740780787,1.0667576018449771,0.3256994970827963,8.542690337601101,2.1640344048304163,2.358236252589591,1.2060509646594575,8.542690337601101,2.1640344048304163,2.358236252589591
8.413174725521937,-8.108896942648881,1.0789374427843583,0.3307209385203317,8.542590500096466,2.1641323552749316,2.373233797927325,1.2123863200029015,8.542590500096466,2.1641323552749316,2.373233797927325
8.413173802971963,-8.10889879696874,1.0789371728928516,0.33072091561445155,8.542478213324534,2.1642406072188223,2.37574175583565,1.2184746906567343,8.542478213324534,2.1642406072188223,2.37574175583565
8.413173803361191,-8.108898796186317,1.078937173006721,0.3307209156241128,8.542457910738921,2.1642601226933467,2.3761774570805567,1.2185254173106737,8.542457910738921,2.1642601226933467,2.3761774570805567
8.413173803433033,-8.108898796041904,1.0789371730277384,0.33072091562589606,8.54241970042235,2.164296832663897,2.3762579663222376,1.2185347200938381,8.54241970042235,2.164296832663897,2.3762579663222376
8.410477477702207,-8.125140649959432,1.076770033573538,0.3300222032486107,8.542435570866013,2.164281586799193,2.376270422031408,1.2177274747859024,8.542435570866013,2.164281586799193,2.376270422031408
8.410477477700196,-8.125140649963356,1.076770033572954,0.33002220324856646,8.542414556479756,2.1643017739619417,2.376268135379245,1.2177265045948709,8.542414556479756,2.1643017739619417,2.376268135379245
8.410477477693822,-8.125140649975794,1.0767700335711035,0.3300222032484264,8.542437414078133,2.16427981593492,2.376260888164029,1.2177260163644374,8.542437414078133,2.16427981593492,2.376260888164029
8.410986798759303,-8.123801217008,1.0769883812864072,0.3301558944345828,8.542418502035918,2.164297983963305,2.376252827321069,1.2178623430121123,8.542418502035918,2.164297983963305,2.376252827321069
8.410986798751253,-8.123801217023743,1.0769883812840673,0.3301558944343921,8.542442180522682,2.1642752366131432,2.376243638090096,1.2178616168271925,8.542442180522682,2.1642752366131432,2.376243638090096
8.390757286878245,-8.137905750388903,1.0744734681145907,0.3298849858812577,8.542423947453381,2.1642927529975076,2.376234847219502,1.217986627101176,8.542423947453381,2.1642927529975076,2.376234847219502
8.390757286881811,-8.137905750381783,1.0744734681156374,0.32988498588130244,8.542447899233656,2.1642697422657964,2.376225355934908,1.2179859052420263,8.542447899233656,2.1642697422657964,2.376225355934908
8.390757286885165,-8.137905750375104,1.0744734681166204,0.32988498588134435,8.542429614668185,2.1642873087670136,2.376216449727916,1.2179840733474303,8.542429614668185,2.1642873087670136,2.376216449727916
8.390757286888746,-8.137905750367958,1.0744734681176713,0.32988498588138926,8.542453542198759,2.1642643204849144,2.3762069229071816,1.2179833522543708,8.542453542198759,2.1642643204849144,2.3762069229071816
8.390757878774483,-8.137865943791668,1.0744750536068397,0.3300272630551275,8.542435325023316,2.164281822888615,2.376198002706486,1.2181510095466355,8.542435325023316,2.164281822888615,2.376198002706486
8.390757878778093,-8.137865943784472,1.0744750536078982,0.33002726305517166,8.54245927938857,2.164258807975222,2.37618846711764,1.218150344606907,8.54245927938857,2.164258807975222,2.37618846711764
8.39073548080354,-8.137878398192859,1.074470353337769,0.3301344642426005,8.542441038085288,2.1642763342075346,2.3761795452944865,1.2182790683303881,8.542441038085288,2.1642763342075346,2.3761795452944865
8.39073548080717,-8.137878398185627,1.0744703533388327,0.33013446424264375,8.542464981178087,2.164253329274678,2.376170012111248,1.2182784464699996,8.542464981178087,2.164253329274678,2.376170012111248
8.390735480810562,-8.13787839817886,1.0744703533398277,0.330134464242685,8.542446752900284,2.164270843639043,2.3761610922141174,1.218276736204668,8.542446752900284,2.164270843639043,2.3761610922141174
8.416257953478008,-8.10710126134076,1.0798572910358242,0.3309034470789366,8.542470700304197,2.1642478337141426,2.376151559839284,1.21844827637935,8.542470700304197,2.1642478337141426,2.376151559839284
8.416257953470046,-8.107101261356872,1.0798572910334798,0.3309034470787416,8.542452466629856,2.164265353910741,2.376142641558181,1.2184466306857038,8.542452466629856,2.164265353910741,2.376142641558181
8.331397696377014,-8.236679867453008,1.0734105513188996,0.3445352854483712,8.542476410637745,2.1642423463992975,2.3761331112007205,1.218605299047544,8.542476410637745,2.1642423463992975,2.3761331112007205
8.331397695748263,-8.236679867798467,1.073410551225614,0.34453528543470857,8.542458179987262,2.164259864337194,2.376124194769789,1.2186037121820061,8.542458179987262,2.164259864337194,2.376124194769789
8.331397695076255,-8.236679868167581,1.0734105511259162,0.3445352854200934,8.542482124127499,2.1642368558490874,2.3761146658210914,1.2186032046272073,8.542482124127499,2.1642368558490874,2.3761146658210914
8.331396117172607,-8.236804147423559,1.0734101700795387,0.34468145508809994,8.542463892461118,2.164254375409949,2.3761057510238404,1.2187616804322396,8.542463892461118,2.164254375409949,2.3761057510238404
8.331396116501022,-8.236804147790995,1.0734101699800207,0.34468145507461173,8.5424878350474,2.1642313675657503,2.376096223653694,1.2187612236106315,8.5424878350474,2.1642313675657503,2.376096223653694
8.33139611587274,-8.236804148134844,1.0734101698869143,0.34468145506200454,8.542469604199573,2.1642488869866954,2.3760873104596816,1.2187597027374915,8.542469604199573,2.1642488869866954,2.3760873104596816
8.331394013496734,-8.236920914681669,1.0734095449170296,0.34481662366130467,8.542493546006726,2.1642258790420232,2.37607778446608,1.218908462094159,8.542493546006726,2.1642258790420232,2.37607778446608
8.331394012868827,-8.23692091502406,1.0734095448240801,0.34481662364858184,8.542475315067874,2.164243399197029,2.376068872759066,1.218906995387213,8.542475315067874,2.164243399197029,2.376068872759066
8.33139401219767,-8.236920915389923,1.0734095447247338,0.3448166236349703,8.542499255723623,2.164220391509809,2.3760593481183583,1.2189065924045914,8.542499255723623,2.164220391509809,2.3760593481183583
8.331391538298723,-8.237057061904771,1.07340882882827,0.34497477863789966,8.542481025079566,2.1642379120280157,2.376050437827806,1.2190803267207082,8.542481025079566,2.1642379120280157,2.376050437827806
8.331391537630967,-8.237057062267475,1.0734088287295398,0.3449747786242284,8.542504964755388,2.1642149044336234,2.376040914437993,1.2190799733807376,8.542504964755388,2.1642149044336234,2.376040914437993
8.331391537006308,-8.237057062606878,1.0734088286371755,0.3449747786114512,8.542486734191053,2.164232425521641,2.3760320054777644,1.2190785806390227,8.542486734191053,2.164232425521641,2.3760320054777644
8.331388902827651,-8.237173825392656,1.0734081294530957,0.34511082683406297,8.542510672808024,2.1642094180960854,2.376022483278938,1.219228266698202,8.542510672808024,2.1642094180960854,2.376022483278938
8.331388902203344,-8.237173825730617,1.0734081293608853,0.34511082682116934,8.542492442396204,2.1642269396838874,2.3760135755758727,1.2192269275192025,8.542492442396204,2.1642269396838874,2.3760135755758727
8.331388901535984,-8.23717382609177,1.0734081292623217,0.34511082680737404,8.542516379996874,2.16420393238643,2.376004054493507,1.2192266273882801,8.542516379996874,2.16420393238643,2.376004054493507
8.413132637433389,-8.108826322863298,1.078930390559711,0.33142990396046107,8.542498149680553,2.164221454528743,2.3759951479737693,1.219388979618909,8.542498149680553,2.164221454528743,2.3759951479737693
8.413132637424592,-8.108826322881011,1.0789303905571361,0.33142990396025396,8.542522086253886,2.1641984473701363,2.375985627945047,1.2193886695006717,8.542522086253886,2.1641984473701363,2.375985627945047
8.413150131301009,-8.10876269332336,1.0789366916072063,0.331552170717534,8.54250385604155,2.164215970058744,2.375976722540268,1.2195382283477392,8.54250385604155,2.164215970058744,2.375976722540268
8.413150131292351,-8.108762693340806,1.0789366916046708,0.3315521707173314,8.542527791604527,2.164192963022808,2.37596720350154,1.219537961792834,8.542527791604527,2.164192963022808,2.37596720350154
8.413150131284247,-8.108762693357127,1.078936691602299,0.3315521707171422,8.54250956147798,2.1642104862751452,2.375958299145664,1.2195366778237333,8.54250956147798,2.1642104862751452,2.375958299145664
8.41314837446031,-8.10873617881803,1.078937359150538,0.3316847441485764,8.542533496036848,2.164187479356009,2.375948781038102,1.2197016122957893,8.542533496036848,2.164187479356009,2.375948781038102
8.413148374452218,-8.10873617883433,1.0789373591481697,0.3316847441483891,8.542515265993943,2.164205003174085,2.3759398776686824,1.2197003850598904,8.542515265993943,2.164205003174085,2.3759398776686824
8.413148374443573,-8.108736178851759,1.078937359145638,0.331684744148189,8.542539199561986,2.1641819963591074,2.375930360435413,1.2197001743489104,8.542539199561986,2.1641819963591074,2.375930360435413
8.390188431186498,-8.146901869959759,1.07034152983354,0.3306419221467474,8.542520969596136,2.164199520749208,2.3759214579927592,1.2198362665687583,8.542520969596136,2.164199520749208,2.3759214579927592
8.390188431185347,-8.146901869961802,1.0703415298332029,0.33064192214672605,8.542544902184977,2.1641765140273383,2.3759119415800143,1.2198360954740977,8.542544902184977,2.1641765140273383,2.3759119415800143
8.390188431184272,-8.146901869963717,1.0703415298328876,0.3306419221467058,8.542526672294366,2.164194038991168,2.37590304000739,1.2198349299141702,8.542526672294366,2.164194038991168,2.37590304000739
8.392241602438462,-8.147197553966484,1.0703311602233085,0.330780112927622,8.542550603917725,2.1641710323493317,2.375893524363767,1.219988084804395,8.542550603917725,2.1641710323493317,2.375893524363767
8.392241602437375,-8.147197553968386,1.0703311602229912,0.33078011292760356,8.542532374100626,2.1641885578885107,2.375884623607064,1.2199869715963012,8.542532374100626,2.1641885578885107,2.375884623607064
8.392211292332988,-8.147306682326894,1.0703210860665742,0.33093506280665685,8.542556304772281,2.1641655513135714,2.375875108683693,1.220169829590064,8.542556304772281,2.1641655513135714,2.375875108683693
8.392211292331897,-8.147306682328797,1.0703210860662569,0.3309350628066391,8.542538075028936,2.164183077427831,2.3758662086914524,1.220168777831018,8.542538075028936,2.164183077427831,2.3758662086914524
8.392211292330735,-8.147306682330836,1.0703210860659171,0.3309350628066193,8.542562004763433,2.1641600709059086,2.375856694441757,1.2201687120552913,8.542562004763433,2.1641600709059086,2.375856694441757
8.392170264917189,-8.147431137048402,1.0703085269521082,0.33107616085290037,8.54254377509489,2.16417759759421,2.3758477951649266,1.2203365789033336,8.54254377509489,2.16417759759421,2.3758477951649266
8.392170264916025,-8.147431137050438,1.0703085269517685,0.33107616085288133,8.542567703906997,2.164154591111207,2.375838281544579,1.220336561397781,8.542567703906997,2.164154591111207,2.375838281544579
8.392170264914936,-8.147431137052344,1.0703085269514507,0.3310761608528633,8.542549474315408,2.164172118371453,2.3758293829365016,1.2203355725397504,8.542549474315408,2.164172118371453,2.3758293829365016
8.392170264913773,-8.147431137054383,1.0703085269511114,0.331076160852844,8.542573402220182,2.164149111912983,2.3758198699032755,1.2203355614691216,8.542573402220182,2.164149111912983,2.3758198699032755
8.392145505716819,-8.147527205897124,1.0703006922817966,0.33121841294280613,8.542555172708429,2.1641666397423753,2.3758109719194858,1.2205046442562373,8.542555172708429,2.1641666397423753,2.3758109719194858
8.392145505715645,-8.147527205899173,1.0703006922814546,0.3312184129427874,8.542579099721022,2.1641436332939605,2.375801459433185,1.2205046812079297,8.542579099721022,2.1641436332939605,2.375801459433185
8.392015546172221,-8.147802747117387,1.0702622642453707,0.3313484581876772,8.542560870292707,2.1641611616890133,2.37579256203137,1.2206619171607795,8.542560870292707,2.1641611616890133,2.37579256203137
8.392015546171073,-8.1478027471194,1.0702622642450355,0.33134845818765896,8.542584796428322,2.1641381552361203,2.3757830500537214,1.2206619987623837,8.542584796428322,2.1641381552361203,2.3757830500537214
8.392015546169999,-8.147802747121279,1.0702622642447222,0.33134845818764247,8.542566567087595,2.1641556841928224,2.375774153193599,1.220661123950538,8.542566567087595,2.1641556841928224,2.375774153193599
8.39197603921546,-8.14792530895481,1.0702500542871927,0.33149150050217335,8.542590492361379,2.164132677720964,2.375764641688167,1.2208334856086795,8.542590492361379,2.164132677720964,2.375764641688167
8.391976039214384,-8.14792530895669,1.070250054286879,0.3314915005021568,8.542572263112863,2.164150207234851,2.375755745331398,1.2208326656605673,8.542572263112863,2.164150207234851,2.375755745331398
