x,y,theta,mean_error,initial_x,initial_y,initial_theta,mean_error_initial,odom_x,odom_y,odom_theta
-0.08069187208126632,-4.001300451343169,0.05649392310782561,0.15903964980786994,-0.2591152882920883,-3.987732419811621,-0.0946427081665465,0.32302325102233875,-0.2591152882920883,-3.987732419811621,-0.0946427081665465
-0.08068764038253146,-4.001298004740562,0.056494185287273686,0.15903532588531472,-0.259147304380023,-3.987729380616852,-0.0946443110206815,0.32384645519913646,-0.259147304380023,-3.987729380616852,-0.0946443110206815
-0.08068764038253029,-4.0012980047405655,0.056494185287272944,0.1590353258853155,-0.2591210822486714,-3.987731869841677,-0.0946452495725636,0.32384645519913674,-0.2591210822486714,-3.987731869841677,-0.0946452495725636
-0.08068764038253151,-4.001298004740562,0.05649418528727351,0.15903532588531558,-0.2591530990899228,-3.987728830493458,-0.09464684222665819,0.32384645519913674,-0.2591530990899228,-3.987728830493458,-0.09464684222665819
-0.08068764038253001,-4.001298004740565,0.05649418528727325,0.15903532588531602,-0.2591268762018303,-3.987731319856954,-0.0946477702892084,0.32384645519913685,-0.2591268762018303,-3.987731319856954,-0.0946477702892084
-0.08068764038252879,-4.001298004740564,0.056494185287272784,0.1590353258853156,-0.2591588925061989,-3.987728280478433,-0.0946493529137431,0.32384645519913646,-0.2591588925061989,-3.987728280478433,-0.0946493529137431
-0.08069649059133088,-4.00130285425116,0.05649340610993211,0.15903142070450402,-0.2591326702935008,-3.9877307698441085,-0.0946502708365279,0.3238456627341878,-0.2591326702935008,-3.9877307698441085,-0.0946502708365279
-0.08069649059133133,-4.00130285425116,0.0564934061099323,0.15903142070450388,-0.2591646866688393,-3.9877277303782246,-0.09465184384878111,0.32384566273418786,-0.2591646866688393,-3.9877277303782246,-0.09465184384878111
-0.08112054624469694,-4.001382001119614,0.0564145868551742,0.1590282149758647,-0.2591384644379592,-3.987730219811403,-0.0946527519743049,0.32384803341490964,-0.2591384644379592,-3.987730219811403,-0.0946527519743049
-0.08112054624469667,-4.001382001119618,0.05641458685517452,0.15902821497586542,-0.2591704806016107,-3.9877271802856162,-0.09465431565185228,0.3238480334149092,-0.2591704806016107,-3.9877271802856162,-0.09465431565185228
-0.08112054624469828,-4.001382001119614,0.056414586855174295,0.15902821497586295,-0.2591442586575659,-3.987729669756838,-0.0946552143015743,0.323848033414909,-0.2591442586575659,-3.987729669756838,-0.0946552143015743
-0.08112936802287896,-4.001386771679836,0.05641381310025091,0.15902436475408754,-0.2591762747447195,-3.987726630158913,-0.09465676896483721,0.32384732223123763,-0.2591762747447195,-3.987726630158913,-0.09465676896483721
-0.08112936802287962,-4.001386771679833,0.056413813100250745,0.15902436475408735,-0.25915005292515,-3.987729119683106,-0.0946576584469418,0.3238473222312381,-0.25915005292515,-3.987729119683106,-0.0946576584469418
-0.08112936802288123,-4.001386771679836,0.056413813100251925,0.15902436475408552,-0.2591820688749529,-3.9877260800194057,-0.0946592043746583,0.323847322231238,-0.2591820688749529,-3.9877260800194057,-0.0946592043746583
-0.08113740269151914,-4.00139111365951,0.05641310901384638,0.15902086978512112,-0.2591558472378745,-3.9877285695905913,-0.0946600849815353,0.3238466476240338,-0.2591558472378745,-3.9877285695905913,-0.0946600849815353
-0.08113740269151798,-4.00139111365951,0.05641310901384568,0.159020869785122,-0.2591878630814541,-3.987725529858724,-0.09466162245145361,0.32384664762403387,-0.2591878630814541,-3.987725529858724,-0.09466162245145361
-0.08113338795370606,-4.00138883549968,0.056413351947732615,0.15901669548628405,-0.2591616415825034,-3.987728019480659,-0.094662494461975,0.3238427222693661,-0.2591616415825034,-3.987728019480659,-0.094662494461975
-0.08113338795370406,-4.001388835499676,0.05641335194773227,0.15901669548628497,-0.2591936573078171,-3.9877249796823184,-0.0946640237327975,0.32384272226936617,-0.2591936573078171,-3.9877249796823184,-0.0946640237327975
-0.08113338795370861,-4.001388835499675,0.05641335194773323,0.1590166954862806,-0.2591674359516258,-3.9877274693541214,-0.094664887412254,0.32384272226936617,-0.2591674359516258,-3.9877274693541214,-0.094664887412254
-0.08114131571578936,-4.0013930710487715,0.056412659278548605,0.15901331412716888,-0.2591994515668635,-3.9877244294890573,-0.094666408733046,0.3238421073878998,-0.2591994515668635,-3.9877244294890573,-0.094666408733046
-0.08114131571578864,-4.0013930710487715,0.056412659278547404,0.15901331412716985,-0.2591732303359776,-3.987726919211957,-0.094667264334184,0.3238421073879,-0.2591732303359776,-3.987726919211957,-0.094667264334184
-0.08116244449496557,-4.0014046353435795,0.05641091618695708,0.15901016960557576,-0.2592052458398065,-3.987723879280811,-0.0946687779408947,0.3238445780562198,-0.2592052458398065,-3.987723879280811,-0.0946687779408947
-0.08116244449496546,-4.0014046353435795,0.05641091618695759,0.15901016960557507,-0.2591790247279846,-3.987726369054985,-0.09466962570436652,0.3238445780562194,-0.2591790247279846,-3.987726369054985,-0.09466962570436652
-0.08116244449496501,-4.001404635343582,0.056410916186956685,0.15901016960557662,-0.2592110401235037,-3.987723329057963,-0.0946711318223183,0.32384457805621975,-0.2592110401235037,-3.987723329057963,-0.0946711318223183
-0.08116244449496496,-4.00140463534358,0.056410916186957226,0.15901016960557615,-0.2591848191200427,-3.987725818884025,-0.0946719719773441,0.32384457805621963,-0.2591848191200427,-3.987725818884025,-0.0946719719773441
-0.08115829303878858,-4.001402229709341,0.0564111741066314,0.15900614797728138,-0.2592168344082299,-3.987722778821516,-0.0946734708208882,0.3238407147525596,-0.2592168344082299,-3.987722778821516,-0.0946734708208882
-0.08115829303878841,-4.001402229709348,0.05641117410663205,0.15900614797728024,-0.2591906135052741,-3.9877252686998204,-0.0946743035857843,0.3238407147525593,-0.2591906135052741,-3.9877252686998204,-0.0946743035857843
-0.08116608875136683,-4.001406405278528,0.05641049330915057,0.15900290229952982,-0.2592226286880559,-3.9877222285721152,-0.0946757953592485,0.32384011025587633,-0.2592226286880559,-3.9877222285721152,-0.0946757953592485
-0.08116608875136622,-4.001406405278528,0.05641049330915047,0.1590029022995298,-0.2591964078771234,-3.9877247185030873,-0.0946766209420009,0.32384011025587645,-0.2591964078771234,-3.9877247185030873,-0.0946766209420009
-0.08116608875136727,-4.001406405278527,0.056410493309150156,0.15900290229952943,-0.2592284229559319,-3.9877216783105096,-0.09467810584000089,0.32384011025587683,-0.2592284229559319,-3.9877216783105096,-0.09467810584000089
-0.08117445300063153,-4.001410886340131,0.056409763324106715,0.15899944693741483,-0.2592022022295035,-3.9877241682944935,-0.0946789244387396,0.32383945848935136,-0.2592022022295035,-3.9877241682944935,-0.0946789244387396
-0.05736763764013081,-3.9546570233748657,0.05891301002810385,0.15679458520358072,-0.2592342172059511,-3.9877211280373315,-0.0946804026467534,0.3230975697491516,-0.2592342172059511,-3.9877211280373315,-0.0946804026467534
-0.057367637640129976,-3.954657023374868,0.05891301002810398,0.15679458520358192,-0.2592079965566871,-3.9877236180746647,-0.0946812144502666,0.32309756974915127,-0.2592079965566871,-3.9877236180746647,-0.0946812144502666
-0.05738916123013921,-3.954668823611523,0.05891124079772957,0.1567956016437863,-0.2592400114322455,-3.987720577753212,-0.0946826861450046,0.32310442041251475,-0.2592400114322455,-3.987720577753212,-0.0946826861450046
-0.05738916123013682,-3.954668823611523,0.05891124079772882,0.15679560164378809,-0.2592137908533172,-3.9877230678441924,-0.0946834913331856,0.3231044204125151,-0.2592137908533172,-3.9877230678441924,-0.0946834913331856
-0.057389161230137986,-3.9546688236115233,0.05891124079772951,0.156795601643787,-0.2592458056294687,-3.987720027458731,-0.0946849566830904,0.3231044204125152,-0.2592458056294687,-3.987720027458731,-0.0946849566830904
-0.05738916123013954,-3.95466882361152,0.058911240797729865,0.15679560164378653,-0.2592195851143685,-3.987722517603637,-0.094685755427392,0.323104420412515,-0.2592195851143685,-3.987722517603637,-0.094685755427392
-0.07948693176334452,-3.910049339991495,-0.036627650569630084,0.5310422831575056,-0.2501734946150298,-3.9885978090395935,-0.098231857376799,0.5425213619632216,-0.2501734946150298,-3.9885978090395935,-0.098231857376799
-0.07742822766781807,-3.9099658233321635,-0.03666443932379715,0.5309732025121225,-0.2365926637096082,-3.9899574235666933,-0.1013287412898543,0.5434672401335907,-0.2365926637096082,-3.9899574235666933,-0.1013287412898543
-0.13130419907488133,-3.9362559673955357,-0.07635857085210515,0.543678047838191,-0.2216013850475867,-3.9914978446146905,-0.1034614794955362,0.543678047838191,-0.2216013850475867,-3.9914978446146905,-0.1034614794955362
-0.12205542078550985,-3.9359298841620025,-0.07631113481140085,0.543199225578576,-0.2063453733198793,-3.9930950720318727,-0.1051683738417381,0.543199225578576,-0.2063453733198793,-3.9930950720318727,-0.1051683738417381
-0.11270848642684111,-3.9358083251731557,-0.07619619456002595,0.5426999045534936,-0.1904935458667908,-3.994779776967716,-0.1065932831267283,0.5426999045534936,-0.1904935458667908,-3.994779776967716,-0.1065932831267283
0.02123941531255058,-3.95011104079092,0.046437930080805,0.15687855451124652,-0.1713117237276573,-3.996833507128555,-0.1067270387134044,0.30362503909935273,-0.1713117237276573,-3.996833507128555,-0.1067270387134044
0.02123941531254847,-3.95011104079092,0.0464379300808061,0.15687855451124494,-0.1527335353777767,-3.9988198584832677,-0.10630060236877252,0.3027176013248855,-0.1527335353777767,-3.9988198584832677,-0.10630060236877252
0.021239415312550247,-3.9501110407909246,0.04643793008080524,0.156878554511248,-0.134525321595784,-4.000760120129801,-0.106017577931107,0.3014285980352324,-0.134525321595784,-4.000760120129801,-0.106017577931107
0.08412086391663604,-3.9408959376298274,0.045216922313464546,0.15820790074596647,-0.1165479518396996,-4.002671989187987,-0.1058832546283424,0.2840991915108019,-0.1165479518396996,-4.002671989187987,-0.1058832546283424
0.08412086391663576,-3.940895937629829,0.04521692231346496,0.15820790074596666,-0.0985793496328911,-4.00458113608007,-0.1058205952382407,0.2823228936279345,-0.0985793496328911,-4.00458113608007,-0.1058205952382407
0.08412086391663814,-3.9408959376298305,0.0452169223134644,0.1582079007459686,-0.0806962704366571,-4.00648035247197,-0.105789943290716,0.2816521919071887,-0.0806962704366571,-4.00648035247197,-0.105789943290716
0.1298000601282177,-3.93830208538383,0.04561226822418466,0.15931250474473702,-0.0627657314614416,-4.008384159761955,-0.1057710253064315,0.29612651094892556,-0.0627657314614416,-4.008384159761955,-0.1057710253064315
0.191578817060438,-3.9168087744978957,0.04763418505461907,0.14688146809604502,-0.0448976595423783,-4.010281047515598,-0.1057581787838933,0.2776853093984637,-0.0448976595423783,-4.010281047515598,-0.1057581787838933
0.1915788170604386,-3.9168087744978943,0.04763418505461891,0.14688146809604533,-0.0269730758505653,-4.012183711349907,-0.105746392835679,0.2774637887512414,-0.0269730758505653,-4.012183711349907,-0.105746392835679
0.24548152189200562,-3.907406750331896,0.04982250261535743,0.14649969521840567,-0.0091073186389714,-4.014079934790467,-0.10573647475900139,0.2926434009655197,-0.0091073186389714,-4.014079934790467,-0.10573647475900139
0.24548152189200428,-3.9074067503318926,0.04982250261535732,0.14649969521840375,0.0088163165678835,-4.015982115079246,-0.1057258509342944,0.2931281041373365,0.0088163165678835,-4.015982115079246,-0.1057258509342944
0.24548152189200406,-3.9074067503318917,0.04982250261535789,0.14649969521840356,0.0266817168054486,-4.017877932656438,-0.10571628130823331,0.29234564197918617,0.0266817168054486,-4.017877932656438,-0.10571628130823331
0.2847599800772726,-3.905280844927625,0.04722991993692722,0.1479938955297204,0.044605251099337,-4.019779737986839,-0.1057058522096908,0.27650336595314073,0.044605251099337,-4.019779737986839,-0.1057058522096908
0.2839484465455928,-3.9091782274612323,0.046267406383072675,0.14804852022417428,0.0624706269750197,-4.021675192696108,-0.1056963959873759,0.2932444421443175,0.0624706269750197,-4.021675192696108,-0.1056963959873759
0.28397153183886126,-3.910350674210628,0.04708457824630401,0.1480166728162563,0.0803941711391704,-4.023576638810182,-0.1056859849675651,0.2932647509724854,0.0803941711391704,-4.023576638810182,-0.1056859849675651
0.32786188901455904,-3.9029472023706977,0.047920307707274644,0.14815170967064306,0.0982595732092016,-4.025471737451998,-0.10567653808382259,0.2974178822966728,0.0982595732092016,-4.025471737451998,-0.10567653808382259
0.32786188901455926,-3.9029472023706977,0.04792030770727405,0.14815170967064356,0.116183153724806,-4.027372827520874,-0.10566613016322819,0.29755607982748794,0.116183153724806,-4.027372827520874,-0.10566613016322819
0.3873610723097237,-3.8969096403529395,0.047793791027730924,0.14835998144457466,0.1340485930428749,-4.029267571412481,-0.1056566837299999,0.27761561017523295,0.1340485930428749,-4.029267571412481,-0.1056566837299999
0.38736107230972594,-3.8969096403529435,0.04779379102773076,0.14835998144457468,0.1519722093599685,-4.0311683054096985,-0.1056462753182238,0.28960341241986315,0.1519722093599685,-4.0311683054096985,-0.1056462753182238
0.38736107230972516,-3.8969096403529426,0.047793791027730716,0.14835998144457446,0.1698376856037894,-4.033062694505352,-0.1056368281123115,0.28924506147123513,0.1698376856037894,-4.033062694505352,-0.1056368281123115
0.4387022089555196,-3.8946601630890867,0.04619618851101137,0.14815637104651427,0.1877613399472031,-4.034963072639133,-0.1056264186826257,0.28733689893684383,0.1877613399472031,-4.034963072639133,-0.1056264186826257
0.4387022089555205,-3.894660163089089,0.04619618851101137,0.1481563710465171,0.2056268540162105,-4.036857106998667,-0.10561697038364011,0.28682884846135004,0.2056268540162105,-4.036857106998667,-0.10561697038364011
0.43870220895552064,-3.894660163089089,0.04619618851101157,0.14815637104651597,0.2235505456295202,-4.0387571291492925,-0.1056065597801777,0.2867749150385864,0.2235505456295202,-4.0387571291492925,-0.1056065597801777
0.48964812230056604,-3.9020799995142084,0.0477321577823875,0.1507602721631906,0.2414160971585811,-4.04065080869183,-0.1055971102173117,0.2780488192220869,0.2414160971585811,-4.04065080869183,-0.1055971102173117
0.4896481223005655,-3.902079999514209,0.0477321577823878,0.15076027216319057,0.2593398263146458,-4.042550474838828,-0.1055866978718986,0.2768358138796492,0.2593398263146458,-4.042550474838828,-0.1055866978718986
0.48964812230056387,-3.9020799995142075,0.04773215778238773,0.15076027216318894,0.2772054149314067,-4.044443799444825,-0.1055772442376776,0.27709852415117986,0.2772054149314067,-4.044443799444825,-0.1055772442376776
0.5295487990727398,-3.884124548797981,0.04918261407750675,0.1521890583153317,0.2951291922886834,-4.046343111185997,-0.1055668934444386,0.27524411673996196,0.2951291922886834,-4.046343111185997,-0.1055668934444386
0.5295487990727394,-3.8841245487979785,0.04918261407750729,0.1521890583153306,0.3129948105008686,-4.0482360807470945,-0.1055573966268463,0.2926832210379178,0.3129948105008686,-4.0482360807470945,-0.1055573966268463
0.5312980436559952,-3.8921407222773556,0.048376234579127986,0.15227925110394802,0.3309186249603888,-4.050135035550956,-0.1055469211339357,0.3077109169760175,0.3309186249603888,-4.050135035550956,-0.1055469211339357
0.5829733425714547,-3.8851768348669706,0.04770341525820417,0.1521489746378703,0.3487842803673519,-4.052027649097697,-0.1055375204384551,0.29558470663349556,0.3487842803673519,-4.052027649097697,-0.1055375204384551
0.5829733425714541,-3.88517683486697,0.047703415258205796,0.15214897463787058,0.3667081221224669,-4.053926247103614,-0.10552710739626091,0.29442208366902145,0.3667081221224669,-4.053926247103614,-0.10552710739626091
0.5829733425714531,-3.8851768348669697,0.04770341525820621,0.1521489746378682,0.3845738241862063,-4.0558185071676345,-0.1055176549626249,0.29506110126487906,0.3845738241862063,-4.0558185071676345,-0.1055176549626249
0.6328211965708408,-3.882967738361264,0.04640734150305718,0.15049609257365285,0.4024977038391011,-4.057716749109453,-0.1055072399736749,0.2909819083748374,0.4024977038391011,-4.057716749109453,-0.1055072399736749
0.6787035331525715,-3.8846725354322706,0.04621223148652097,0.1519252759932098,0.4203634436275916,-4.059608654231933,-0.1054977864568961,0.2795014089216292,0.4203634436275916,-4.059608654231933,-0.1054977864568961
0.6787035331525695,-3.884672535432268,0.04621223148652265,0.15192527599320785,0.4382873609316689,-4.061506540037817,-0.10548737053942751,0.2797228847146913,0.4382873609316689,-4.061506540037817,-0.10548737053942751
0.6787035331525694,-3.8846725354322675,0.04621223148652172,0.15192527599320768,0.4561531383668588,-4.063398090176622,-0.1054779161794396,0.27908448857675416,0.4561531383668588,-4.063398090176622,-0.1054779161794396
0.6787035331525701,-3.884672535432268,0.04621223148652206,0.15192527599320763,0.4740770932988869,-4.065295619812908,-0.1054674994223641,0.2781820184172804,0.4740770932988869,-4.065295619812908,-0.1054674994223641
0.7260363670476659,-3.8877102108301256,0.04629674936469356,0.15235628487888675,0.4919429083616475,-4.067186814935643,-0.1054580442632237,0.2832873936102878,0.4919429083616475,-4.067186814935643,-0.1054580442632237
0.7260363670476679,-3.887710210830127,0.04629674936469377,0.15235628487888814,0.5098669009105752,-4.069083988371472,-0.10544762668919182,0.283875307878557,0.5098669009105752,-4.069083988371472,-0.10544762668919182
0.7260363670476675,-3.8877102108301274,0.04629674936469438,0.1523562848788882,0.527732753584391,-4.070974828447588,-0.105438170732497,0.28385315303628755,0.527732753584391,-4.070974828447588,-0.105438170732497
0.7745101837299144,-3.877024279811255,0.04465474508702464,0.15325844520528176,0.5456567837369982,-4.072871645652065,-0.1054277523105186,0.28738478803882966,0.5456567837369982,-4.072871645652065,-0.1054277523105186
0.774510183729917,-3.877024279811255,0.04465474508702413,0.15325844520528345,0.5635226739842145,-4.074762130646483,-0.1054182954291009,0.3049793248300732,0.5635226739842145,-4.074762130646483,-0.1054182954291009
0.7745101837299151,-3.877024279811256,0.04465474508702405,0.15325844520528267,0.5814467416384058,-4.076658591572346,-0.1054078756625609,0.3049464842077549,0.5814467416384058,-4.076658591572346,-0.1054078756625609
0.8280423740533808,-3.8798807144693637,0.04598262200201379,0.15467081024889892,0.5993126685268969,-4.078548721298652,-0.105398412683654,0.2688528466136724,0.5993126685268969,-4.078548721298652,-0.105398412683654
0.8280423740533807,-3.879880714469362,0.04598262200201458,0.15467081024889714,0.6172367759638063,-4.080444826176464,-0.1053880052710176,0.2681589148840908,0.6172367759638063,-4.080444826176464,-0.1053880052710176
0.82804237405338,-3.8798807144693614,0.045982622002014896,0.15467081024889845,0.6351027406181439,-4.082334600968597,-0.105378547478149,0.26885039766855484,0.6351027406181439,-4.082334600968597,-0.105378547478149
0.8694707318993982,-3.881839334363118,0.04710908507468979,0.15572252288569502,0.6530268846207254,-4.084230349486011,-0.10536812043226859,0.27843066404128136,0.6530268846207254,-4.084230349486011,-0.10536812043226859
0.8694707318993987,-3.881839334363118,0.047109085074690395,0.15572252288569602,0.659185141535283,-4.084786768509913,-0.0748491893594482,0.2501005520834989,0.659185141535283,-4.084786768509913,-0.0748491893594482
0.8867378084140878,-3.8810027446823856,0.09972412441301406,0.15440966666002545,0.6639264259431625,-4.085066456932473,-0.0429942691970777,0.2619737921640542,0.6639264259431625,-4.085066456932473,-0.0429942691970777
0.8867378084140878,-3.8810027446823874,0.09972412441301341,0.15440966666002665,0.6677364441012775,-4.085166705182327,-0.0096170943555373,0.2333433995192967,0.6677364441012775,-4.085166705182327,-0.0096170943555373
0.8867378084140892,-3.8810027446823874,0.09972412441301347,0.1544096666600266,0.6696660829171912,-4.085150859215043,0.0260404902545037,0.21339415496491596,0.6696660829171912,-4.085150859215043,0.0260404902545037
0.8858753409372633,-3.8769453698318856,0.1904576801561983,0.1554112158396134,0.6705102780459863,-4.0851134543176935,0.0625182960372171,0.24567107347552083,0.6705102780459863,-4.0851134543176935,0.0625182960372171
0.8885675945308594,-3.882821165913173,0.18954851081678747,0.15540014997690374,0.6708222642650628,-4.085088232246259,0.09881792065394332,0.22643990913235143,0.6708222642650628,-4.085088232246259,0.09881792065394332
0.8885675945308609,-3.8828211659131733,0.1895485108167869,0.15540014997690502,0.671012696209863,-4.08506587087769,0.1349604402279864,0.207387740373971,0.671012696209863,-4.08506587087769,0.1349604402279864
0.8840234486665655,-3.86872480819544,0.28105542588475596,0.15446857030844233,0.6710719368548238,-4.085056736053127,0.1710267758406707,0.23782772429919144,0.6710719368548238,-4.085056736053127,0.1710267758406707
0.8840234486665685,-3.868724808195444,0.2810554258847568,0.15446857030844333,0.6711608203422819,-4.085039730098846,0.20706113146144461,0.2170245106761242,0.6711608203422819,-4.085039730098846,0.20706113146144461
0.8840234486665681,-3.8687248081954437,0.281055425884756,0.15446857030844338,0.6711801019952732,-4.085035315555207,0.24308160163015494,0.19592936247656156,0.6711801019952732,-4.085035315555207,0.24308160163015494
0.8942067799990874,-3.8793845828722384,0.37530213015391933,0.15647861785917888,0.6712513104970036,-4.085016289412941,0.279098730492465,0.23643172402963497,0.6712513104970036,-4.085016289412941,0.279098730492465
0.8942067799990872,-3.8793845828722366,0.3753021301539187,0.1564786178591793,0.6712640182686214,-4.085012398719529,0.3151101677214383,0.21101584569113543,0.6712640182686214,-4.085012398719529,0.3151101677214383
0.8988044695970278,-3.877999762745287,0.46411308904106024,0.15551160064999617,0.6713313390230767,-4.08498910505254,0.3511218522526388,0.24660224433891065,0.6713313390230767,-4.08498910505254,0.3511218522526388
0.89880446959703,-3.877999762745288,0.46411308904105836,0.15551160064999736,0.6713423761474795,-4.084984835236492,0.3871326635523769,0.2222146497227254,0.6713423761474795,-4.084984835236492,0.3871326635523769
0.8988044695970294,-3.877999762745289,0.46411308904106,0.155511600649997,0.6714072009614976,-4.084957034278201,0.423143357819236,0.20151558684855667,0.6714072009614976,-4.084957034278201,0.423143357819236
0.8974238368613934,-3.8673303518627407,0.46603937923616756,0.15559397534672495,0.671417511973014,-4.084952165581274,0.4591534553120699,0.19589772226613286,0.671417511973014,-4.084952165581274,0.4591534553120699
0.9003224483920405,-3.874192250425406,0.5501759584543137,0.15615701924235573,0.6714798798038712,-4.084919921130932,0.495163539332522,0.20772278830274218,0.6714798798038712,-4.084919921130932,0.495163539332522
0.8998200685331732,-3.873607436369861,0.5504106555710576,0.15615699437548863,0.671489563814473,-4.08491446394152,0.5311731193252147,0.19542669495703596,0.671489563814473,-4.08491446394152,0.5311731193252147
0.892322197793553,-3.879155879300125,0.6394734942666152,0.15341906474856626,0.6715492053779786,-4.084877964815135,0.5671827052858627,0.21355852286621874,0.6715492053779786,-4.084877964815135,0.5671827052858627
0.8923221977935522,-3.8791558793001277,0.6394734942666163,0.15341906474856484,0.6715582425541631,-4.0848719767127175,0.6031918439645807,0.19693932500314285,0.6715582425541631,-4.0848719767127175,0.6031918439645807
0.8935464375807614,-3.8803852255678386,0.6397898106876039,0.15341748981849415,0.6716148786747929,-4.084831441292492,0.6392010018279082,0.19757797592408616,0.6716148786747929,-4.084831441292492,0.6392010018279082
0.8848947332751841,-3.868232755436135,0.7182801166652988,0.15450308236409827,0.6716232459847882,-4.084824984769287,0.6752097628374468,0.19978331622991302,0.6716232459847882,-4.084824984769287,0.6752097628374468
0.885071949955331,-3.8680533208865113,0.7184104449947839,0.15450275270595007,0.6717746468504239,-4.084701873994434,0.6901994846121738,0.1930478940160933,0.6717746468504239,-4.084701873994434,0.6901994846121738
0.8853911431571035,-3.867998801374667,0.7184500407178933,0.15450243218432172,0.6717509918520712,-4.084721877557437,0.7137128749357107,0.19754386261846735,0.6717509918520712,-4.084721877557437,0.7137128749357107
0.892484810294621,-3.880340149491403,0.7972856760695671,0.1529642991004465,0.6717470382021269,-4.08472542060002,0.7476491920196119,0.20580691850382363,0.6717470382021269,-4.08472542060002,0.7476491920196119
0.8923321199544139,-3.8802111605067298,0.7973825565652239,0.15296462065636357,0.671726732369376,-4.084744933052237,0.7833023465447575,0.18977691458759005,0.671726732369376,-4.084744933052237,0.7833023465447575
0.8914966826924782,-3.8797711566679505,0.7993507961886552,0.15299490000949648,0.6717626146847392,-4.08470789301596,0.8192434681710549,0.21378337859148788,0.6717626146847392,-4.08470789301596,0.8192434681710549
0.8892076392968391,-3.875484355222359,0.8907465923815725,0.15474837702942054,0.6717645068411983,-4.08470579375203,0.8552361991950376,0.1960256219288848,0.6717645068411983,-4.08470579375203,0.8552361991950376
0.8895902439761669,-3.8731941328230604,0.8910444612090813,0.1547386653164348,0.6718069855486112,-4.08465511060217,0.8912399691870443,0.1977631963445139,0.6718069855486112,-4.08465511060217,0.8912399691870443
0.8911588327831022,-3.8707985370154594,0.8914219744650961,0.15473072799955678,0.671812273146207,-4.084648319412012,0.927246367830534,0.22426730063420958,0.671812273146207,-4.084648319412012,0.927246367830534
0.9195417438635152,-3.856596578586552,0.9737429004285502,0.1632508784585229,0.6718519896141042,-4.084593334469265,0.9632538097902303,0.20997213328133682,0.6718519896141042,-4.084593334469265,0.9632538097902303
0.9195417438635134,-3.8565965785865544,0.9737429004285507,0.1632508784585217,0.677111030469177,-4.076922726221164,0.9763340703704656,0.2135499193392258,0.677111030469177,-4.076922726221164,0.9763340703704656
0.9195417438635148,-3.8565965785865526,0.9737429004285507,0.16325087845852249,0.6787768391744824,-4.074395285594036,0.9997820415392854,0.23409148236833832,0.6787768391744824,-4.074395285594036,0.9997820415392854
0.906865449170685,-3.863829708130982,1.0428543713423655,0.15705168302834557,0.6800991854537943,-4.072256972626211,1.0341231236275248,0.19802175842480052,0.6800991854537943,-4.072256972626211,1.0341231236275248
0.911613426511948,-3.8610877590167934,1.0440877205375552,0.15706022036146253,0.6810867893532229,-4.070529331067332,1.0688455792094391,0.22069411502847874,0.6810867893532229,-4.070529331067332,1.0688455792094391
0.911613426511948,-3.861087759016792,1.0440877205375552,0.15706022036146222,0.6814617002250849,-4.069815841067798,1.105131077354832,0.2592948810474274,0.6814617002250849,-4.069815841067798,1.105131077354832
0.9100774468617392,-3.8633519027249856,1.1307820491649587,0.15707272421231647,0.6816290871850217,-4.069467132006071,1.1413908125705066,0.20696447066319243,0.6816290871850217,-4.069467132006071,1.1413908125705066
0.9127072024301999,-3.8591318028925192,1.1307632302467836,0.15704514698133623,0.6816828703101955,-4.069343839373505,1.177525060340024,0.2398694331821273,0.6816828703101955,-4.069343839373505,1.177525060340024
0.9092308156546974,-3.857300833422819,1.2196647528252478,0.15642354501788538,0.681726199422429,-4.069233840040065,1.2135882528234727,0.19868944715141307,0.681726199422429,-4.069233840040065,1.2135882528234727
0.9029482821658552,-3.8507829700519993,1.221113333988891,0.1565362653637309,0.6817357025406182,-4.069206905960024,1.24961909891528,0.2263615467511552,0.6817357025406182,-4.069206905960024,1.24961909891528
0.9029482821658563,-3.850782970052003,1.2211133339888904,0.15653626536373233,0.6817582038451077,-4.06913497342485,1.2856367951719063,0.2609162814167275,0.6817582038451077,-4.06913497342485,1.2856367951719063
0.9027020647380237,-3.861182318751326,1.3090683465114688,0.1528919878240053,0.6817612330693061,-4.069123905582648,1.32164887090571,0.20733692781482846,0.6817612330693061,-4.069123905582648,1.32164887090571
0.9023244779750987,-3.8607434087244883,1.3089856993430644,0.152892351534932,0.6817768889960913,-4.069057383311184,1.3576591062401648,0.24051572719201597,0.6817768889960913,-4.069057383311184,1.3576591062401648
0.902702064738024,-3.861182318751326,1.3090683465114685,0.15289198782400543,0.6817785393934436,-4.069049033114091,1.3936680974259197,0.26585213571284805,0.6817785393934436,-4.069049033114091,1.3936680974259197
0.9023244779751016,-3.8607434087244905,1.3089856993430649,0.1528923515349329,0.6817891904517946,-4.068982662998556,1.4296785871335242,0.2830558175895545,0.6817891904517946,-4.068982662998556,1.4296785871335242
0.9009922174468545,-3.859002899306687,1.4000427745835315,0.15463867543144436,0.6817901545775149,-4.06897487139949,1.4656873977111595,0.26583796509320223,0.6817901545775149,-4.06897487139949,1.4656873977111595
0.9009922174468576,-3.8590028993066907,1.4000427745835313,0.15463867543144677,0.681795951035795,-4.068908493475551,1.5016969943550194,0.27460840739792225,0.681795951035795,-4.068908493475551,1.5016969943550194
0.8988107615365681,-3.855795170504964,1.4909834657459877,0.15560750269290582,0.6817963409307071,-4.068900869269231,1.5377065151159208,0.2426681538493992,0.6817963409307071,-4.068900869269231,1.5377065151159208
0.8985439554510604,-3.9615577285148205,1.493342346097734,0.15895554554323366,0.6817973425438517,-4.068834475252192,1.5737166377902874,0.266121253726536,0.6817973425438517,-4.068834475252192,1.5737166377902874
0.8985439554510591,-3.9615577285148187,1.4933423460977342,0.15895554554323282,0.6817971871699783,-4.068827051177352,1.6097266701468669,0.28108777891753556,0.6817971871699783,-4.068827051177352,1.6097266701468669
0.9011191974811834,-3.9629154801755515,1.594434834127173,0.15823902269025086,0.6817934201020346,-4.068760959126368,1.6457373635504646,0.22358247120920816,0.6817934201020346,-4.068760959126368,1.6457373635504646
0.9011633018152052,-3.9631437777236465,1.5944715795881346,0.1582393135668076,0.6817927486485316,-4.068753755842915,1.681747966836589,0.2580049228411554,0.6817927486485316,-4.068753755842915,1.681747966836589
0.9011191974811825,-3.962915480175552,1.5944348341271728,0.1582390226902501,0.6817895216801508,-4.0687265997718525,1.6963963427732698,0.26310193152429445,0.6817895216801508,-4.0687265997718525,1.6963963427732698
0.9012025874165845,-3.962349110595672,1.6119772755260777,0.15821363339734004,0.681758403930563,-4.068482990699995,1.6992931059808878,0.258015126633406,0.681758403930563,-4.068482990699995,1.6992931059808878
0.9012025874165831,-3.9623491105956723,1.6119772755260777,0.15821363339733846,0.6817501779052414,-4.068419454003841,1.6998049117449796,0.25860055366824325,0.6817501779052414,-4.068419454003841,1.6998049117449796
0.9012025874165839,-3.9623491105956723,1.6119772755260777,0.15821363339733885,0.6817414988977873,-4.068352578515488,1.6999023024918494,0.2587108543195051,0.6817414988977873,-4.068352578515488,1.6999023024918494
0.9011220315083026,-3.9626835223028767,1.611940279386729,0.1583256291345069,0.6817435280041998,-4.068368205945239,1.699930822711375,0.25869239195295357,0.6817435280041998,-4.068368205945239,1.699930822711375
0.9011220315083062,-3.9626835223028816,1.611940279386729,0.1583256291345082,0.681739332235245,-4.068335897571189,1.6999488758848649,0.25869239195295307,0.681739332235245,-4.068335897571189,1.6999488758848649
0.9011220315083032,-3.96268352230288,1.6119402793867286,0.15832562913450712,0.6817431473718963,-4.068365271472889,1.6999614065030209,0.2586923919529539,0.6817431473718963,-4.068365271472889,1.6999614065030209
0.9011033257303303,-3.962685790435133,1.6119393197282985,0.1583343576016105,0.6817395834818707,-4.068337834588878,1.699973020360262,0.25868906467611036,0.6817395834818707,-4.068337834588878,1.699973020360262
0.9011033257303294,-3.962685790435133,1.6119393197282985,0.15833435760160988,0.6817436475998453,-4.068369119872527,1.6999829979815109,0.2586890646761108,0.6817436475998453,-4.068369119872527,1.6999829979815109
0.9010911172056227,-3.962685359176934,1.611938789871782,0.1583453282469207,0.6817402235475679,-4.068342763889294,1.6999935853056438,0.2586916529750623,0.6817402235475679,-4.068342763889294,1.6999935853056438
0.9010911172056236,-3.9626853591769353,1.6119387898717823,0.15834532824692102,0.6817443443674541,-4.0683744806067805,1.7000031408783356,0.25869165297506225,0.6817443443674541,-4.0683744806067805,1.7000031408783356
0.9010911172056227,-3.9626853591769335,1.6119387898717816,0.15834532824692193,0.6817409234211689,-4.06834815266539,1.7000135642960137,0.25869165297506225,0.6817409234211689,-4.06834815266539,1.7000135642960137
0.9010911172056228,-3.9626853591769327,1.6119387898717814,0.15834532824692166,0.6817816050476546,-4.06863735114354,1.7210856112719382,0.2672379663271216,0.6817816050476546,-4.06863735114354,1.7210856112719382
0.9033700659185256,-3.9634457869433155,1.6656053390112906,0.15809284167514492,0.6817849489167455,-4.068657203853884,1.7542423159512417,0.2678511020515645,0.6817849489167455,-4.068657203853884,1.7542423159512417
0.903370065918526,-3.9634457869433177,1.6656053390112906,0.15809284167514495,0.6817924697336821,-4.068694076855622,1.7897613990974304,0.2816719557532772,0.6817924697336821,-4.068694076855622,1.7897613990974304
0.9033700659185258,-3.9634457869433133,1.6656053390112904,0.15809284167514534,0.6817814935372437,-4.068648619301373,1.825681907754657,0.31712655827529274,0.6817814935372437,-4.068648619301373,1.825681907754657
0.8982072753068402,-3.960690387611952,1.7558003836788851,0.15890652646673104,0.6817808108432277,-4.068646179916885,1.8616744848522413,0.27595924742019484,0.6817808108432277,-4.068646179916885,1.8616744848522413
0.8982072753068364,-3.9606903876119492,1.755800383678885,0.15890652646673,0.6785821991717291,-4.0580619537730405,1.86687614117551,0.27769466610967014,0.6785821991717291,-4.0580619537730405,1.86687614117551
0.8939861368882525,-3.93312389437421,1.7834989202949811,0.15611766000038252,0.6750561453295849,-4.046612841044213,1.8722329509703015,0.263572673923828,0.6750561453295849,-4.046612841044213,1.8722329509703015
0.8939861368882549,-3.933123894374212,1.7834989202949811,0.1561176600003851,0.6707001450652295,-4.032574057146691,1.8710879338375743,0.2619023279487786,0.6707001450652295,-4.032574057146691,1.8710879338375743
0.871658481155042,-3.8848776234341424,1.7775505666271199,0.15306293929952447,0.6659926787664832,-4.017336680224425,1.8697850734291337,0.26384490235125596,0.6659926787664832,-4.017336680224425,1.8697850734291337
0.8716584811550412,-3.884877623434139,1.7775505666271199,0.1530629392995224,0.6606586140202917,-4.00001205123262,1.8691650018461856,0.2617166064695672,0.6606586140202917,-4.00001205123262,1.8691650018461856
0.8716584811550429,-3.8848776234341442,1.7775505666271199,0.15306293929952464,0.6553546175178188,-3.982763924302721,1.86909506416164,0.2605421244211617,0.6553546175178188,-3.982763924302721,1.86909506416164
0.8716584811550405,-3.884877623434142,1.7775505666271196,0.15306293929952328,0.6500604697755361,-3.965545491361229,1.8690888581579848,0.2595561196320117,0.6500604697755361,-3.965545491361229,1.8690888581579848
0.8726138166298606,-3.841065032122662,1.7804057187711155,0.15515690948731856,0.6447699607065426,-3.9483385354365175,1.8690834002181032,0.2643722897544388,0.6447699607065426,-3.9483385354365175,1.8690834002181032
0.8726138166298583,-3.8410650321226587,1.780405718771115,0.15515690948731858,0.6394809683460236,-3.9311360749105653,1.869074567332508,0.26198190178981257,0.6394809683460236,-3.9311360749105653,1.869074567332508
0.8726138166298596,-3.8410650321226574,1.7804057187711153,0.15515690948731972,0.6341926981001086,-3.9139353642551544,1.8690638420756485,0.260495574117049,0.6341926981001086,-3.9139353642551544,1.8690638420756485
0.8590336950338322,-3.787020394706716,1.7793151913760277,0.1544651868016828,0.6289048403748446,-3.8967353130247018,1.8690522804423104,0.26820657873452636,0.6289048403748446,-3.8967353130247018,1.8690522804423104
0.859033695033832,-3.7870203947067145,1.779315191376028,0.15446518680168292,0.6236172726937306,-3.879535486658227,1.8690403723406728,0.26643634463626775,0.6236172726937306,-3.879535486658227,1.8690403723406728
0.8536236369685086,-3.736631939401152,1.7803662508300937,0.1573470494205097,0.6183299465993428,-3.8623357125157525,1.8690283197870483,0.2668322683696666,0.6183299465993428,-3.8623357125157525,1.8690283197870483
0.8536236369685097,-3.736631939401152,1.7803662508300944,0.15734704942051095,0.6130430630656315,-3.845136525857447,1.869012539961686,0.2659555702443727,0.6130430630656315,-3.845136525857447,1.869012539961686
0.8536236369685095,-3.7366319394011533,1.7803662508300944,0.15734704942051028,0.6077560132383586,-3.8279360591094402,1.8690041830541049,0.2651908324454159,0.6077560132383586,-3.8279360591094402,1.8690041830541049
0.8374107171301994,-3.6934528433360048,1.7805860975710692,0.15379495389832687,0.6024693273698525,-3.810736145561564,1.8689919377927264,0.2661661536383299,0.6024693273698525,-3.810736145561564,1.8689919377927264
0.8374107171302002,-3.693452843336006,1.7805860975710694,0.1537949538983258,0.5971828582587873,-3.7935361914638426,1.8689798300011928,0.2633783226289345,0.5971828582587873,-3.7935361914638426,1.8689798300011928
0.8374107171301997,-3.6934528433360043,1.7805860975710688,0.15379495389832754,0.5918965965800768,-3.7763361700118163,1.8689677001536469,0.26218906837937256,0.5918965965800768,-3.7763361700118163,1.8689677001536469
0.8432695216270596,-3.63845995770788,1.7809454346523366,0.15603254091645805,0.586610543384941,-3.7591360838636048,1.8689555675052951,0.26658633303589185,0.586610543384941,-3.7591360838636048,1.8689555675052951
0.8432695216270616,-3.638459957707882,1.7809454346523366,0.15603254091645918,0.581324698757354,-3.7419359331942905,1.8689434344276368,0.2655111962907527,0.581324698757354,-3.7419359331942905,1.8689434344276368
0.8432695216270628,-3.638459957707879,1.7809454346523375,0.15603254091645952,0.5760390627096187,-3.7247357180372487,1.8689313015625597,0.26389962031578457,0.5760390627096187,-3.7247357180372487,1.8689313015625597
0.8448986287369095,-3.6057679564564142,1.7848907983011248,0.16024579393624744,0.5707536352427404,-3.707535438415077,1.8689191691333775,0.26761412851835126,0.5707536352427404,-3.707535438415077,1.8689191691333775
0.8448986287369089,-3.605767956456413,1.7848907983011246,0.16024579393624766,0.5654684163544287,-3.69033509434991,1.8689070372240455,0.2667474328378042,0.5654684163544287,-3.69033509434991,1.8689070372240455
0.8448986287369107,-3.605767956456413,1.7848907983011248,0.16024579393624758,0.5601834060412498,-3.673134685863416,1.8688949058633,0.26587495937378675,0.5601834060412498,-3.673134685863416,1.8688949058633
0.8183287660422927,-3.542945243224925,1.7841456062502137,0.15816428327502777,0.5548986042995092,-3.655934212976525,1.8688827750544783,0.26856053868568097,0.5548986042995092,-3.655934212976525,1.8688827750544783
0.8183287660422895,-3.542945243224924,1.7841456062502135,0.15816428327502546,0.5496140111253264,-3.6387336757108724,1.8688706447859127,0.267985114151228,0.5496140111253264,-3.6387336757108724,1.8688706447859127
0.8183287660422875,-3.542945243224923,1.7841456062502128,0.15816428327502524,0.5443296265161979,-3.6215330740904026,1.868858515030827,0.2670977629906686,0.5443296265161979,-3.6215330740904026,1.868858515030827
0.822510426443174,-3.503806903525451,1.7842969483176623,0.1603595888993904,0.5390454504734774,-3.6043324081485433,1.868846385732675,0.27056057572362724,0.5390454504734774,-3.6043324081485433,1.868846385732675
0.8216035871093221,-3.502717510711897,1.7839675986577148,0.1603465079065644,0.5337614830083212,-3.587131677946101,1.8688342567394252,0.26860004348332855,0.5337614830083212,-3.587131677946101,1.8688342567394252
0.8199264396130574,-3.449555959616434,1.7931559921816838,0.16487968654910906,0.5284777241742183,-3.569930883655394,1.86882212741946,0.26290460061806026,0.5284777241742183,-3.569930883655394,1.86882212741946
0.8199264396130572,-3.449555959616433,1.793155992181684,0.1648796865491086,0.5231941744611203,-3.552730026634979,1.8688099906877755,0.2624948571095684,0.5231941744611203,-3.552730026634979,1.8688099906877755
0.8140457098262074,-3.444563808423154,1.7915395470586333,0.16485035078594976,0.5179108311567273,-3.5355290992113995,1.8687978991323777,0.260541984417537,0.5179108311567273,-3.5355290992113995,1.8687978991323777
0.7966007099531073,-3.3854535399025045,1.791645906064483,0.1628664373028237,0.5126276932903476,-3.5183280949849585,1.868785656683811,0.25865528150267786,0.5126276932903476,-3.5183280949849585,1.868785656683811
0.7966007099531065,-3.385453539902504,1.791645906064483,0.16286643730282138,0.5073447737826847,-3.5011270575645668,1.868773615439254,0.2578527595904867,0.5073447737826847,-3.5011270575645668,1.868773615439254
0.7966007099531076,-3.385453539902506,1.791645906064483,0.1628664373028233,0.5020620577210485,-3.4839259420743423,1.8687614930041967,0.25748337583208736,0.5020620577210485,-3.4839259420743423,1.8687614930041967
0.7966007099531036,-3.3854535399025036,1.7916459060644825,0.16286643730282171,0.4967795499693888,-3.4667247618035413,1.8687493686343128,0.25659969861414994,0.4967795499693888,-3.4667247618035413,1.8687493686343128
0.7965242321756599,-3.3373233184282354,1.7914041184626566,0.15848137390116737,0.4914972506602863,-3.4495235171198986,1.8687372441051489,0.26005235545349176,0.4914972506602863,-3.4495235171198986,1.8687372441051489
0.782874334343847,-3.2911573468037565,1.788481833000381,0.1556258745937368,0.4862151598222832,-3.432322208116138,1.8687251197552104,0.27075176747030627,0.4862151598222832,-3.432322208116138,1.8687251197552104
0.7828743343438469,-3.291157346803758,1.7884818330003809,0.15562587459373628,0.4809332774630674,-3.415120834831882,1.8687129956826052,0.2701309334133364,0.4809332774630674,-3.415120834831882,1.8687129956826052
0.7809469783803522,-3.2912161684164203,1.7884442110557792,0.1556301220223932,0.4756516035841985,-3.397919397290389,1.8687008719192304,0.2689711671931364,0.4756516035841985,-3.397919397290389,1.8687008719192304
0.7740185774716937,-3.239165484454519,1.7925979175611964,0.15881368759995035,0.4703701381850347,-3.380717895508224,1.8686887484731995,0.26653316744145644,0.4703701381850347,-3.380717895508224,1.8686887484731995
0.774018577471691,-3.2391654844545177,1.7925979175611964,0.15881368759994804,0.4650888812640069,-3.3635163294995656,1.8686766253423197,0.2652517860979439,0.4650888812640069,-3.3635163294995656,1.8686766253423197
0.7740185774716977,-3.239165484454517,1.7925979175611968,0.15881368759995249,0.4598078328188745,-3.3463146992768316,1.8686645025188515,0.26458838849450655,0.4598078328188745,-3.3463146992768316,1.8686645025188515
0.7709118628417103,-3.1807571533239365,1.7910888385865018,0.15848350707902462,0.4545269928480543,-3.329113004852894,1.868652379990511,0.2689913920162118,0.4545269928480543,-3.329113004852894,1.868652379990511
0.7709118628417114,-3.180757153323939,1.791088838586502,0.15848350707902395,0.4492463613505779,-3.3119112462421985,1.8686402577378716,0.26792430855117905,0.4492463613505779,-3.3119112462421985,1.8686402577378716
0.7703405600821793,-3.1810853853944363,1.7910497176836515,0.15848337727154713,0.447477629349034,-3.305827052473669,1.8387756301723477,0.2564155030090132,0.447477629349034,-3.305827052473669,1.8387756301723477
0.7488350662593536,-3.1674311557520034,1.7424869841865307,0.15234972965432775,0.4460765888402052,-3.300488431817255,1.816111921401276,0.2654380532992756,0.4460765888402052,-3.300488431817255,1.816111921401276
0.7488350662593538,-3.167431155752004,1.7424869841865307,0.15234972965432766,0.4452469571159006,-3.2969824740387135,1.7902020665311882,0.23600959958665996,0.4452469571159006,-3.2969824740387135,1.7902020665311882
0.7488350662593539,-3.1674311557520034,1.7424869841865303,0.15234972965432758,0.4449218922010798,-3.2954092082955837,1.7588921520025806,0.20924252579996272,0.4449218922010798,-3.2954092082955837,1.7588921520025806
0.7768285506234136,-3.1693422213794498,1.639333745604758,0.15725455104179079,0.444794993112762,-3.2946745633841124,1.7247952868024463,0.2660621313175895,0.444794993112762,-3.2946745633841124,1.7247952868024463
0.776828550623412,-3.1693422213794475,1.6393337456047576,0.15725455104179023,0.4447549251609549,-3.294382634254159,1.6895975168694104,0.2575987310590555,0.4447549251609549,-3.294382634254159,1.6895975168694104
0.7768285506234159,-3.1693422213794498,1.639333745604758,0.15725455104179242,0.4447349319099763,-3.2941853234978598,1.65396326896042,0.21218081435311503,0.4447349319099763,-3.2941853234978598,1.65396326896042
0.7682005204483198,-3.165307570896734,1.51850706477031,0.15366705117750837,0.4447300409962998,-3.2941104872136995,1.6181534499278851,0.2770879594115456,0.4447300409962998,-3.2941104872136995,1.6181534499278851
0.768200520448316,-3.165307570896733,1.51850706477031,0.1536670511775076,0.4447267734112937,-3.293999447375092,1.5822765064031767,0.262432097145979,0.4447267734112937,-3.293999447375092,1.5822765064031767
0.7682005204483211,-3.165307570896735,1.5185070647703105,0.15366705117750895,0.4447270484702503,-3.2939569471306913,1.5463724514401207,0.22200111408453763,0.4447270484702503,-3.2939569471306913,1.5463724514401207
0.774610437831696,-3.1604830499698493,1.4079102227152571,0.1566272234851078,0.4447311960360266,-3.2938591408247535,1.5104591577662576,0.27485590618379085,0.4447311960360266,-3.2938591408247535,1.5104591577662576
0.774610437831696,-3.1604830499698484,1.4079102227152573,0.15662722348510716,0.4447340892248975,-3.2938222644788833,1.474541275794257,0.2635706586309381,0.4447340892248975,-3.2938222644788833,1.474541275794257
0.5132254233531407,-3.14732665863254,1.3919082830923633,0.3417669066147644,0.4447449414364652,-3.293727661306754,1.4386238948005874,0.3523107552449586,0.4447449414364652,-3.293727661306754,1.4386238948005874
0.5024323814871922,-3.14894586601732,1.381295475520102,0.3603605882265933,0.4460847251401004,-3.2843522193964594,1.4190837398706408,0.36354147663027603,0.4460847251401004,-3.2843522193964594,1.4190837398706408
0.4865123355067337,-3.188967577475393,1.389697072436204,0.34714047262770475,0.4481211827057137,-3.271455811910185,1.4092775156329689,0.34714047262770475,0.4481211827057137,-3.271455811910185,1.4092775156329689
0.8039716139297238,-3.1417018111411013,1.3200857248383353,0.1872361455183517,0.4505395083057757,-3.256767101809169,1.405965990995104,0.2660837582877121,0.4505395083057757,-3.256767101809169,1.405965990995104
0.8039716139297264,-3.1417018111411017,1.320085724838335,0.1872361455183534,0.4530577203008602,-3.241718242441698,1.4040274716719563,0.2642206190237044,0.4530577203008602,-3.241718242441698,1.4040274716719563
0.8039716139297168,-3.1417018111411,1.320085724838336,0.1872361455183506,0.4558953561962978,-3.2249208447976057,1.4028591627006997,0.2620487441838429,0.4558953561962978,-3.2249208447976057,1.4028591627006997
0.7997504138974592,-3.0729315853355383,1.302651450653914,0.15199216519726622,0.4590585219608085,-3.206262534726598,1.402864504474876,0.2729411639248903,0.4590585219608085,-3.206262534726598,1.402864504474876
0.7997504138974566,-3.072931585335536,1.302651450653914,0.15199216519726425,0.460298090635392,-3.1994640504310734,1.3780300647533206,0.2626983789811763,0.460298090635392,-3.1994640504310734,1.3780300647533206
0.8016052250774854,-3.071720111450176,1.3020195821692484,0.15196533256121522,0.4614120386754869,-3.194104763900986,1.3536910813561709,0.2559146641563975,0.4614120386754869,-3.194104763900986,1.3536910813561709
0.8720382194839623,-3.079593349049858,1.238711341681267,0.1548382859840066,0.46215174106374,-3.1909814396081146,1.322807280877211,0.27598915230228166,0.46215174106374,-3.1909814396081146,1.322807280877211
0.8720382194839658,-3.07959334904986,1.238711341681267,0.15483828598400798,0.462673240333409,-3.1890563214321688,1.2896991425157391,0.265945529176589,0.462673240333409,-3.1890563214321688,1.2896991425157391
0.8717501774157587,-3.0863565735901304,1.1390529234010345,0.15476881183473276,0.4629058381550422,-3.1883005468771093,1.2547704164451046,0.28786438838940237,0.4629058381550422,-3.1883005468771093,1.2547704164451046
0.8717501774157566,-3.0863565735901295,1.1390529234010351,0.15476881183473165,0.463032503680153,-3.1879352852022906,1.2192151438992065,0.27545562967227505,0.463032503680153,-3.1879352852022906,1.2192151438992065
0.8717501774157584,-3.086356573590132,1.1390529234010347,0.15476881183473284,0.4630818421953305,-3.187807883082995,1.1834157828720204,0.2703788412307647,0.4630818421953305,-3.187807883082995,1.1834157828720204
0.8717501774157582,-3.086356573590129,1.139052923401034,0.15476881183473304,0.4631294966656095,-3.187696823124425,1.1475210174447306,0.2378149923573889,0.4631294966656095,-3.187696823124425,1.1475210174447306
0.8718056528173084,-3.084459889132576,1.0538338126623583,0.15705700665491115,0.4631428114050791,-3.1876686317982252,1.111586872704719,0.27049376779000583,0.4631428114050791,-3.1876686317982252,1.111586872704719
0.8718056528173097,-3.0844598891325763,1.0538338126623583,0.15705700665491137,0.4631786408753559,-3.1875993340356614,1.0756383674930128,0.2475929403010105,0.4631786408753559,-3.1875993340356614,1.0756383674930128
0.8714231483709161,-3.083882543089964,1.053689682504228,0.15705687512225838,0.4631855579975468,-3.1875870583782064,1.0396827924058007,0.23245979271162096,0.4631855579975468,-3.1875870583782064,1.0396827924058007
0.8573149793594284,-3.0791276437842905,0.9588375613674054,0.15334651504858082,0.4632226344706293,-3.187526461714926,1.0037257372457988,0.26599675076736207,0.4632226344706293,-3.187526461714926,1.0037257372457988
0.8573149793594288,-3.0791276437842905,0.958837561367405,0.15334651504858177,0.4632288103468713,-3.18751713837511,0.9677667354786512,0.23395371870500734,0.4632288103468713,-3.18751713837511,0.9677667354786512
0.8770598620476595,-3.08851838128187,0.8646574392088735,0.15837500682555522,0.4632693507612842,-3.1874604728183247,0.9318082724293253,0.27166591883436103,0.4632693507612842,-3.1874604728183247,0.9318082724293253
0.877059862047661,-3.088518381281869,0.8646574392088728,0.15837500682555647,0.4632757554821089,-3.1874521685641684,0.8958486420888512,0.2503997289787802,0.4632757554821089,-3.1874521685641684,0.8958486420888512
0.8770598620476611,-3.0885183812818706,0.864657439208873,0.15837500682555639,0.4633199892041687,-3.1873988921891443,0.859889844615714,0.2327701390177196,0.4633199892041687,-3.1873988921891443,0.859889844615714
0.8767188165870772,-3.084017162088729,0.7813086173061533,0.1587382201252288,0.4633267556660725,-3.187391314235261,0.8239299686068821,0.2675035460098355,0.4633267556660725,-3.187391314235261,0.8239299686068821
0.8732293040603105,-3.090593890089413,0.7802516591455947,0.15876216974383678,0.4633744917647934,-3.1873415745025198,0.7879709452976357,0.24208652770800304,0.4633744917647934,-3.1873415745025198,0.7879709452976357
0.871733909017887,-3.0895685906183115,0.7797074341305955,0.1587687290983912,0.4633815828873648,-3.1873346985909947,0.7520108198342774,0.2343890032235359,0.4633815828873648,-3.1873346985909947,0.7520108198342774
0.8704932872916384,-3.085411571310909,0.6835215409257813,0.15392635757560483,0.46343256344547,-3.1872887037529303,0.7160515267380073,0.25377580291092755,0.46343256344547,-3.1872887037529303,0.7160515267380073
0.8704932872916405,-3.0854115713109116,0.6835215409257804,0.15392635757560585,0.4634399219203001,-3.1872825300166623,0.6800910905883809,0.2310501199812555,0.4634399219203001,-3.1872825300166623,0.6800910905883809
0.8711627239902778,-3.085642925637818,0.6833698086601768,0.15392430437185686,0.4634938552272153,-3.1872404893571726,0.6441314619967854,0.22482985425547142,0.4634938552272153,-3.1872404893571726,0.6441314619967854
0.4747625648327348,-3.124320690324907,0.5939360068179683,0.682634740298415,0.4703426619330119,-3.182197366807867,0.6252846839217305,0.6976226536798149,0.4703426619330119,-3.182197366807867,0.6252846839217305
1.408361419773549,-2.822932268650422,0.6750920299766411,0.5955034708974289,0.4817105856111752,-3.174039789477611,0.6195914094043052,0.692905888453102,0.4817105856111752,-3.174039789477611,0.6195914094043052
0.9027809718801683,-3.0607277189174127,0.5777625317963746,0.1539809553498959,0.4850866285662845,-3.1716906777674607,0.5962361620619481,0.24374634851961444,0.4850866285662845,-3.1716906777674607,0.5962361620619481
0.9027809718801714,-3.0607277189174122,0.5777625317963737,0.15398095534989717,0.4864265711555744,-3.170809031646102,0.5676833926283619,0.23336543147753933,0.4864265711555744,-3.170809031646102,0.5676833926283619
0.9035432771891209,-3.060745653655116,0.5773835791078523,0.15398684520077316,0.4897424212006554,-3.1687739515431312,0.5332435809919037,0.2296856332465202,0.4897424212006554,-3.1687739515431312,0.5332435809919037
0.9051513037950158,-3.060932280276718,0.577071019537991,0.15397866555659645,0.4917281164384138,-3.167644820075643,0.5008284267526824,0.24111676340098168,0.4917281164384138,-3.167644820075643,0.5008284267526824
0.9033656571484543,-3.0555154035733363,0.4908341844913723,0.15477477122577035,0.4926165183581935,-3.1671783893295795,0.4661004101620156,0.22995207952256344,0.4926165183581935,-3.1671783893295795,0.4661004101620156
0.9033656571484523,-3.055515403573336,0.4908341844913727,0.1547747712257698,0.4929565550415724,-3.1670148219877463,0.4306107123384028,0.233197328771307,0.4929565550415724,-3.1670148219877463,0.4306107123384028
0.9075070687563067,-3.060227677536541,0.40177392726636124,0.15328439891023557,0.4931541390117331,-3.1669283051221586,0.3948377632620793,0.23449260728289667,0.4931541390117331,-3.1669283051221586,0.3948377632620793
0.9065034423089774,-3.059820897703868,0.40150586255401266,0.1532872881292423,0.493216445648388,-3.1669036431901993,0.3589499257863402,0.23059905900734448,0.493216445648388,-3.1669036431901993,0.3589499257863402
0.909755351592203,-3.0609217203795143,0.4009268118923302,0.15327983381226853,0.4933019935127807,-3.1668732870293117,0.32301767957724686,0.2402947238919476,0.4933019935127807,-3.1668732870293117,0.32301767957724686
0.9097553515921996,-3.060921720379514,0.40092681189233126,0.1532798338122668,0.4933186876057839,-3.1668680305726027,0.2870660839204005,0.2626958122896671,0.4933186876057839,-3.1668680305726027,0.2870660839204005
0.9236589560783927,-3.105006913518636,0.3118467237186325,0.1485968699318694,0.4933868663496988,-3.166849228545399,0.2511080044660633,0.23058280816144647,0.4933868663496988,-3.166849228545399,0.2511080044660633
0.9236589560783965,-3.105006913518637,0.3118467237186325,0.14859686993187157,0.5016514951196581,-3.1648118130076774,0.2322977811488108,0.2401303969054775,0.5016514951196581,-3.1648118130076774,0.2322977811488108
1.3232809868670021,-2.976725261809339,0.38792982715240154,0.49293053026202166,0.5152709008337576,-3.1616310171553774,0.2265747474935217,0.6232604439600069,0.5152709008337576,-3.1616310171553774,0.2265747474935217
1.3232809868670037,-2.9767252618093365,0.387929827152402,0.4929305302620217,0.5300288043750647,-3.158248114531286,0.2240925113010414,0.6236909990395022,0.5300288043750647,-3.158248114531286,0.2240925113010414
1.3232809868670021,-2.9767252618093325,0.3879298271524013,0.4929305302620214,0.5450227120443499,-3.1548444091532035,0.2223532020159462,0.6240590727158134,0.5450227120443499,-3.1548444091532035,0.2223532020159462
1.0170572991067819,-3.085235662705474,0.2861085303142116,0.1486729739541838,0.5600098949432049,-3.151468465131045,0.2207618610851693,0.22771158066382483,0.5600098949432049,-3.151468465131045,0.2207618610851693
1.017057299106781,-3.085235662705476,0.2861085303142116,0.1486729739541838,0.5789905623249595,-3.1472105227696057,0.22059233720519822,0.22421887238481553,0.5789905623249595,-3.1472105227696057,0.22059233720519822
1.0170572991067839,-3.0852356627054753,0.28610853031421146,0.14867297395418436,0.5974436533086348,-3.1430682996721924,0.2210334701248584,0.21911673731651257,0.5974436533086348,-3.1430682996721924,0.2210334701248584
1.0643492515045347,-3.066267822378164,0.28772525452740666,0.14676565787742468,0.6153098844875642,-3.13905075959692,0.22134374513893873,0.2283838092766115,0.6153098844875642,-3.13905075959692,0.22134374513893873
1.0643492515045327,-3.066267822378165,0.28772525452740627,0.14676565787742432,0.6330290572180878,-3.1350621054468957,0.2214828430780377,0.22478703317934892,0.6330290572180878,-3.1350621054468957,0.2214828430780377
1.1113684960040453,-3.0485652935047685,0.28649300508701464,0.14540695697298509,0.6506084529652191,-3.131103154225147,0.221534471240298,0.23139640392547128,0.6506084529652191,-3.131103154225147,0.221534471240298
1.1113684960040433,-3.04856529350477,0.28649300508701486,0.1454069569729844,0.6682128187798683,-3.1271379667694688,0.2215491091950383,0.22660407426453172,0.6682128187798683,-3.1271379667694688,0.2215491091950383
1.111368496004045,-3.048565293504767,0.28649300508701453,0.14540695697298556,0.6857470322189977,-3.1231884544477175,0.2215481391900909,0.2234551364987304,0.6857470322189977,-3.1231884544477175,0.2215481391900909
1.1113684960040433,-3.04856529350477,0.2864930050870157,0.14540695697298375,0.7033330650450594,-3.119227344915164,0.2215410022130168,0.22012990211051892,0.7033330650450594,-3.119227344915164,0.2215410022130168
1.1517497616550698,-3.037405518994027,0.28650657810703983,0.14605756532971717,0.720860059635438,-3.1152796902770827,0.2215310871589673,0.22596150021625566,0.720860059635438,-3.1152796902770827,0.2215310871589673
1.151749761655072,-3.0374055189940314,0.2865065781070397,0.14605756532971753,0.7384433605167346,-3.1113195411761314,0.2215206980218553,0.22196724000368656,0.7384433605167346,-3.1113195411761314,0.2215206980218553
1.2039633009705084,-3.0181796572861495,0.28685991995055204,0.14479232256094313,0.7559693051757912,-3.107372508838502,0.22150948829558184,0.2292000952773399,0.7559693051757912,-3.107372508838502,0.22150948829558184
1.2039633009705097,-3.018179657286149,0.2868599199505508,0.14479232256094482,0.7735522330677155,-3.1034128490822965,0.2214984164998343,0.223928122279166,0.7735522330677155,-3.1034128490822965,0.2214984164998343
1.2039633009705066,-3.0181796572861495,0.2868599199505522,0.144792322560943,0.7910780864182555,-3.099466250224701,0.22148692333963232,0.21794101171393163,0.7910780864182555,-3.099466250224701,0.22148692333963232
1.2528506355099116,-3.009183406662005,0.2866400124732189,0.144472922416751,0.8086610188050797,-3.0955070058934258,0.2214758991945307,0.22568648792783827,0.8086610188050797,-3.0955070058934258,0.2214758991945307
1.2528506355099092,-3.009183406662005,0.28664001247322,0.1444729224167492,0.8261869393582046,-3.0915608069605267,0.2214643613268251,0.22301429475123796,0.8261869393582046,-3.0915608069605267,0.2214643613268251
1.2528506355099098,-3.0091834066620047,0.28664001247321946,0.14447292241674956,0.8437699447219559,-3.0876019631443787,0.2214533234179264,0.21602038102205898,0.8437699447219559,-3.0876019631443787,0.2214533234179264
1.2933845653616765,-2.9895058662896616,0.28430575851291473,0.1430326983300125,0.8612959479892031,-3.0836561613444164,0.2214417815670824,0.22599043818732595,0.8612959479892031,-3.0836561613444164,0.2214417815670824
1.2933845653616767,-2.9895058662896608,0.28430575851291384,0.14303269833001359,0.8788790432833968,-3.079697714425944,0.2214307437439279,0.22217502477456527,0.8788790432833968,-3.079697714425944,0.2214307437439279
1.3501176668331532,-2.974738776038982,0.28480666037589036,0.14256631538278608,0.8964051361205224,-3.0757523082348333,0.22141920359032308,0.2278677437542116,0.8964051361205224,-3.0757523082348333,0.22141920359032308
1.3501176668331512,-2.974738776038982,0.28480666037589036,0.14256631538278597,0.9139883192347652,-3.071794258636678,0.2214081679351462,0.22500209719528316,0.9139883192347652,-3.071794258636678,0.2214081679351462
1.3501176668331536,-2.97473877603898,0.28480666037589064,0.1425663153827861,0.9315145006582344,-3.067849248200896,0.2213966299033413,0.22184291690714755,0.9315145006582344,-3.067849248200896,0.2213966299033413
1.4068486717805988,-2.9634521758606027,0.2858198951991311,0.1411706502045262,0.9490977733839192,-3.063891595443032,0.2213855961611268,0.2298697417947176,0.9490977733839192,-3.063891595443032,0.2213855961611268
1.4068486717806015,-2.963452175860606,0.28581989519912987,0.1411706502045266,0.9666240438734772,-3.059946980593299,0.2213740588344974,0.22462997777766722,0.9666240438734772,-3.059946980593299,0.2213740588344974
1.4068486717805997,-2.963452175860604,0.28581989519913037,0.14117065020452635,0.973103471746482,-3.0583838689872684,0.2520643817503273,0.22045450526850632,0.973103471746482,-3.0583838689872684,0.2520643817503273
1.4300057689949708,-2.9568997361184746,0.33895683437048235,0.14497579842645944,0.9779582389967052,-3.057056831817495,0.2815936051637128,0.2290396327124187,0.9779582389967052,-3.057056831817495,0.2815936051637128
1.4283383622876045,-2.956909456910256,0.339255745037287,0.1449823916178681,0.980968665950138,-3.056130186151435,0.31562300738894705,0.23352761287820556,0.980968665950138,-3.056130186151435,0.31562300738894705
1.4281246025961676,-2.9570105325520495,0.3393486190296878,0.14498334660986467,0.9826556004210184,-3.0555452147097415,0.3519586115061062,0.23704639652333903,0.9826556004210184,-3.0555452147097415,0.3519586115061062
1.3138354211498715,-3.0104480463238956,0.35436440174532763,0.37621090312821986,0.9924152059674975,-3.0519050882950314,0.362036435117959,0.3952446084621906,0.9924152059674975,-3.0519050882950314,0.362036435117959
1.313835421149868,-3.0104480463238947,0.35436440174532763,0.37621090312822014,1.0050136879876057,-3.0471242923974797,0.3633381002349394,0.39458055169722517,1.0050136879876057,-3.0471242923974797,0.3633381002349394
1.485510184129549,-2.9356963664725866,0.3842317531985884,0.14150997740485832,1.0190363791674877,-3.041804916582247,0.36180323940529263,0.23453452947585907,1.0190363791674877,-3.041804916582247,0.36180323940529263
1.4855101841295488,-2.935696366472587,0.3842317531985893,0.14150997740485785,1.0333065261505183,-3.036417729169794,0.3601434396126927,0.22827111953372503,1.0333065261505183,-3.036417729169794,0.3601434396126927
1.536272396491709,-2.9112348083330173,0.38124628357483226,0.14000413319919094,1.050353972510234,-3.030005195945769,0.3594275825924902,0.23660550508508346,1.050353972510234,-3.030005195945769,0.3594275825924902
1.5362723964917102,-2.911234808333016,0.38124628357483215,0.1400041331991913,1.067637280243862,-3.0235100044856287,0.3595287439509752,0.22884600520807774,1.067637280243862,-3.0235100044856287,0.3595287439509752
1.536272396491708,-2.911234808333016,0.3812462835748325,0.1400041331991907,1.0846929835577916,-3.0170978871230445,0.3596804701617553,0.22464243546471438,1.0846929835577916,-3.0170978871230445,0.3596804701617553
1.5362723964917124,-2.911234808333021,0.3812462835748318,0.14000413319919208,1.101580901636597,-3.010746709447112,0.3597507260877896,0.2209280138230098,1.101580901636597,-3.010746709447112,0.3597507260877896
1.5892519998659593,-2.8895056662394247,0.3847891045112836,0.13839955812381438,1.1184795707698982,-3.0043905653492846,0.3597761911582849,0.2345782231170785,1.1184795707698982,-3.0043905653492846,0.3597761911582849
1.5892519998659567,-2.889505666239422,0.38478910451128395,0.13839955812381363,1.1353055570402195,-2.9980614750744046,0.3597803604477358,0.23143576612727604,1.1353055570402195,-2.9980614750744046,0.3597803604477358
1.589251999865956,-2.8895056662394225,0.3847891045112842,0.1383995581238133,1.1521792393034644,-2.991714441907578,0.3597764047362454,0.22681983030854225,1.1521792393034644,-2.991714441907578,0.3597764047362454
1.5892519998659584,-2.889505666239422,0.3847891045112841,0.1383995581238138,1.1689954354946823,-2.985389146499589,0.3597684429485998,0.2195796945786817,1.1689954354946823,-2.985389146499589,0.3597684429485998
1.6381406188057808,-2.8714782041069506,0.38316907067371786,0.135935951239851,1.1858653603246965,-2.9790438032982425,0.3597595938672134,0.22569564488913788,1.1858653603246965,-2.9790438032982425,0.3597595938672134
1.6381406188057825,-2.8714782041069524,0.38316907067371686,0.1359359512398517,1.2026801515009848,-2.972719377783933,0.3597496788597253,0.22217327853089835,1.2026801515009848,-2.972719377783933,0.3597496788597253
1.6381406188057785,-2.8714782041069498,0.3831690706737183,0.1359359512398501,1.2195495355024717,-2.9663746068264647,0.35974005064341735,0.21596120291434548,1.2195495355024717,-2.9663746068264647,0.35974005064341735
1.7044921749613708,-2.848419715395718,0.3831506837318475,0.13221746262386014,1.236364188601398,-2.960050611353214,0.35972982209399396,0.2281568521747353,1.236364188601398,-2.960050611353214,0.35972982209399396
1.7044921749613717,-2.8484197153957154,0.3831506837318474,0.13221746262386128,1.2532336134533473,-2.9537062087634913,0.3597200507727472,0.22464589725533718,1.2532336134533473,-2.9537062087634913,0.3597200507727472
1.7404554280265645,-2.825717394463102,0.3830569064509332,0.12795873913667363,1.2700483740118729,-2.947382556413635,0.3597098556116407,0.22655014155151218,1.2700483740118729,-2.947382556413635,0.3597098556116407
1.7404554280265625,-2.825717394463103,0.38305690645093304,0.12795873913667333,1.2869179015572212,-2.94103849980356,0.359700069989445,0.21984986956913374,1.2869179015572212,-2.94103849980356,0.359700069989445
1.7404554280265603,-2.825717394463102,0.38305690645093365,0.12795873913667288,1.3037327665008875,-2.9347151924683046,0.3596897933419121,0.21392384519989127,1.3037327665008875,-2.9347151924683046,0.3596897933419121
1.8139184766915104,-2.8062110602222106,0.39043691416498505,0.1313075828402089,1.3206024260148628,-2.928371472309746,0.3596800310883694,0.23496536182550365,1.3206024260148628,-2.928371472309746,0.3596800310883694
1.8139184766915055,-2.8062110602222123,0.39043691416498577,0.1313075828402078,1.3374174189169836,-2.9220485013825295,0.3596697622203735,0.2311384848819824,1.3374174189169836,-2.9220485013825295,0.3596697622203735
1.8139184766915106,-2.8062110602222132,0.3904369141649849,0.13130758284020913,1.3542872028941708,-2.915705120046111,0.3596600079593251,0.22519202396238097,1.3542872028941708,-2.915705120046111,0.3596600079593251
1.869432296915543,-2.785632941600698,0.3910393916634426,0.12910088028335667,1.371102318603718,-2.909382487012361,0.3596497623852559,0.22861903358973576,1.371102318603718,-2.909382487012361,0.3596497623852559
1.8153823386191643,-2.685903044413218,0.39180048563607034,0.13030149859817283,1.387972241118253,-2.903039439270862,0.3596399468142358,0.22762217543613655,1.387972241118253,-2.903039439270862,0.3596399468142358
1.8153823386191603,-2.6859030444132173,0.3918004856360705,0.1303014985981723,1.4047874844050152,-2.8967171432632286,0.3596297040308182,0.22310576763731307,1.4047874844050152,-2.8967171432632286,0.3596297040308182
1.8632905766698995,-2.657035950428544,0.38960602771961245,0.12522646860623848,1.4216575227881292,-2.8903744375127154,0.3596199574253844,0.22782383800758013,1.4216575227881292,-2.8903744375127154,0.3596199574253844
1.8632905766699,-2.657035950428545,0.38960602771961217,0.12522646860623862,1.438472895516298,-2.884052476621237,0.359609699947174,0.22396309897084365,1.438472895516298,-2.884052476621237,0.359609699947174
1.8632905766698993,-2.6570359504285435,0.3896060277196122,0.12522646860623837,1.455343061420983,-2.8777101080966965,0.359599953608072,0.2173020797063059,1.455343061420983,-2.8777101080966965,0.359599953608072
1.9344355967365756,-2.643351409848308,0.3923872465335984,0.12218469897610647,1.4721585610565733,-2.871388483389985,0.35958969819798,0.22426089683470365,1.4721585610565733,-2.871388483389985,0.35958969819798
1.9344355967365752,-2.643351409848308,0.3923872465335982,0.1221846989761067,1.489028853744425,-2.865046452302502,0.3595799543516471,0.22000389776807677,1.489028853744425,-2.865046452302502,0.3595799543516471
2.0016271950783873,-2.6134279305081165,0.3964356683797992,0.11811643267685955,1.505844479950869,-2.858725163816294,0.3595697013669737,0.22532458478764036,1.505844479950869,-2.858725163816294,0.3595697013669737
2.0016271950783855,-2.6134279305081147,0.3964356683798003,0.1181164326768597,1.5227148993503958,-2.8523834701029323,0.3595599595146115,0.22220011121942618,1.5227148993503958,-2.8523834701029323,0.3595599595146115
2.0441762213851047,-2.5951573475723824,0.3943764931747728,0.11379474411827774,1.539530651668252,-2.8460625179510934,0.3595497062312691,0.22668402355038608,1.539530651668252,-2.8460625179510934,0.3595497062312691
2.044176221385113,-2.595157347572385,0.39437649317477236,0.1137947441182779,1.5564012242457086,-2.8397211500397996,0.3595401316488,0.21942842014387826,1.5564012242457086,-2.8397211500397996,0.3595401316488
2.044176221385104,-2.595157347572383,0.39437649317477397,0.11379474411827785,1.5732170786451862,-2.8334005414202297,0.3595297353103726,0.21755573024361594,1.5732170786451862,-2.8334005414202297,0.3595297353103726
2.0387843430813306,-2.5934226706302934,0.395437702975039,0.11391007434339342,1.5900877510888292,-2.8270595220709316,0.3595199969292906,0.21405788230738446,1.5900877510888292,-2.8270595220709316,0.3595199969292906
2.1084366212251853,-2.571578738675364,0.39682751127889787,0.10888992364269204,1.6069037567295168,-2.8207392415730896,0.3595097515640753,0.22204940460823616,1.6069037567295168,-2.8207392415730896,0.3595097515640753
2.1084366212251875,-2.571578738675365,0.39682751127889754,0.10888992364269173,1.6237745562453267,-2.81439855917733,0.359500018628565,0.21844714973717688,1.6237745562453267,-2.81439855917733,0.359500018628565
2.1654063866794466,-2.5530755525638824,0.3978057913060523,0.10004854192014057,1.6405906883259147,-2.808078614533389,0.3594897771130779,0.22381627798301262,1.6405906883259147,-2.808078614533389,0.3594897771130779
2.1654063866794524,-2.553075552563888,0.397805791306052,0.10004854192014012,1.657461614099523,-2.8017382692202393,0.3594800494197757,0.22027617577032954,1.657461614099523,-2.8017382692202393,0.3594800494197757
2.1654063866794475,-2.5530755525638833,0.3978057913060521,0.10004854192014033,1.6742778927267985,-2.7954186538714003,0.3594696896088186,0.2140261278781005,1.6742778927267985,-2.7954186538714003,0.3594696896088186
2.165406386679449,-2.5530755525638837,0.39780579130605265,0.10004854192014019,1.6911489282774523,-2.789078653025295,0.3594600695162281,0.20912745626404747,1.6911489282774523,-2.789078653025295,0.3594600695162281
2.233114651419313,-2.529595962078765,0.39820279845577816,0.09591369215723836,1.70796531290696,-2.78275938008398,0.3594498341927225,0.21908857483205088,1.70796531290696,-2.78275938008398,0.3594498341927225
2.2331146514193136,-2.529595962078764,0.3982027984557781,0.09591369215723808,1.724836492273806,-2.776419708494752,0.3594401087723221,0.21576311888248823,1.724836492273806,-2.776419708494752,0.3594401087723221
2.2331146514193163,-2.529595962078765,0.39820279845577866,0.09591369215723733,1.7416530035497024,-2.7701007710314087,0.3594298732866364,0.21082165269732836,1.7416530035497024,-2.7701007710314087,0.3594298732866364
2.29489168602696,-2.5180805495478156,0.39931811702179665,0.08847075991591424,1.7585243095569285,-2.7637614361578504,0.3594201491737094,0.2227396076216574,1.7585243095569285,-2.7637614361578504,0.3594201491737094
2.294891686026963,-2.5180805495478147,0.39931811702179515,0.08847075991591356,1.7753409471363817,-2.7574428342626702,0.3594099152497472,0.21899682377945248,1.7753409471363817,-2.7574428342626702,0.3594099152497472
2.294891686026957,-2.5180805495478147,0.39931811702179615,0.0884707599159147,1.7922123796680065,-2.751103836090513,0.3594001927414098,0.21390006149431856,1.7922123796680065,-2.751103836090513,0.3594001927414098
2.3592857082770706,-2.500506971029162,0.400551364363777,0.0826884860621682,1.8090291434617485,-2.744785569737075,0.3593899602941,0.21935490815913164,1.8090291434617485,-2.744785569737075,0.3593899602941
2.3592857082770746,-2.5005069710291625,0.400551364363777,0.08268848606216647,1.8259007023967104,-2.7384469082575045,0.3593802388630595,0.21379357754875555,1.8259007023967104,-2.7384469082575045,0.3593802388630595
2.39936597643166,-2.4776331060319143,0.4044354052533786,0.07850898469010598,1.842717591736409,-2.7321289776859836,0.3593700039080515,0.22275478096374846,1.842717591736409,-2.7321289776859836,0.3593700039080515
2.3993659764316595,-2.4776331060319152,0.40443540525337895,0.07850898469010593,1.8595892790469983,-2.7257906520679076,0.35936029577248757,0.219111031107435,1.8595892790469983,-2.7257906520679076,0.35936029577248757
2.399365976431664,-2.4776331060319166,0.4044354052533784,0.07850898469010477,1.8764062947611693,-2.7194730567063217,0.3593500639260443,0.2138883551426054,1.8764062947611693,-2.7194730567063217,0.3593500639260443
2.4553706250248855,-2.463244826592115,0.40851498202046627,0.08098067234302926,1.893278106601644,-2.7131350683028765,0.3593403457974644,0.23453533804426852,1.893278106601644,-2.7131350683028765,0.3593403457974644
2.4553706250248912,-2.4632448265921174,0.40851498202046516,0.08098067234302818,1.910095248880068,-2.706817808202505,0.3593301180694856,0.23048975468211322,1.910095248880068,-2.706817808202505,0.3593301180694856
2.4553706250248837,-2.4632448265921174,0.4085149820204657,0.08098067234302962,1.9269671871930127,-2.700480156280911,0.3593204020029985,0.2279645705069105,1.9269671871930127,-2.700480156280911,0.3593204020029985
2.5136009375679778,-2.4399985320911717,0.40578063945338794,0.0866663930917427,1.943784455529564,-2.694163231533251,0.3593101762888486,0.23499623809711134,1.943784455529564,-2.694163231533251,0.3593101762888486
2.5136009375679773,-2.439998532091174,0.40578063945338677,0.08666639309174248,1.960656519683551,-2.687825916225923,0.3593004650117556,0.23058413677972708,1.960656519683551,-2.687825916225923,0.3593004650117556
2.5136009375679733,-2.439998532091172,0.40578063945338766,0.08666639309174401,1.9774739156290173,-2.6815093262136553,0.35929023134820615,0.22298245067142836,1.9774739156290173,-2.6815093262136553,0.35929023134820615
2.559467785024448,-2.42788401426394,0.40587116331185796,0.0867167008930922,1.9943461064263408,-2.675172347327415,0.3592805199442572,0.22971454614703216,1.9943461064263408,-2.675172347327415,0.3592805199442572
2.559467785024451,-2.4278840142639404,0.4058711633118581,0.08671670089309205,2.011163626942939,-2.6688560931709495,0.359270296617347,0.2268540709184872,2.011163626942939,-2.6688560931709495,0.359270296617347
2.6219105027747656,-2.40498107829153,0.40694032204291025,0.08649320202188561,2.028035944410555,-2.6625194505062315,0.3592605843849663,0.23937047939351958,2.028035944410555,-2.6625194505062315,0.3592605843849663
2.6219105027747656,-2.4049810782915277,0.40694032204291125,0.08649320202188608,2.0448535910126955,-2.6562035315464705,0.3592503617935261,0.23522531810878175,2.0448535910126955,-2.6562035315464705,0.3592503617935261
2.6219105027747673,-2.4049810782915313,0.40694032204291003,0.0864932020218846,2.061726034833536,-2.649867225206827,0.359240650494749,0.2317784923267748,2.061726034833536,-2.649867225206827,0.359240650494749
2.662714728410315,-2.3865715564307575,0.40557700184221274,0.08453984826809363,2.078543807445209,-2.6435516414381874,0.3592304288488637,0.23862452668564993,2.078543807445209,-2.6435516414381874,0.3592304288488637
2.6627147284103136,-2.386571556430761,0.4055770018422122,0.08453984826809378,2.0954163775771453,-2.637215671403528,0.3592207184735168,0.23480574230874815,2.0954163775771453,-2.637215671403528,0.3592207184735168
2.6627147284103097,-2.3865715564307592,0.4055770018422139,0.08453984826809596,2.1122342761512,-2.630900422809359,0.359210497641718,0.2284151630677473,2.1122342761512,-2.630900422809359,0.359210497641718
2.6627147284103097,-2.386571556430759,0.4055770018422144,0.08453984826809624,2.1291069724958067,-2.6245647890878763,0.3592007876630822,0.22646646856305253,2.1291069724958067,-2.6245647890878763,0.3592007876630822
2.7107824131290164,-2.359609395069856,0.40577726780387097,0.08376912073102545,2.1459249986182622,-2.618249874953868,0.3591905775942347,0.23435317257206753,2.1459249986182622,-2.618249874953868,0.3591905775942347
2.7107824131290177,-2.3596093950698562,0.40577726780387036,0.08376912073102503,2.1627978200687585,-2.611914577808963,0.3591808615594276,0.22899165775741195,2.1627978200687585,-2.611914577808963,0.3591808615594276
2.7620633318526937,-2.340706273589522,0.4003246386135075,0.08517178884150169,2.179615970485924,-2.605599999458586,0.3591706422155181,0.23601915745996302,2.179615970485924,-2.605599999458586,0.3591706422155181
2.76206333185269,-2.340706273589519,0.4003246386135089,0.08517178884150375,2.19648891943819,-2.599265038147687,0.359160934441954,0.23240459084161125,2.19648891943819,-2.599265038147687,0.359160934441954
2.762063331852686,-2.3407062735895194,0.4003246386135088,0.08517178884150561,2.213307195824695,-2.5929507948715944,0.3591507162738328,0.22973755654945777,2.213307195824695,-2.5929507948715944,0.3591507162738328
2.8137639225667974,-2.323738822850912,0.4008415846794304,0.0864235593783083,2.2301802710238463,-2.5866161697545405,0.3591410094650792,0.2361780910209161,2.2301802710238463,-2.5866161697545405,0.3591410094650792
2.813763922566798,-2.3237388228509133,0.40084158467943065,0.086423559378308,2.246998673246322,-2.580302261561541,0.3591307924696301,0.23072909404480854,2.246998673246322,-2.580302261561541,0.3591307924696301
2.8137639225668005,-2.3237388228509124,0.4008415846794302,0.08642355937830767,2.263871875760634,-2.5739679722608075,0.3591210798975502,0.22758919919403875,2.263871875760634,-2.5739679722608075,0.3591210798975502
2.8596944140267264,-2.305157948556526,0.40173705531481185,0.08767265328259327,2.280690403175114,-2.567654399443909,0.35911086792770264,0.23552745819786747,2.280690403175114,-2.567654399443909,0.35911086792770264
2.8596944140267224,-2.305157948556527,0.4017370553148129,0.08767265328259431,2.2975637308013197,-2.561320446674719,0.3591011626937211,0.23213639022653637,2.2975637308013197,-2.561320446674719,0.3591011626937211
2.859694414026723,-2.3051579485565257,0.40173705531481335,0.0876726532825947,2.314382384829497,-2.555007208550364,0.3590909466422826,0.2295063281249342,2.314382384829497,-2.555007208550364,0.3590909466422826
2.9091037994927498,-2.2803271865359123,0.40268704555384466,0.08807007234076165,2.3312558386973112,-2.5486735918933103,0.3590812417598599,0.23637312739128374,2.3312558386973112,-2.5486735918933103,0.3590812417598599
2.9091037994927604,-2.2803271865359145,0.4026870455538434,0.08807007234075667,2.3480746185788046,-2.542360688774596,0.3590710262057456,0.2348801278501071,2.3480746185788046,-2.542360688774596,0.3590710262057456
2.9091037994927555,-2.280327186535915,0.4026870455538436,0.08807007234075905,2.364948198638431,-2.5360274082302663,0.3590613218425862,0.22991459247372564,2.364948198638431,-2.5360274082302663,0.3590613218425862
2.9622983604255775,-2.2583954566306725,0.40221736117528645,0.08952142047450681,2.3817671043459363,-2.529714840107935,0.35905110678729957,0.24177545466521003,2.3817671043459363,-2.529714840107935,0.35905110678729957
2.962298360425574,-2.258395456630672,0.4022173611752869,0.08952142047450908,2.3986408105763597,-2.5233818956650715,0.3590414028962158,0.23963978314579681,2.3986408105763597,-2.5233818956650715,0.3590414028962158
3.017248037213255,-2.241582984425316,0.4013186576280994,0.09000007192204039,2.4154598420790405,-2.5170696625330926,0.35903118822397,0.24527366211793755,2.4154598420790405,-2.5170696625330926,0.35903118822397
3.0172480372132577,-2.241582984425318,0.40131865762809876,0.09000007192203874,2.4323336743348665,-2.5107370542381098,0.3590214839462216,0.24124533713023943,2.4323336743348665,-2.5107370542381098,0.3590214839462216
3.017248037213259,-2.241582984425317,0.40131865762809943,0.09000007192203864,2.449152831953176,-2.5044251559569983,0.3590112716781365,0.23868580223179342,2.449152831953176,-2.5044251559569983,0.3590112716781365
3.017248037213248,-2.2415829844253157,0.4013186576281006,0.09000007192204403,2.466026790440769,-2.498092883680507,0.35900156838602,0.23132411402353664,2.466026790440769,-2.498092883680507,0.35900156838602
3.073473861174916,-2.227711931517808,0.3990104760339877,0.09262138314659452,2.4828460735195863,-2.4917813204684895,0.3589913546057755,0.2501681835549809,2.4828460735195863,-2.4917813204684895,0.3589913546057755
3.0734738611749175,-2.2277119315178067,0.399010476033988,0.09262138314659266,2.499720158198956,-2.485449384237879,0.3589816520478858,0.24569801838959499,2.499720158198956,-2.485449384237879,0.3589816520478858
3.126696958603778,-2.2033176058256934,0.40373700802679535,0.0975459133886508,2.5165395670521167,-2.4791381559732386,0.358971438734421,0.2628219366700512,2.5165395670521167,-2.4791381559732386,0.358971438734421
3.126696958603767,-2.20331760582569,0.4037370080267977,0.09754591338865524,2.5334137778514414,-2.4728065557951133,0.3589617366311605,0.26072802963580505,2.5334137778514414,-2.4728065557951133,0.3589617366311605
3.1266969586037714,-2.203317605825692,0.4037370080267961,0.09754591338865272,2.550233312359978,-2.4664956625002104,0.3589515242642058,0.25597602633471533,2.550233312359978,-2.4664956625002104,0.3589515242642058
3.1838983209712968,-2.184447690255795,0.4017556549795678,0.09651532308780328,2.5671076494885283,-2.46016439828276,0.3589418212020439,0.26073516089917614,2.5671076494885283,-2.46016439828276,0.3589418212020439
3.183898320971297,-2.184447690255793,0.40175565497956844,0.09651532308780288,2.5839273098089888,-2.4538538399091134,0.3589316087438873,0.2584212148305237,2.5839273098089888,-2.4538538399091134,0.3589316087438873
3.1838983209712977,-2.184447690255794,0.4017556549795687,0.09651532308780227,2.600801772836774,-2.44752291180947,0.3589219072575264,0.25323777534738484,2.600801772836774,-2.44752291180947,0.3589219072575264
3.224437752394458,-2.163011867393776,0.40061054220914755,0.09328355161779724,2.617621558916902,-2.4412126883464382,0.3589116948776145,0.26481401171201174,2.617621558916902,-2.4412126883464382,0.3589116948776145
3.224437752394462,-2.1630118673937764,0.40061054220914727,0.09328355161779583,2.6344961480469813,-2.434882096269413,0.3589019936152864,0.2604878104773475,2.6344961480469813,-2.434882096269413,0.3589019936152864
3.28579495003692,-2.1463594213865256,0.3970151871389133,0.09316436308051666,2.651316059845048,-2.4285722077254923,0.3588917814675443,0.26265211079670203,2.651316059845048,-2.4285722077254923,0.3588917814675443
3.285794950036923,-2.146359421386527,0.39701518713891265,0.09316436308051695,2.668190775061428,-2.4222419516685907,0.35888208043339825,0.25925491553391866,2.668190775061428,-2.4222419516685907,0.35888208043339825
3.2857949500369115,-2.1463594213865247,0.3970151871389142,0.09316436308052167,2.68501081256312,-2.415932398040302,0.3588718684955974,0.2548121212356976,2.68501081256312,-2.415932398040302,0.3588718684955974
3.2857949500369195,-2.146359421386525,0.39701518713891343,0.09316436308051713,2.701885653852302,-2.4096024780003553,0.35886216764878587,0.25302107025433973,2.701885653852302,-2.4096024780003553,0.35886216764878587
3.317010728067543,-2.1288666418048283,0.393929609966467,0.09758702257558682,2.7187058170321508,-2.40329325929107,0.3588519558099522,0.261410944718529,2.7187058170321508,-2.40329325929107,0.3588519558099522
3.3170107280675314,-2.128866641804827,0.3939296099664672,0.09758702257559426,2.735580784563795,-2.3969636751883963,0.3588422562361833,0.260001108261292,2.735580784563795,-2.3969636751883963,0.3588422562361833
3.317010728067535,-2.1288666418048283,0.3939296099664669,0.09758702257559144,2.7524010733246964,-2.3906547914128815,0.3588320439758735,0.2571714140568572,2.7524010733246964,-2.3906547914128815,0.3588320439758735
3.3794434579154053,-2.1223097252319865,0.39174519637961075,0.10157712383930462,2.769276166734141,-2.384325543389396,0.3588223434591154,0.26047546888575307,2.769276166734141,-2.384325543389396,0.3588223434591154
3.379443457915406,-2.122309725231988,0.39174519637961036,0.10157712383930352,2.786096581281106,-2.378016994485077,0.358812132032398,0.2575006296778569,2.786096581281106,-2.378016994485077,0.358812132032398
3.433063484405226,-2.100380161119183,0.3902761845439492,0.10583210112041701,2.8029718007479087,-2.3716880824643676,0.3588024317126276,0.2726846963259161,2.8029718007479087,-2.3716880824643676,0.3588024317126276
3.4330708749337773,-2.1007746881421543,0.3902487319291574,0.1058318059129303,2.8197923409580308,-2.365379868464018,0.3587922204446516,0.26924291012870916,2.8197923409580308,-2.365379868464018,0.3587922204446516
3.4330708749337777,-2.1007746881421547,0.39024873192915666,0.10583180591292976,2.8366676864585703,-2.359051292448291,0.35878252030691477,0.2671107871503684,2.8366676864585703,-2.359051292448291,0.35878252030691477
3.433070874933779,-2.1007746881421543,0.39024873192915677,0.10583180591292957,2.853488352412401,-2.3527434133207867,0.3587723086082763,0.26436827857591844,2.853488352412401,-2.3527434133207867,0.3587723086082763
3.4819849591007146,-2.089632395758685,0.3881439212024517,0.10686665379558455,2.870363823902998,-2.346415173329338,0.3587626088536463,0.27043100704826123,2.870363823902998,-2.346415173329338,0.3587626088536463
3.4819849591007204,-2.089632395758684,0.38814392120245056,0.10686665379558197,2.88718461540958,-2.3401076291369685,0.3587523977989602,0.2671486416991797,2.88718461540958,-2.3401076291369685,0.3587523977989602
3.439281001114859,-2.058675754787386,0.3871438666754388,0.10314490509775767,2.904060212978245,-2.333779725123069,0.3587426978008779,0.24709544659537733,2.904060212978245,-2.333779725123069,0.3587426978008779
3.4392810011148587,-2.0586757547873864,0.38714386667543943,0.10314490509775917,2.920881130123552,-2.327472515831506,0.358732486792047,0.2376112686629128,2.920881130123552,-2.327472515831506,0.358732486792047
3.439281001114856,-2.0586757547873846,0.3871438666754398,0.1031449050977603,2.937756853711686,-2.3211449478179755,0.3587227868492476,0.23454516550915588,2.937756853711686,-2.3211449478179755,0.3587227868492476
3.488374162457646,-2.04385679546507,0.3851676990305446,0.10289061447151772,2.954577896483676,-2.3148380734299248,0.3587125758892665,0.24773816053565037,2.954577896483676,-2.3148380734299248,0.3587125758892665
3.488374162457635,-2.043856795465066,0.38516769903054693,0.1028906144715243,2.971453746082484,-2.3085108414180944,0.3587028759891021,0.24603184555566762,2.971453746082484,-2.3085108414180944,0.3587028759891021
3.4883741624576414,-2.0438567954650697,0.3851676990305453,0.1028906144715205,2.9882749144714857,-2.3022043019356975,0.3586926650593294,0.2385839916635648,2.9882749144714857,-2.3022043019356975,0.3586926650593294
3.5421431473465312,-2.021562490258549,0.3859226340491741,0.10679526132353999,3.005150890070828,-2.2958774059285534,0.35868296516936643,0.25042990931980946,3.005150890070828,-2.2958774059285534,0.35868296516936643
3.542143147346538,-2.0215624902585496,0.38592263404917376,0.10679526132353503,3.0219721840377467,-2.2895712013673135,0.3586727540612575,0.24740721683356304,3.0219721840377467,-2.2895712013673135,0.3586727540612575
3.5421431473465423,-2.0215624902585505,0.3859226340491723,0.10679526132353251,3.0272831355208085,-2.287478889438435,0.3919076582712424,0.2576843747651538,3.0272831355208085,-2.287478889438435,0.3919076582712424
3.5740459346297317,-2.00438900987062,0.4308495294701972,0.10735568700506896,3.0326390961938903,-2.28517735070119,0.41980801623511516,0.25322457103488133,3.0326390961938903,-2.28517735070119,0.41980801623511516
3.574045934629729,-2.0043890098706174,0.43084952947019783,0.10735568700507182,3.035987374209212,-2.283611659004689,0.4549966865437126,0.26919637997727075,3.035987374209212,-2.283611659004689,0.4549966865437126
3.5504009500223064,-2.0127053372027315,0.4968204907818355,0.11272797881717818,3.0375317400015307,-2.2828203462241388,0.4920191971117203,0.25641573907551396,3.0375317400015307,-2.2828203462241388,0.4920191971117203
3.547837048810549,-2.015366876261535,0.49779720110561704,0.11281791697045568,3.0471478155458542,-2.277608713970347,0.5012965496072778,0.25632546594713057,3.0471478155458542,-2.277608713970347,0.5012965496072778
3.547837048810528,-2.015366876261541,0.49779720110561626,0.11281791697047162,3.058363631460677,-2.2714496656287246,0.503068196314947,0.25223246394614146,3.058363631460677,-2.2714496656287246,0.503068196314947
3.6299110179314527,-1.974716407652664,0.4956222071393307,0.10717529514451118,3.071390242837251,-2.264294697370092,0.5014782554429306,0.27018576469336764,3.071390242837251,-2.264294697370092,0.5014782554429306
3.629911017931451,-1.974716407652665,0.49562220713933036,0.10717529514451343,3.0847258806053164,-2.2569985852644487,0.4997710560091001,0.2679210524956521,3.0847258806053164,-2.2569985852644487,0.4997710560091001
3.6299110179314487,-1.9747164076526642,0.49562220713933114,0.10717529514451442,3.1011378511885868,-2.2480424164125363,0.4993153879771635,0.266198733890852,3.1011378511885868,-2.2480424164125363,0.4993153879771635
3.6872725150048087,-1.9595918338044727,0.4938096219224649,0.10683110516104007,3.117148343693588,-2.239309596328794,0.49936112755242984,0.2717848267820895,3.117148343693588,-2.239309596328794,0.49936112755242984
3.6872725150048087,-1.9595918338044729,0.4938096219224642,0.10683110516104036,3.1330647920728443,-2.2306267908888913,0.4994394527320648,0.2705089000911552,3.1330647920728443,-2.2306267908888913,0.4994394527320648
3.6872725150048087,-1.959591833804474,0.49380962192246475,0.10683110516103952,3.148871907481353,-2.222002460219915,0.4994751096557388,0.26235546719419445,3.148871907481353,-2.222002460219915,0.4994751096557388
3.7380016582115156,-1.9337279795606828,0.49182996214004576,0.10524153783202621,3.164708249142969,-2.2133617071087013,0.4994858410623694,0.2758273914676313,3.164708249142969,-2.2133617071087013,0.4994858410623694
3.7380016582115196,-1.933727979560683,0.49182996214004554,0.10524153783202202,3.180483920857615,-2.204753955447933,0.4994850526321746,0.2699019071247372,3.180483920857615,-2.204753955447933,0.4994850526321746
3.7380016582115148,-1.9337279795606839,0.4918299621400458,0.10524153783202615,3.196307195756569,-2.1961202899553545,0.4994799863711741,0.26806033601508267,3.196307195756569,-2.1961202899553545,0.4994799863711741
3.787514504367424,-1.9102085632566292,0.4962078659106749,0.10922930274374847,3.2120778163167416,-2.1875154829332057,0.4994724809494195,0.2793617141224876,3.2120778163167416,-2.1875154829332057,0.4994724809494195
3.787514504367429,-1.9102085632566304,0.49620786591067345,0.10922930274374568,3.227899364767069,-2.178883045109343,0.4994647312435265,0.27375316484365864,3.227899364767069,-2.178883045109343,0.4994647312435265
3.8370883782980383,-1.879671259602628,0.5044195766796062,0.11064251331734129,3.243669395945649,-2.17027888272286,0.4994561640333548,0.2766105553970865,3.243669395945649,-2.17027888272286,0.4994561640333548
3.8370883782980507,-1.8796712596026262,0.5044195766796048,0.11064251331733505,3.2594906893611104,-2.1616469234412117,0.4994479867471745,0.2745135821423152,3.2594906893611104,-2.1616469234412117,0.4994479867471745
3.8363500930833254,-1.8794380506455737,0.5045066562440957,0.11064360262759407,3.265187825461392,-2.1584215590693128,0.5308492801413576,0.2857072105946465,3.265187825461392,-2.1584215590693128,0.5308492801413576
3.8524127371259573,-1.8754247928712602,0.5562508141071939,0.10717772517294454,3.2695773869941016,-2.155751003551277,0.562279033208465,0.28386855764864943,3.2695773869941016,-2.155751003551277,0.562279033208465
3.852012298265366,-1.8751166321900543,0.556364717899765,0.1071788511017399,3.272201130454857,-2.1540354535788535,0.595883069683357,0.3020363050763397,3.272201130454857,-2.1540354535788535,0.595883069683357
3.852012298265359,-1.8751166321900559,0.556364717899765,0.10717885110174544,3.2811492125287534,-2.147906312650363,0.6052475100098674,0.30440455923683785,3.2811492125287534,-2.147906312650363,0.6052475100098674
3.8351205604015446,-1.8663596276710086,0.5663535983698786,0.11753893460346354,3.292405703381036,-2.14011268661232,0.6059223876381609,0.2886986245961753,3.292405703381036,-2.14011268661232,0.6059223876381609
3.835120560401545,-1.866359627671009,0.5663535983698786,0.11753893460346172,3.304741655763657,-2.131580068431688,0.6043275510315941,0.28702316761688634,3.304741655763657,-2.131580068431688,0.6043275510315941
3.83512056040155,-1.866359627671009,0.5663535983698783,0.11753893460345977,3.3182257519608744,-2.122281645221814,0.6030752734396266,0.2831332114200551,3.3182257519608744,-2.122281645221814,0.6030752734396266
3.9327927909689437,-1.8174897826479146,0.5679615984861222,0.1101832763618212,3.333318025147382,-2.1118926988648195,0.6026695317722336,0.2993688325251074,3.333318025147382,-2.1118926988648195,0.6026695317722336
3.9327927909689535,-1.8174897826479128,0.5679615984861222,0.11018327636181396,3.348283916807136,-2.101594851480172,0.6027032193873032,0.2987228118836967,3.348283916807136,-2.101594851480172,0.6027032193873032
3.9327927909689477,-1.8174897826479162,0.5679615984861217,0.11018327636181854,3.3631291438752555,-2.0913792340776016,0.6027424798789153,0.2949257979573929,3.3631291438752555,-2.0913792340776016,0.6027424798789153
3.9709098705279513,-1.7840135294135293,0.5681720174081529,0.10888686342771911,3.377993745479126,-2.0811496770021107,0.60275866593689,0.3064062049883629,3.377993745479126,-2.0811496770021107,0.60275866593689
3.970909870527957,-1.7840135294135313,0.5681720174081526,0.10888686342771578,3.39279928007218,-2.0709605673019666,0.6027609513906843,0.30357819689784427,3.39279928007218,-2.0709605673019666,0.6027609513906843
4.006769564074205,-1.757926208879603,0.5686608499347308,0.11280508799336617,3.407649150269569,-2.0607409546688817,0.6027578751459498,0.3104441443655397,3.407649150269569,-2.0607409546688817,0.6027578751459498
4.006769564074204,-1.757926208879603,0.568660849934731,0.11280508799336667,3.4224489830705798,-2.050555876657457,0.6027518621003354,0.3052245831984838,3.4224489830705798,-2.050555876657457,0.6027518621003354
4.006769564074203,-1.7579262088796004,0.5686608499347318,0.11280508799336718,3.4372960899092675,-2.0403383996827698,0.6027455804205039,0.29767506064894467,3.4372960899092675,-2.0403383996827698,0.6027455804205039
4.006769564074206,-1.757926208879601,0.5686608499347309,0.11280508799336386,3.452094966734698,-2.030154266078559,0.602737880023597,0.29680592373617737,3.452094966734698,-2.030154266078559,0.602737880023597
4.059232251871379,-1.7275000410702468,0.5691850545562702,0.11554598604984177,3.4669420412994394,-2.019937125506356,0.602730840664594,0.30910438995820233,3.4669420412994394,-2.019937125506356,0.602730840664594
4.059232251871377,-1.727500041070242,0.5691850545562708,0.11554598604984358,3.4817409501051952,-2.0097532905449214,0.6027232118863195,0.30894282330806244,3.4817409501051952,-2.0097532905449214,0.6027232118863195
4.108853461870115,-1.6998251174256833,0.5667323808437666,0.11318652885395258,3.4965880292759284,-1.9995364687661934,0.6027160760766722,0.31560918072452426,3.4965880292759284,-1.9995364687661934,0.6027160760766722
4.108831254261188,-1.700582099386689,0.5669721166670482,0.1131931814204792,3.511387027860263,-1.9893528945154273,0.6027083992960438,0.31427020470898276,3.511387027860263,-1.9893528945154273,0.6027083992960438
4.109080561932197,-1.6995931498181307,0.5682698700612885,0.11324397647795265,3.526234308753857,-1.979136256550119,0.6027013950664261,0.3126956163407029,3.526234308753857,-1.979136256550119,0.6027013950664261
4.109831765426284,-1.699784288512909,0.5682073804236825,0.11324222915511196,3.5317636370074803,-1.975208047000009,0.632684177217693,0.33117581084526093,3.5317636370074803,-1.975208047000009,0.632684177217693
4.125392484481935,-1.6843499800045003,0.6014950187821833,0.11490509773899366,3.535830258201885,-1.9721269705045539,0.66407443436123,0.32953424979065005,3.535830258201885,-1.9721269705045539,0.66407443436123
4.120129879495441,-1.6859401104304763,0.6360559633541684,0.13695227951786051,3.538376336082,-1.9700633457616479,0.6981604729368003,0.35763248161738137,3.538376336082,-1.9700633457616479,0.6981604729368003
4.120129879495457,-1.685940110430471,0.6360559633541676,0.13695227951785469,3.5466788405268024,-1.9630347426116126,0.7068315841764061,0.3585820409977133,3.5466788405268024,-1.9630347426116126,0.7068315841764061
4.120129879495439,-1.685940110430474,0.6360559633541689,0.1369522795178611,3.556943518733898,-1.9542509765442766,0.7087878426956833,0.3593856264336966,3.556943518733898,-1.9542509765442766,0.7087878426956833
4.120129879495451,-1.6859401104304714,0.6360559633541683,0.13695227951785574,3.5682690708532854,-1.9445575202436212,0.7070223429869417,0.35559009505669936,3.5682690708532854,-1.9445575202436212,0.7070223429869417
4.186613490713674,-1.6430879632870221,0.6294669817073836,0.1168622194847928,3.580512075658356,-1.9341118447694639,0.7056701375391328,0.35544450572638003,3.580512075658356,-1.9341118447694639,0.7056701375391328
4.186613490713675,-1.6430879632870257,0.6294669817073822,0.11686221948479344,3.5945110352568905,-1.922190455582336,0.7051639541850615,0.3468510464710049,3.5945110352568905,-1.922190455582336,0.7051639541850615
4.1866134907136745,-1.6430879632870226,0.6294669817073838,0.11686221948479039,3.608427520204791,-1.91034488406169,0.7052049672861647,0.3431946178856843,3.608427520204791,-1.91034488406169,0.7052049672861647
4.237110077828611,-1.6012797608069909,0.6326806669998652,0.115917981585717,3.622181570165713,-1.8986362347987669,0.7052770018040734,0.35039718919747764,3.622181570165713,-1.8986362347987669,0.7052770018040734
4.237110077828624,-1.6012797608069922,0.632680666999864,0.11591798158570832,3.6359338422243135,-1.886927836866032,0.705311392507996,0.34718192607686477,3.6359338422243135,-1.886927836866032,0.705311392507996
4.237110077828618,-1.6012797608069895,0.632680666999865,0.1159179815857114,3.64962350776048,-1.8752722065190088,0.7053222567458967,0.34451188081408957,3.64962350776048,-1.8752722065190088,0.7053222567458967
4.277620487470953,-1.5711558447264546,0.6350042483136658,0.11768037596891855,3.66335102732399,-1.8635842050097993,0.7053233487860818,0.35382757152866223,3.66335102732399,-1.8635842050097993,0.7053233487860818
4.277620487470961,-1.5711558447264544,0.6350042483136652,0.11768037596891318,3.677031033864327,-1.8519366882753312,0.7053196434216552,0.3517454843181005,3.677031033864327,-1.8519366882753312,0.7053196434216552
4.3183742461744306,-1.5524543067845307,0.6276615326204215,0.11776361668147901,3.6907542706622953,-1.8402524660945314,0.7053147367443887,0.36464207418426015,3.6907542706622953,-1.8402524660945314,0.7053147367443887
4.318374246174428,-1.552454306784532,0.6276615326204215,0.11776361668148223,3.7044326824949687,-1.8286065405135052,0.7053084727150707,0.3580998669224324,3.7044326824949687,-1.8286065405135052,0.7053084727150707
4.321688471508043,-1.5507551638075878,0.6285170357881643,0.11773816567099452,3.7181555841773055,-1.816922879440631,0.7053026056036594,0.3559243894603,3.7181555841773055,-1.816922879440631,0.7053026056036594
4.321688471508048,-1.5507551638075883,0.6285170357881639,0.11773816567099175,3.731833943505308,-1.8052772880142984,0.7052960673235121,0.3525532138427536,3.731833943505308,-1.8052772880142984,0.7052960673235121
4.36032997397138,-1.5054536285129254,0.6331711129156644,0.11686654704203489,3.74555681292261,-1.7935939507148881,0.705289974886948,0.3635323477379028,3.74555681292261,-1.7935939507148881,0.705289974886948
4.36395535244711,-1.5030108970597111,0.634346570240833,0.11694057682507714,3.7592352596066254,-1.781948582661458,0.7052834579509134,0.35969838396882553,3.7592352596066254,-1.781948582661458,0.7052834579509134
4.360329973971386,-1.505453628512924,0.6331711129156631,0.11686654704203392,3.7729583002782583,-1.77026539801142,0.705277366391055,0.35630131359368916,3.7729583002782583,-1.77026539801142,0.705277366391055
4.400661061981774,-1.4835249639884414,0.6315647097839683,0.1171335616772429,3.786636892156256,-1.7586202048810629,0.705270759181931,0.3639357810493433,3.786636892156256,-1.7586202048810629,0.705270759181931
4.400661061981777,-1.4835249639884438,0.6315647097839675,0.11713356167723948,3.8003600635530463,-1.7469372093206799,0.7052646837365729,0.35919279862129583,3.8003600635530463,-1.7469372093206799,0.7052646837365729
4.4457139602464455,-1.4590676715430906,0.6303576692733099,0.1159123112760471,3.8140387956662978,-1.735292195961264,0.7052580814460896,0.3629666669568842,3.8140387956662978,-1.735292195961264,0.7052580814460896
4.445713960246445,-1.459067671543088,0.6303576692733107,0.11591231127604687,3.8277621230379,-1.723609367631043,0.7052520107691835,0.3608270222653348,3.8277621230379,-1.723609367631043,0.7052520107691835
4.445713960246451,-1.459067671543092,0.6303576692733088,0.11591231127604501,3.841441006286048,-1.7119645245316542,0.7052454136762926,0.3559050486411626,3.841441006286048,-1.7119645245316542,0.7052454136762926
4.485982519076504,-1.4288482537773315,0.6289995561289453,0.11602803010010763,3.855164477902753,-1.7002818731825133,0.7052393476979368,0.3618093913998636,3.855164477902753,-1.7002818731825133,0.7052393476979368
4.493485884415203,-1.421616564178836,0.6310561085660835,0.11589091960021938,3.868843507276946,-1.6886372043851972,0.7052327547894472,0.3596167520269815,3.868843507276946,-1.6886372043851972,0.7052327547894472
4.493485884415204,-1.4216165641788368,0.6310561085660833,0.11589091960022094,3.882567128579329,-1.6769547251795651,0.7052266931421971,0.35804202384490413,3.882567128579329,-1.6769547251795651,0.7052266931421971
4.526912112064489,-1.3879539464428534,0.6324463666634661,0.11822949977900617,3.896246306246457,-1.6653102286353656,0.7052201047395814,0.3631484319646073,3.896246306246457,-1.6653102286353656,0.7052201047395814
4.526912112064485,-1.3879539464428534,0.6324463666634665,0.11822949977900724,3.909970074416066,-1.6536279237571514,0.7052140479396638,0.362029363756522,3.909970074416066,-1.6536279237571514,0.7052140479396638
4.526912112064492,-1.3879539464428547,0.6324463666634659,0.11822949977900352,3.9236493987550354,-1.6419836005975013,0.7052074664228516,0.35835812631574926,3.9236493987550354,-1.6419836005975013,0.7052074664228516
4.6841391062116555,-1.4806097736874673,0.6304072161355474,0.12264284327951773,3.937373295967833,-1.6303014833397347,0.7052015498181572,0.3449448756664146,3.937373295967833,-1.6303014833397347,0.7052015498181572
4.6841391062116475,-1.480609773687471,0.6304072161355471,0.12264284327952459,3.9510527883505775,-1.6186573138268092,0.7051948120388272,0.344815473707645,3.9510527883505775,-1.6186573138268092,0.7051948120388272
3.9365452350452093,-1.3886399432218073,0.6551101215664498,0.31091014639745085,3.964776851666416,-1.6069753562309468,0.7051887645711044,0.3482885240861355,3.964776851666416,-1.6069753562309468,0.7051887645711044
4.739962545346068,-1.4429239084694352,0.6330068339656862,0.11855797227495168,3.978456470664356,-1.5953313787208794,0.705182182708093,0.3488043248248656,3.978456470664356,-1.5953313787208794,0.705182182708093
4.739962545346067,-1.4429239084694379,0.633006833965686,0.1185579722749516,3.992180688369403,-1.5836495880526344,0.705176182912644,0.3432643804309068,3.992180688369403,-1.5836495880526344,0.705176182912644
4.739962545346072,-1.4429239084694356,0.6330068339656858,0.11855797227495037,4.005860450909268,-1.5720057854577716,0.7051695769070931,0.3409640116186694,4.005860450909268,-1.5720057854577716,0.7051695769070931
4.7668763992019345,-1.4117469729303291,0.6299224890603485,0.12192632955032418,4.019584809604775,-1.560324173686348,0.705163530076689,0.3537931291549283,4.019584809604775,-1.560324173686348,0.705163530076689
4.775672466983408,-1.4123327088894,0.6332328677519723,0.12130380250426077,4.03326472354832,-1.5486805403184798,0.7051569571920854,0.3495643251968624,4.03326472354832,-1.5486805403184798,0.7051569571920854
3.9331622632258023,-1.3479542906094468,0.6498207054693365,0.3145393707088062,4.046989230032219,-1.5369991013693771,0.7051509154642235,0.35646692245629874,4.046989230032219,-1.5369991013693771,0.7051509154642235
3.9825602216388485,-1.3616813940966588,0.6474257065763848,0.3147606903852565,4.060669291151847,-1.5253556402752508,0.7051443460695721,0.35766887193457264,4.060669291151847,-1.5253556402752508,0.7051443460695721
3.9825602216388445,-1.3616813940966583,0.6474257065763848,0.3147606903852582,4.074393945031493,-1.5136743743034549,0.7051383074123053,0.35615999687101696,4.074393945031493,-1.5136743743034549,0.7051383074123053
4.017302378577501,-1.2783297037921444,0.6715446946503507,0.31763923745380823,4.088074153150335,-1.5020310854864474,0.7051317408582644,0.34739001224170896,4.088074153150335,-1.5020310854864474,0.7051317408582644
4.871181462607475,-1.3585715102136988,0.6298803853412014,0.1165745228684155,4.101798954331044,-1.4903499924362666,0.7051257049422486,0.3474582429996575,4.101798954331044,-1.4903499924362666,0.7051257049422486
4.871534569750767,-1.358009946041654,0.6300327424622256,0.11657182310913612,4.115479309356598,-1.478706875845679,0.7051191410224866,0.3474832881891964,4.115479309356598,-1.478706875845679,0.7051191410224866
4.069516804615523,-1.311277217256158,0.6494709366885506,0.32301363044358333,4.129204257745953,-1.4670259556704996,0.705113107717558,0.35892709741697165,4.129204257745953,-1.4670259556704996,0.705113107717558
4.909476629999406,-1.3213801424609033,0.6316672357987326,0.11766379234860071,4.142884759574678,-1.4553830112712758,0.7051065464149227,0.3566075242313659,4.142884759574678,-1.4553830112712758,0.7051065464149227
4.909476629999411,-1.3213801424609022,0.6316672357987329,0.11766379234859674,4.156609855034227,-1.4437022639608292,0.7051005160481542,0.35604233279588765,4.156609855034227,-1.4437022639608292,0.7051005160481542
4.097892121459271,-1.2281701345256184,0.6639374013805419,0.3203187692348578,4.170290503118659,-1.432059492050295,0.7050939605268753,0.35739392686557003,4.170290503118659,-1.432059492050295,0.7050939605268753
4.0978921214592825,-1.2281701345256202,0.6639374013805405,0.32031876923485825,4.184015747446256,-1.4203789160343838,0.7050879190925917,0.3547107922898646,4.184015747446256,-1.4203789160343838,0.7050879190925917
4.118651220883767,-1.177162702883193,0.6811019675632847,0.3230955917429533,4.197696542253825,-1.40873631638107,0.7050813658236548,0.3491879091815894,4.197696542253825,-1.40873631638107,0.7050813658236548
4.1186512208837645,-1.1771627028831868,0.681101967563286,0.323095591742953,4.211421931786766,-1.3970559146831931,0.7050753388463451,0.3470537790792023,4.211421931786766,-1.3970559146831931,0.7050753388463451
4.118651220883765,-1.1771627028831921,0.6811019675632849,0.3230955917429535,4.225102872641032,-1.3854134876207955,0.7050687749183535,0.3463445357119959,4.225102872641032,-1.3854134876207955,0.7050687749183535
4.2024023467367595,-1.180417437018287,0.6738712847300459,0.3230609475997727,4.2388284115051365,-1.3737332565965925,0.7050627660554504,0.34622335920345343,4.2388284115051365,-1.3737332565965925,0.7050627660554504
4.155069198627422,-1.1597731656675472,0.6646370128620817,0.3185007803969501,4.252509499762264,-1.3620910005702571,0.7050562105428783,0.3616677337395562,4.252509499762264,-1.3620910005702571,0.7050562105428783
4.217404213405493,-1.1772683657753016,0.6581640106153581,0.3185315213926199,4.266235183348507,-1.350410943901582,0.7050501870909011,0.3562853699558757,4.266235183348507,-1.350410943901582,0.7050501870909011
4.1388685473535105,-1.1937226988815115,0.6602738662384597,0.3209812826586986,4.279916418455058,-1.3387688595820042,0.7050436354022771,0.36042287055606553,4.279916418455058,-1.3387688595820042,0.7050436354022771
4.138868547353509,-1.1937226988815117,0.6602738662384602,0.3209812826586984,4.293642249017845,-1.3270889754060633,0.7050376141421366,0.3606902757467592,4.293642249017845,-1.3270889754060633,0.7050376141421366
4.231756525645886,-1.1694385783545795,0.6575246042625416,0.3209655307017873,4.307323630647532,-1.3154470629522996,0.7050310643092801,0.35439746833851915,4.307323630647532,-1.3154470629522996,0.7050310643092801
5.10070174992672,-1.2147295471408928,0.6288287743495907,0.1026421942237255,4.321049608084736,-1.303767351265455,0.7050250447862589,0.35434381946204857,4.321049608084736,-1.303767351265455,0.7050250447862589
4.2443316106715905,-1.133348268039084,0.6534537690890322,0.31532524217757796,4.334731136168043,-1.2921256106548635,0.7050184965948452,0.35884586418567377,4.334731136168043,-1.2921256106548635,0.7050184965948452
4.272771091900854,-1.1584119197456086,0.6483505685180495,0.3156478037701515,4.34845726042676,-1.2804460714245018,0.705012478668358,0.35875171148477875,4.34845726042676,-1.2804460714245018,0.705012478668358
4.202428524617833,-1.0723911119054066,0.6722192528868765,0.32074826933600575,4.36213893491064,-1.2688045026263821,0.705005932014046,0.3600039731939042,4.36213893491064,-1.2688045026263821,0.705005932014046
4.304598024508966,-1.0770520671881059,0.6656169667297726,0.3220548023881862,4.375865205942162,-1.2571251358201634,0.7049999156106425,0.35737401191174917,4.375865205942162,-1.2571251358201634,0.7049999156106425
4.3076698124235016,-1.080992283518066,0.6646373848754604,0.32205382709937647,4.389547026767158,-1.2454837388131517,0.7049933704866468,0.3585436919435048,4.389547026767158,-1.2454837388131517,0.7049933704866468
4.22728958130523,-1.0788891618757814,0.6722941541828991,0.3232784872667466,4.403273444474721,-1.2338045444377022,0.704987355898685,0.35623753312837475,4.403273444474721,-1.2338045444377022,0.704987355898685
4.253574905518838,-1.0704323453977975,0.6689568642717555,0.3234005101010136,4.416955418340343,-1.222163314016584,0.7049807636742503,0.35867045186253244,4.416955418340343,-1.222163314016584,0.7049807636742503
4.25357490551884,-1.0704323453977984,0.6689568642717552,0.3234005101010134,4.430681976960031,-1.2104842975156438,0.7049747959108899,0.35759771327751366,4.430681976960031,-1.2104842975156438,0.7049747959108899
4.33976944984867,-1.0549900641973706,0.655446708350423,0.32107744202412625,4.444364090332702,-1.198843244058609,0.7049682534527263,0.3599468809821499,4.444364090332702,-1.198843244058609,0.7049682534527263
4.349636692190349,-1.0555301261278702,0.6555855502214387,0.3211338019799279,4.458090801366014,-1.1871643944546721,0.7049622400382666,0.3595603646993113,4.458090801366014,-1.1871643944546721,0.7049622400382666
4.377383980875317,-1.0633020595580216,0.653903814593992,0.3213692271374946,4.471773061910679,-1.175523511842211,0.7049557050867354,0.35661535168719066,4.471773061910679,-1.175523511842211,0.7049557050867354
4.318222269905577,-1.0285180087168908,0.6687413073038557,0.32241145449707054,4.485499919202506,-1.1638448347530086,0.7049496900764578,0.3554407972575739,4.485499919202506,-1.1638448347530086,0.7049496900764578
4.318222269905572,-1.0285180087168926,0.6687413073038551,0.32241145449707154,4.499182325051379,-1.1522041245924504,0.7049431492602236,0.3565932490450196,4.499182325051379,-1.1522041245924504,0.7049431492602236
4.305547173001814,-0.9301756928825525,0.6832857957093489,0.3203892456383921,4.512909329453796,-1.1405256193973519,0.7049371388028499,0.35763243174134063,4.512909329453796,-1.1405256193973519,0.7049371388028499
4.305547173001818,-0.9301756928825524,0.6832857957093483,0.3203892456383929,4.526591881537692,-1.1288850808420103,0.7049305993623356,0.35557437861847513,4.526591881537692,-1.1288850808420103,0.7049305993623356
4.305547173001809,-0.9301756928825559,0.6832857957093488,0.3203892456383936,4.54031903254456,-1.117206747871819,0.7049245900257392,0.3570625048709767,4.54031903254456,-1.117206747871819,0.7049245900257392
4.387510708860153,-0.9952357549656403,0.6721314202647521,0.3257146042827007,4.554001730788625,-1.1055663809309872,0.7049180516064474,0.35764305339123365,4.554001730788625,-1.1055663809309872,0.7049180516064474
4.392256533830137,-0.9279801710872083,0.6784997137709968,0.3239068884327202,4.567729028360087,-1.0938882201703488,0.704912043247248,0.3596441244808297,4.567729028360087,-1.0938882201703488,0.704912043247248
4.392256533830131,-0.9279801710872101,0.6784997137709967,0.32390688843272114,4.581411872729827,-1.082248024827364,0.7049055057575467,0.35250041626183587,4.581411872729827,-1.082248024827364,0.7049055057575467
4.458543455661223,-0.9420162596031374,0.6599054035706894,0.3264218805052495,4.595139316836928,-1.070570036256672,0.7048994983037565,0.36719488665928895,4.595139316836928,-1.070570036256672,0.7048994983037565
4.458543455661231,-0.9420162596031341,0.6599054035706893,0.32642188050524923,4.608822307302504,-1.058930012494463,0.7048929616841604,0.367360287796102,4.608822307302504,-1.058930012494463,0.7048929616841604
4.448742457593893,-0.876469434371341,0.6666163262124609,0.3248320891785775,4.622549897918199,-1.0472521960954473,0.704886955089939,0.3623288082049037,4.622549897918199,-1.0472521960954473,0.704886955089939
4.470527189087153,-0.879638683427471,0.6678661981721035,0.3234887758011464,4.63623303444445,-1.0356123439025144,0.7048804193367636,0.3569725563082083,4.63623303444445,-1.0356123439025144,0.7048804193367636
4.470527189087152,-0.8796386834274724,0.667866198172103,0.32348877580114677,4.649960771483269,-1.0239346997031258,0.7048744139775619,0.35842768277104176,4.649960771483269,-1.0239346997031258,0.7048744139775619
4.470527189087151,-0.8796386834274724,0.6678661981721031,0.32348877580114666,4.663644054238821,-1.0122950189048279,0.7048678775816167,0.35923242423568746,4.663644054238821,-1.0122950189048279,0.7048678775816167
4.510011240064187,-0.7877857819163654,0.6802856881336474,0.3258430840870534,4.677371937768667,-1.000617546840541,0.7048618727599913,0.35628107061042286,4.677371937768667,-1.000617546840541,0.7048618727599913
4.5100112400641805,-0.7877857819163634,0.6802856881336484,0.325843084087053,4.691055366350501,-0.9889780377520734,0.7048553382461115,0.35536749789425953,4.691055366350501,-0.9889780377520734,0.7048553382461115
4.563507522452433,-0.8421408450172201,0.6750162417193861,0.32741873824633483,4.704783396048312,-0.9773007380733119,0.7048493312376919,0.35459451247216667,4.704783396048312,-0.9773007380733119,0.7048493312376919
4.434008575515261,-0.7290068124410213,0.7036882926947025,0.31726108070336717,4.718466971187521,-0.9656614000480022,0.7048428013486434,0.34997599591568634,4.718466971187521,-0.9656614000480022,0.7048428013486434
4.43400857551527,-0.7290068124410206,0.7036882926947017,0.31726108070336556,4.732195147591618,-0.953984272179413,0.7048367972062969,0.3509179725481066,4.732195147591618,-0.953984272179413,0.7048367972062969
4.502947573947588,-0.7511449681372835,0.6953594943148446,0.3219105086828412,4.745878868175721,-0.942345106079999,0.7048302639962477,0.35354266461042144,4.745878868175721,-0.942345106079999,0.7048302639962477
4.502947573947591,-0.7511449681372819,0.6953594943148441,0.3219105086828412,4.759607191041422,-0.9306681502633829,0.7048242607756426,0.3529758286989245,4.759607191041422,-0.9306681502633829,0.7048242607756426
4.5029475739475915,-0.7511449681372849,0.6953594943148433,0.3219105086828414,4.773291057603189,-0.9190291556470935,0.7048177282132787,0.35489071495125585,4.773291057603189,-0.9190291556470935,0.7048177282132787
4.5850517568078075,-0.8217004353611634,0.6833887909313758,0.31898216018223674,4.787019526870949,-0.9073523718995293,0.7048117255784957,0.347136082007149,4.787019526870949,-0.9073523718995293,0.7048117255784957
4.585051756807808,-0.8217004353611681,0.6833887909313747,0.3189821601822375,4.80070353938295,-0.8957135487617514,0.7048051935621964,0.34620229586512424,4.80070353938295,-0.8957135487617514,0.7048051935621964
4.569355262968198,-0.7398086036304121,0.6917416243026111,0.3178418360913914,4.814432155033419,-0.884036937073974,0.7047991914529638,0.3446452949697044,4.814432155033419,-0.884036937073974,0.7047991914529638
4.549760286657889,-0.6086559604345929,0.7093508879881592,0.31160043672914156,4.828116313476904,-0.8723982854056098,0.7047926599358411,0.3435957311248305,4.828116313476904,-0.8723982854056098,0.7047926599358411
4.549760286657893,-0.6086559604345956,0.7093508879881584,0.31160043672914256,4.841845075494417,-0.8607218457673511,0.7047866583112039,0.3454106806552359,4.841845075494417,-0.8607218457673511,0.7047866583112039
4.549760286657903,-0.608655960434595,0.7093508879881575,0.3116004367291415,4.855529379852723,-0.8490833655599901,0.7047801272569618,0.3461987121921715,4.855529379852723,-0.8490833655599901,0.7047801272569618
4.627787599414958,-0.6723145620342549,0.6974861884723683,0.32172147755642666,4.86925828822187,-0.8374070979622883,0.7047741260863232,0.35202878926799236,4.86925828822187,-0.8374070979622883,0.7047741260863232
4.627787599414964,-0.6723145620342538,0.6974861884723682,0.3217214775564259,4.882942738474403,-0.825768789211792,0.7047675954915229,0.35182426896088,4.882942738474403,-0.825768789211792,0.7047675954915229
4.626208249370617,-0.5774138132074256,0.6947170875275044,0.31887495733487503,4.896671793292998,-0.814092693559195,0.7047615939313066,0.3530476326411416,4.896671793292998,-0.814092693559195,0.7047615939313066
4.701131912258923,-0.7183423294945694,0.6870551411126876,0.3259798717112146,4.910356389357266,-0.8024545563282275,0.7047550642966399,0.3507439256435108,4.910356389357266,-0.8024545563282275,0.7047550642966399
4.6841507731768,-0.6387494521474129,0.6870032514513134,0.32190837330624156,4.924085590387365,-0.7907786327922715,0.7047490638873302,0.34829076626222766,4.924085590387365,-0.7907786327922715,0.7047490638873302
4.673136608516766,-0.5367368423933598,0.6950655773940306,0.3241747257772914,4.937770332375965,-0.7791406669520402,0.7047425337760468,0.36177096921998814,4.937770332375965,-0.7791406669520402,0.7047425337760468
5.639757038383364,-0.6591525421111513,0.6308126859461339,0.10013552778217183,4.94279802831959,-0.7749836337341107,0.6770294348771573,0.3488945565876085,4.94279802831959,-0.7749836337341107,0.6770294348771573
4.981675924609744,-0.5425838268309613,0.6576231634006645,0.3210830721056906,4.94681260958701,-0.7718443613653365,0.6502674402913478,0.3353523365714601,4.94681260958701,-0.7718443613653365,0.6502674402913478
5.656017906458171,-0.6522017070674766,0.5753820894360575,0.10309717953363422,4.949275436482711,-0.770024936235107,0.6222630267624828,0.3478907030836502,4.949275436482711,-0.770024936235107,0.6222630267624828
4.995143360768764,-0.6496024228009938,0.5920143707489179,0.3275141315258252,4.9507350682410864,-0.769012980468248,0.5901608633230637,0.33384646552198716,4.9507350682410864,-0.769012980468248,0.5901608633230637
4.99514336076876,-0.6496024228009933,0.5920143707489183,0.327514131525825,4.9586589068411255,-0.7638056389816152,0.5726431414628382,0.33021921757061223,4.9586589068411255,-0.7638056389816152,0.5726431414628382
5.587261526392169,-0.6083146398598958,0.6014098505734896,0.3232329233211465,4.970400660294756,-0.7562793353210027,0.5673820856814744,0.40872539755903736,4.970400660294756,-0.7562793353210027,0.5673820856814744
5.587261526392187,-0.6083146398598953,0.6014098505734887,0.3232329233211443,4.983105386446046,-0.748204460256991,0.564961008921657,0.4124304716057778,4.983105386446046,-0.748204460256991,0.564961008921657
5.036096769874413,-0.5857214468603378,0.5727827488531984,0.3267873692500724,4.995990530882417,-0.7400528760147376,0.5631796261575798,0.33420015003286135,4.995990530882417,-0.7400528760147376,0.5631796261575798
5.036096769874414,-0.5857214468603347,0.5727827488531987,0.3267873692500724,5.011980612265132,-0.7299612961323789,0.5627894214779745,0.33176198343782126,5.011980612265132,-0.7299612961323789,0.5627894214779745
5.036096769874415,-0.5857214468603367,0.5727827488531984,0.3267873692500725,5.027498523224635,-0.7201704526849699,0.5629268169613029,0.33074806852906835,5.027498523224635,-0.7201704526849699,0.5629268169613029
5.040592296236174,-0.5894369294913399,0.5718890013083112,0.3268027568053849,5.042869526331679,-0.7104694708166859,0.5630526114354545,0.33062453250703266,5.042869526331679,-0.7104694708166859,0.5630526114354545
5.127509107784014,-0.5342150103746879,0.5688678773164543,0.322825097581011,5.05811148019003,-0.7008479906233132,0.5631092463235049,0.33178500844589826,5.05811148019003,-0.7008479906233132,0.5631092463235049
5.127509107784014,-0.5342150103746879,0.5688678773164539,0.3228250975810114,5.073371867336833,-0.6912140556463977,0.5631293410252982,0.331605639624417,5.073371867336833,-0.6912140556463977,0.5631293410252982
5.1524214657898995,-0.4626758295043152,0.5713431595410547,0.32271298417143063,5.088570335018073,-0.6816189617127715,0.5631326684160929,0.33586174123226115,5.088570335018073,-0.6816189617127715,0.5631326684160929
5.152421465789913,-0.46267582950431557,0.5713431595410534,0.32271298417143096,5.103813468309819,-0.6719956643195215,0.5631298264480809,0.3316864810719213,5.103813468309819,-0.6719956643195215,0.5631298264480809
5.152421465789907,-0.4626758295043146,0.5713431595410541,0.3227129841714304,5.119005215101385,-0.6624049028355805,0.5631237657540821,0.3299294696763454,5.119005215101385,-0.6624049028355805,0.5631237657540821
5.193983293643411,-0.422019292579715,0.5772234768953947,0.3253573363129567,5.13424573932587,-0.6527834883180224,0.5631166111754814,0.3376910856811584,5.13424573932587,-0.6527834883180224,0.5631166111754814
5.193983293643415,-0.4220192925797162,0.5772234768953938,0.32535733631295716,5.149436436934369,-0.6431936805729741,0.5631095508956235,0.337511511807672,5.149436436934369,-0.6431936805729741,0.5631095508956235
5.852800697913037,-0.5258149954804424,0.550042816511793,0.10357169948261294,5.164676608423597,-0.6335727924715528,0.5631023250792161,0.3366733482672241,5.164676608423597,-0.6335727924715528,0.5631023250792161
5.264018725813808,-0.4639135595636037,0.5714337884796075,0.3244357364473768,5.179867361742398,-0.6239832610873162,0.5630945089858257,0.33191311793039296,5.179867361742398,-0.6239832610873162,0.5630945089858257
5.264018725813823,-0.46391355956360647,0.5714337884796056,0.3244357364473775,5.195107597793021,-0.6143626538489242,0.5630871872132536,0.3311980133247616,5.195107597793021,-0.6143626538489242,0.5630871872132536
5.26401872581382,-0.46391355956360397,0.571433788479606,0.3244357364473772,5.210298464379821,-0.6047733729591962,0.563079333088162,0.3288445378991751,5.210298464379821,-0.6047733729591962,0.563079333088162
5.938665794774244,-0.4734483745494228,0.5467504314647048,0.10111472605755886,5.225538840337723,-0.5951530010450168,0.5630719932161834,0.3343949477890131,5.225538840337723,-0.5951530010450168,0.5630719932161834
5.259616294305109,-0.4231107809463837,0.5645098010834824,0.32525298524390056,5.230969454603,-0.5918270316218588,0.5359725590152692,0.3341524427779596,5.230969454603,-0.5918270316218588,0.5359725590152692
5.938665794774248,-0.4734483745494237,0.5467504314647044,0.10111472605755614,5.2357291198582825,-0.5890788296522067,0.5112905270403623,0.33503503279287167,5.2357291198582825,-0.5890788296522067,0.5112905270403623
5.298562914235778,-0.3599095226529277,0.5079458947185685,0.32190104869397346,5.238596073056781,-0.5875256951620842,0.4816636609268852,0.3308184405290006,5.238596073056781,-0.5875256951620842,0.4816636609268852
5.945754371673712,-0.45952703787010774,0.4849531648956274,0.10197803405214152,5.240412063699624,-0.5866136908947599,0.4491605663074643,0.3340894571245194,5.240412063699624,-0.5866136908947599,0.4491605663074643
5.9457543716737185,-0.4595270378701076,0.48495316489562706,0.10197803405213897,5.241163584430923,-0.5862673920469237,0.4144328997065878,0.3444356530954825,5.241163584430923,-0.5862673920469237,0.4144328997065878
4.9934161803876185,-0.14829003894643572,0.518632381859168,0.40714724720823875,5.248963448529221,-0.5829220172102829,0.39590862173988295,0.4653928124716229,5.248963448529221,-0.5829220172102829,0.39590862173988295
5.008286398323811,-0.15335088266891705,0.5181227699714992,0.4071408960780299,5.26185238891268,-0.5775774708311494,0.3902539689771828,0.4791786261698685,5.26185238891268,-0.5775774708311494,0.3902539689771828
6.002810047843745,-0.427163526885042,0.42273287891347444,0.09885560954736348,5.275804788072741,-0.571858495325456,0.38775541203237,0.3331974193088011,5.275804788072741,-0.571858495325456,0.38775541203237
6.002810047843745,-0.42716352688504644,0.42273287891347394,0.09885560954736491,5.289963535675268,-0.566090281855308,0.38597601190508785,0.33297750019813105,5.289963535675268,-0.566090281855308,0.38597601190508785
6.002810047843732,-0.42716352688504006,0.4227328789134762,0.09885560954736697,5.306551953654001,-0.5593576636121278,0.3851241735013668,0.3321492372908382,5.306551953654001,-0.5593576636121278,0.3851241735013668
6.002810047843742,-0.4271635268850419,0.4227328789134751,0.09885560954736392,5.323912743087636,-0.5523186620357032,0.3852743140069722,0.33120924113626293,5.323912743087636,-0.5523186620357032,0.3852743140069722
6.052870397580104,-0.3946062946886645,0.4247483269759273,0.09978413691161535,5.340815912937751,-0.5454616003491175,0.3854903504354545,0.3331103864704822,5.340815912937751,-0.5454616003491175,0.3854903504354545
6.052870397580101,-0.39460629468866554,0.42474832697592724,0.09978413691161445,5.357618837978828,-0.5386420578628281,0.3855959215084454,0.3320980866344597,5.357618837978828,-0.5386420578628281,0.3855959215084454
6.110122862877287,-0.4019258884010223,0.4233111547709314,0.1001235762850739,5.374304717474988,-0.5318686063487239,0.3856357060640877,0.3407392960962326,5.374304717474988,-0.5318686063487239,0.3856357060640877
6.11012286287729,-0.40192588840102206,0.42331115477093123,0.10012357628507071,5.391020259142937,-0.525082619612407,0.3856466847196392,0.33987170724231397,5.391020259142937,-0.525082619612407,0.3856466847196392
6.110122862877283,-0.4019258884010238,0.42331115477093173,0.10012357628507437,5.4076717428764045,-0.5183225470401176,0.3856451258767762,0.3386098694302351,5.4076717428764045,-0.5183225470401176,0.3856451258767762
6.149150681360722,-0.3630857369165006,0.4242267790127398,0.09985188082481881,5.424373648411395,-0.5115420779769622,0.3856391328397407,0.3383272348685988,5.424373648411395,-0.5115420779769622,0.3856391328397407
6.149184851664396,-0.36384850109263844,0.42420436118264443,0.09985112833285799,5.441019840104246,-0.5047843673137344,0.3856306580113766,0.33773531757249003,5.441019840104246,-0.5047843673137344,0.3856306580113766
6.149184851664396,-0.3638485010926399,0.4242043611826442,0.09985112833285904,5.45771962348191,-0.4980050680276933,0.3856219077322873,0.3368883421385836,5.45771962348191,-0.4980050680276933,0.3856219077322873
6.149184851664392,-0.36384850109263794,0.4242043611826448,0.09985112833285979,5.474365053861302,-0.4912480110823658,0.3856123307707143,0.3355379730749131,5.474365053861302,-0.4912480110823658,0.3856123307707143
6.195460589676941,-0.3537933330653097,0.4198926032468192,0.1017390508755604,5.480115268021949,-0.48900704419695185,0.3576117159199147,0.35055188204781584,5.480115268021949,-0.48900704419695185,0.3576117159199147
6.195460589676924,-0.3537933330653118,0.41989260324681976,0.10173905087556646,5.485156412787759,-0.487195202740363,0.332455901905538,0.3589437961177249,5.485156412787759,-0.487195202740363,0.332455901905538
6.20957738540203,-0.3494478278037705,0.3572648088322834,0.10528050997378453,5.488322160186571,-0.4861528327644171,0.3037133815302872,0.34824348197845867,5.488322160186571,-0.4861528327644171,0.3037133815302872
6.209577385402014,-0.34944782780377565,0.3572648088322835,0.10528050997379304,5.489895131870394,-0.485686345469599,0.272890281554723,0.36167265745199273,5.489895131870394,-0.485686345469599,0.272890281554723
6.209577385402015,-0.34944782780377565,0.3572648088322834,0.10528050997379304,5.499419575746658,-0.4831064975560677,0.2561473317744476,0.37256138981802134,5.499419575746658,-0.4831064975560677,0.2561473317744476
6.237112505165188,-0.3182388936555738,0.3401658997254643,0.09987853284740662,5.512409912616508,-0.47975080384748914,0.2494445673481494,0.3370800930185032,5.512409912616508,-0.47975080384748914,0.2494445673481494
6.23711250516518,-0.3182388936555681,0.34016589972546574,0.09987853284740886,5.526849419869317,-0.4760935263039232,0.24668719097247163,0.3351168231750549,5.526849419869317,-0.4760935263039232,0.24668719097247163
6.237112505165198,-0.31823889365557123,0.34016589972546385,0.09987853284740239,5.543105384946549,-0.47201173779958294,0.2453304274908419,0.33495262396533076,5.543105384946549,-0.47201173779958294,0.2453304274908419
6.286240149808666,-0.310806139638611,0.3331405240047085,0.10359013870626374,5.560824727634841,-0.4675789820062213,0.244937095694213,0.3498343022743998,5.560824727634841,-0.4675789820062213,0.244937095694213
6.3381721286257315,-0.3010327071156415,0.33347733400069046,0.10272141253992528,5.578338903062869,-0.46320125584583494,0.2449323468320916,0.3554793485539183,5.578338903062869,-0.46320125584583494,0.2449323468320916
6.338172128625742,-0.30103270711563945,0.33347733400068996,0.10272141253992192,5.595856418059017,-0.45882259164084305,0.2449481970054635,0.3528920539028283,5.595856418059017,-0.45882259164084305,0.2449481970054635
6.338172128625729,-0.30103270711564245,0.3334773340006907,0.1027214125399281,5.613297472059235,-0.454462865402272,0.2449511441081803,0.3514211490541314,5.613297472059235,-0.454462865402272,0.2449511441081803
6.338172128625739,-0.30103270711563895,0.3334773340006903,0.10272141253992301,5.630788471257655,-0.45009066788678664,0.2449467457849838,0.3517455394336087,5.630788471257655,-0.45009066788678664,0.2449467457849838
6.377879037870381,-0.28989856586227886,0.32944215282936956,0.10194192349758924,5.648219213373508,-0.4457336517817021,0.244938288458315,0.34897555120766943,5.648219213373508,-0.4457336517817021,0.244938288458315
6.377879037870378,-0.2898985658622779,0.32944215282936984,0.10194192349759046,5.665704944979694,-0.4413630571829841,0.24492879281256208,0.34678731964333204,5.665704944979694,-0.4413630571829841,0.24492879281256208
6.377879037870379,-0.28989856586228224,0.3294421528293691,0.1019419234975908,5.683133640165027,-0.43700690495007555,0.2449181999149123,0.34586134257698165,5.683133640165027,-0.43700690495007555,0.2449181999149123
6.432826244037909,-0.24558928540634442,0.3362241983405326,0.10278746304749303,5.700619155699043,-0.4326367453464499,0.24490786610661938,0.34327337593176177,5.700619155699043,-0.4326367453464499,0.24490786610661938
6.432826244037889,-0.2455892854063476,0.3362241983405333,0.1027874630475013,5.718047836050045,-0.42828098744000576,0.2448969371761274,0.3450387482640413,5.718047836050045,-0.42828098744000576,0.2448969371761274
6.432826244037903,-0.2455892854063439,0.33622419834053285,0.10278746304749468,5.735533140523064,-0.4239112768140174,0.244886472012329,0.3434277366568057,5.735533140523064,-0.4239112768140174,0.244886472012329
6.483950496939724,-0.2520553234805601,0.33330065993971103,0.1054994134951573,5.752961789571184,-0.41955592346794424,0.2448754804379203,0.3594284366220121,5.752961789571184,-0.41955592346794424,0.2448754804379203
6.483950496939715,-0.25205532348056303,0.33330065993971125,0.10549941349516222,5.770447259789883,-0.41518657024508165,0.24486499228103764,0.35907062789552335,5.770447259789883,-0.41518657024508165,0.24486499228103764
6.483950496939714,-0.2520553234805622,0.3333006599397113,0.10549941349516186,5.787876033056779,-0.4108315836301779,0.24485399732553154,0.3579275999847835,5.787876033056779,-0.4108315836301779,0.24485399732553154
6.52050031857866,-0.22926301566744847,0.3302388273913046,0.10409122536693366,5.805361552122702,-0.406462617310936,0.24484350781509043,0.3531259697542432,5.805361552122702,-0.406462617310936,0.24484350781509043
6.520500318578675,-0.22926301566744173,0.3302388273913047,0.10409122536692651,5.822790400273001,-0.4021080098335914,0.2448325104584041,0.35042642641049665,5.822790400273001,-0.4021080098335914,0.2448325104584041
6.5705258885891915,-0.2157117033157791,0.33280059795847583,0.1032159960875811,5.840276032533498,-0.39773941439802396,0.24482202080778293,0.35107908180097164,5.840276032533498,-0.39773941439802396,0.24482202080778293
6.5705258885891835,-0.21571170331577738,0.33280059795847644,0.10321599608758286,5.857704982412568,-0.39338517936233597,0.2448110248909532,0.3514541827968792,5.857704982412568,-0.39338517936233597,0.2448110248909532
6.570525888589189,-0.2157117033157822,0.33280059795847533,0.10321599608758189,5.875190698937073,-0.3890169620160946,0.2448005349083182,0.3519787390480567,5.875190698937073,-0.3890169620160946,0.2448005349083182
6.623153100025644,-0.20094992867500366,0.33327958527381246,0.10544121404115522,5.892619739434996,-0.38466310213719446,0.2447895447417129,0.35266864469404885,5.892619739434996,-0.38466310213719446,0.2447895447417129
6.623153100025652,-0.2009499286750023,0.3332795852738124,0.10544121404115128,5.910105554100412,-0.38029525930426145,0.2447790553869136,0.35261919045066925,5.910105554100412,-0.38029525930426145,0.2447790553869136
6.623153100025657,-0.2009499286750017,0.3332795852738122,0.10544121404114912,5.9275346891144345,-0.375941773582539,0.2447680610245609,0.35103759738695833,5.9275346891144345,-0.375941773582539,0.2447680610245609
6.662705277528274,-0.19373253315093122,0.3293168892124411,0.1071424657630756,5.945020595791908,-0.3715743068397259,0.2447575744660163,0.3606638197876895,5.945020595791908,-0.3715743068397259,0.2447575744660163
6.662705277528273,-0.19373253315093178,0.3293168892124408,0.10714246576307504,5.962449823065248,-0.3672211957884306,0.2447465841444771,0.3601255407057909,5.962449823065248,-0.3672211957884306,0.2447465841444771
6.713105924896394,-0.1733658458300981,0.3328339444619453,0.10433694856868828,5.979935825593107,-0.36285410412647856,0.2447360921880889,0.35923507794518017,5.979935825593107,-0.36285410412647856,0.2447360921880889
6.713105924896404,-0.17336584583010217,0.33283394446194425,0.10433694856868753,5.997365147272741,-0.3585013672859807,0.24472510036425177,0.3574323135032038,5.997365147272741,-0.3585013672859807,0.24472510036425177
6.713105924896405,-0.17336584583009926,0.33283394446194453,0.10433694856868618,6.014851242136303,-0.35413465159694635,0.244714615239793,0.3565391021703104,6.014851242136303,-0.35413465159694635,0.244714615239793
6.713105924896405,-0.17336584583010087,0.33283394446194425,0.10433694856868646,6.032280657339603,-0.34978228907684406,0.244703623239528,0.35504064631431703,6.032280657339603,-0.34978228907684406,0.244703623239528
6.761226750265169,-0.14514354314097938,0.33611356934506975,0.10426151006697525,6.0497668462419,-0.34541594887097515,0.2446931385823094,0.3544672761172071,6.0497668462419,-0.34541594887097515,0.2446931385823094
6.761226750265188,-0.14514354314098069,0.3361135693450681,0.10426151006697129,6.067196355100371,-0.3410639606260353,0.24468214714358133,0.3548542732436174,6.067196355100371,-0.3410639606260353,0.24468214714358133
6.803438832659573,-0.14834599683184052,0.32795380387953416,0.10671331238967167,6.084682637692446,-0.3366979959705181,0.2446716630578878,0.34714095827413355,6.084682637692446,-0.3366979959705181,0.2446716630578878
6.80343883265958,-0.14834599683183933,0.32795380387953416,0.10671331238966797,6.102112240050508,-0.3323463820186401,0.24466067216355483,0.34685806838658334,6.102112240050508,-0.3323463820186401,0.24466067216355483
6.8034388326595785,-0.14834599683184266,0.3279538038795336,0.10671331238966987,6.119598616460266,-0.3279807928612497,0.24465018861375512,0.3456543436599831,6.119598616460266,-0.3279807928612497,0.24465018861375512
6.848605476816085,-0.10864738086377881,0.33051596660734545,0.10372474464153629,6.13702831235865,-0.3236295531728022,0.2446391982213671,0.34649322007421185,6.13702831235865,-0.3236295531728022,0.2446391982213671
6.848605476816089,-0.10864738086377704,0.3305159666073454,0.10372474464153468,6.154514782497211,-0.31926433951686173,0.244628715127609,0.3444917160608038,6.154514782497211,-0.31926433951686173,0.244628715127609
6.848605476816083,-0.10864738086377873,0.3305159666073455,0.1037247446415367,6.171944571861659,-0.31491347409473347,0.2446177250201132,0.34398079371909795,6.171944571861659,-0.31491347409473347,0.2446177250201132
6.902147499222956,-0.11007112827997859,0.33166559832518816,0.10601628552734736,6.189431140835001,-0.31054863437071845,0.2446072726876634,0.3609757802288141,6.189431140835001,-0.31054863437071845,0.2446072726876634
6.902147499222934,-0.11007112827997886,0.33166559832518927,0.10601628552735086,6.206861018703519,-0.3061981441454451,0.2445962540310528,0.36057040585861444,6.206861018703519,-0.3061981441454451,0.2445962540310528
6.951395581484587,-0.0861543367983551,0.3343458146399423,0.1059373548833963,6.224347676301044,-0.3018336814248559,0.244585771731311,0.3568676104023434,6.224347676301044,-0.3018336814248559,0.244585771731311
6.951395581484578,-0.08615433679835999,0.3343458146399422,0.10593735488340093,6.241777652652409,-0.29748356445066015,0.244574782712996,0.3561095568184679,6.241777652652409,-0.29748356445066015,0.244574782712996
6.951395581484575,-0.08615433679835577,0.3343458146399432,0.10593735488340111,6.259264403961324,-0.2931194771831471,0.2445643012942306,0.35788571859765905,6.259264403961324,-0.2931194771831471,0.2445643012942306
6.998538095697777,-0.09128169790130392,0.32525428383384336,0.10722584558647812,6.276694474203206,-0.2887697343338891,0.2445533102931512,0.35224275296250307,6.276694474203206,-0.2887697343338891,0.2445533102931512
6.998538095697778,-0.09128169790130647,0.32525428383384275,0.107225845586478,6.294181319059808,-0.28440602257583825,0.2445428303055712,0.3491321324044113,6.294181319059808,-0.28440602257583825,0.2445428303055712
6.998538095697781,-0.09128169790130139,0.32525428383384347,0.10722584558647758,6.311611482337741,-0.280056654030421,0.244531842117972,0.3487452076526995,6.311611482337741,-0.280056654030421,0.244531842117972
7.043944465638912,-0.04492439126201675,0.3343690691157418,0.10296455101919787,6.329098421121576,-0.27569331763095395,0.24452136114843734,0.3462461888282132,6.329098421121576,-0.27569331763095395,0.24452136114843734
7.0439444656389005,-0.04492439126201958,0.33436906911574216,0.10296455101920407,6.346528677861391,-0.2713443232734831,0.244510373150624,0.34653137005590817,6.346528677861391,-0.2713443232734831,0.244510373150624
7.043944465638903,-0.04492439126201797,0.3343690691157421,0.1029645510192015,6.364015710347792,-0.2669813622914714,0.24449989243859,0.3453265490297483,6.364015710347792,-0.2669813622914714,0.24449989243859
7.092123898386827,-0.052139283573931605,0.3323352974523486,0.10602510206340096,6.381446060519233,-0.262632742120831,0.24448890469967824,0.3665062868808829,6.381446060519233,-0.262632742120831,0.24448890469967824
7.092123898386827,-0.052139283573923445,0.3323352974523499,0.10602510206339842,6.39893318669311,-0.25827015655048013,0.2444784242436882,0.3634379609155774,6.39893318669311,-0.25827015655048013,0.2444784242436882
7.092123898386818,-0.05213928357393166,0.33233529745234913,0.10602510206340343,6.416363630281849,-0.2539219105607642,0.24446743674400603,0.3628844093819437,6.416363630281849,-0.2539219105607642,0.24446743674400603
7.135203861154777,-0.03392523810863557,0.3263054350358596,0.10938215620060468,6.433850850131531,-0.24955970039608388,0.24445695651692748,0.35543878592276773,6.433850850131531,-0.24955970039608388,0.24445695651692748
7.1352038611547695,-0.033925238108634515,0.3263054350358601,0.10938215620060592,6.451281387123433,-0.24521182858240298,0.2444459692223029,0.35499606587810295,6.451281387123433,-0.24521182858240298,0.2444459692223029
7.135203861154777,-0.033925238108632294,0.3263054350358602,0.10938215620060482,6.468768700633132,-0.2408499938201487,0.24443548916469893,0.35332740645417676,6.468768700633132,-0.2408499938201487,0.24443548916469893
7.1352038611547774,-0.03392523810863124,0.3263054350358603,0.10938215620060485,6.486199330974943,-0.23650249619125852,0.2444245018026743,0.35293683578770807,6.486199330974943,-0.23650249619125852,0.2444245018026743
7.182834157496257,-0.01922864472940533,0.32540039731656034,0.1091449121230831,6.503686738279922,-0.2321410367878256,0.2444140227493006,0.3510346457039518,6.503686738279922,-0.2321410367878256,0.2444140227493006
7.182834157496249,-0.019228644729406774,0.32540039731656034,0.10914491212308829,6.521117462011101,-0.2277939133140201,0.2444030356231001,0.35036016163621114,6.521117462011101,-0.2277939133140201,0.2444030356231001
7.234644950443201,-0.0061066993063868535,0.33732528842969045,0.10510433803951204,6.538604962825207,-0.2234328293326513,0.2443925559436723,0.371171677452317,6.538604962825207,-0.2234328293326513,0.2443925559436723
7.234644950443206,-0.006106699306386021,0.3373252884296903,0.10510433803950978,6.544541660204482,-0.22186633751543017,0.2715788864598778,0.35802498145757217,6.544541660204482,-0.22186633751543017,0.2715788864598778
7.234644950443191,-0.006106699306388711,0.3373252884296909,0.10510433803951395,6.549458525162333,-0.2204120026800931,0.3035917889502825,0.35203875585555666,6.549458525162333,-0.2204120026800931,0.3035917889502825
7.257603320960227,0.0031131918201234288,0.4091199387377729,0.10632744738969759,6.552962066418168,-0.21924512718968092,0.3394101060172718,0.36281349598567014,6.552962066418168,-0.21924512718968092,0.3394101060172718
7.257603320960218,0.0031131918201268427,0.40911993873777397,0.10632744738969938,6.563296972035984,-0.21552519930963898,0.3515917287770013,0.36012975630839295,6.563296972035984,-0.21552519930963898,0.3515917287770013
7.2950797274790755,0.04320111885616923,0.4134627172407625,0.10392586150637532,6.576012069595752,-0.2108610172888148,0.3515723190382352,0.3574662563425944,6.576012069595752,-0.2108610172888148,0.3515723190382352
7.295079727479074,0.0432011188561707,0.41346271724076317,0.1039258615063755,6.590051023281927,-0.2057252840985928,0.3498246025347233,0.3566454527390848,6.590051023281927,-0.2057252840985928,0.3498246025347233
7.29507972747909,0.043201118856166454,0.41346271724076117,0.10392586150637047,6.606054378648722,-0.19989703567628725,0.3486936897391198,0.35541794517578984,6.606054378648722,-0.19989703567628725,0.3486936897391198
7.2950797274790915,0.043201118856173226,0.4134627172407622,0.10392586150636964,6.623067020496049,-0.19371509763513117,0.3483834127549658,0.3550867414685859,6.623067020496049,-0.19371509763513117,0.3483834127549658
7.330668180832917,0.0894885669936478,0.41512763320835355,0.10404515282188687,6.640054114653427,-0.18754558899659202,0.34836646848948044,0.3481284340311849,6.640054114653427,-0.18754558899659202,0.34836646848948044
7.330668180832921,0.08948856699364335,0.4151276332083524,0.10404515282188743,6.65695761632475,-0.1814065664118858,0.3483702139740938,0.3478423202002622,6.65695761632475,-0.1814065664118858,0.3483702139740938
7.376852410571402,0.08536093787683899,0.41377068955058355,0.10594151178348862,6.673906515112285,-0.17525103436377387,0.3483687739583376,0.3594873287709101,6.673906515112285,-0.17525103436377387,0.3483687739583376
7.376852410571389,0.08536093787684465,0.413770689550585,0.10594151178349111,6.690795312868934,-0.16911740399286224,0.3483624641936244,0.35856392254963804,6.690795312868934,-0.16911740399286224,0.3483624641936244
7.425711836288386,0.10200954068020693,0.4142271721374407,0.106143776092794,6.707736455957594,-0.16296489936537206,0.3483545488674419,0.35889699665920044,6.707736455957594,-0.16296489936537206,0.3483545488674419
7.425711836288404,0.10200954068020493,0.4142271721374396,0.1061437760927865,6.724622233436782,-0.156832666721344,0.3483452099516831,0.35759623871352764,6.724622233436782,-0.156832666721344,0.3483452099516831
7.425711836288392,0.10200954068020038,0.41422717213743937,0.10614377609279126,6.741563141930883,-0.15068059013887902,0.3483360435427229,0.35399194086348706,6.741563141930883,-0.15068059013887902,0.3483360435427229
7.425711836288384,0.10200954068020174,0.4142271721374401,0.10614377609279532,6.758448914375234,-0.1445487174704425,0.3483262377134316,0.35224735721861816,6.758448914375234,-0.1445487174704425,0.3483262377134316
7.4670959921259685,0.11202757171083205,0.4134992623211259,0.10842035390977495,6.775389466767601,-0.13839713572294077,0.3483168904691171,0.36470852030413015,6.775389466767601,-0.13839713572294077,0.3483168904691171
7.5716925936035135,0.24549135438083342,0.41355483759909734,0.1345302074127291,6.79227516055863,-0.13226565866071205,0.3483069815087499,0.389337378436094,6.79227516055863,-0.13226565866071205,0.3483069815087499
7.57169259360351,0.2454913543808364,0.41355483759909795,0.1345302074127316,6.809215951483459,-0.12611435996501408,0.3482975882308484,0.38866557254354045,6.809215951483459,-0.12611435996501408,0.3482975882308484
7.622285908044497,0.27019147222982653,0.41256146156439266,0.1309918986701649,6.826101816710988,-0.11998318952221032,0.3482876831802934,0.3802650323340533,6.826101816710988,-0.11998318952221032,0.3482876831802934
7.622285908044502,0.2701914722298215,0.41256146156439166,0.13099189867016478,6.843042653206081,-0.11383224433229433,0.3482782876951518,0.37889751313758224,6.843042653206081,-0.11383224433229433,0.3482782876951518
7.670433664425955,0.2800629710666188,0.41325148198040773,0.13179299709890135,6.8599286063051474,-0.10770141089939811,0.34826837810186356,0.39451920478712676,6.8599286063051474,-0.10770141089939811,0.34826837810186356
7.670433664425957,0.2800629710666175,0.41325148198040734,0.13179299709890083,6.876869593295017,-0.10155078123127304,0.3482589821115007,0.390908682212579,6.876869593295017,-0.10155078123127304,0.3482589821115007
6.670715138340778,0.47929452589915017,0.46602962190889624,0.34687775965168327,6.882358361461726,-0.09945901489739217,0.3799557172843951,0.3778500705171831,6.882358361461726,-0.09945901489739217,0.3799557172843951
7.687120776909476,0.2965233845669077,0.475061576278604,0.13334866892019814,6.887690005432486,-0.09723570307011986,0.410199708188616,0.38442589019882284,6.887690005432486,-0.09723570307011986,0.410199708188616
6.577609825511495,0.3404387674125139,0.5330532031086165,0.3251894785683038,6.890651244167088,-0.0958868740178711,0.444628403616082,0.36936341064958944,6.890651244167088,-0.0958868740178711,0.444628403616082
6.580327984526756,0.21816887309948424,0.5243451568506193,0.32849182588761366,6.892180226253033,-0.09512352467283991,0.4814717302335529,0.3545112936767767,6.892180226253033,-0.09512352467283991,0.4814717302335529
7.681359727808527,0.2813345655939734,0.5528325304522901,0.13141830495097967,6.892769416731388,-0.09480181391462716,0.5180956431629115,0.3720956469184252,6.892769416731388,-0.09480181391462716,0.5180956431629115
6.645923787520791,0.4488438001420289,0.6114539558960324,0.341221838357606,6.901319740424816,-0.08985622144199423,0.5306907301470025,0.36952734532809833,6.901319740424816,-0.08985622144199423,0.5306907301470025
6.684299247911319,0.4069024703469415,0.60247545668298,0.33927007405221593,6.9127986409046365,-0.08313348501361295,0.52892703166116,0.36683054995769654,6.9127986409046365,-0.08313348501361295,0.52892703166116
7.039533490731911,0.05150361879589439,0.5476509178828697,0.3541690250009456,6.925513880701624,-0.07572223207928497,0.5265210651666813,0.36451340449246383,6.925513880701624,-0.07572223207928497,0.5265210651666813
7.039533490731919,0.05150361879589256,0.5476509178828691,0.354169025000946,6.939100236760607,-0.06784028049347501,0.5248519501885289,0.3641806823079426,6.939100236760607,-0.06784028049347501,0.5248519501885289
6.6238967087078064,0.3745467524041115,0.6071257417580905,0.32498504150969093,6.955049194164831,-0.058611160185633615,0.5243181594797974,0.36633451990357585,6.955049194164831,-0.058611160185633615,0.5243181594797974
6.623896708707801,0.3745467524041113,0.6071257417580909,0.32498504150969154,6.970813083786021,-0.04949461936689303,0.5243303512045827,0.3662001811497658,6.970813083786021,-0.04949461936689303,0.5243303512045827
6.37671301724367,0.6236692802365525,0.639657983788547,0.3089654878328597,6.986427069687609,-0.040464134923940964,0.5243791717831314,0.36986903345619054,6.986427069687609,-0.040464134923940964,0.5243791717831314
6.7840747806425945,0.47269208910051175,0.5927182344274879,0.34461521272360224,7.00205424946641,-0.03142527466300171,0.5244017996475441,0.3770121191253171,7.00205424946641,-0.03142527466300171,0.5244017996475441
6.784074780642609,0.4726920891005194,0.5927182344274882,0.344615212723601,7.0176148697471294,-0.022424624286517147,0.5244069617917749,0.37283051728201716,7.0176148697471294,-0.022424624286517147,0.5244069617917749
6.7840747806425785,0.4726920891005213,0.5927182344274907,0.3446152127236013,7.033219574505001,-0.013398440354341457,0.5244050644710998,0.36858395029484814,7.033219574505001,-0.013398440354341457,0.5244050644710998
6.7840747806425945,0.4726920891005171,0.5927182344274886,0.34461521272360146,7.048771378276303,-0.004402936304574556,0.5243992028261755,0.3669657548648668,7.048771378276303,-0.004402936304574556,0.5243992028261755
6.73565967157188,0.5533708210570796,0.6041081821999745,0.3306397587991329,7.064373144439426,0.004621337616748988,0.5243926283110514,0.3714514883335577,7.064373144439426,0.004621337616748988,0.5243926283110514
6.735659671571885,0.553370821057075,0.6041081821999734,0.3306397587991328,7.0799239001706304,0.013615959325197657,0.5243850282799352,0.3664645527074907,7.0799239001706304,0.013615959325197657,0.5243850282799352
7.216566889876491,0.0771649482081951,0.541414392375495,0.36439012327143977,7.09552506826066,0.022639584750536734,0.5243777390500323,0.37099383229010396,7.09552506826066,0.022639584750536734,0.5243777390500323
7.216566889876501,0.07716494820819876,0.541414392375495,0.3643901232714399,7.111075667053634,0.03163380363248791,0.5243698443550164,0.3700954927329659,7.111075667053634,0.03163380363248791,0.5243698443550164
7.216566889876507,0.07716494820819761,0.5414143923754947,0.3643901232714407,7.126676974989875,0.040657192641675444,0.524362442985787,0.3687295606306312,7.126676974989875,0.040657192641675444,0.524362442985787
6.92263115940478,0.6062515794671143,0.5985859603038652,0.3485668098325982,7.142227714790102,0.04965117528426344,0.5243545135014367,0.3769483355947411,7.142227714790102,0.04965117528426344,0.5243545135014367
6.922631159404777,0.6062515794671158,0.598585960303866,0.34856680983259686,7.157829105644391,0.058674292964625785,0.5243471029248425,0.3756980263522946,7.157829105644391,0.058674292964625785,0.5243471029248425
6.922631159404781,0.6062515794671095,0.5985859603038648,0.34856680983259747,7.173379959529044,0.06766802330050847,0.5243391788302787,0.3746621408891657,7.173379959529044,0.06766802330050847,0.5243391788302787
6.938984089613969,0.5098061200445215,0.5924274016041706,0.333530702123064,7.188981532660009,0.07669092537787314,0.5243315995778326,0.3620603124005109,7.188981532660009,0.07669092537787314,0.5243315995778326
6.9389840896139745,0.5098061200445169,0.5924274016041697,0.33353070212306357,7.204532515141111,0.08568440963317592,0.5243237985050644,0.3643990947411491,7.204532515141111,0.08568440963317592,0.5243237985050644
6.938984089613965,0.5098061200445104,0.5924274016041695,0.33353070212306385,7.220134190316495,0.09470705237809618,0.5243163985877887,0.36406769153700846,7.220134190316495,0.09470705237809618,0.5243163985877887
6.89189049587837,0.6514109945899994,0.6151795878652457,0.32790984878050994,7.235685325573607,0.1037003082592296,0.5243084746463468,0.3734237633371236,7.235685325573607,0.1037003082592296,0.5243084746463468
6.891890495878367,0.6514109945899984,0.6151795878652456,0.3279098487805106,7.251287144176256,0.11272271488902508,0.5243010723742156,0.3733570066307034,7.251287144176256,0.11272271488902508,0.5243010723742156
6.942401377212102,0.5005068729573853,0.6037133433033812,0.33191586161631026,7.256792777954341,0.1160323535954868,0.5582087571043155,0.3586970012308695,7.256792777954341,0.1160323535954868,0.5582087571043155
6.950712434001253,0.33604203155155443,0.5915932285899845,0.3389668307741867,7.261647682411956,0.11916121605025065,0.5867534386392088,0.36912546594915746,7.261647682411956,0.11916121605025065,0.5867534386392088
6.968381992838536,0.34481491734823977,0.6266795640374117,0.33975940006740624,7.264373626999663,0.12104093429579077,0.6206241337748915,0.3667162212456043,7.264373626999663,0.12104093429579077,0.6206241337748915
6.968381992838533,0.3448149173482363,0.626679564037411,0.3397594000674077,7.273039345282386,0.12729883419910415,0.6302436492451997,0.37116304540077544,7.273039345282386,0.12729883419910415,0.6302436492451997
7.102428474506006,0.37633582200656346,0.6449838356726537,0.7114764050587631,7.284081107184269,0.13535871120072773,0.6308398805751179,0.7114764050587631,7.284081107184269,0.13535871120072773,0.6308398805751179
7.1745844612497605,0.34891156018109637,0.6383473838570125,0.7203052582232207,7.296202452331889,0.14419723237269988,0.6292322835504042,0.7203052582232207,7.296202452331889,0.14419723237269988,0.6292322835504042
6.800742382848763,0.8980824071814978,0.6991027122783166,0.7444765033469151,7.309171665689206,0.15362503117355786,0.6279208246150654,0.7534364648833958,7.309171665689206,0.15362503117355786,0.6279208246150654
7.085032791089465,0.5006862410785522,0.6539782275441166,0.33525411637190927,7.32417379057831,0.16451010052188675,0.6274406353083455,0.35335294303222925,7.32417379057831,0.16451010052188675,0.6274406353083455
7.085032791089467,0.5006862410785511,0.653978227544116,0.33525411637190977,7.3388770228984,0.1751735964765393,0.6275013692063832,0.3538397034276615,7.3388770228984,0.1751735964765393,0.6275013692063832
7.083670696867329,0.5349737955907349,0.6577709833616617,0.3357522859303553,7.353530986708042,0.18580272705106093,0.6275628502069708,0.35270262414980996,7.353530986708042,0.18580272705106093,0.6275628502069708
7.083670696867336,0.5349737955907301,0.6577709833616607,0.3357522859303548,7.368097774668429,0.1963696023174073,0.6275892600818674,0.3533857989915351,7.368097774668429,0.1963696023174073,0.6275892600818674
7.091607158871675,0.555101541382188,0.6594650854157497,0.33565081626453913,7.382696059362591,0.2069597072354883,0.6275971085916205,0.35343318411686175,7.382696059362591,0.2069597072354883,0.6275971085916205
7.091607158871683,0.5551015413821875,0.659465085415749,0.3356508162645386,7.397240973878477,0.21751117046011892,0.6275960077147807,0.3557099216798747,7.397240973878477,0.21751117046011892,0.6275960077147807
7.1195061343479695,0.5661368800839675,0.6591107029022778,0.3330667471677159,7.411831076149281,0.22809535756946087,0.6275919782006311,0.35358114252198813,7.411831076149281,0.22809535756946087,0.6275919782006311
7.119506134347978,0.5661368800839622,0.6591107029022764,0.33306674716771567,7.426372854184152,0.23864437786153125,0.6275860348174843,0.35417623091697975,7.426372854184152,0.23864437786153125,0.6275860348174843
7.188547622317726,0.6145074675416599,0.6551597404073809,0.32524388166858864,7.440961526006537,0.2492272835390157,0.6275800581482927,0.3488512584880324,7.440961526006537,0.2492272835390157,0.6275800581482927
7.18854762231773,0.6145074675416617,0.655159740407381,0.32524388166858836,7.455502813046454,0.2597756748188429,0.6275733682187429,0.3499071494612412,7.455502813046454,0.2597756748188429,0.6275733682187429
7.213402169816304,0.7150824782565846,0.6692844892294445,0.33532850915737783,7.470091506222243,0.27035830931401517,0.627566974427697,0.3536157682852784,7.470091506222243,0.27035830931401517,0.627566974427697
7.213402169816305,0.7150824782565888,0.6692844892294452,0.33532850915737794,7.48463288687338,0.28090647655456813,0.6275601423809262,0.3542182085237308,7.48463288687338,0.28090647655456813,0.6275601423809262
7.213402169816309,0.7150824782565908,0.669284489229445,0.33532850915737733,7.499221629877495,0.2914888533826314,0.62755380814673,0.35492181520670407,7.499221629877495,0.2914888533826314,0.62755380814673
7.21340216981631,0.7150824782565854,0.6692844892294448,0.33532850915737716,7.513763121583621,0.30203680855709614,0.6275469376644541,0.35601629927275324,7.513763121583621,0.30203680855709614,0.6275469376644541
7.2125679073159885,0.6350456281959056,0.6770282789800989,0.3428130973251823,7.528352016481499,0.31261900131371245,0.6275405810626469,0.36527688536898884,7.528352016481499,0.31261900131371245,0.6275405810626469
7.212567907315987,0.6350456281959125,0.6770282789801001,0.3428130973251807,7.542893663851981,0.32316677667150895,0.6275337838632467,0.366188677711901,7.542893663851981,0.32316677667150895,0.6275337838632467
7.297882771329194,0.576248290740648,0.6581555976951837,0.34755822297904737,7.557482686617314,0.3337487692096426,0.6275274181441254,0.36422654669378474,7.557482686617314,0.3337487692096426,0.6275274181441254
7.290219176716202,0.639835967009107,0.6607364462932044,0.3461950450658226,7.572024459171155,0.3442963424802157,0.6275205514434189,0.36462845602940547,7.572024459171155,0.3442963424802157,0.6275205514434189
7.255907374389528,0.8428212704882326,0.6759034758198131,0.338127739886999,7.586613629815021,0.3548781480151053,0.6275142170285113,0.3649944325788289,7.586613629815021,0.3548781480151053,0.6275142170285113
7.25590737438953,0.8428212704882316,0.675903475819813,0.3381277398869989,7.601155544123138,0.36542553123349464,0.6275073585602392,0.3676334226212204,7.601155544123138,0.36542553123349464,0.6275073585602392
7.652299459488164,0.5509527511266462,0.6156142491994374,0.34738221892574334,7.615744852614971,0.3760071430837746,0.6275010297802097,0.36848178302316686,7.615744852614971,0.3760071430837746,0.6275010297802097
7.652299459488168,0.5509527511266421,0.6156142491994367,0.3473822189257433,7.630286905533979,0.38655433423801,0.6274941759994895,0.3670370025595518,7.630286905533979,0.38655433423801,0.6274941759994895
7.670846899871988,0.5355998271670679,0.6136831223227038,0.3475750384748565,7.644876354518937,0.3971357545392742,0.6274878517160485,0.3647995779584666,7.644876354518937,0.3971357545392742,0.6274878517160485
7.337460062838658,0.9804259276979204,0.6700712489293453,0.3204878701737233,7.659418547070377,0.4076827545712085,0.6274810023447485,0.35361288241311023,7.659418547070377,0.4076827545712085,0.6274810023447485
7.337460062838675,0.9804259276979205,0.6700712489293438,0.320487870173723,7.674008135014254,0.4182639824089467,0.6274746825238559,0.351196499151937,7.674008135014254,0.4182639824089467,0.6274746825238559
7.39557036333063,0.8984387505053366,0.6921948859443926,0.3250044333972858,7.679473264775812,0.4223537210035344,0.6573924529904117,0.35474416379653373,7.679473264775812,0.4223537210035344,0.6573924529904117
7.395570363330633,0.8984387505053453,0.6921948859443933,0.32500443339728613,7.68345514426921,0.42552913821614613,0.688996501600277,0.39088585331055975,7.68345514426921,0.42552913821614613,0.688996501600277
7.395570363330633,0.8984387505053498,0.6921948859443939,0.32500443339728513,7.685927417467486,0.42763716181121136,0.7230831968325648,0.4372285293034426,7.685927417467486,0.42763716181121136,0.7230831968325648
7.441696198225203,1.1835599852710714,0.7374368610111821,0.4267841731031648,7.693851663053187,0.4346999469600341,0.7328787008307002,0.5304769272426131,7.693851663053187,0.4346999469600341,0.7328787008307002
7.441696198225209,1.1835599852710703,0.7374368610111817,0.4267841731031654,7.704013590967844,0.4438511847622575,0.7333496836668273,0.526755744048289,7.704013590967844,0.4438511847622575,0.7333496836668273
7.4416961982252205,1.1835599852710694,0.7374368610111809,0.426784173103166,7.715167649639777,0.4538842288608338,0.7317247567224936,0.5179572928981996,7.715167649639777,0.4538842288608338,0.7317247567224936
7.468703096170562,0.8795993712408638,0.7278191446593236,0.306584152755901,7.727101038697365,0.4645865940625775,0.730410523873566,0.3729471184271067,7.727101038697365,0.4645865940625775,0.730410523873566
7.468703096170558,0.8795993712408711,0.7278191446593248,0.306584152755901,7.740907054827876,0.47694608055636856,0.7299305461641279,0.3686522615219331,7.740907054827876,0.47694608055636856,0.7299305461641279
7.46870309617057,0.8795993712408599,0.727819144659323,0.30658415275590056,7.75444179916071,0.48905761332514874,0.7299917312331368,0.36568741091850737,7.75444179916071,0.48905761332514874,0.7299917312331368
7.489498985738574,0.9221198204213751,0.7290488110116156,0.3233155352646305,7.767931193699808,0.5011300614385785,0.7300537531467606,0.3974382272909173,7.767931193699808,0.5011300614385785,0.7300537531467606
7.489498985738564,0.922119820421387,0.7290488110116174,0.3233155352646304,7.781340396136608,0.5131318257647557,0.7300815699457733,0.3972770961537171,7.781340396136608,0.5131318257647557,0.7300815699457733
7.492116686849494,0.8322107663942202,0.7287524521686992,0.32241270390802895,7.794778510282481,0.5251599114354439,0.7300904604245672,0.38214482126791127,7.794778510282481,0.5251599114354439,0.7300904604245672
7.492116686849493,0.832210766394212,0.7287524521686984,0.322412703908029,7.80816749017777,0.5371441251594105,0.7300904244848792,0.38700763718257114,7.80816749017777,0.5371441251594105,0.7300904244848792
7.492116686849487,0.8322107663942104,0.7287524521686988,0.32241270390802895,7.821598065247894,0.5491655338270327,0.7300874772792149,0.37127743603672975,7.821598065247894,0.5491655338270327,0.7300874772792149
7.5632867929033525,0.8916390261327889,0.7350823848792764,0.3245268516099084,7.83498415734856,0.5611470325816761,0.730082610581516,0.3751594255418372,7.83498415734856,0.5611470325816761,0.730082610581516
7.563286792903363,0.8916390261327916,0.7350823848792758,0.3245268516099076,7.848413417571477,0.573167051805326,0.7300777160824622,0.36994909592530134,7.848413417571477,0.573167051805326,0.7300777160824622
7.563286792903356,0.8916390261327929,0.7350823848792765,0.32452685160990813,7.861799066771213,0.5851479092861451,0.7300720604933224,0.3682095598417951,7.861799066771213,0.5851479092861451,0.7300720604933224
7.6115261387929865,1.0827646499204566,0.73839475882293,0.3120778105580353,7.875228336980093,0.5971676785194786,0.7300668562951022,0.374304733672584,7.875228336980093,0.5971676785194786,0.7300668562951022
7.611526138792983,1.0827646499204522,0.7383947588229299,0.3120778105580348,7.888614072350532,0.6091483499353014,0.7300610868028404,0.3695443192470356,7.888614072350532,0.6091483499353014,0.7300610868028404
7.613222661895274,1.1547666003543853,0.7428743271884976,0.32690029775857216,7.90204340564802,0.6211679096967488,0.7300558400398672,0.3968696690485214,7.90204340564802,0.6211679096967488,0.7300558400398672
7.613222661895266,1.154766600354384,0.7428743271884979,0.32690029775857227,7.915429245182065,0.6331484085595482,0.730050054422716,0.3958420736201452,7.915429245182065,0.6331484085595482,0.730050054422716
7.613222661895269,1.1547666003543942,0.7428743271884987,0.3269002977585726,7.928858723574767,0.6451678313214213,0.730044805911965,0.3959394643714024,7.928858723574767,0.6451678313214213,0.730044805911965
7.613222661895269,1.1547666003543928,0.7428743271884989,0.3269002977585718,7.942244700386936,0.657148187122182,0.730039027692797,0.3896678953175943,7.942244700386936,0.657148187122182,0.730039027692797
7.6873886245502305,1.1323686137968931,0.7356731392590085,0.3169492982895015,7.955674296564456,0.6691674491498292,0.7300338246317395,0.393494567682091,7.955674296564456,0.6691674491498292,0.7300338246317395
7.6873886245502225,1.1323686137968814,0.7356731392590078,0.31694929828950114,7.969060413245569,0.6811476643751124,0.7300279620766504,0.3768081611447855,7.969060413245569,0.6811476643751124,0.7300279620766504
7.726433892666154,0.9747423077159324,0.7246518024673101,0.3176546487154906,7.982490149952227,0.693166784195486,0.7300227310451491,0.3699447894475177,7.982490149952227,0.693166784195486,0.7300227310451491
7.726433892666142,0.9747423077159283,0.7246518024673104,0.3176546487154914,7.995876387892536,0.7051468414030904,0.7300169434059406,0.36720952053456024,7.995876387892536,0.7051468414030904,0.7300169434059406
7.750119724639276,1.135279836707671,0.7320539309700062,0.3072733835022247,8.00930626480222,0.7171658208614566,0.7300117672756812,0.35996554278634596,8.00930626480222,0.7171658208614566,0.7300117672756812
7.750119724639284,1.1352798367076797,0.7320539309700058,0.3072733835022241,8.022692633197819,0.7291457304521085,0.7300059750394335,0.36281554273316474,8.022692633197819,0.7291457304521085,0.7300059750394335
7.750119724639282,1.1352798367076726,0.7320539309700058,0.30727338350222405,8.03612263510794,0.7411645557691662,0.730000738785839,0.35741161396488824,8.03612263510794,0.7411645557691662,0.730000738785839
7.750119724639278,1.13527983670768,0.7320539309700066,0.3072733835022247,8.049509138949048,0.7531443210045419,0.7299949714565861,0.35783451845799147,8.049509138949048,0.7531443210045419,0.7299949714565861
7.885600539991175,0.8248680489613895,0.7075104952694712,0.3469649182033124,8.062939273202616,0.7651629987116664,0.7299897422395623,0.3909026379209593,8.062939273202616,0.7651629987116664,0.7299897422395623
7.761332213714439,1.2928004661038581,0.7408054376986016,0.32489741319327914,8.076325909025178,0.777142617020699,0.7299839798149726,0.39368585862535266,8.076325909025178,0.777142617020699,0.7299839798149726
7.953834692789179,0.729623110207186,0.7159595092919376,0.3545295071107041,8.089756175705823,0.789161147449283,0.7299787549245297,0.3602989178637083,8.089756175705823,0.789161147449283,0.7299787549245297
8.035008417511705,0.5643493178795461,0.7010788655500176,0.3582151997933848,8.094762649083911,0.793778981899683,0.76009947767827,0.3941308893143043,8.094762649083911,0.793778981899683,0.76009947767827
8.035008417511705,0.564349317879547,0.7010788655500175,0.35821519979338506,8.098373523844714,0.7973153751601156,0.7898556538026773,0.44657640536673987,8.098373523844714,0.7973153751601156,0.7898556538026773
7.777324612861058,0.8183920397600009,0.7409956106219238,0.3655266442057307,8.100620457625446,0.7996643685079521,0.825346423131345,0.4949130014312742,8.100620457625446,0.7996643685079521,0.825346423131345
7.777324612861058,0.8183920397600015,0.740995610621924,0.3655266442057299,8.101506849788752,0.8006606776215506,0.8620826605705137,0.524862070332939,8.101506849788752,0.8006606776215506,0.8620826605705137
7.862910607172436,1.05608201418582,0.8254905102329769,0.3173256665500075,8.107676493574193,0.8079425103058098,0.8737014800329337,0.44640293751419713,8.107676493574193,0.8079425103058098,0.8737014800329337
7.86291060717244,1.0560820141858263,0.8254905102329774,0.3173256665500079,8.116499201209875,0.8184597622823082,0.8718860944337946,0.44495615048578013,8.116499201209875,0.8184597622823082,0.8718860944337946
7.8428965130278145,1.0324477558609548,0.8225828053872182,0.3085169052694318,8.126059183683601,0.8298085361915781,0.869599134228675,0.45559588196423667,8.126059183683601,0.8298085361915781,0.869599134228675
7.842896513027822,1.0324477558609528,0.8225828053872176,0.3085169052694324,8.13621355626046,0.8418151696861127,0.8679735234670056,0.4545747009081551,8.13621355626046,0.8418151696861127,0.8679735234670056
7.963915182093832,0.9804511708589867,0.8103090346520859,0.3362664113042557,8.148189545133484,0.8559454372102735,0.8674889779190005,0.4422474085721838,8.148189545133484,0.8559454372102735,0.8674889779190005
7.963915182093844,0.9804511708589936,0.810309034652086,0.3362664113042535,8.159998041686464,0.8698720573137564,0.8675467533709735,0.4439419957451416,8.159998041686464,0.8698720573137564,0.8675467533709735
7.963915182093834,0.9804511708589811,0.8103090346520855,0.3362664113042549,8.171674672110965,0.883644982653216,0.8676196772992283,0.44568904114676083,8.171674672110965,0.883644982653216,0.8676196772992283
7.937992913912668,1.0596477187582303,0.8187697385101405,0.32551507070003394,8.183352997209672,0.8974214156221008,0.8676547962219264,0.43698521605109714,8.183352997209672,0.8974214156221008,0.8676547962219264
7.9379929139126615,1.059647718758238,0.8187697385101413,0.3255150707000347,8.194978441041302,0.9111361311581856,0.867667468202014,0.43883514160149234,8.194978441041302,0.9111361311581856,0.867667468202014
7.937992913912665,1.059647718758249,0.8187697385101421,0.3255150707000349,8.20663574481735,0.9248886518228092,0.8676705386469155,0.4248193146657976,8.20663574481735,0.9248886518228092,0.8676705386469155
7.937992913912654,1.0596477187582414,0.8187697385101415,0.32551507070003805,8.218252940414008,0.9385938769803177,0.8676690147979775,0.42764170424285386,8.218252940414008,0.9385938769803177,0.8676690147979775
7.951604858608684,1.118109690993583,0.8170176135708336,0.3129053996800593,8.229907194675295,0.9523427648478062,0.8676664678965501,0.43428308075012967,8.229907194675295,0.9523427648478062,0.8676664678965501
7.945126100095618,1.2019610065559574,0.8283891497756022,0.30272358494691076,8.241523287506565,0.9660465450554376,0.8676627210600634,0.4204511753747208,8.241523287506565,0.9660465450554376,0.8676627210600634
7.94512610009561,1.2019610065559483,0.8283891497756015,0.30272358494691254,8.25317703562428,0.9797946476723842,0.8676592619156106,0.42147231471714364,8.25317703562428,0.9797946476723842,0.8676592619156106
7.945126100095625,1.2019610065559556,0.8283891497756012,0.30272358494691076,8.257397115877222,0.9849376226604232,0.8996377138934264,0.4860243847222557,8.257397115877222,0.9849376226604232,0.8996377138934264
7.950923036520705,1.2790641955020132,0.8920455340670068,0.3184783388840818,8.26016774071866,0.9885440071984402,0.9317896664885896,0.43385842983098866,8.26016774071866,0.9885440071984402,0.9317896664885896
7.950923036520704,1.2790641955020121,0.8920455340670068,0.3184783388840823,8.261890915968225,0.9909417261912346,0.9635062324627544,0.5031104219980177,8.261890915968225,0.9909417261912346,0.9635062324627544
9.163553843268001,1.417736560265346,0.8585032352985458,0.11466784505179257,8.267788104710261,0.9995299200005876,0.9746498731827812,0.5088037262945758,8.267788104710261,0.9995299200005876,0.9746498731827812
7.975062663307774,1.2960501326085074,0.8928586740425258,0.31174925915981017,8.275491406107871,1.010865262655292,0.9731604459032492,0.5057006084407274,8.275491406107871,1.010865262655292,0.9731604459032492
7.97506266330778,1.296050132608505,0.8928586740425253,0.3117492591598092,8.283926485435146,1.0232309877137657,0.9711635360151254,0.5051873276496499,8.283926485435146,1.0232309877137657,0.9711635360151254
7.975062663307777,1.296050132608504,0.8928586740425256,0.3117492591598093,8.29390668143517,1.037815547292504,0.9702085013837856,0.5054259151794762,8.29390668143517,1.037815547292504,0.9702085013837856
8.111911190780985,1.2434685025719454,0.8773782913362442,0.33960671917391455,8.30408608764679,1.0526724673852996,0.9699873054524086,0.5027144789810999,8.30408608764679,1.0526724673852996,0.9699873054524086
8.068089223656738,1.5871999340241891,0.895223629126025,0.322923086593927,8.314238415540594,1.0674857117692076,0.9699469722631096,0.49546446527861465,8.314238415540594,1.0674857117692076,0.9699469722631096
9.209087332574969,1.5049438077460089,0.8591054030820681,0.1157071003959865,8.324427603263084,1.0823519399874506,0.9699372259581048,0.4965252384645408,8.324427603263084,1.0823519399874506,0.9699372259581048
8.124147012302082,1.5117827648347872,0.8879948248271461,0.32381613046688285,8.334583787187231,1.097169783704791,0.9699324139639594,0.5350623067581828,8.334583787187231,1.097169783704791,0.9699324139639594
8.12414701230209,1.5117827648348017,0.887994824827147,0.32381613046688157,8.344772336540608,1.1120347210441937,0.9699292295365886,0.5361106143335584,8.344772336540608,1.1120347210441937,0.9699292295365886
8.12414701230211,1.5117827648347928,0.8879948248271456,0.32381613046688074,8.35492828119625,1.1268519822068948,0.9699257153132128,0.5367276618725763,8.35492828119625,1.1268519822068948,0.9699257153132128
8.076078088969899,1.3883632181583394,0.889406012437186,0.31810991742609185,8.365117828878416,1.141718168215358,0.9699228865900678,0.49599639205011964,8.365117828878416,1.141718168215358,0.9699228865900678
8.076078088969902,1.3883632181583359,0.8894060124371852,0.3181099174260918,8.375274221241494,1.15653588104888,0.9699193739055144,0.4970231478164811,8.375274221241494,1.15653588104888,0.9699193739055144
8.109185421519037,1.4334824094979037,0.8894300266503339,0.3074660355436417,8.385463554991855,1.171401561011674,0.9699170611507774,0.510946432596474,8.385463554991855,1.171401561011674,0.9699170611507774
8.109185421519031,1.4334824094979008,0.8894300266503338,0.3074660355436427,8.395619940158017,1.18621907609631,0.9699134132165914,0.5115116975973993,8.395619940158017,1.18621907609631,0.9699134132165914
9.308238755513033,1.603271472744272,0.8598272154070418,0.11027611813445606,8.405809491897925,1.2010848793937372,0.9699108064484316,0.4997411084901877,8.405809491897925,1.2010848793937372,0.9699108064484316
8.231946225449576,1.3789249318033756,0.8759245993555779,0.3316938384381747,8.415966013381242,1.2159024006142811,0.9699075359976108,0.49606831246662453,8.415966013381242,1.2159024006142811,0.9699075359976108
8.207935178204107,1.5918490958765688,0.8879127651705429,0.3212396480537275,8.426155588768317,1.2307680493306803,0.9699048207502263,0.4970834054626241,8.426155588768317,1.2307680493306803,0.9699048207502263
9.331558873853847,1.6624122610834446,0.8565332525413376,0.11395286703242141,8.43631216854733,1.2455854652352327,0.9699015392903124,0.49788557982017867,8.43631216854733,1.2455854652352327,0.9699015392903124
8.28921114877197,1.3869942925684418,0.8731096400083022,0.3322048987861811,8.446501871238812,1.2604511085555101,0.9698988263306932,0.5295059746907956,8.446501871238812,1.2604511085555101,0.9698988263306932
8.289211148771978,1.3869942925684315,0.8731096400083017,0.3322048987861792,8.456658556190312,1.2752684875691331,0.96989555357642,0.5299378654739867,8.456658556190312,1.2752684875691331,0.96989555357642
8.165060849261078,1.6828422711923525,0.8970553805642648,0.3082731066115198,8.466848330748817,1.2901340450385659,0.9698928475013705,0.501379280043698,8.466848330748817,1.2901340450385659,0.9698928475013705
8.165060849261067,1.6828422711923547,0.8970553805642649,0.3082731066115207,8.47700509749986,1.3049513534959862,0.9698895794752316,0.5019530559150464,8.47700509749986,1.3049513534959862,0.9698895794752316
8.16506084926106,1.6828422711923379,0.8970553805642646,0.3082731066115207,8.487194969223959,1.3198168623761921,0.9698868792693972,0.5025928085207128,8.487194969223959,1.3198168623761921,0.9698868792693972
8.165060849261069,1.6828422711923472,0.8970553805642647,0.3082731066115204,8.497351828210727,1.3346341158683455,0.969883617950756,0.49370024427746756,8.497351828210727,1.3346341158683455,0.969883617950756
8.204231511677564,1.6806073371436703,0.8964071776632558,0.30068904209418396,8.507541784788474,1.3494995586011056,0.9698809237720651,0.49004464613129345,8.507541784788474,1.3494995586011056,0.9698809237720651
8.204231511677555,1.680607337143669,0.8964071776632563,0.3006890420941846,8.517698730666666,1.3643167497135327,0.9698776675717627,0.49112946335122093,8.517698730666666,1.3643167497135327,0.9698776675717627
8.204231511677566,1.6806073371436785,0.8964071776632566,0.3006890420941842,8.527888777389549,1.379182134350546,0.9698749780475328,0.49192983901896725,8.527888777389549,1.379182134350546,0.9698749780475328
9.469676377602987,1.824155032108763,0.8573476255906238,0.11198976754143641,8.538045811914717,1.39399926591161,0.9698717243233396,0.5357886047266117,8.538045811914717,1.39399926591161,0.9698717243233396
9.469676377602992,1.8241550321087705,0.8573476255906239,0.11198976754143367,8.54823594400643,1.4088645854368096,0.9698690220074678,0.5360558314779263,8.54823594400643,1.4088645854368096,0.9698690220074678
8.376221575862276,1.6957039074909488,0.879425380344142,0.31262968386242235,8.55839307904155,1.423681676918486,0.9698659277988146,0.5378082918599075,8.55839307904155,1.423681676918486,0.9698659277988146
8.376221575862276,1.695703907490943,0.8794253803441414,0.31262968386242246,8.568583270275509,1.438546900638615,0.969863394034886,0.5382226693052256,8.568583270275509,1.438546900638615,0.969863394034886
8.376221575862289,1.6957039074909388,0.8794253803441408,0.31262968386242107,8.578740505689975,1.4533639529677007,0.9698598735756704,0.5387943458944752,8.578740505689975,1.4533639529677007,0.9698598735756704
8.375073732391867,1.7948891349996188,0.8892577696458679,0.3150073678998075,8.588930814948828,1.4682291538705465,0.9698572137234512,0.5138276838515595,8.588930814948828,1.4682291538705465,0.9698572137234512
8.357418744981699,1.9649179822031866,0.8978344294018304,0.3095986479563831,8.599088113410913,1.4830461064075129,0.969853982528858,0.5142157779074501,8.599088113410913,1.4830461064075129,0.969853982528858
9.543481006907054,1.8835283424873683,0.8570786077966438,0.11277223181230984,8.609278512054619,1.4979112498301568,0.9698513167742466,0.5004004410797057,8.609278512054619,1.4979112498301568,0.9698513167742466
8.355847564085023,1.8012061747350976,0.8911360411050825,0.2987371104180511,8.619435898660857,1.5127281436311781,0.9698480880528192,0.5090168388195067,8.619435898660857,1.5127281436311781,0.9698480880528192
8.355847564085028,1.8012061747350965,0.8911360411050823,0.2987371104180508,8.629626385163046,1.527593227392292,0.9698454261659762,0.5086950180851002,8.629626385163046,1.527593227392292,0.9698454261659762
8.532047242539255,1.551235417660437,0.860662497489185,0.3344976789774311,8.639783859390207,1.5424100619223706,0.9698422015904288,0.5421122836200136,8.639783859390207,1.5424100619223706,0.9698422015904288
8.532047242539257,1.5512354176604424,0.8606624974891853,0.33449767897743155,8.649974433539935,1.557275085978163,0.9698395439503776,0.5423652935340461,8.649974433539935,1.557275085978163,0.9698395439503776
9.467485829073482,1.719231934837543,0.8548950486393001,0.13291522359957134,8.660131995200315,1.5720918612303096,0.969836323541742,0.5097643257345621,8.660131995200315,1.5720918612303096,0.969836323541742
9.467485829073482,1.7192319348375484,0.8548950486393005,0.13291522359957178,8.670322656794578,1.5869568255482926,0.9698336700240268,0.5085264907378833,8.670322656794578,1.5869568255482926,0.9698336700240268
9.502524740016058,1.7421872618398933,0.8540921126592355,0.13190623384516345,8.680480305704359,1.6017735415150636,0.9698304535789404,0.47996732709312834,8.680480305704359,1.6017735415150636,0.9698304535789404
9.502524740016064,1.7421872618398986,0.8540921126592358,0.13190623384516192,8.690671054592826,1.6166384461300325,0.9698278039009576,0.4705095064328985,8.690671054592826,1.6166384461300325,0.9698278039009576
9.54061747855026,1.7876400950660307,0.8549623845040009,0.12747802867956318,8.700828790573352,1.631455102791704,0.9698245909889892,0.4867494870188753,8.700828790573352,1.631455102791704,0.9698245909889892
9.540617478550256,1.7876400950660085,0.8549623845039998,0.1274780286795631,8.71101962651945,1.6463199475786805,0.9698219442586926,0.4636027591747849,8.71101962651945,1.6463199475786805,0.9698219442586926
9.540617478550272,1.7876400950660236,0.8549623845039998,0.1274780286795592,8.721177449085815,1.6611365443855526,0.9698187317976552,0.4594491798228005,8.721177449085815,1.6611365443855526,0.9698187317976552
9.553429961527836,1.8082184468156923,0.877947621153069,0.13040198744615447,8.725231906959797,1.6672578501756714,1.0017550570957874,0.4790313410092715,8.725231906959797,1.6672578501756714,1.0017550570957874
9.55342996152786,1.8082184468156903,0.8779476211530673,0.1304019874461515,8.727901339970375,1.6715786066840819,1.0330042156945294,0.5532669132044062,8.727901339970375,1.6715786066840819,1.0330042156945294
7.638427480597806,2.158785023429033,1.0923427111207076,0.4762552589384599,8.729467456210077,1.6743032767876773,1.0652338316536258,0.6701600160407354,8.729467456210077,1.6743032767876773,1.0652338316536258
9.570092426285013,1.8163233819974516,0.9680212838759744,0.1309187800915075,8.730224392661722,1.675731808154505,1.1018440698738732,0.5040754034270383,8.730224392661722,1.675731808154505,1.1018440698738732
8.077692941893808,2.122056887732079,1.0321666446213635,0.3101703316078979,8.730539451074938,1.6763828729797696,1.13835861174635,0.6128240412335684,8.730539451074938,1.6763828729797696,1.13835861174635
7.633792381133405,2.1617999655548945,1.1799293170553597,0.46518418700400993,8.730647045780865,1.676627539243544,1.1746206251713736,0.7090985812798054,8.730647045780865,1.676627539243544,1.1746206251713736
9.560281675404745,1.788763066752451,1.057715486454421,0.137452194901776,8.73071065867925,1.676787680093475,1.2107380907160854,0.5738339992544752,8.73071065867925,1.676787680093475,1.2107380907160854
7.701649388066585,2.0955793995064576,1.239630615277092,0.48789174569540883,8.730727520418645,1.676835041167041,1.246789695241713,0.6780000412939456,8.730727520418645,1.676835041167041,1.246789695241713
7.6275572332895525,2.2283460191540505,1.2692723987864496,0.49841210279454534,8.73075292733532,1.67691546401774,1.2828139564531478,0.7320634340812434,8.73075292733532,1.67691546401774,1.2828139564531478
9.545674675629952,1.822573127290359,1.1517312250059226,0.12289029230341067,8.730757015372989,1.6769302365578165,1.3188268594281027,0.6543691615273002,8.730757015372989,1.6769302365578165,1.3188268594281027
7.393136006749145,2.3345292176419816,1.3831819190574899,0.5141874197274315,8.730773302194992,1.6769985738970954,1.3548355661142195,0.7363451157120835,8.730773302194992,1.6769985738970954,1.3548355661142195
7.393136006749129,2.334529217641987,1.3831819190574908,0.5141874197274309,8.730775192060731,1.677007995698661,1.390842385596882,0.7890897203193427,8.730775192060731,1.677007995698661,1.390842385596882
7.789865220568638,2.3203699676275855,1.4577488018940516,0.5235063868573949,8.730786111168186,1.6770748276282736,1.4268488647437036,0.6931261004437582,8.730786111168186,1.6770748276282736,1.4268488647437036
7.643700726974162,2.2310890913303307,1.461122408504859,0.5257790326190697,8.73078717421019,1.677083223518923,1.4628549917143068,0.774475343390556,8.73078717421019,1.677083223518923,1.4628549917143068
7.631075052746731,2.1821412259614528,1.4976500357894302,0.46462568648830843,8.730781104035223,1.6770233039420237,1.4768157993003073,0.6504627468789017,8.730781104035223,1.6770233039420237,1.4768157993003073
7.6310750527467395,2.1821412259614617,1.49765003578943,0.4646256864883091,8.730806449424579,1.677297669546796,1.4805434155512949,0.6530830264989389,8.730806449424579,1.677297669546796,1.4805434155512949
7.631075052746723,2.18214122596145,1.4976500357894302,0.46462568648830793,8.730813437886372,1.677375171188098,1.4811920737713635,0.6550047575767515,8.730813437886372,1.677375171188098,1.4811920737713635
8.02557549100249,2.100919913103044,1.3910225667762954,0.2955164304923724,8.730796765190195,1.6771646065074863,1.5023685409871033,0.666676303008216,8.730796765190195,1.6771646065074863,1.5023685409871033
7.651433321429989,2.2285438058204496,1.548777916371181,0.5223800271555026,8.730797320625046,1.6771753116458044,1.5355473138788964,0.7224820475759756,8.730797320625046,1.6771753116458044,1.5355473138788964
7.6514333214299874,2.2285438058204563,1.5487779163711801,0.5223800271555016,8.730796886391273,1.6771504780065403,1.5710774865661137,0.8087733729443883,8.730796886391273,1.6771504780065403,1.5710774865661137
7.641604125592573,2.2325816025041703,1.6373683228934182,0.5191470518333788,8.730795969035643,1.6772007579983805,1.6070010067221878,0.6997133559247324,8.730795969035643,1.6772007579983805,1.6070010067221878
7.641604125592563,2.232581602504169,1.637368322893418,0.5191470518333778,8.730795911534546,1.67720181785557,1.6429926289255292,0.7707643614866255,8.730795911534546,1.67720181785557,1.6429926289255292
7.6416041255925675,2.23258160250417,1.6373683228934182,0.5191470518333774,8.730790083377169,1.677266256944499,1.67899807790476,0.8264081777000616,8.730790083377169,1.677266256944499,1.67899807790476
7.6650372589846105,2.1829801295378064,1.7257049413904786,0.4848429617080932,8.73078921630389,1.6772730907304183,1.7150065841132744,0.6909645914011171,8.73078921630389,1.6772730907304183,1.7150065841132744
7.665037258984617,2.1829801295378024,1.7257049413904781,0.48484296170809316,8.730778603438793,1.6773379404480924,1.7510165693487776,0.8144995982170392,8.730778603438793,1.6773379404480924,1.7510165693487776
7.669682012092205,2.1670516537126714,1.8118016913131356,0.47457312752083847,8.730777194752976,1.6773449536117093,1.7870267448073458,0.6554989722499013,8.730777194752976,1.6773449536117093,1.7870267448073458
7.669682012092206,2.167051653712673,1.8118016913131354,0.47457312752083847,8.73076181054662,1.6774094262786763,1.8230376988685848,0.7391775312983473,8.73076181054662,1.6774094262786763,1.8230376988685848
7.669682012092206,2.1670516537126696,1.8118016913131352,0.47457312752083847,8.730759867770153,1.6774164393073487,1.8590486099869652,0.850084671562617,8.730759867770153,1.6774164393073487,1.8590486099869652
7.657061750711053,2.146687257706385,1.888784404481392,0.503248174887481,8.73073998526017,1.6774793175385003,1.8950602487729988,0.7205555852208605,8.73073998526017,1.6774793175385003,1.8950602487729988
7.654294259003853,2.148779886401723,1.8891059211840355,0.5032458393991901,8.73073762439513,1.6774859437350855,1.931071792909584,0.7737580256537944,8.73073762439513,1.6774859437350855,1.931071792909584
7.654294259003855,2.1487798864017518,1.8891059211840349,0.5032458393991904,8.730668651998622,1.6776649523418081,1.9460647382176632,0.8228091057319793,8.730668651998622,1.6776649523418081,1.9460647382176632
7.629712243535694,2.184439388636392,1.9177534481451337,0.46494421038063416,8.730632633378901,1.677756050824728,1.9485644124501225,0.7812898754199126,8.730632633378901,1.677756050824728,1.9485644124501225
7.62971224353568,2.1844393886363953,1.9177534481451335,0.46494421038063194,8.730600702711767,1.6778364654413318,1.9489935251673984,0.781289875419911,8.730600702711767,1.6778364654413318,1.9489935251673984
7.629712243535687,2.1844393886363966,1.9177534481451337,0.46494421038063355,8.730603335144044,1.6778298407522003,1.9490679613925104,0.7812898754199119,8.730603335144044,1.6778298407522003,1.9490679613925104
7.6298384935531995,2.184282614765583,1.917732580944869,0.4649015597661986,8.730589600519947,1.6778644006746255,1.9490762074655208,0.7816551596036462,8.730589600519947,1.6778644006746255,1.9490762074655208
7.629838493553191,2.1842826147655834,1.9177325809448693,0.4649015597661983,8.730599964924378,1.6778383211479833,1.9490689542272772,0.7816551596036473,8.730599964924378,1.6778383211479833,1.9490689542272772
7.629838493553192,2.1842826147655865,1.917732580944869,0.4649015597661979,8.730589844045582,1.6778637885785113,1.949057947526437,0.7816551596036474,8.730589844045582,1.6778637885785113,1.949057947526437
7.629781460720247,2.184357181060274,1.9177422816856546,0.4649196299075357,8.73060165550114,1.6778340660691784,1.9490450165937792,0.7812490861264516,8.73060165550114,1.6778340660691784,1.9490450165937792
7.629781460720247,2.1843571810602787,1.9177422816856549,0.4649196299075354,8.730591925686632,1.677858551231668,1.949032063490148,0.7812490861264512,8.730591925686632,1.677858551231668,1.949032063490148
7.629781460720243,2.1843571810602747,1.9177422816856546,0.46491962990753516,8.730603887263001,1.6778284486549353,1.9490184262557717,0.7812490861264514,8.730603887263001,1.6778284486549353,1.9490184262557717
7.629741556705065,2.184389954217064,1.9177476967533966,0.46494757700061495,8.730594310308264,1.6778525510216236,1.9490051975295124,0.7812905204152728,8.730594310308264,1.6778525510216236,1.9490051975295124
7.629741556705055,2.184389954217069,1.9177476967533968,0.4649475770006137,8.73060633250316,1.6778222935180205,1.9489914427011403,0.7812905204152729,8.73060633250316,1.6778222935180205,1.9489914427011403
7.629652088460585,2.1845248777596904,1.9177641862934363,0.46496305591301357,8.730596738059356,1.677846441799872,1.9489781698795376,0.7813241282642064,8.730596738059356,1.677846441799872,1.9489781698795376
7.629652088460577,2.1845248777596997,1.9177641862934363,0.4649630559130126,8.730608751241538,1.6778162045974732,1.9489644035393685,0.7813241282642065,8.730608751241538,1.6778162045974732,1.9489644035393685
7.629652088460581,2.184524877759696,1.917764186293436,0.4649630559130141,8.730599174223673,1.677840310919569,1.9489511269977653,0.7813241282642063,8.730599174223673,1.677840310919569,1.9489511269977653
7.629584763819253,2.18461236993642,1.9177756029374513,0.4649867552381069,8.730611193288555,1.6778100565259404,1.9489373582169276,0.781364070490146,8.730611193288555,1.6778100565259404,1.9489373582169276
7.629584763819257,2.184612369936416,1.917775602937451,0.4649867552381075,8.730601610159022,1.677834180133111,1.9489240823125895,0.7813640704901472,8.730601610159022,1.677834180133111,1.9489240823125895
7.629584763819256,2.1846123699364126,1.9177756029374509,0.4649867552381071,8.730613625307175,1.6778039332147232,1.9489103160295276,0.7813640704901474,8.730613625307175,1.6778039332147232,1.9489103160295276
7.640938167436372,2.243679227831909,1.9175854733341597,0.5238743963212689,8.727005995157748,1.6869011329627757,1.947765507027138,0.8245330318934314,8.727005995157748,1.6869011329627757,1.947765507027138
7.64093816743637,2.243679227831902,1.9175854733341595,0.5238743963212696,8.722283770950492,1.6989192251896164,1.942614153298407,0.8107038763916344,8.722283770950492,1.6989192251896164,1.942614153298407
7.640938167436383,2.243679227831916,1.9175854733341597,0.5238743963212701,8.716993705359304,1.7125480250148213,1.939483097810403,0.7893793167021518,8.716993705359304,1.7125480250148213,1.939483097810403
7.663337281598588,2.199044941469273,1.902293933943639,0.47600450393529736,8.711553107274721,1.7266716722370639,1.9374964413697169,0.7997599954815782,8.711553107274721,1.7266716722370639,1.9374964413697169
7.66333728159859,2.199044941469276,1.9022939339436387,0.47600450393529775,8.704842334327282,1.7441583096305298,1.9369632105552617,0.7991853872268168,8.704842334327282,1.7441583096305298,1.9369632105552617
7.629008545507144,2.294126191242548,1.9052669431610254,0.5165777024973224,8.698333175090976,1.7611334672408931,1.936949506158792,0.8134040531503222,8.698333175090976,1.7611334672408931,1.936949506158792
7.629008545507137,2.2941261912425386,1.9052669431610256,0.5165777024973219,8.691849736886818,1.7780406889349,1.9369971537302733,0.813404053150322,8.691849736886818,1.7780406889349,1.9369971537302733
7.629008545507144,2.2941261912425404,1.9052669431610256,0.5165777024973222,8.685404974893519,1.7948453544248775,1.9370170691580717,0.811740309134915,8.685404974893519,1.7948453544248775,1.9370170691580717
7.500966441534832,2.388175140624103,1.916989982710201,0.49753973671383134,8.678945946219548,1.81168668141399,1.9370185445462795,0.7998258582829028,8.678945946219548,1.81168668141399,1.9370185445462795
7.500966441534842,2.388175140624107,1.916989982710201,0.49753973671383217,8.672510891979034,1.8284656429979433,1.9370112610949768,0.7772759505502991,8.672510891979034,1.8284656429979433,1.9370112610949768
7.500966441534827,2.388175140624108,1.9169899827102006,0.4975397367138309,8.666056341975159,1.8452958915383162,1.9370005425682888,0.7764142013741089,8.666056341975159,1.8452958915383162,1.9370005425682888
7.515855146211682,2.4357113303829685,1.9095205265228663,0.49214770510858974,8.659623316140632,1.8620706177649264,1.9369872646272104,0.784540498867205,8.659623316140632,1.8620706177649264,1.9369872646272104
7.515855146211666,2.43571133038298,1.9095205265228656,0.49214770510858946,8.653169740932853,1.8788995729534888,1.9369749342687872,0.7733204753754616,8.653169740932853,1.8788995729534888,1.9369749342687872
7.515855146211674,2.435711330382976,1.9095205265228656,0.49214770510858913,8.646737389024963,1.895673832539802,1.936961423273894,0.7733204753754613,8.646737389024963,1.895673832539802,1.936961423273894
7.5950361335455066,2.5571908636569196,1.9201274641495751,0.5297283182177273,8.64028438039598,1.9125026313239237,1.936948287396112,0.8270447985464933,8.64028438039598,1.9125026313239237,1.936948287396112
7.595036133545518,2.557190863656912,1.9201274641495751,0.5297283182177281,8.633852538001735,1.9292769030407095,1.9369346244532992,0.8270447985464929,8.633852538001735,1.9292769030407095,1.9369346244532992
7.595036133545513,2.557190863656908,1.9201274641495751,0.5297283182177281,8.627399971769687,1.9461058986042126,1.9369214317645695,0.8252159057012247,8.627399971769687,1.9461058986042126,1.9369214317645695
7.370166287894373,2.5962837941917662,1.9280650666004868,0.5070157987146866,8.62096857558464,1.962880354645642,1.936907751099182,0.8173746549986889,8.62096857558464,1.962880354645642,1.936907751099182
7.3701662878943655,2.5962837941917716,1.9280650666004866,0.5070157987146855,8.614516475672414,1.979709487081875,1.9368945518636085,0.7923914441962173,8.614516475672414,1.979709487081875,1.9368945518636085
7.5460018271806355,2.567754629467261,1.9072940396007003,0.5095580274174973,8.608085535989266,1.9964841014633414,1.9368808676796736,0.7857396961582204,8.608085535989266,1.9964841014633414,1.9368808676796736
7.546001827180645,2.567754629467246,1.9072940396007005,0.5095580274174976,8.601633883272495,2.01331342100117,1.936867668189289,0.7754963416403272,8.601633883272495,2.01331342100117,1.936867668189289
7.546001827180648,2.567754629467257,1.9072940396007003,0.5095580274174979,8.595203392136245,2.0300882145337473,1.936853985580364,0.772519337939849,8.595203392136245,2.0300882145337473,1.936853985580364
7.4247095701463355,3.134415635764684,1.9721714725106592,0.5391066882056186,8.588752194317651,2.046917700975505,1.9368407873781937,0.795608654354831,8.588752194317651,2.046917700975505,1.9368407873781937
7.4247095701463435,3.1344156357646917,1.9721714725106592,0.5391066882056187,8.582322154989143,2.063692665036177,1.93682710527823,0.7953609138278289,8.582322154989143,2.063692665036177,1.93682710527823
7.424709570146325,3.1344156357646935,1.9721714725106587,0.5391066882056186,8.575871408372738,2.080522327976561,1.9368139066272096,0.7949518674516737,8.575871408372738,2.080522327976561,1.9368139066272096
7.1510740690781605,3.365389399235536,2.01058055630078,0.5043788866950336,8.569441820020293,2.0972974649670757,1.9368002156701531,0.8107802811617235,8.569441820020293,2.0972974649670757,1.9368002156701531
7.151074069078167,3.3653893992355326,2.01058055630078,0.5043788866950336,8.562991522360395,2.1141273092095236,1.936787077129272,0.8101476777772505,8.562991522360395,2.1141273092095236,1.936787077129272
7.151074069078164,3.3653893992355264,2.0105805563007797,0.5043788866950336,8.55656238513821,2.1309026161115456,1.936773379046025,0.7840073240866184,8.55656238513821,2.1309026161115456,1.936773379046025
5.685022197709791,4.877961762819383,2.2090638148793924,0.2706420388772037,8.550112544401792,2.147732620421545,1.9367602124072392,0.72783527663814,8.550112544401792,2.147732620421545,1.9367602124072392
5.685022197709774,4.877961762819362,2.2090638148793924,0.27064203887720223,8.547656105829834,2.1538370645206957,1.9699825937383304,0.8234469971525705,8.547656105829834,2.1538370645206957,1.9699825937383304
5.6850221977098006,4.8779617628193765,2.2090638148793933,0.27064203887720384,8.545684626446842,2.1583172779501796,2.000693175385569,0.8415824597913532,8.545684626446842,2.1583172779501796,2.000693175385569
8.6683988484579,1.449222726733062,1.934721607097942,0.8085034156755541,8.544278703691491,2.161255159504141,2.033580882438822,0.8395880896800096,8.544278703691491,2.161255159504141,2.033580882438822
8.808814300432086,1.3093218141664689,1.9176086131289207,0.8085184733365343,8.543456977382053,2.1628312127709535,2.0692253208743487,0.8565053724910314,8.543456977382053,2.1628312127709535,2.0692253208743487
8.787330317881532,1.77625822942161,1.9975005259635625,0.7883773411407504,8.543124619226056,2.163416223230927,2.105669348196528,0.8787460488765462,8.543124619226056,2.163416223230927,2.105669348196528
8.746591684278718,1.5226734465975302,2.0468451585340843,0.7665133046414571,8.542949104488809,2.1637005707412316,2.141943323931211,0.7716615755948099,8.542949104488809,2.1637005707412316,2.141943323931211
8.746591684278716,1.522673446597532,2.0468451585340843,0.7665133046414568,8.542818137991624,2.16388914490462,2.2141395896769662,0.9392424742013895,8.542818137991624,2.16388914490462,2.2141395896769662
8.759644733607763,1.6137827409544911,2.147264750874723,0.7865731174081475,8.542800358017491,2.163911989874137,2.250175523098997,0.7955861223425772,8.542800358017491,2.163911989874137,2.250175523098997
8.759644733607777,1.6137827409544765,2.147264750874723,0.7865731174081532,8.542750323650344,2.1639717082338006,2.2862000051683644,0.8246107151722621,8.542750323650344,2.1639717082338006,2.2862000051683644
8.71587095910604,1.6597790018668346,2.2423829462189966,0.8049751990249275,8.54274044633203,2.163982669839596,2.322219061956042,0.8082037828027936,8.54274044633203,2.163982669839596,2.322219061956042
8.715870959106043,1.659779001866837,2.242382946218996,0.8049751990249276,8.542690337601101,2.1640344048304163,2.358236252589591,0.8224498370846643,8.542690337601101,2.1640344048304163,2.358236252589591
8.701461369786903,1.678614318814591,2.2626345628788163,0.8013310707301716,8.542590500096466,2.1641323552749316,2.373233797927325,0.8182189654647228,8.542590500096466,2.1641323552749316,2.373233797927325
8.7014613697869,1.678614318814596,2.2626345628788167,0.8013310707301717,8.542478213324534,2.1642406072188223,2.37574175583565,0.8203794517044485,8.542478213324534,2.1642406072188223,2.37574175583565
8.701461369786903,1.6786143188145919,2.2626345628788167,0.8013310707301721,8.542457910738921,2.1642601226933467,2.3761774570805567,0.8203794517044481,8.542457910738921,2.1642601226933467,2.3761774570805567
8.701461369786902,1.6786143188145939,2.2626345628788163,0.8013310707301716,8.54241970042235,2.164296832663897,2.3762579663222376,0.8203794517044481,8.54241970042235,2.164296832663897,2.3762579663222376
8.702615314762376,1.6771002129935646,2.2624127907038254,0.8015834477353989,8.542435570866013,2.164281586799193,2.376270422031408,0.8206175505110683,8.542435570866013,2.164281586799193,2.376270422031408
8.702615314762381,1.6771002129935695,2.2624127907038254,0.8015834477354018,8.542414556479756,2.1643017739619417,2.376268135379245,0.8206175505110694,8.542414556479756,2.1643017739619417,2.376268135379245
8.70261531476238,1.6771002129935644,2.2624127907038254,0.8015834477354012,8.542437414078133,2.16427981593492,2.376260888164029,0.8206175505110689,8.542437414078133,2.16427981593492,2.376260888164029
8.702402996260824,1.6773803033987862,2.262453631347843,0.8015396657165993,8.542418502035918,2.164297983963305,2.376252827321069,0.8205762080594875,8.542418502035918,2.164297983963305,2.376252827321069
8.70240299626083,1.6773803033987789,2.2624536313478427,0.8015396657166026,8.542442180522682,2.1642752366131432,2.376243638090096,0.820576208059488,8.542442180522682,2.1642752366131432,2.376243638090096
8.702240116906871,1.6775943030031826,2.262485131204843,0.8014983887857194,8.542423947453381,2.1642927529975076,2.376234847219502,0.8205373410564238,8.542423947453381,2.1642927529975076,2.376234847219502
8.702240116906875,1.6775943030031808,2.262485131204843,0.8014983887857212,8.542447899233656,2.1642697422657964,2.376225355934908,0.8205373410564252,8.542447899233656,2.1642697422657964,2.376225355934908
8.702240116906873,1.6775943030031848,2.2624851312048424,0.8014983887857198,8.542429614668185,2.1642873087670136,2.376216449727916,0.8205373410564243,8.542429614668185,2.1642873087670136,2.376216449727916
8.702240116906873,1.677594303003182,2.2624851312048424,0.8014983887857183,8.542453542198759,2.1642643204849144,2.3762069229071816,0.8205373410564236,8.542453542198759,2.1642643204849144,2.3762069229071816
8.70199000804092,1.6779239857899486,2.2625332647698615,0.8014460696282324,8.542435325023316,2.164281822888615,2.376198002706486,0.8204879284442126,8.542435325023316,2.164281822888615,2.376198002706486
8.701990008040925,1.6779239857899546,2.2625332647698615,0.8014460696282353,8.54245927938857,2.164258807975222,2.37618846711764,0.8204879284442131,8.54245927938857,2.164258807975222,2.37618846711764
8.701825138230062,1.6781406802922438,2.2625651532424675,0.8014050197088285,8.542441038085288,2.1642763342075346,2.3761795452944865,0.8204492777422273,8.542441038085288,2.1642763342075346,2.3761795452944865
8.701825138230069,1.6781406802922436,2.2625651532424667,0.80140501970883,8.542464981178087,2.164253329274678,2.376170012111248,0.8204492777422286,8.542464981178087,2.164253329274678,2.376170012111248
8.701825138230063,1.6781406802922443,2.262565153242467,0.8014050197088282,8.542446752900284,2.164270843639043,2.3761610922141174,0.8204492777422275,8.542446752900284,2.164270843639043,2.3761610922141174
8.701574859280285,1.678470678383457,2.2626133200911522,0.8013535066300779,8.542470700304197,2.1642478337141426,2.376151559839284,0.8204006774665019,8.542470700304197,2.1642478337141426,2.376151559839284
8.701574859280276,1.6784706783834578,2.2626133200911522,0.8013535066300765,8.542452466629856,2.164265353910741,2.376142641558181,0.8204006774665031,8.542452466629856,2.164265353910741,2.376142641558181
8.701359831929826,1.6787536092398736,2.262654768454293,0.801305813568152,8.542476410637745,2.1642423463992975,2.3761331112007205,0.8203557394122015,8.542476410637745,2.1642423463992975,2.3761331112007205
8.701359831929848,1.6787536092398732,2.2626547684542926,0.8013058135681562,8.542458179987262,2.164259864337194,2.376124194769789,0.8203557394122019,8.542458179987262,2.164259864337194,2.376124194769789
8.701359831929844,1.6787536092398683,2.2626547684542926,0.8013058135681556,8.542482124127499,2.1642368558490874,2.3761146658210914,0.820355739412201,8.542482124127499,2.1642368558490874,2.3761146658210914
8.701144988112807,1.6790363705860405,2.26269618301024,0.8012586704305275,8.542463892461118,2.164254375409949,2.3761057510238404,0.8203113224650805,8.542463892461118,2.164254375409949,2.3761057510238404
8.70114498811281,1.6790363705860336,2.26269618301024,0.8012586704305295,8.5424878350474,2.1642313675657503,2.376096223653694,0.82031132246508,8.5424878350474,2.1642313675657503,2.376096223653694
8.701144988112807,1.6790363705860396,2.26269618301024,0.8012586704305275,8.542469604199573,2.1642488869866954,2.3760873104596816,0.8203113224650804,8.542469604199573,2.1642488869866954,2.3760873104596816
8.700947729074318,1.679296477828132,2.2627342612336108,0.8012155798925394,8.542493546006726,2.1642258790420232,2.37607778446608,0.8202707329376565,8.542493546006726,2.1642258790420232,2.37607778446608
8.700947729074322,1.679296477828128,2.2627342612336103,0.8012155798925419,8.542475315067874,2.164243399197029,2.376068872759066,0.8202707329376571,8.542475315067874,2.164243399197029,2.376068872759066
8.700947729074315,1.6792964778281327,2.2627342612336108,0.8012155798925397,8.542499255723623,2.164220391509809,2.3760593481183583,0.8202707329376564,8.542499255723623,2.164220391509809,2.3760593481183583
8.700718018097403,1.6795991272794746,2.262778580396794,0.8011656531132839,8.542481025079566,2.1642379120280157,2.376050437827806,0.8202237024595298,8.542481025079566,2.1642379120280157,2.376050437827806
8.70071801809741,1.6795991272794675,2.262778580396794,0.8011656531132866,8.542504964755388,2.1642149044336234,2.376040914437993,0.8202237024595305,8.542504964755388,2.1642149044336234,2.376040914437993
8.700718018097396,1.6795991272794724,2.262778580396794,0.8011656531132817,8.542486734191053,2.164232425521641,2.3760320054777644,0.8202237024595296,8.542486734191053,2.164232425521641,2.3760320054777644
8.700521065916808,1.6798582489797351,2.262816542265487,0.8011232576625205,8.542510672808024,2.1642094180960854,2.376022483278938,0.8201837836583781,8.542510672808024,2.1642094180960854,2.376022483278938
8.700521065916808,1.6798582489797262,2.2628165422654867,0.8011232576625182,8.542492442396204,2.1642269396838874,2.3760135755758727,0.8201837836583782,8.542492442396204,2.1642269396838874,2.3760135755758727
8.700521065916806,1.6798582489797331,2.2628165422654867,0.8011232576625216,8.542516379996874,2.16420393238643,2.376004054493507,0.8201837836583787,8.542516379996874,2.16420393238643,2.376004054493507
8.70030814252252,1.6801390542899708,2.2628576472473565,0.8010776113649838,8.542498149680553,2.164221454528743,2.3759951479737693,0.8201408268785118,8.542498149680553,2.164221454528743,2.3759951479737693
8.70030814252252,1.6801390542899748,2.2628576472473565,0.8010776113649842,8.542522086253886,2.1641984473701363,2.375985627945047,0.8201408268785104,8.542522086253886,2.1641984473701363,2.375985627945047
8.700112749226713,1.6803963111814242,2.2628953354313768,0.8010358462092082,8.54250385604155,2.164215970058744,2.375976722540268,0.820101542737994,8.54250385604155,2.164215970058744,2.375976722540268
8.700112749226719,1.6803963111814257,2.2628953354313763,0.8010358462092101,8.542527791604527,2.164192963022808,2.37596720350154,0.8201015427379946,8.542527791604527,2.164192963022808,2.37596720350154
8.700112749226715,1.6803963111814295,2.2628953354313763,0.8010358462092094,8.54250956147798,2.1642104862751452,2.375958299145664,0.8201015427379945,8.54250956147798,2.1642104862751452,2.375958299145664
8.699900049204047,1.680676292376243,2.2629363463712475,0.8009909047866346,8.542533496036848,2.164187479356009,2.375948781038102,0.8200592569176821,8.542533496036848,2.164187479356009,2.375948781038102
8.699900049204041,1.6806762923762377,2.262936346371247,0.8009909047866351,8.542515265993943,2.164205003174085,2.3759398776686824,0.8200592569176812,8.542515265993943,2.164205003174085,2.3759398776686824
8.699900049204047,1.6806762923762375,2.2629363463712466,0.8009909047866364,8.542539199561986,2.1641819963591074,2.375930360435413,0.8200592569176811,8.542539199561986,2.1641819963591074,2.375930360435413
8.699739195018125,1.6808881505839803,2.2629675096821904,0.8009532687279408,8.542520969596136,2.164199520749208,2.3759214579927592,0.8200238985168116,8.542520969596136,2.164199520749208,2.3759214579927592
8.699739195018124,1.6808881505839846,2.26296750968219,0.8009532687279424,8.542544902184977,2.1641765140273383,2.3759119415800143,0.8200238985168122,8.542544902184977,2.1641765140273383,2.3759119415800143
8.699739195018124,1.6808881505839834,2.26296750968219,0.8009532687279415,8.542526672294366,2.164194038991168,2.37590304000739,0.8200238985168112,8.542526672294366,2.164194038991168,2.37590304000739
8.699544441931348,1.6811449651636525,2.263005108930597,0.8009126040052826,8.542550603917725,2.1641710323493317,2.375893524363767,0.8199856557184287,8.542550603917725,2.1641710323493317,2.375893524363767
8.699544441931362,1.6811449651636505,2.263005108930597,0.8009126040052843,8.542532374100626,2.1641885578885107,2.375884623607064,0.8199856557184286,8.542532374100626,2.1641885578885107,2.375884623607064
8.699298165663429,1.6814698528193397,2.263052529232487,0.8008653760111037,8.542556304772281,2.1641655513135714,2.375875108683693,0.819941215257458,8.542556304772281,2.1641655513135714,2.375875108683693
8.699298165663425,1.6814698528193386,2.2630525292324863,0.8008653760111012,8.542538075028936,2.164183077427831,2.3758662086914524,0.819941215257458,8.542538075028936,2.164183077427831,2.3758662086914524
8.699298165663423,1.6814698528193424,2.263052529232487,0.8008653760111011,8.542562004763433,2.1641600709059086,2.375856694441757,0.8199412152574577,8.542562004763433,2.1641600709059086,2.375856694441757
8.699087659009042,1.681747588010127,2.2630931876482556,0.8008218756200011,8.54254377509489,2.16417759759421,2.3758477951649266,0.8199003364040651,8.54254377509489,2.16417759759421,2.3758477951649266
8.69908765900904,1.681747588010129,2.2630931876482556,0.8008218756200012,8.542567703906997,2.164154591111207,2.375838281544579,0.8199003364040651,8.542567703906997,2.164154591111207,2.375838281544579
8.699087659009038,1.6817475880101325,2.2630931876482556,0.800821875620001,8.542549474315408,2.164172118371453,2.3758293829365016,0.8199003364040651,8.542549474315408,2.164172118371453,2.3758293829365016
8.69908765900904,1.6817475880101291,2.2630931876482556,0.8008218756199997,8.542573402220182,2.164149111912983,2.3758198699032755,0.819900336404065,8.542573402220182,2.164149111912983,2.3758198699032755
8.698876956203208,1.6820255718099375,2.2631338794451934,0.800778769783141,8.542555172708429,2.1641666397423753,2.3758109719194858,0.819859827684009,8.542555172708429,2.1641666397423753,2.3758109719194858
8.698876956203208,1.682025571809938,2.263133879445194,0.80077876978314,8.542579099721022,2.1641436332939605,2.375801459433185,0.8198598276840093,8.542579099721022,2.1641436332939605,2.375801459433185
8.698682443083896,1.6822819430655986,2.2631714193336143,0.8007393133210231,8.542560870292707,2.1641611616890133,2.37579256203137,0.8198227788153666,8.542560870292707,2.1641611616890133,2.37579256203137
8.698682443083896,1.682281943065596,2.2631714193336143,0.8007393133210225,8.542584796428322,2.1641381552361203,2.3757830500537214,0.8198227788153658,8.542584796428322,2.1641381552361203,2.3757830500537214
8.6986824430839,1.6822819430655986,2.2631714193336148,0.8007393133210233,8.542566567087595,2.1641556841928224,2.375774153193599,0.8198227788153664,8.542566567087595,2.1641556841928224,2.375774153193599
8.698472548438387,1.6825592731739967,2.2632119957635934,0.800697017167861,8.542590492361379,2.164132677720964,2.375764641688167,0.8197830570239606,8.542590492361379,2.164132677720964,2.375764641688167
8.69847254843839,1.6825592731739878,2.2632119957635934,0.8006970171678605,8.542572263112863,2.164150207234851,2.375755745331398,0.8197830570239616,8.542572263112863,2.164150207234851,2.375755745331398
