t_ns,x,y,yaw,vx,wz
1771970259546758904,-0.25911528829208835,0.012267580188379095,-0.09464270816654656,-8.082025497931852e-05,-3.624909803782564e-05
1771970259548513561,-0.25914730438002304,0.01227061938314785,-0.09464431102068153,-8.074344032279267e-05,-3.607896408174032e-05
1771970259548558973,-0.2591210822486714,0.01226813015832285,-0.09464524957256362,-8.083145112938266e-05,-3.591611127510379e-05
1771970259549006889,-0.2591530990899228,0.012271169506542046,-0.09464684222665826,-8.086500739580068e-05,-3.5766878612116326e-05
1771970259578917270,-0.25912687620183034,0.012268680143045944,-0.09464777028920848,-8.082909868669271e-05,-3.561037396909713e-05
1771970259693688625,-0.25915889250619895,0.012271719521566998,-0.0946493529137431,-8.081089156607143e-05,-3.5459361463409104e-05
1771970259948015382,-0.25913267029350084,0.012269230155891764,-0.09465027083652794,-8.083275908019803e-05,-3.5308057937263956e-05
1771970260056614271,-0.25916468666883935,0.012272269621775382,-0.0946518438487811,-8.083886823061352e-05,-3.516552143944785e-05
1771970260293402381,-0.2591384644379592,0.012269780188597118,-0.09465275197430499,-8.083328790590812e-05,-3.5019561879753694e-05
1771970260424131422,-0.2591704806016107,0.012272819714383782,-0.09465431565185234,-8.082802050041486e-05,-3.4880321433420474e-05
1771970260450515361,-0.25914425865756596,0.012270330243162207,-0.0946552143015743,-8.08349979403765e-05,-3.473926396593801e-05
1771970260519590825,-0.2591762747447195,0.012273369841087204,-0.0946567689648372,-8.083510161739718e-05,-3.4605400432364606e-05
1771970260561300339,-0.25915005292515,0.012270880316894219,-0.09465765844694182,-8.08358852100324e-05,-3.4469095495010125e-05
1771970260626147499,-0.2591820688749529,0.012273919980594543,-0.09465920437465837,-8.083350287094277e-05,-3.4339300000275996e-05
1771970260691145892,-0.25915584723787455,0.012271430409408781,-0.09466008498153532,-8.083690782916401e-05,-3.42074786856098e-05
1771970260746181655,-0.25918786308145414,0.012274470141275765,-0.0946616224514536,-8.083572635545657e-05,-3.408204919584365e-05
1771970260805818701,-0.2591616415825034,0.012271980519340859,-0.09466249446197507,-8.083763283313291e-05,-3.395451513096543e-05
1771970260840619239,-0.2591936573078171,0.012275020317681401,-0.0946640237327975,-8.083592257723768e-05,-3.3833011156755634e-05
1771970260889449876,-0.25916743595162584,0.012272530645878642,-0.09466488741225405,-8.083827874015004e-05,-3.3709549858502594e-05
1771970260968526377,-0.2591994515668635,0.012275570510942857,-0.09466640873304608,-8.083685126553775e-05,-3.359189220482118e-05
1771970261047522865,-0.2591732303359776,0.012273080788043051,-0.09466726433418401,-8.083875731519901e-05,-3.347231280483641e-05
1771970261243358071,-0.25920524583980653,0.012276120719189078,-0.0946687779408947,-8.08372317141415e-05,-3.335826682648769e-05
1771970261323905016,-0.2591790247279846,0.012273630945014796,-0.09466962570436652,-8.08391232423564e-05,-3.324238173528226e-05
1771970261366501591,-0.2592110401235037,0.012276670942037037,-0.09467113182231836,-8.083767797653579e-05,-3.3131799055584915e-05
1771970261439570042,-0.25918481912004276,0.012274181115974982,-0.09467197197734416,-8.083936322219023e-05,-3.301943280237824e-05
1771970261502594754,-0.2592168344082299,0.012277221178484224,-0.09467347082088828,-8.083791418978382e-05,-3.2912137318593195e-05
1771970261666784481,-0.25919061350527417,0.012274731300179784,-0.09467430358578431,-8.08394950016551e-05,-3.280312169229045e-05
1771970261761443870,-0.25922262868805596,0.012277771427884724,-0.0946757953592485,-8.08380812001718e-05,-3.269896236386197e-05
1771970261824935062,-0.2591964078771234,0.01227528149691272,-0.0946766209420009,-8.083952097374127e-05,-3.25931381857077e-05
1771970261877896732,-0.2592284229559319,0.012278321689490312,-0.09467810584000091,-8.083812356574177e-05,-3.2491963763472685e-05
1771970261965597813,-0.2592022022295035,0.012275831705506425,-0.09467892443873964,-8.083945000423784e-05,-3.238917932113983e-05
1771970262029816825,-0.2592342172059511,0.012278871962668648,-0.0946804026467534,-8.083807722453157e-05,-3.229084960750047e-05
1771970262149884653,-0.2592079965566871,0.012276381925335502,-0.09468121445026663,-8.083928724970575e-05,-3.219096083366097e-05
1771970262186799204,-0.25924001143224557,0.012279422246788312,-0.09468268614500461,-8.083793457760335e-05,-3.209534079509852e-05
1771970262246260139,-0.2592137908533172,0.012276932155807456,-0.09468349133318565,-8.083903898479506e-05,-3.1998210670857056e-05
1771970262325950942,-0.25924580562946875,0.012279972541268684,-0.0946849566830904,-8.083770784300105e-05,-3.19051727837185e-05
1771970262411416436,-0.2592195851143685,0.012277482396363022,-0.09468575542739206,-8.083871038383589e-05,-3.1810671132696335e-05
1771970262480669811,-0.25017349461502986,0.011402190960406677,-0.09823185737679906,0.02525388909329354,-0.009877950048735654
1771970262627916557,-0.23659266370960824,0.010042576433306648,-0.10132874128985438,0.06309384825523925,-0.01847811207734103
1771970262814229248,-0.22160138504758675,0.008502155385309393,-0.1034614794955362,0.10504489101811457,-0.024398260154225325
1771970262906080215,-0.2063453733198793,0.006904927968127425,-0.10516837384173812,0.147581162843442,-0.02913735945272653
1771970262968590668,-0.1904935458667908,0.005220223032284065,-0.10659328312672839,0.1919513300784931,-0.03309133466654373
1771970263018576608,-0.17131172372765735,0.0031664928714450254,-0.10672703871340443,0.24546553308891644,-0.03346062295311116
1771970263081541666,-0.1527335353777767,0.0011801415167322226,-0.10630060236877253,0.29745507328415766,-0.032271989510419
1771970263124935354,-0.134525321595784,-0.0007601201298010785,-0.10601757793110708,0.3482466297476715,-0.0314835738830689
1771970263208394778,-0.11654795183969965,-0.0026719891879868687,-0.1058832546283424,0.39855469948146494,-0.03110638318120997
1771970263292592981,-0.09857934963289115,-0.004581136080070179,-0.10582059523824079,0.44867525949570475,-0.030930110585645643
1771970263401991048,-0.08069627043665714,-0.006480352471969455,-0.10578994329071603,0.4733844366551495,-0.020994683094184584
1771970263484503472,-0.0627657314614416,-0.008384159761954993,-0.10577102530643154,0.4855583303640663,-0.012339677823810182
1771970263556845021,-0.04489765954237838,-0.010281047515597622,-0.10575817878389338,0.4936090554532842,-0.006379720245430863
1771970263619058599,-0.026973075850565374,-0.012183711349907436,-0.105746392835679,0.5010698513887963,-0.0016056083165041305
1771970263692679483,-0.009107318638971445,-0.014079934790466864,-0.10573647475900148,0.506694863133281,0.0023800232436777488
1771970263768332782,0.008816316567883523,-0.015982115079246052,-0.10572585093429443,0.5031749663520046,0.002781077164190383
1771970263828509644,0.026681716805448633,-0.01787793265643746,-0.10571628130823334,0.5011794998378717,0.0016231140570511994
1771970264407565538,0.04460525109933709,-0.01977973798683982,-0.10570585220969086,0.5003818611261501,0.0008659047817108396
1771970264475382764,0.06247062697501971,-0.021675192696108098,-0.10569639598737597,0.500067691166283,0.0005190517804619881
1771970264545036834,0.08039417113917047,-0.02357663881018177,-0.10568598496756515,0.4999409710557988,0.00037391741854335924
1771970264629479865,0.09825957320920162,-0.02547173745199765,-0.10567653808382264,0.49989093493793213,0.00031501446359302634
1771970264728538444,0.11618315372480603,-0.027372827520873524,-0.10566613016322825,0.4998709172960682,0.00029137539778732464
1771970264791816513,0.1340485930428749,-0.029267571412480542,-0.10565668372999995,0.4998630169711505,0.0002819307052598581
1771970264846448804,0.15197220935996855,-0.031168305409698827,-0.10564627531822383,0.499859779238946,0.00027810421515325084
1771970264894367967,0.1698376856037894,-0.033062694505352014,-0.10563682811231159,0.49985846558936126,0.00027679624080523713
1771970264939586618,0.1877613399472031,-0.03496307263913321,-0.10562641868262576,0.49985799039446127,0.00027620069907959813
1771970264996402379,0.20562685401621053,-0.03685710699866702,-0.1056169703836401,0.49985778237197254,0.00027586367942554387
1771970265073722934,0.22355054562952023,-0.03875712914929217,-0.10560655978017779,0.49985769453628565,0.0002758123042029053
1771970265114429861,0.24141609715858112,-0.04065080869183044,-0.10559711021731172,0.4998576597414999,0.0002757938057343041
1771970265159108106,0.25933982631464586,-0.04255047483882837,-0.10558669787189869,0.49985764938515526,0.00027579748796265795
1771970265219366104,0.2772054149314067,-0.044443799444825044,-0.10557724423767768,0.49985764510947844,0.0002758162392915195
1771970265261292199,0.2951291922886834,-0.046343111185996655,-0.10556689344443865,0.49985766806431176,0.0002756575521932256
1771970265315297154,0.3129948105008686,-0.04823608074709437,-0.10555739662684631,0.4998576426623801,0.0002757975087599537
1771970265399988589,0.3309186249603888,-0.05013503555095563,-0.10554692113393574,0.49985766905566154,0.0002759838452445554
1771970265465246760,0.34878428036735193,-0.05202764909769732,-0.10553752043845513,0.49985764413884015,0.0002758546496011745
1771970265523047823,0.3667081221224669,-0.05392624710361399,-0.10552710739626092,0.4998576407157754,0.0002758646843466958
1771970265564717504,0.3845738241862063,-0.055818507167634354,-0.10551765496262494,0.49985764066034755,0.00027587616948680674
1771970265652729520,0.4024977038391011,-0.057716749109452466,-0.10550723997367494,0.4998576390466686,0.00027588835139704917
1771970265825027849,0.42036344362759165,-0.05960865423193304,-0.10549778645689618,0.4998576397832612,0.0002758993344874772
1771970265873797918,0.4382873609316689,-0.06150654003781718,-0.10548737053942751,0.49985763852924414,0.0002759092568643303
1771970265911452779,0.4561531383668588,-0.06339809017662172,-0.1054779161794396,0.4998576408951706,0.0002759112728835161
1771970265980944182,0.4740770932988869,-0.06529561981290855,-0.10546749942236411,0.4998576100170237,0.0002760945057625619
1771970266026725850,0.4919429083616475,-0.06718681493564296,-0.10545804426322371,0.49985763467721683,0.000275978787840545
1771970266089399475,0.5098669009105752,-0.06908398837147163,-0.10544762668919187,0.49985760553523273,0.0002758179020662656
1771970266144894256,0.527732753584391,-0.07097482844758887,-0.10543817073249707,0.4998576317276345,0.00027597140543930845
1771970266180368658,0.5456567837369982,-0.07287164565206544,-0.10542775231051861,0.49985763132444544,0.0002759863492844116
1771970266236313554,0.5635226739842145,-0.07476213064648288,-0.10541829542910097,0.49985763205508543,0.0002759987042331543
1771970266316078558,0.5814467416384058,-0.07665859157234552,-0.10540787566256091,0.49985763059370913,0.0002760119753166809
1771970266367426999,0.5993126685268969,-0.07854872129865238,-0.10539841268365409,0.4998576283351507,0.0002760382590057508
1771970266425663673,0.6172367759638063,-0.08044482617646413,-0.10538800527101763,0.49985763288617635,0.0002760146344717639
1771970266474458727,0.6351027406181439,-0.08233460096859746,-0.10537854747814909,0.49985763106977776,0.00027602417025133726
1771970266563949860,0.6530268846207254,-0.08423034948601109,-0.10536812043226869,0.49985763272959566,0.0002760527502649134
1771970266631640354,0.659185141535283,-0.08478676850991283,-0.07484918935944826,0.4671297160942339,0.08502459695586555
1771970266724486402,0.6639264259431625,-0.08506645693247258,-0.04299426919707778,0.43025641321957736,0.17348154858999654
1771970266771003378,0.6677364441012775,-0.08516670518232725,-0.009617094355537335,0.3909394152633051,0.26616965660330644
1771970266819858334,0.6696660829171912,-0.08515085921504276,0.02604049025450373,0.3462329977652964,0.36518956268109803
1771970266871043669,0.6705102780459863,-0.08511345431769363,0.06251829603721713,0.29867587911079574,0.46649053185120026
1771970266915691683,0.6708222642650628,-0.08508823224625928,0.09881792065394338,0.24947839313938194,0.5672938786571099
1771970266975844022,0.671012696209863,-0.08506587087768983,0.13496044022798648,0.20010650077791192,0.667663480310104
1771970267023463613,0.6710719368548238,-0.08505673605312654,0.17102677584067077,0.15020601668784178,0.7678188364224516
1771970267077624262,0.6711608203422819,-0.08503973009884609,0.20706113146144461,0.10055287331036429,0.8678879970553599
1771970267136814789,0.6711801019952732,-0.08503531555520716,0.24308160163015496,0.05054083005672629,0.9679158946186149
1771970267189832020,0.6712513104970036,-0.08501628941294109,0.279098730492465,0.03356896203606964,0.9831886662549902
1771970267241363027,0.6712640182686214,-0.08501239871952962,0.3151101677214383,0.020412193357872956,0.9947345469955348
1771970267314694076,0.6713313390230767,-0.0849891050525403,0.3511218522526388,0.010022545928876112,1.0020526294668008
1771970267342360810,0.6713423761474795,-0.08498483523649177,0.3871326635523769,0.004694848084056782,1.0030338147159579
1771970267392828401,0.6714072009614976,-0.08495703427820078,0.42314335781923607,0.002543371149171374,1.0017362827274763
1771970267453572853,0.671417511973014,-0.08495216558127408,0.4591534553120699,0.0017055434650552973,1.0009320407179287
1771970267593035538,0.6714798798038712,-0.08491992113093186,0.49516353933252205,0.0013679408807814443,1.0005641641801766
1771970267652276766,0.671489563814473,-0.08491446394152043,0.5311731193252147,0.0012323085313482279,1.0004065096789343
1771970267751510921,0.6715492053779786,-0.084877964815135,0.5671827052858627,0.0011751604752697458,1.0003377050674738
1771970267789556617,0.6715582425541631,-0.08487197671271768,0.6031918439645807,0.0011503271181878215,1.000306228706384
1771970267846829415,0.6716148786747929,-0.08483144129249202,0.6392010018279082,0.0011390514910849928,1.000284087042544
1771970267903920910,0.6716232459847882,-0.0848249847692868,0.6752097628374468,0.0011314919773585891,1.0002766530996698
1771970267973144094,0.6717746468504239,-0.08470187399443438,0.6901994846121738,0.0014756538934072353,0.9418823121095604
1771970268030140098,0.6717509918520712,-0.08472187755743764,0.7137128749357107,0.0013567243074360722,0.9071672538432155
1771970268105102677,0.6717470382021269,-0.08472542060001996,0.7476491920196119,0.0011460362094331202,0.9014050950016748
1771970268164994361,0.671726732369376,-0.08474493305223729,0.7833023465447575,0.001036130214978296,0.9004135867568346
1771970268208309449,0.6717626146847392,-0.08470789301595967,0.8192434681710549,0.000984350551122232,0.9002220245508491
1771970268260634934,0.6717645068411983,-0.08470579375202972,0.8552361991950376,0.0009613225253091963,0.9001752218599888
1771970268307108521,0.6718069855486112,-0.08465511060217028,0.8912399691870443,0.0009507852769769926,0.9001590663915409
1771970268351367709,0.671812273146207,-0.08464831941201201,0.9272463678305339,0.0009445790620014258,0.9001514551825727
1771970268563781250,0.6718519896141042,-0.08459333446926495,0.9632538097902303,0.0009395268302356183,0.9001466887835978
1771970268641165928,0.677111030469177,-0.07692272622116406,0.9763340703704656,0.026744542551193646,0.8364564098138721
1771970268707380910,0.6787768391744824,-0.07439528559403633,0.9997820415392854,0.03461108283995318,0.8599515470196474
1771970268807810182,0.6800991854537943,-0.07225697262621067,1.0341231236275248,0.04168124848772481,0.890028468587392
1771970268856755768,0.6810867893532229,-0.07052933106733218,1.0688455792094393,0.047224056396970825,0.8922121866374255
1771970268912711052,0.6814617002250849,-0.06981584106779791,1.105131077354832,0.04954128129131373,0.8939686966936652
1771970268957333640,0.6816290871850217,-0.06946713200607116,1.1413908125705066,0.05047253358294842,0.8948537344419328
1771970269070514805,0.6816828703101955,-0.06934383937350508,1.177525060340024,0.05083834976313793,0.8952468365128622
1771970269132774718,0.681726199422429,-0.06923384004006466,1.2135882528234727,0.05098306636601111,0.8954118989890907
1771970269186215758,0.6817357025406182,-0.0692069059600238,1.24961909891528,0.05103849851379251,0.895479808569014
1771970269262018079,0.6817582038451077,-0.06913497342484978,1.2856367951719065,0.05105944680797982,0.8955082927271534
1771970269331215994,0.6817612330693061,-0.069123905582648,1.3216488709057101,0.025256948294618015,0.9592077792642815
1771970269381937772,0.6817768889960913,-0.06905738331118333,1.3576591062401648,0.017038198331095315,0.9941029575020996
1771970269435664807,0.6817785393934436,-0.06904903311409108,1.3936680974259195,0.01007773256066338,0.9987360383285232
1771970269467239758,0.6817891904517946,-0.06898266299855559,1.4296785871335242,0.004736402752981148,1.0023139108998802
1771970269559790540,0.6817901545775149,-0.06897487139949053,1.4656873977111597,0.002519217597728599,1.0015453343227776
1771970269594138651,0.681795951035795,-0.06890849347555082,1.5016969943550194,0.001629801329519361,1.0008505049578913
1771970269655413079,0.6817963409307071,-0.06890086926923077,1.5377065151159208,0.0012773414600562884,1.0005040410450685
1771970269701821719,0.6817973425438517,-0.06883447525219212,1.5737166377902874,0.0011333783145610844,1.0003566249087286
1771970269779060119,0.6817971871699783,-0.06882705117735181,1.6097266701468667,0.0010746648438722437,1.000298808976276
1771970269837546787,0.6817934201020346,-0.06876095912636794,1.6457373635504646,0.001049190063609547,1.0002793566067532
1771970269883504432,0.6817927486485316,-0.06875375584291522,1.6817479668365887,0.0010374105672857582,1.000275266474309
1771970269936828373,0.6817895216801508,-0.0687265997718521,1.6963963427732698,0.0009235326164232728,0.9409367681472561
1771970269993183972,0.681758403930563,-0.06848299069999532,1.6992931059808878,0.001582078055084948,0.8489583570970256
1771970270066165162,0.6817501779052414,-0.06841945400384161,1.6998049117449796,0.0015733114904076238,0.7503509016985547
1771970270115405510,0.6817414988977873,-0.0683525785154882,1.6999023024918494,0.0017388250039417931,0.650596957724367
1771970270172126969,0.6817435280041998,-0.06836820594523914,1.699930822711375,0.0015099562736235583,0.5506495232112257
1771970270251636392,0.681739332235245,-0.06833589757118932,1.6999488758848647,0.0015792482116603807,0.4506732243574662
1771970270261806102,0.6817431473718963,-0.06836527147288866,1.6999614065030209,0.0013125099238704948,0.35067991309037677
1771970270316632012,0.6817395834818707,-0.06833783458887796,1.6999730203602619,0.0013687356967987418,0.2506843061479325
1771970270400655897,0.6817436475998453,-0.068369119872527,1.6999829979815109,0.0010972049984517315,0.15068231786379024
1771970270455289443,0.6817402235475679,-0.06834276388929442,1.6999935853056438,0.0011509343595211146,0.05068227352508866
1771970270495769120,0.6817443443674541,-0.06837448060678052,1.7000031408783356,0.0009861269369828359,0.010018883625184096
1771970270532709654,0.6817409234211689,-0.06834815266538974,1.7000135642960137,0.00037768447047338517,0.0020012730975867365
1771970270570286771,0.6817816050476546,-0.06863735114353978,1.7210856112719382,-0.0006115327607355989,0.05911305424145609
1771970270667532897,0.6817849489167455,-0.06865720385388378,1.7542423159512415,-0.0008547816081791709,0.15094448183140047
1771970270773116575,0.6817924697336821,-0.06869407685562193,1.7897613990974304,-0.0009155470151627288,0.2495293788497511
1771970270834600048,0.6817814935372437,-0.06864861930137334,1.825681907754657,-0.0008761393061564413,0.34925842185997075
1771970270915791058,0.6817808108432277,-0.06864617991688526,1.8616744848522413,-0.0007868229866304273,0.44920299541377623
1771970270978046888,0.6785821991717291,-0.05806195377304086,1.86687614117551,0.029850210354346145,0.46361978004160714
1771970271073716381,0.6750561453295849,-0.046612841044212955,1.8722329509703017,0.06321506322215657,0.4784720916349464
1771970271129469624,0.6707001450652295,-0.03257405714669166,1.8710879338375745,0.10397194499438041,0.47526207925478375
1771970271351301025,0.6659926787664832,-0.017336680224424604,1.8697850734291337,0.14836072011600768,0.47161647930719885
1771970271403590848,0.6606586140202917,-1.2051232619620517e-05,1.8691650018461856,0.19864027845798377,0.46986510430546213
1771970271462762619,0.6553546175178188,0.01723607569727933,1.8690950641616402,0.24957716577794914,0.4111373691375856
1771970271503277156,0.6500604697755361,0.0344545086387707,1.8690888581579848,0.29967184451930945,0.3190181727961823
1771970271540200299,0.6447699607065426,0.05166146456348271,1.8690834002181032,0.34978169362739303,0.22033889200170065
1771970271583797831,0.6394809683460236,0.06886392508943492,1.869074567332508,0.3996439226358844,0.12053516549402295
1771970271642077276,0.6341926981001086,0.08606463574484555,1.8690638420756485,0.44962378606054454,0.02052599228739707
1771970271723674739,0.6289048403748446,0.10326468697529816,1.8690522804423106,0.46889471152209355,0.006044831296846828
1771970271784122959,0.6236172726937306,0.12046451334177338,1.8690403723406726,0.48560147125481523,-0.008868273971178906
1771970271871507884,0.6183299465993428,0.13766428748424764,1.8690283197870483,0.49475440616044725,-0.005721150140341947
1771970271944005436,0.6130430630656315,0.1548634741425529,1.8690125399616861,0.5004361954392668,-0.0021459262984627353
1771970272012828543,0.6077560132383586,0.17206394089055985,1.8690041830541047,0.5000681456295752,-0.0004467188668908521
1771970272194096122,0.6024693273698525,0.1892638544384359,1.8689919377927262,0.49992600227892076,-0.00028646213587290166
1771970272290657640,0.5971828582587873,0.20646380853615748,1.8689798300011928,0.49987067067158686,-0.0003028559910889018
1771970272346020042,0.5918965965800768,0.22366382998818385,1.8689677001536467,0.4998487918257778,-0.0003213890679349679
1771970272403831839,0.586610543384941,0.2408639161363954,1.8689555675052951,0.499840088585308,-0.000330555075590656
1771970272441321820,0.581324698757354,0.2580640668057095,1.8689434344276368,0.49983662206439156,-0.0003344656889225501
1771970272499259291,0.5760390627096187,0.2752642819627515,1.8689313015625593,0.4998352441754802,-0.0003360524437541324
1771970272535421246,0.5707536352427404,0.2924645615849228,1.8689191691333777,0.49983470106463707,-0.00033667557581947883
1771970272607302346,0.5654684163544287,0.30966490565009014,1.8689070372240457,0.4998344947368881,-0.00033689600834092094
1771970272612548866,0.5601834060412498,0.3268653141365841,1.8688949058633,0.4998362103734233,-0.0003267613844063391
1771970272704209094,0.5548986042995092,0.34406578702347484,1.8688827750544785,0.4998343922713673,-0.00033724444340697867
1771970272728882513,0.5496140111253264,0.3612663242891278,1.8688706447859131,0.49983434084437406,-0.00033692501892540504
1771970272950315622,0.5443296265161979,0.3784669259095974,1.868858515030827,0.4998343593822554,-0.0003369860287945193
1771970273225307607,0.5390454504734774,0.39566759185145667,1.868846385732675,0.49983436901484374,-0.00033698450270002773
1771970273281276725,0.5337614830083212,0.41286832205389923,1.8688342567394254,0.49983437748831683,-0.0003369743496399772
1771970273383980839,0.5284777241742183,0.430069116344606,1.8688221274194599,0.49983438483411813,-0.0003369639116024177
1771970273391152504,0.5231941744611203,0.44726997336502106,1.8688099906877755,0.49983438714444095,-0.0003369746521775137
1771970273464666766,0.5179108311567273,0.4644709007886006,1.8687978991323777,0.49983440706679677,-0.0003368611138885141
1771970273501412000,0.5126276932903476,0.48167190501504165,1.868785656683811,0.49983446244507945,-0.000337168167319244
1771970273571069188,0.5073447737826847,0.49887294243543306,1.868773615439254,0.4998344269973433,-0.0003369178445725864
1771970273615475981,0.5020620577210485,0.516074057925658,1.8687614930041967,0.49983443209960043,-0.0003368945841168705
1771970273660297986,0.4967795499693888,0.5332752381964586,1.8687493686343126,0.49983443855310944,-0.0003368781988903616
1771970273729631543,0.4914972506602863,0.5504764828801013,1.8687372441051486,0.49983444533424104,-0.0003368636824405909
1771970274017102922,0.48621515982228325,0.5676777918838617,1.8687251197552106,0.4998344522636063,-0.00033684993740109285
1771970274027714574,0.4809332774630674,0.5848791651681181,1.8687129956826054,0.49983445939935356,-0.000336836268943193
1771970274098015021,0.4756516035841985,0.6020806027096112,1.8687008719192306,0.49983446718070734,-0.0003368208339697878
1771970274254176172,0.4703701381850347,0.6192821044917757,1.8686887484731995,0.4998344795702743,-0.0003367839293779563
1771970274303144539,0.4650888812640069,0.6364836705004343,1.8686766253423193,0.4998344739448576,-0.0003368716390516953
1771970274372494496,0.4598078328188745,0.6536853007231682,1.8686645025188513,0.4998344324864049,-0.00033653934711038943
1771970274425602047,0.4545269928480543,0.670886995147106,1.868652379990511,0.4998344814987676,-0.0003367651353979267
1771970274468850779,0.44924636135057794,0.6880887537578014,1.8686402577378713,0.4998344896196751,-0.0003367646286806836
1771970274506754893,0.447477629349034,0.6941729475263311,1.8387756301723475,0.4674519020878633,-0.08326038461643673
1771970274558513242,0.44607658884020523,0.6995115681827452,1.8161119214012758,0.43280045237109277,-0.14618145195496676
1771970274595412079,0.4452469571159006,0.7030175259612864,1.7902020665311882,0.3928250089681837,-0.2181195922885984
1771970274642092551,0.4449218922010798,0.7045907917044162,1.7588921520025806,0.3473042344493815,-0.3050578991117866
1771970274691610896,0.444794993112762,0.7053254366158879,1.7247952868024465,0.29939178684399004,-0.39973773643596466
1771970274763539483,0.4447549251609549,0.7056173657458411,1.6895975168694104,0.2502268963461178,-0.49747564334415345
1771970274847004717,0.4447349319099763,0.7058146765021401,1.65396326896042,0.20079436745474033,-0.5964259899498554
1771970274920709411,0.44473004099629987,0.7058895127863007,1.6181534499278851,0.1510192500519309,-0.6958640349748795
1771970275002057012,0.44472677341129374,0.706000552624908,1.5822765064031767,0.1013443930105026,-0.7954885377424066
1771970275072696242,0.44472704847025035,0.7060430528693086,1.5463724514401207,0.051479006452385255,-0.8951883508267364
1771970275109779005,0.4447311960360266,0.7061408591752464,1.5104591577662576,0.03415009132266836,-0.9119902011276503
1771970275204351673,0.4447340892248975,0.7061777355211167,1.474541275794257,0.018920848943125148,-0.9488073489092098
1771970275283074858,0.4447449414364652,0.7062723386932459,1.4386238948005874,0.009177369019466006,-0.9766060325857824
1771970275328225968,0.44608472514010045,0.7156477806035405,1.4190837398706408,0.03102258056934503,-0.9439122559217885
1771970275377959173,0.44812118270571377,0.728544188089815,1.4092775156329689,0.06521896038492139,-0.8764382532483921
1771970275561923387,0.45053950830577577,0.743232898190831,1.4059659909951039,0.10575168054998514,-0.7878653496508377
1771970275629702997,0.4530577203008602,0.758281757558302,1.4040274716719565,0.14758437209372427,-0.6942661035792028
1771970275670445799,0.4558953561962978,0.7750791552023945,1.4028591627006997,0.19469658835287412,-0.5980396867424751
1771970275743890434,0.4590585219608085,0.793737465273402,1.402864504474876,0.24695615641288665,-0.498366672023513
1771970275810336232,0.460298090635392,0.8005359495689268,1.3780300647533206,0.2660346006890579,-0.46761774079717194
1771970275862331688,0.4614120386754869,0.805895236099014,1.3536910813561709,0.280968120800141,-0.4354668789174644
1771970276028677721,0.46215174106374,0.8090185603918854,1.322807280877211,0.28978161453656986,-0.4214833192133355
1771970276106191062,0.462673240333409,0.8109436785678311,1.2896991425157391,0.2950576290129059,-0.4136798674572427
1771970276156550450,0.4629058381550422,0.8116994531228906,1.2547704164451046,0.2709464031838452,-0.4564258984035302
1771970276201385934,0.463032503680153,0.8120647147977095,1.2192151438992065,0.2357529700573906,-0.5279510325929311
1771970276245392478,0.4630818421953305,0.8121921169170049,1.1834157828720204,0.19478121695016443,-0.6181950225631214
1771970276282110845,0.46312949666560954,0.812303176875575,1.1475210174447306,0.1527333229507175,-0.7125179284090688
1771970276354940821,0.4631428114050791,0.8123313682017747,1.1115868727047187,0.10549938219228676,-0.809089694433232
1771970276409347619,0.4631786408753559,0.8124006659643385,1.0756383674930128,0.05314793277917255,-0.9089614916160764
1771970276498648114,0.4631855579975468,0.8124129416217936,1.0396827924058007,0.033990565461867205,-0.9398535342984063
1771970276812134330,0.46322263447062934,0.812473538285074,1.0037257372457988,0.01898244515256848,-0.972125955861833
1771970276865920773,0.4632288103468713,0.81248286162489,0.9677667354786512,0.010097263204452683,-0.9862237372178866
1771970276931354280,0.4632693507612842,0.8125395271816755,0.9318082724293253,0.004750274756434604,-0.9941413057952471
1771970276978420004,0.4632757554821089,0.8125478314358315,0.8958486420888512,0.002582748002596496,-0.9970049287670182
1771970277024188614,0.4633199892041687,0.8126011078108557,0.859889844615714,0.0017011601581123428,-0.9981258313439423
1771970277050301216,0.4633267556660725,0.8126086857647391,0.823929968606882,0.0013498558149992593,-0.9985717062929582
1771970277083920443,0.46337449176479345,0.8126584254974802,0.7879709452976357,0.0012056485131694765,-0.998750200408244
1771970277127876580,0.4633815828873648,0.8126653014090054,0.7520108198342774,0.001146478416650819,-0.9988223690842067
1771970277176083191,0.46343256344547,0.8127112962470697,0.7160515267380073,0.0011205052173718787,-0.9988523354302181
1771970277235641834,0.46343992192030015,0.8127174699833375,0.6800910905883809,0.0011080460921536477,-0.9988658383813688
1771970277324474037,0.46349385522721537,0.8127595106428276,0.6441314619967854,0.0011006660100366292,-0.9988729868024618
1771970277500636957,0.47034266193301194,0.8178026331921331,0.6252846839217305,0.024695637329181827,-0.9513390321022817
1771970277687257078,0.48171058561117525,0.8259602105223891,0.6195914094043052,0.06336877578117175,-0.8672690639584488
1771970277895200666,0.4850866285662845,0.8283093222325392,0.5962361620619481,0.07476464037147042,-0.8322568889637363
1771970277945798295,0.4864265711555744,0.8291909683538983,0.5676833926283619,0.07902792661140522,-0.8116845888526442
1771970278019036037,0.4897424212006554,0.8312260484568689,0.5332435809919037,0.08980733426337707,-0.8074621878182787
1771970278055214212,0.4917281164384138,0.8323551799243567,0.5008284267526824,0.09596131582144062,-0.7976181070682253
1771970278138180799,0.4926165183581935,0.8328216106704206,0.46610041016201564,0.09872124513870684,-0.7941955824218649
1771970278310005982,0.4929565550415724,0.8329851780122537,0.4306107123384028,0.09957870427894712,-0.7928911511089302
1771970278401212944,0.49315413901173316,0.8330716948778415,0.3948377632620793,0.10015120779935234,-0.7923703536830902
1771970278472722578,0.493216445648388,0.8330963568098008,0.3589499257863402,0.10014739373711365,-0.7921709339180815
1771970278550310604,0.4933019935127807,0.8331267129706882,0.3230176795772469,0.07677351982044794,-0.8396305676236668
1771970278628059614,0.49331868760578396,0.8331319694273972,0.2870660839204005,0.03795545069902777,-0.923681459677279
1771970279031962232,0.49338686634969886,0.833150771454601,0.25110800446606335,0.0267269190778086,-0.9586893266549443
1771970279081955839,0.5016514951196581,0.8351881869923226,0.23229778114881083,0.04591623006633379,-0.9316266985540613
1771970279153936862,0.5152709008337576,0.8383689828446228,0.22657474749352174,0.07395840334548534,-0.8518578708287207
1771970279248480142,0.5300288043750647,0.8417518854687139,0.22409251130104144,0.10967032494539028,-0.7687108762545746
1771970279315075824,0.5450227120443499,0.8451555908467967,0.2223532020159462,0.14959236643740717,-0.6770755781837521
1771970279376533541,0.5600098949432049,0.8485315348689546,0.22076186108516938,0.19121834781138522,-0.5829134757038043
1771970279428019393,0.5789905623249595,0.8527894772303941,0.2205923372051982,0.24465360175191103,-0.4840150723807632
1771970279503146589,0.5974436533086348,0.8569317003278079,0.22103347012485847,0.2970015826011586,-0.38310126572578
1771970279559021485,0.6153098844875642,0.86094924040308,0.22134374513893876,0.3476171096528125,-0.28242759566157194
1771970279644693587,0.6330290572180878,0.8649378945531042,0.2214828430780377,0.3980200348940599,-0.18217566900632992
1771970279710709129,0.6506084529652191,0.8688968457748534,0.22153447124029801,0.44787820375910253,-0.08214870340483219
1771970279760263982,0.6682128187798683,0.8728620332305311,0.22154910919503834,0.47435935341784263,-0.029857422093825303
1771970279843894195,0.6857470322189977,0.8768115455522822,0.2215481391900909,0.485435985015134,-0.013962800842902221
1771970279866862610,0.7033330650450594,0.880772655084836,0.2215410022130168,0.4934525080423535,-0.007087525244562657
1771970279954852070,0.720860059635438,0.8847203097229172,0.2215310871589673,0.5006488366906204,-0.0022836523804934472
1771970280006475493,0.7384433605167346,0.8886804588238684,0.22152069802185537,0.5080406047432674,0.0021078803796797546
1771970280098330756,0.7559693051757912,0.8926274911614983,0.2215094882955818,0.5039086774242305,0.0025476419177279403
1771970280153564742,0.7735522330677155,0.8965871509177035,0.2214984164998343,0.501439186619421,0.0012915177082638818
1771970280248895633,0.7910780864182555,0.9005337497752988,0.22148692333963235,0.5004734968262123,0.00039771722414801695
1771970280360172617,0.8086610188050797,0.9044929941065745,0.22147589919453078,0.5000863493971839,-1.9288565297302718e-05
1771970280419913120,0.8261869393582046,0.9084391930394734,0.2214643613268251,0.49993365404244294,-0.00019474975964729535
1771970280471729171,0.8437699447219559,0.912398036855621,0.22145332341792645,0.49987189779508173,-0.00026607160308892493
1771970280580667906,0.8612959479892031,0.9163438386555838,0.22144178156708247,0.4998473845662625,-0.0002954378416901733
1771970280629721353,0.8788790432833968,0.9203022855740561,0.22143074374392793,0.49983779927575184,-0.0003062735252469252
1771970280717906009,0.8964051361205224,0.9242476917651669,0.22141920359032316,0.4998339835752466,-0.00031078769067814616
1771970280794603896,0.9139883192347652,0.9282057413633222,0.2214081679351462,0.49983238336622426,-0.00031258357419235324
1771970280881876851,0.9315145006582345,0.9321507517991038,0.2213966299033413,0.49983179132560396,-0.0003134955340016079
1771970280934224145,0.9490977733839193,0.936108404556968,0.2213855961611268,0.4998315013031248,-0.0003133898297432106
1771970280990635504,0.9666240438734771,0.940053019406701,0.22137405883449748,0.4998314213149849,-0.0003135125142640064
1771970281036630681,0.9731034717464819,0.9416161310127317,0.2520643817503273,0.468282489376764,0.0849680070992964
1771970281193018295,0.9779582389967051,0.942943168182505,0.2815936051637128,0.4323612560286693,0.16702567732441734
1771970281212944205,0.9809686659501379,0.9438698138485649,0.315623007388947,0.39104681716952727,0.2615824554746336
1771970281272146899,0.9826556004210184,0.9444547852902584,0.3519586115061062,0.3461048362404076,0.36254674983003465
1771970281318937357,0.9924152059674975,0.9480949117049686,0.362036435117959,0.3249749217577608,0.3905713649272318
1771970281403186898,1.0050136879876057,0.9528757076025204,0.36333810023493945,0.312503777533294,0.3942191573455182
1771970281482897238,1.0190363791674877,0.958195083417753,0.36180323940529263,0.30409976910157555,0.3899863096386645
1771970281498316344,1.0333065261505183,0.9635822708302059,0.3601434396126927,0.29656774124740176,0.3854078047475162
1771970281657347267,1.050353972510234,0.9699948040542313,0.3594275825924902,0.29709678685803503,0.38344996230866396
1771970281684593872,1.067637280243862,0.9764899955143711,0.3595287439509752,0.29848232114418827,0.383763014211759
1771970281723942648,1.0846929835577916,0.9829021128769557,0.3596804701617553,0.33058131053684625,0.2989335789200912
1771970281776709349,1.101580901636597,0.9892532905528885,0.3597507260877896,0.3667192321728444,0.2171031136775814
1771970281819852208,1.1184795707698982,0.9956094346507157,0.35977619115828496,0.4081207565927406,0.12264773269234856
1771970281880733117,1.1353055570402195,1.0019385249255952,0.35978036044773587,0.45309682481259106,0.02172708039332183
1771970281902182160,1.1521792393034644,1.0082855580924222,0.35977640473624545,0.4742399490219194,-0.00627786217147511
1771970281943308641,1.1689954354946825,1.0146108535004112,0.3597684429485998,0.4867160144009886,-0.009915714684319841
1771970282050216873,1.1858653603246965,1.0209561967017575,0.35975959386721346,0.4951218151745763,-0.005676793161381118
1771970282108425533,1.2026801515009848,1.0272806222160669,0.35974967885972536,0.5026542618856925,-0.0010937798693527367
1771970282138989499,1.2195495355024715,1.0336253931735357,0.35974005064341735,0.5021250421159837,0.0008679668081285434
1771970282233013134,1.236364188601398,1.0399493886467859,0.35972982209399396,0.5007391470889762,0.0005585503972727056
1771970282252370959,1.2532336134533473,1.046293791236509,0.3597200507727472,0.5001886127819267,0.00010994614164343618
1771970282305973837,1.2700483740118729,1.052617443586365,0.35970985561164076,0.4999714895666645,-0.00011352910041380342
1771970282344245637,1.2869179015572212,1.0589615001964399,0.35970006998944504,0.4998839024806358,-0.00021144769122283493
1771970282404958015,1.3037327665008875,1.0652848075316954,0.3596897933419121,0.49984933247859525,-0.000251575293955476
1771970282470382265,1.3206024260148628,1.0716285276902542,0.3596800310883694,0.49983563382883567,-0.00026770457743394247
1771970282519626532,1.3374174189169836,1.0779514986174707,0.3596697622203735,0.49983023236987406,-0.00027411313396213396
1771970282579714680,1.3542872028941708,1.0842948799538892,0.3596600079593251,0.4998279478478569,-0.00027662752191218225
1771970282642755098,1.3711023186037181,1.090617512987639,0.3596497623852559,0.4998270389976729,-0.000277545762415215
1771970282698232864,1.3879722411182527,1.0969605607291382,0.35963994681423583,0.49982675427010853,-0.000278066192170942
1771970282737634137,1.4047874844050152,1.1032828567367716,0.35962970403081823,0.4998266271693459,-0.0002781057310439994
1771970283295673893,1.4216575227881292,1.1096255624872846,0.3596199574253844,0.4998265633804565,-0.00027803707600854047
1771970283330724651,1.438472895516298,1.1159475233787628,0.359609699947174,0.4998265013617065,-0.0002782101790748128
1771970283380667180,1.455343061420983,1.1222898919033035,0.359599953608072,0.49982651078425855,-0.0002781010593700157
1771970283434236938,1.4721585610565733,1.128611516610015,0.35958969819798,0.49982651605656897,-0.0002780420664783154
1771970283491454424,1.489028853744425,1.134953547697498,0.3595799543516471,0.49982651113413057,-0.0002779909353401913
1771970283617264722,1.505844479950869,1.141274836183706,0.3595697013669737,0.4998265130822636,-0.0002779468149996534
1771970283682195009,1.5227148993503958,1.1476165298970675,0.3595599595146115,0.49982651552124285,-0.0002779123464270365
1771970284034248328,1.539530651668252,1.1539374820489066,0.3595497062312691,0.49982652768401425,-0.0002779337610748692
1771970284100285328,1.5564012242457086,1.1602788499602004,0.35954013164880005,0.4998265759082342,-0.0002772643484334857
1771970284164155922,1.5732170786451862,1.16659945857977,0.3595297353103725,0.4998265155198324,-0.0002776908901278662
1771970284354085779,1.5900877510888292,1.1729404779290682,0.3595199969292906,0.49982651581199294,-0.0002776680447053212
1771970284414338524,1.6069037567295168,1.1792607584269104,0.35950975156407533,0.49982651904180075,-0.0002776343974968451
1771970284595326039,1.6237745562453267,1.18560144082267,0.35950001862856507,0.4998265185322676,-0.00027759716529715853
1771970284677949700,1.6405906883259147,1.1919213854666109,0.35948977711307795,0.4998265209697301,-0.0002775585691726258
1771970284719567872,1.657461614099523,1.1982617307797607,0.3594800494197757,0.4998265195410353,-0.0002775136996430173
1771970284839381717,1.6742778927267985,1.2045813461286001,0.3594696896088186,0.4998265807872557,-0.000277810439319939
1771970284890312422,1.6911489282774523,1.2109213469747047,0.3594600695162281,0.49982652849434145,-0.00027747221773197466
1771970284941322088,1.70796531290696,1.2172406199160202,0.3594498341927225,0.49982653161702684,-0.0002774223292964404
1771970285111725019,1.724836492273806,1.223580291505248,0.3594401087723221,0.499826451703937,-0.0002778413235498583
1771970285155268519,1.7416530035497024,1.2298992289685917,0.3594298732866364,0.4998265266703041,-0.0002773945103778597
1771970285200752725,1.7585243095569285,1.2362385638421496,0.35942014917370946,0.49982652805300914,-0.0002773548766142166
1771970285260768210,1.7753409471363817,1.2425571657373298,0.35940991524974725,0.4998265309993363,-0.0002773230953558157
1771970285337653246,1.7922123796680065,1.2488961639094867,0.3594001927414098,0.49982653130407473,-0.0002772941309869935
1771970285408720166,1.8090291434617485,1.255214430262925,0.3593899602941,0.49982653406829575,-0.00027726894160554863
1771970285566434893,1.8259007023967104,1.2615530917424955,0.3593802388630595,0.4998265352323691,-0.00027725154643416696
1771970285871127820,1.842717591736409,1.2678710223140164,0.3593700039080515,0.4998264771504674,-0.00027690472435341277
1771970285915693008,1.8595892790469986,1.2742093479320924,0.35936029577248757,0.4998265351829991,-0.0002771492881684821
1771970286005190826,1.8764062947611695,1.2805269432936783,0.35935006392604435,0.4998265372061579,-0.00027713962966168356
1771970286058808942,1.8932781066016442,1.2868649316971237,0.35934034579746443,0.49982653741377947,-0.0002771193746047926
1771970286091408731,1.9100952488800678,1.2931821917974948,0.3593301180694856,0.49982653953475015,-0.00027709782541907637
1771970286156470227,1.9269671871930127,1.2995198437190887,0.3593204020029984,0.49982653963392637,-0.0002770754741976736
1771970286202084096,1.943784455529564,1.3058367684667491,0.35931017628884865,0.49982654142695065,-0.00027705266916327586
1771970286236093806,1.960656519683551,1.3121740837740774,0.3593004650117556,0.4998265399335736,-0.0002770214712618708
1771970286280354987,1.9774739156290175,1.3184906737863447,0.35929023134820615,0.49982654623944356,-0.00027702484970577987
1771970286331113452,1.9943461064263412,1.3248276526725848,0.3592805199442572,0.49982654573443497,-0.00027699699667338873
1771970286410864005,2.011163626942939,1.3311439068290503,0.35927029661734705,0.49982654953267697,-0.0002769646964015841
1771970286475339860,2.028035944410555,1.3374805494937683,0.3592605843849662,0.4998265443417959,-0.00027697607644840084
1771970286539714356,2.0448535910126955,1.3437964684535295,0.35925036179352615,0.49982654750073385,-0.00027695036810642006
1771970286585842725,2.0617260348335362,1.3501327747931728,0.359240650494749,0.4998265480196644,-0.00027693139643210037
1771970286671835513,2.078543807445209,1.3564483585618123,0.35923042884886375,0.49982654990398184,-0.0002769145017281286
1771970286724070639,2.0954163775771453,1.3627843285964718,0.3592207184735168,0.49982655027587575,-0.00027689869300519124
1771970286774599170,2.1122342761512,1.369099577190641,0.35921049764171803,0.49982655218344807,-0.0002768851309186341
1771970286835840541,2.1291069724958067,1.375435210912124,0.3592007876630822,0.4998265539149821,-0.00027688152409303756
1771970286947808660,2.1459249986182622,1.381750125046132,0.3591905775942347,0.4998265560335781,-0.0002768159832539678
1771970286995390675,2.1627978200687585,1.3880854221910373,0.3591808615594276,0.49982655371497103,-0.0002768288467490693
1771970287051423632,2.1796159704859237,1.3944000005414139,0.3591706422155181,0.4998265552843675,-0.0002768177828585248
1771970287120000760,2.19648891943819,1.4007349618523128,0.359160934441954,0.49982655560537187,-0.00027680539725628085
1771970287154341050,2.213307195824695,1.4070492051284058,0.3591507162738328,0.49982655709232676,-0.0002767931102598226
1771970287226645122,2.2301802710238463,1.4133838302454595,0.3591410094650792,0.49982655736462006,-0.0002767806379720697
1771970287242348291,2.246998673246322,1.4196977384384588,0.3591307924696301,0.49982655860310843,-0.0002767677200933039
1771970287311127219,2.263871875760634,1.4260320277391925,0.3591210798975502,0.499826562062802,-0.00027677382212928806
1771970287365555548,2.280690403175114,1.4323456005560906,0.3591108679277027,0.49982656120084396,-0.00027674920559825225
1771970287422569055,2.2975637308013193,1.4386795533252812,0.35910116269372117,0.49982656168468537,-0.00027673602600327075
1771970287490387108,2.314382384829497,1.4449927914496359,0.35909094664228264,0.4998265582643787,-0.0002767526443114113
1771970287590337458,2.3312558386973112,1.4513264081066894,0.3590812417598599,0.49982656225445865,-0.00027672166546582026
1771970287655242870,2.3480746185788046,1.4576393112254038,0.3590710262057456,0.49982656374654477,-0.00027671113825744435
1771970287703740164,2.364948198638431,1.4639725917697335,0.3590613218425862,0.4998265641571781,-0.0002767016649111747
1771970287761177181,2.3817671043459363,1.470285159892065,0.3590511067872995,0.4998265654503647,-0.0002766930181484976
1771970287806084298,2.3986408105763593,1.4766181043349285,0.35904140289621583,0.4998265658522648,-0.00027668491350984434
1771970287868357308,2.4154598420790405,1.4829303374669076,0.35903118822397,0.49982656722974683,-0.0002766784601675746
1771970287883439670,2.4323336743348665,1.48926294576189,0.35902148394622163,0.49982656405309955,-0.0002766554203576558
1771970287928412020,2.449152831953176,1.4955748440430015,0.3590112716781365,0.4998265684445176,-0.00027665624879550326
1771970287971741557,2.466026790440769,1.5019071163194926,0.35900156838602004,0.49982656878034276,-0.0002766508547258326
1771970288029137180,2.4828460735195863,1.5082186795315102,0.35899135460577564,0.49982656990444846,-0.00027664454585389517
1771970288107175798,2.499720158198956,1.5145506157621207,0.3589816520478858,0.499826570274566,-0.0002766380888179311
1771970288200374953,2.5165395670521167,1.5208618440267616,0.35897143873442106,0.4998265713476342,-0.0002766318647909876
1771970288251130968,2.5334137778514414,1.5271934442048867,0.35896173663116054,0.4998265716892239,-0.0002766255872939469
1771970288317198283,2.550233312359978,1.5335043374997894,0.35895152426420585,0.49982657244420076,-0.00027661811970478966
1771970288379788244,2.5671076494885283,1.53983560171724,0.3589418212020439,0.4998265734346591,-0.00027661581714453077
1771970288479526432,2.5839273098089888,1.5461461600908868,0.3589316087438873,0.4998265743997747,-0.00027660966689667133
1771970288534589547,2.600801772836774,1.5524770881905299,0.3589219072575264,0.4998265751914608,-0.00027660191304301545
1771970288603706036,2.617621558916902,1.5587873116535618,0.3589116948776145,0.49982657527098606,-0.00027660222367284417
1771970288708210817,2.6344961480469813,1.5651179037305871,0.3589019936152864,0.4998265758204151,-0.00027659658537173074
1771970288759395411,2.651316059845048,1.5714277922745075,0.35889178146754436,0.4998265768144817,-0.0002765920506425189
1771970288774418690,2.668190775061428,1.5777580483314093,0.35888208043339825,0.49982657721426066,-0.0002765878180212108
1771970288824871178,2.6850108125631196,1.5840676019596982,0.3588718684955974,0.4998265781548651,-0.0002765839967322465
1771970288866970875,2.701885653852302,1.5903975219996447,0.35886216764878587,0.4998265785659085,-0.0002765805065963766
1771970288926882216,2.7187058170321508,1.5967067407089297,0.35885195580995227,0.4998265797141962,-0.0002765790395934906
1771970288971380916,2.735580784563795,1.6030363248116035,0.3588422562361833,0.499826580022234,-0.00027656934961309076
1771970289062769102,2.7524010733246964,1.6093452085871183,0.35883204397587354,0.4998265806566925,-0.00027656880003859547
1771970289104246752,2.769276166734141,1.6156744566106038,0.3588223434591154,0.4998265810444352,-0.00027656610669711415
1771970289379911053,2.786096581281106,1.6219830055149231,0.3588121320323979,0.4998265818855569,-0.00027656345893503403
1771970289422658949,2.8029718007479087,1.6283119175356322,0.3588024317126276,0.4998265822758595,-0.0002765608407189844
1771970289569318096,2.8197923409580308,1.6346201315359823,0.3587922204446516,0.49982658308783723,-0.0002765583969242587
1771970289618517955,2.8366676864585703,1.640948707551709,0.35878252030691477,0.49982658345494657,-0.0002765559068984365
1771970289678377853,2.8534883524124015,1.6472565866792133,0.35877230860827636,0.49982658451241246,-0.0002765552425586012
1771970289796760881,2.870363823902998,1.6535848266706619,0.35876260885364636,0.4998265847571452,-0.00027655220872121024
1771970289892027100,2.88718461540958,1.6598923708630315,0.3587523977989602,0.49982658557125814,-0.0002765500305341263
1771970290272313611,2.904060212978245,1.6662202748769313,0.3587426978008779,0.499826585447412,-0.00027655120918179405
1771970290415977260,2.920881130123552,1.6725274841684938,0.358732486792047,0.4998265865427408,-0.00027654773285145935
1771970290457689740,2.937756853711686,1.6788550521820245,0.3587227868492476,0.4998265869642049,-0.0002765461385218528
1771970290505897117,2.954577896483676,1.6851619265700752,0.3587125758892665,0.4998265877116557,-0.0002765448420316008
1771970290555421478,2.9714537460824837,1.6914891585819058,0.35870287598910217,0.4998265881118911,-0.00027654367645955273
1771970290639915850,2.9882749144714857,1.6977956980643027,0.3586926650593294,0.49982658883724174,-0.0002765427370064519
1771970290701117721,3.005150890070828,1.7041225940714466,0.3586829651693664,0.4998265892519244,-0.0002765420487460564
1771970290771314618,3.0219721840377467,1.7104287986326863,0.3586727540612575,0.49982658959729626,-0.00027654040838625074
1771970290831785376,3.0272831355208085,1.7125211105615648,0.39190765827124247,0.4656196741247559,0.09206958171539545
1771970290883989619,3.0326390961938903,1.71482264929881,0.4198080162351151,0.43191187539595194,0.16959894010015572
1771970290955994745,3.0359873742092116,1.7163883409953107,0.4549966865437126,0.39211594021486107,0.2673721909518857
1771970291309306002,3.0375317400015307,1.7171796537758612,0.4920191971117203,0.3470350165958406,0.3702408619984933
1771970291398097761,3.0471478155458542,1.7223912860296529,0.5012965496072778,0.32735335064811394,0.3960382298827763
1771970291459607557,3.058363631460677,1.7285503343712754,0.503068196314947,0.3129953425002701,0.40098783451513026
1771970291517766747,3.071390242837251,1.7357053026299079,0.5014782554429306,0.3042154857528399,0.39659827625993693
1771970291566729125,3.0847258806053164,1.743001414735551,0.49977105600910016,0.296539224046554,0.39188441930422907
1771970291620647095,3.1011378511885868,1.7519575835874637,0.49931538797716357,0.2984105781064947,0.39064561890986027
1771970291893778996,3.1171483436935876,1.7606904036712063,0.49936112755242995,0.2991682040079087,0.39080103747479134
1771970291958585986,3.1330647920728443,1.7693732091111087,0.4994394527320648,0.33367447986172805,0.29869942905730074
1771970292041697994,3.148871907481353,1.7779975397800853,0.4994751096557388,0.3674996434831252,0.22129748172354097
1771970292107254612,3.164708249142969,1.7866382928912985,0.4994858410623694,0.4073436553384379,0.12358098477379102
1771970292171838640,3.180483920857615,1.795246044552067,0.4994850526321746,0.4524432128304178,0.020738487556728018
1771970292235254939,3.196307195756569,1.8038797100446458,0.4994799863711741,0.4721316632317751,-0.005046008989224862
1771970292299123427,3.2120778163167416,1.812484517066794,0.4994724809494195,0.48649207051452326,-0.009988098237616391
1771970292445178585,3.227899364767069,1.821116954890657,0.4994647312435265,0.49527286845344615,-0.0055931227761134355
1771970292573777129,3.243669395945649,1.82972111727714,0.4994561640333548,0.5029492343410141,-0.0008746999326248404
1771970292623902030,3.2594906893611104,1.8383530765587883,0.49944798674717455,0.5010775628497741,0.0003683299166963176
1771970292651276882,3.2651878254613917,1.8415784409306872,0.5308492801413576,0.4686047281230654,0.0874670905246573
1771970292722274664,3.2695773869941016,1.8442489964487228,0.562279033208465,0.43251460713015905,0.1745543902119402
1771970292768141532,3.2722011304548575,1.8459645464211465,0.595883069683357,0.3912040482929034,0.2677998889663521
1771970292824837918,3.2811492125287534,1.8520936873496374,0.6052475100098674,0.3712198484084255,0.2937824137437541
1771970292982131472,3.292405703381036,1.8598873133876799,0.6059223876381609,0.3593308931668434,0.2956592639062182
1771970293035626009,3.3047416557636575,1.8684199315683119,0.6043275510315941,0.3509251870115908,0.29124323516854134
1771970293068303611,3.3182257519608744,1.877718354778186,0.6030752734396266,0.34651939389839204,0.2877855346957337
1771970293111986231,3.3333180251473826,1.8881073011351812,0.6026695317722336,0.3473498881462665,0.28668000146934614
1771970293190168137,3.348283916807136,1.898405148519828,0.6027032193873032,0.34791096814837313,0.2867973759839052
1771970293199289761,3.3631291438752555,1.9086207659223982,0.6027424798789153,0.34790446050774554,0.2869291475888835
1771970293274242963,3.377993745479126,1.9188503229978893,0.60275866593689,0.379841533502828,0.1997482938773349
1771970293405291623,3.39279928007218,1.9290394326980338,0.6027609513906843,0.41549289911139475,0.11244977272938465
1771970293466803527,3.407649150269569,1.939259045331118,0.6027578751459498,0.45685858814485847,0.01909668184050483
1771970293509845947,3.4224489830705793,1.9494441233425428,0.6027518621003354,0.47663591992935583,-0.0069323553042444615
1771970293564564990,3.4372960899092675,1.95966160031723,0.6027455804205039,0.4886690497708,-0.00882446449347735
1771970293618230769,3.452094966734698,1.9698457339214412,0.602737880023597,0.49690550522256266,-0.004415752799984211
1771970293720827087,3.4669420412994394,1.980062874493644,0.602730840664594,0.5014711039360534,-0.0009567577084221816
1771970293812399584,3.4817409501051952,1.9902467094550782,0.6027232118863195,0.5004768050707216,0.00014911142801645984
1771970293955657150,3.4965880292759284,2.0004635312338066,0.6027160760766722,0.5000773340266572,3.571302602510334e-05
1771970294014443001,3.511387027860263,2.0106471054845727,0.6027083992960438,0.4999210905095122,-9.466828575343636e-05
1771970294061205026,3.526234308753857,2.0208637434498815,0.6027013950664261,0.4998611116070932,-0.00015908575128850046
1771970294113669761,3.5317636370074803,2.024791952999991,0.632684177217693,0.4687780382258563,0.0831200717415563
1771970294206217289,3.535830258201885,2.027873029495446,0.66407443436123,0.4328769001629114,0.170323775597725
1771970294359182242,3.538376336082,2.029936654238352,0.6981604729368003,0.39207603719999107,0.2650239189897514
1771970294394988602,3.5466788405268024,2.0369652573883874,0.7068315841764061,0.37222878297995715,0.28912778821037194
1771970294465521788,3.556943518733898,2.0457490234557234,0.7087878426956833,0.35985497333685784,0.2945832296442075
1771970294533386641,3.5682690708532854,2.055442479756379,0.7070223429869417,0.35120082183475804,0.28969861756154625
1771970294611429962,3.580512075658356,2.065888155230536,0.7056701375391328,0.3460042154999533,0.2859636823684015
1771970294658957482,3.5945110352568905,2.0778095444176636,0.7051639541850615,0.34701669671528046,0.2845774391894481
1771970294738311566,3.6084275202047906,2.08965511593831,0.7052049672861647,0.34788059076989364,0.28471268886092443
1771970294822678075,3.622181570165713,2.101363765201233,0.7052770018040734,0.34799181664326795,0.2849322409373868
1771970294890671544,3.6359338422243135,2.113072163133968,0.705311392507996,0.37932078016128595,0.20174226469489814
1771970294979758641,3.6496235077604795,2.124727793480991,0.7053222567458967,0.4150908858580477,0.11457728440160422
1771970295046303794,3.66335102732399,2.1364157949902007,0.7053233487860818,0.45606795402543215,0.019896877359021386
1771970295170178887,3.677031033864327,2.148063311724669,0.7053196434216552,0.47575882269428477,-0.004199835429919206
1771970295360226425,3.6907542706622953,2.1597475339054686,0.7053147367443887,0.4882966484819794,-0.00964751653142038
1771970295441638710,3.7044326824949687,2.1713934594864948,0.7053084727150707,0.49678877990451564,-0.004760750755189934
1771970295481790400,3.7181555841773055,2.1830771205593695,0.7053026056036594,0.5021480802845895,-0.0010209220429807707
1771970295563130478,3.731833943505308,2.1947227119857016,0.7052960673235121,0.5009733576765327,0.0003669809401399644
1771970295679971106,3.7455568129226102,2.206406049285112,0.705289974886948,0.500271711490309,0.00023613222439756795
1771970295724787537,3.7592352596066254,2.218051417338542,0.7052834579509134,0.49999785459216195,1.7933741222016558e-05
1771970295812189086,3.7729583002782587,2.22973460198858,0.705277366391055,0.4998906265484484,-9.451699150349294e-05
1771970295950403833,3.786636892156256,2.241379795118937,0.705270759181931,0.49984841065002455,-0.00014304878879332827
1771970296038576799,3.8003600635530463,2.2530627906793197,0.7052646837365729,0.4998301997304016,-0.00016295847085855358
1771970296348966103,3.8140387956662978,2.2647078040387356,0.7052580814460896,0.499822996383807,-0.0001710054876820205
1771970296397105376,3.8277621230379,2.276390632368957,0.7052520107691835,0.499820678047109,-0.0001742388200140495
1771970296491232176,3.841441006286048,2.288035475468346,0.7052454136762926,0.4998197259204624,-0.0001751639966054702
1771970296587125896,3.855164477902753,2.2997181268174867,0.7052393476979368,0.4998191132031189,-0.00017571640478463373
1771970296643599336,3.868843507276946,2.311362795614803,0.7052327547894472,0.49981886907942724,-0.00017586815018042385
1771970296709275001,3.882567128579329,2.323045274820435,0.7052266931421971,0.4998189142826199,-0.00017578262430853795
1771970296789844880,3.896246306246457,2.3346897713646344,0.7052201047395814,0.4998188911361499,-0.0001759811425897164
1771970296844144471,3.909970074416066,2.3463720762428486,0.7052140479396638,0.4998188457610368,-0.00017588458719795466
1771970296945737679,3.9236493987550354,2.3580163994024987,0.7052074664228516,0.4998188285516004,-0.00017581321966525997
1771970297095749614,3.9373732959678325,2.3696985166602653,0.7052015498181572,0.4998187823044746,-0.00017537199559915895
1771970297165469544,3.9510527883505784,2.381342686173191,0.7051948120388272,0.4998188709943621,-0.00017574835350696
1771970297243014025,3.9647768516664157,2.393024643769053,0.7051887645711044,0.49981885983698343,-0.0001756838835537746
1771970297281596457,3.9784564706643555,2.4046686212791206,0.705182182708093,0.49981885755279326,-0.00017564157833271994
1771970297369112685,3.992180688369403,2.4163504119473656,0.705176182912644,0.4998188859952511,-0.0001754577369252252
1771970297398377299,4.0058604509092675,2.4279942145422284,0.7051695769070931,0.4998188771822082,-0.00017549411765081774
1771970297461032812,4.019584809604775,2.439675826313652,0.705163530076689,0.49981887510994893,-0.0001754529597445976
1771970297579195616,4.03326472354832,2.45131945968152,0.7051569571920854,0.49981887836445543,-0.00017540985415495324
1771970297766145509,4.046989230032219,2.463000898630623,0.7051509154642235,0.4998188809925642,-0.00017536798733453716
1771970297824454226,4.0606692911518465,2.474644359724749,0.7051443460695721,0.4998188873533711,-0.00017533431466494628
1771970297929419038,4.074393945031493,2.486325625696545,0.7051383074123053,0.49981895520715175,-0.00017567334958853796
1771970298025006365,4.088074153150335,2.4979689145135526,0.7051317408582645,0.4998188835476537,-0.00017519772378524616
1771970298084776640,4.101798954331044,2.5096500075637334,0.7051257049422486,0.4998188877978781,-0.00017516563571075625
1771970298152994524,4.115479309356598,2.521293124154321,0.7051191410224866,0.49981889470772617,-0.00017511579335123978
1771970298198783454,4.129204257745953,2.5329740443295004,0.705113107717558,0.4998188730992548,-0.0001752088752389056
1771970298239367955,4.142884759574678,2.544616988728724,0.7051065464149227,0.4998188918506072,-0.00017508470047319778
1771970298298934725,4.156609855034227,2.5562977360391708,0.7051005160481542,0.49981889400303114,-0.0001750389681522694
1771970298368739048,4.170290503118659,2.5679405079497055,0.7050939605268753,0.499818896033523,-0.00017499073669464098
1771970298446164758,4.184015747446256,2.5796210839656157,0.7050879190925917,0.4998189032593244,-0.00017498992119882196
1771970298598200010,4.197696542253825,2.59126368361893,0.7050813658236548,0.4998189044018117,-0.00017494512754855155
1771970298674849202,4.211421931786766,2.602944085316807,0.7050753388463451,0.499818904620255,-0.00017491268322287757
1771970298743695701,4.225102872641032,2.6145865123792045,0.7050687749183535,0.49981890322255823,-0.00017490538864171272
1771970298791307676,4.2388284115051365,2.6262667434034075,0.7050627660554504,0.4998189118211879,-0.00017483024110604038
1771970298862560934,4.252509499762264,2.637908999429743,0.7050562105428783,0.49981891365481124,-0.0001748068878008601
1771970298980210538,4.266235183348507,2.649589056098418,0.7050501870909011,0.49981891436878456,-0.00017477951849121962
1771970299046409187,4.279916418455058,2.661231140417996,0.7050436354022771,0.49981891721281696,-0.0001747528129046239
1771970299136982920,4.293642249017845,2.6729110245939367,0.7050376141421366,0.4998189184384304,-0.00017472751671619957
1771970299193435315,4.307323630647532,2.6845529370477004,0.7050310643092801,0.4998189230087017,-0.00017471171554300858
1771970299253958238,4.321049608084736,2.696232648734545,0.7050250447862589,0.49981891790527416,-0.0001746508509245488
1771970299411601740,4.334731136168043,2.7078743893451365,0.7050184965948452,0.4998189226896569,-0.00017463674669353823
1771970299481121826,4.34845726042676,2.719553928575498,0.705012478668358,0.49981892439566183,-0.0001746116055202328
1771970299616147370,4.36213893491064,2.731195497373618,0.705005932014046,0.49981893136952527,-0.00017456362307681752
1771970299680986123,4.375865205942162,2.7428748641798366,0.7049999156106425,0.49981892455265103,-0.0001745845689109499
1771970299735775706,4.389547026767158,2.7545162611868483,0.7049933704866468,0.499818927961016,-0.0001745557117544267
1771970300098028453,4.403273444474721,2.766195455562298,0.704987355898685,0.49981892878055056,-0.0001745310894890009
1771970300202187569,4.4169554183403426,2.777836685983416,0.7049807636742503,0.49981895454438846,-0.0001746436889639498
1771970300250770756,4.430681976960031,2.789515702484356,0.7049747959108899,0.4998189328872395,-0.00017449508679634186
1771970300308500266,4.444364090332702,2.801156755941391,0.7049682534527263,0.49981893466964955,-0.00017447460153888257
1771970300382593338,4.458090801366014,2.812835605545328,0.7049622400382666,0.4998189348367899,-0.00017445763331311635
1771970300410709599,4.471773061910679,2.824476488157789,0.7049557050867354,0.49981893997574345,-0.00017442085586078063
1771970300497134466,4.485499919202506,2.8361551652469914,0.7049496900764578,0.4998189388867355,-0.00017441275527884702
1771970300543176875,4.499182325051379,2.8477958754075496,0.7049431492602236,0.499818940594451,-0.00017439653839563157
1771970300713814927,4.512909329453796,2.859474380602648,0.7049371388028499,0.499818941213314,-0.00017438002164646394
1771970300812493689,4.526591881537692,2.8711149191579897,0.7049305993623356,0.49981894307042846,-0.00017436423419774387
1771970300861196376,4.54031903254456,2.882793252128181,0.7049245900257392,0.4998189439489936,-0.0001743496470725853
1771970300929315698,4.554001730788625,2.8944336190690128,0.7049180516064474,0.4998189222370417,-0.00017420018834124866
1771970300973488923,4.567729028360087,2.906111779829651,0.7049120432472481,0.4998189453086505,-0.00017431295456089095
1771970301035317647,4.581411872729827,2.917751975172636,0.7049055057575467,0.4998189472982035,-0.00017429915327626084
1771970301082380910,4.595139316836928,2.929429963743328,0.7048994983037565,0.4998189484472757,-0.00017428259586120987
1771970301148530753,4.608822307302504,2.941069987505537,0.7048929616841604,0.49981894687478795,-0.00017428722937524088
1771970301198238158,4.622549897918199,2.9527478039045527,0.704886955089939,0.49981894920897885,-0.00017426385144073204
1771970301257557251,4.63623303444445,2.9643876560974856,0.7048804193367636,0.49981895086621986,-0.0001742497873894507
1771970301340785018,4.649960771483269,2.976065300296874,0.7048744139775619,0.499818951235126,-0.00017423562580044167
1771970301416299454,4.663644054238821,2.9877049810951717,0.7048678775816167,0.4998189532967349,-0.00017422716866398634
1771970301496287592,4.677371937768667,2.999382453159459,0.7048618727599913,0.4998189536263675,-0.00017421462707716966
1771970301586329909,4.691055366350501,3.0110219622479266,0.7048553382461115,0.49981895484954214,-0.0001742037787108727
1771970301647806654,4.704783396048312,3.022699261926688,0.7048493312376919,0.4998189540643418,-0.00017420002654474641
1771970301753604524,4.718466971187521,3.034338599951998,0.7048428013486434,0.4998189572025118,-0.0001741789136202866
1771970301833636960,4.732195147591618,3.046015727820587,0.7048367972062969,0.49981895749989613,-0.0001741697151652378
1771970301876781310,4.745878868175721,3.0576548939200014,0.7048302639962477,0.4998189586791552,-0.00017416024420177122
1771970301930380429,4.759607191041422,3.069331849736617,0.7048242607756426,0.499818959133197,-0.00017415087304536303
1771970301986660489,4.773291057603189,3.0809708443529065,0.7048177282132787,0.4998189603298126,-0.00017414200968006538
1771970302051150377,4.7870195268709494,3.0926476281004707,0.7048117255784957,0.4998189610130611,-0.00017413444185010481
1771970302146063522,4.80070353938295,3.1042864512382486,0.7048051935621964,0.49981896150865357,-0.0001741222761671817
1771970302182917458,4.814432155033419,3.115963062926026,0.7047991914529638,0.4998189621379736,-0.00017411474174259834
1771970302223076280,4.828116313476904,3.12760171459439,0.7047926599358411,0.4998189633276158,-0.00017410641741724236
1771970302310977366,4.841845075494417,3.139278154232649,0.7047866583112039,0.49981896502206535,-0.00017409146246638444
1771970302361291640,4.855529379852723,3.15091663444001,0.7047801272569618,0.499818964175181,-0.00017409469911565764
1771970302476388492,4.86925828822187,3.1625929020377113,0.7047741260863232,0.4998189647453718,-0.00017408644437132687
1771970302510954407,4.882942738474403,3.174231210788208,0.7047675954915229,0.4998189657317421,-0.00017407917979062607
1771970302558005593,4.896671793292998,3.1859073064408054,0.7047615939313066,0.4998189665061905,-0.00017407456759992618
1771970302650224730,4.910356389357266,3.1975454436717725,0.7047550642966399,0.49981896711598794,-0.00017406643510701076
1771970302744823485,4.924085590387365,3.2092213672077285,0.7047490638873302,0.49981896744165455,-0.00017406025323717992
1771970302790511018,4.937770332375965,3.2208593330479593,0.7047425337760468,0.4998189681931029,-0.00017405496152654763
1771970302841105683,4.94279802831959,3.2250163662658893,0.6770294348771573,0.46787784594413984,-0.0771382127114215
1771970302965085530,4.94681260958701,3.2281556386346635,0.6502674402913478,0.43213384949315825,-0.1514589434576535
1771970303013082570,4.949275436482711,3.229975063764893,0.6222630267624828,0.39057658498340825,-0.2292323098581604
1771970303069149865,4.9507350682410864,3.230987019531752,0.5901608633230637,0.34560974115285154,-0.31838684426128505
1771970303114014961,4.9586589068411255,3.2361943610183848,0.5726431414628382,0.3218851892355531,-0.3670305128433924
1771970303147637159,4.9704006602947555,3.2437206646789973,0.5673820856814744,0.31072571917978176,-0.38162641613937903
1771970303197937413,4.983105386446046,3.251795539743009,0.564961008921657,0.30247845385800015,-0.3883349583604817
1771970303278220727,4.995990530882417,3.2599471239852624,0.5631796261575798,0.29493092117148256,-0.3932651059421702
1771970303337651972,5.011980612265132,3.2700387038676215,0.5627894214779745,0.29739080550549213,-0.39433234002633644
1771970303375083100,5.027498523224635,3.27982954731503,0.5629268169613029,0.2984580596782365,-0.39393254670797095
1771970303431976359,5.042869526331679,3.289530529183314,0.5630526114354545,0.33082573152212547,-0.3166022873375653
1771970303533760012,5.05811148019003,3.299152009376687,0.5631092463235049,0.3667376524377428,-0.24210609435474156
1771970303590322586,5.073371867336833,3.3087859443536023,0.5631293410252982,0.4083622226678824,-0.16426023815859428
1771970303637454580,5.088570335018073,3.3183810382872285,0.5631326684160929,0.4533557203613892,-0.07507831918592274
1771970303699325917,5.103813468309819,3.3280043356804785,0.5631298264480809,0.4770912768767871,-0.02642587504096407
1771970303763606345,5.119005215101385,3.3375950971644195,0.5631237657540821,0.48825518975056087,-0.011828666464973396
1771970303837981323,5.13424573932587,3.3472165116819776,0.5631166111754814,0.49650453882457324,-0.005123327072716083
1771970303884519744,5.149436436934369,3.356806319427026,0.5631095508956235,0.5040526358050086,-0.00019465350544785927
1771970304050132810,5.164676608423597,3.366427207528447,0.5631023250792161,0.5015932264514121,0.0008691766701136699
1771970304150160335,5.179867361742398,3.376016738912684,0.5630945089858257,0.500526257286854,0.0004658111792291798
1771970304231843045,5.195107597793021,3.385637346151076,0.5630871872132536,0.5000999181003409,9.604382721885662e-05
1771970304318650280,5.210298464379821,3.395226627040804,0.563079333088162,0.49993217382903954,-8.309232039658507e-05
1771970304366840590,5.225538840337723,3.404846998954983,0.5630719932161834,0.4998650581423659,-0.00015929946976343402
1771970304429786807,5.230969454603,3.408172968378141,0.5359725590152692,0.46762761418645066,-0.07544474833549966
1771970304520783817,5.2357291198582825,3.4109211703477933,0.5112905270403623,0.4328208303209847,-0.1439980539109627
1771970304563665513,5.238596073056781,3.412474304837916,0.4816636609268852,0.3919732939116159,-0.2262780689649365
1771970304622891530,5.240412063699624,3.41338630910524,0.44916056630746437,0.3475531893588126,-0.3165445690781795
1771970304678004768,5.241163584430923,3.4137326079530763,0.41443289970658787,0.2999505633828485,-0.4129906977475198
1771970304754488557,5.248963448529221,3.4170779827897175,0.39590862173988295,0.2734623762090459,-0.46442695372048537
1771970304788370137,5.26185238891268,3.4224225291688506,0.3902539689771828,0.262320045213849,-0.4801126111352095
1771970304860093582,5.275804788072741,3.428141504674544,0.38775541203237,0.2541428570419268,-0.48703270883586613
1771970304886603857,5.289963535675268,3.433909718144692,0.3859760119050878,0.2467104142151897,-0.4919536699530555
1771970304931493045,5.306551953654001,3.4406423363878718,0.38512417350136685,0.24637663332614773,-0.49429949920792077
1771970304990502874,5.323912743087636,3.4476813379642968,0.3852743140069722,0.2807242583769736,-0.41860623613437786
1771970305073970717,5.340815912937751,3.4545383996508825,0.3854903504354545,0.3161265731990267,-0.34944493501309815
1771970305155515187,5.357618837978828,3.461357942137172,0.3855959215084454,0.3574413754360512,-0.26685483171748703
1771970305226201527,5.374304717474988,3.468131393651276,0.3856357060640877,0.40181931223758405,-0.17645794512023574
1771970305315420724,5.391020259142937,3.4749173803875926,0.38564668471963925,0.44963311625705427,-0.07996170829698021
1771970305364203315,5.4076717428764045,3.4816774529598824,0.38564512587677624,0.4759782387196817,-0.028509710730835823
1771970305428522848,5.424373648411395,3.488457922023038,0.3856391328397407,0.48729116516241183,-0.012818989270682027
1771970305481713967,5.441019840104246,3.4952156326862656,0.3856306580113766,0.49530946505185636,-0.005902094502780341
1771970305552921375,5.45771962348191,3.5019949319723067,0.38562190773228733,0.5029059244928464,-0.000983622702252124
1771970305605398838,5.474365053861302,3.5087519889176346,0.38561233077071433,0.5030781949153693,0.001355992414851418
1771970305654266224,5.480115268021949,3.5109929558030477,0.35761171591991475,0.4681841548162794,-0.07684055024170228
1771970305831069619,5.485156412787759,3.5128047972596366,0.33245590190553803,0.43239507910325614,-0.14731791258286348
1771970305873436106,5.488322160186571,3.513847167235583,0.3037133815302872,0.39128115236058325,-0.2274514999389609
1771970305915674300,5.489895131870394,3.514313654530401,0.27289028155472306,0.34581578817706843,-0.31318173474772915
1771970305984577450,5.499419575746658,3.5168935024439323,0.2561473317744476,0.32311381870759115,-0.35972042484776107
1771970306282691813,5.512409912616508,3.520249196152511,0.24944456734814943,0.31046217545232624,-0.37833488480171734
1771970306344299785,5.526849419869317,3.5239064736960772,0.24668719097247163,0.3017669109173684,-0.38597761629793337
1771970306410721226,5.543105384946549,3.527988262200417,0.24533042749084197,0.2984196996180151,-0.38972286255699806
1771970306449263081,5.560824727634841,3.5324210179937787,0.244937095694213,0.29909199008521153,-0.3907911445501624
1771970306732420849,5.578338903062869,3.536798744154165,0.24493234683209167,0.2993374451538161,-0.39077773316279674
1771970306822981134,5.595856418059017,3.541177408359157,0.24494819700546355,0.33235080104696924,-0.3129542192068907
1771970306890317513,5.613297472059235,3.5455371345977276,0.2449511441081803,0.3674082984495194,-0.24306877165952173
1771970306984089478,5.630788471257655,3.5499093321132134,0.24494674578498385,0.4082308546172756,-0.16324065484838873
1771970307080722168,5.648219213373508,3.554266348218298,0.24493828845831503,0.45358164487787855,-0.07764442526826233
1771970307148322917,5.665704944979694,3.558636942817016,0.24492879281256213,0.4762369350143076,-0.031162608227409516
1771970307236708514,5.683133640165027,3.5629930950499245,0.24491819991491232,0.4888704123228763,-0.012573242870083138
1771970307339085866,5.700619155699043,3.56736325465355,0.2449078661066194,0.4975589837724609,-0.00494256907180397
1771970307427605353,5.718047836050045,3.5717190125599942,0.24489693717612743,0.5009038119433555,-0.0012041397630944087
1771970307555857972,5.735533140523064,3.5760887231859826,0.244886472012329,0.5002306414221355,-0.00014062133856663155
1771970307638696184,5.752961789571184,3.5804440765320553,0.2448754804379203,0.4999850888885553,-0.00015796220603167302
1771970307718119650,5.770447259789883,3.5848134297549183,0.24486499228103764,0.49989246068690535,-0.00023112423451681317
1771970307744570274,5.787876033056779,3.589168416369822,0.24485399732553156,0.49985617327312415,-0.00026985217402462886
1771970307809075555,5.805361552122702,3.593537382689064,0.2448435078150904,0.49983922870206443,-0.00028677213859320595
1771970307980358859,5.822790400273001,3.5978919901664086,0.24483251045840412,0.4998325025117264,-0.0002938277775304954
1771970308028170248,5.840276032533498,3.6022605856019756,0.24482202080778298,0.4998308884573646,-0.0002965889021645376
1771970308069847013,5.857704982412568,3.6066148206376636,0.24481102489095322,0.49983028376138494,-0.00029770839988657317
1771970308121788357,5.875190698937073,3.6109830379839063,0.24480053490831827,0.4998295175205598,-0.0002981422175033227
1771970308164211062,5.892619739434996,3.6153368978628055,0.24478954474171294,0.4998292100347094,-0.0002983123178181083
1771970308214558733,5.9101055541004115,3.6197047406957386,0.2447790553869136,0.49982932732782126,-0.0002983795150433331
1771970308267924562,5.9275346891144345,3.6240582264174606,0.24476806102456097,0.49982937950254136,-0.0002983872593317888
1771970308314181360,5.945020595791908,3.628425693160274,0.24475757446601631,0.499829285619823,-0.0002983828195037266
1771970308394531430,5.962449823065248,3.6327788042115694,0.24474658414447711,0.4998292464352489,-0.0002983699473735571
1771970308558110240,5.979935825593107,3.6371458958735223,0.24473609218808898,0.49982928729976317,-0.0002983767416706045
1771970308592099020,5.997365147272741,3.6414986327140193,0.2447251003642518,0.4998293041605376,-0.0002983613726453281
1771970308654495227,6.014851242136303,3.6458653484030537,0.244714615239793,0.49982928550078,-0.0002983487999722667
1771970308748240125,6.032280657339603,3.6502177109231555,0.24470362323952807,0.4998292791001024,-0.00029833792062584625
1771970308828228624,6.0497668462419,3.654584051129025,0.24469313858230946,0.4998292886528117,-0.0002983231278027951
1771970308931634949,6.067196355100371,3.6589360393739647,0.24468214714358139,0.4998292911428285,-0.0002983266614770302
1771970308986276976,6.084682637692446,3.663302004029482,0.24467166305788782,0.49982928811654476,-0.0002983120250716994
1771970309058401442,6.1021122400505075,3.6676536179813595,0.2446606721635548,0.4998292878906675,-0.00029830239168413734
1771970309108144030,6.119598616460266,3.6720192071387503,0.2446501886137551,0.4998292902453062,-0.0002982940340591396
1771970309136067865,6.13702831235865,3.676370446827198,0.24463919822136712,0.499829293860798,-0.0002982942308611499
1771970309209848217,6.154514782497211,3.6807356604831387,0.24462871512760903,0.4998292903298694,-0.0002982696124444973
1771970309254428442,6.171944571861659,3.6850865259052665,0.2446177250201132,0.49982929148992544,-0.00029826484483000865
1771970309327080890,6.189431140835001,3.6894513656292816,0.24460727268766347,0.4998293069630346,-0.00029817375591581957
1771970309391415742,6.206861018703519,3.693801855854555,0.24459625403105284,0.49982929411883614,-0.00029824780132016205
1771970309475490423,6.224347676301044,3.698166318575144,0.244585771731311,0.4998292940921722,-0.00029824125277362455
1771970309501107954,6.241777652652409,3.7025164355493403,0.244574782712996,0.49982929506377527,-0.0002982345294039681
1771970309576324084,6.259264403961324,3.7068805228168533,0.24456430129423065,0.49982929527602654,-0.0002982271212698973
1771970309706531759,6.276694474203206,3.711230265666111,0.24455331029315128,0.4998292975293265,-0.0002982274177875578
1771970309825166613,6.294181319059808,3.7155939774241618,0.24454283030557128,0.4998292971214675,-0.00029821752273276466
1771970309882821231,6.311611482337741,3.719943345969579,0.24453184211797208,0.49982929810442067,-0.0002982113983200043
1771970310007080388,6.329098421121576,3.724306682369046,0.24452136114843734,0.4998292984432731,-0.000298205497699624
1771970310125482003,6.346528677861391,3.7286556767265173,0.24451037315062407,0.49982929958106537,-0.000298199637469829
1771970310231884088,6.3640157103477915,3.7330186377085286,0.24449989243859,0.4998292852042051,-0.00029827846964870883
1771970310324591085,6.381446060519233,3.737367257879169,0.24448890469967824,0.4998293004175296,-0.00029819258715182767
1771970310418338991,6.39893318669311,3.7417298434495194,0.2444784242436882,0.49982930087270383,-0.0002981874656190002
1771970310456146945,6.416363630281849,3.7460780894392363,0.24446743674400606,0.4998293019233745,-0.0002981832471944488
1771970310515270914,6.433850850131531,3.7504402996039157,0.2444569565169275,0.4998293024298162,-0.0002981799369534786
1771970310564750836,6.451281387123433,3.7547881714175966,0.24444596922230294,0.49982930224830585,-0.00029816964124601526
1771970310598700232,6.468768700633132,3.7591500061798513,0.24443548916469898,0.49982930324518005,-0.00029816983575708917
1771970310627592776,6.486199330974943,3.7634975038087415,0.2444245018026743,0.4998293041030655,-0.000298167542494122
1771970310688931848,6.503686738279922,3.7678589632121744,0.24441402274930069,0.49982930485922106,-0.00029816221982412763
1771970310726294642,6.521117462011101,3.77220608668598,0.2444030356231001,0.4998293056596771,-0.00029815979867795167
1771970310794290926,6.5386049628252065,3.7765671706673487,0.24439255594367235,0.4998293060067106,-0.0002981569303268924
1771970310856839792,6.544541660204482,3.77813366248457,0.2715788864598778,0.4669833617346725,0.07524994933376555
1771970310904671059,6.549458525162333,3.779587997319907,0.3035917889502825,0.43116272557840774,0.1642037908513847
1771970311004926579,6.552962066418168,3.7807548728103186,0.33941010601727184,0.39151918682309794,0.26372963687101253
1771970311074130509,6.5632969720359835,3.7844748006903606,0.35159172877700134,0.37196633561422693,0.29759658961209123
1771970311256935883,6.576012069595752,3.789138982711185,0.35157231903823527,0.35968563946148757,0.29757319393392084
1771970311314998338,6.590051023281927,3.794274715901407,0.3498246025347233,0.35114607899470124,0.2927475371397398
1771970311359494143,6.606054378648722,3.8001029643237128,0.3486936897391198,0.3485543942024739,0.28963663315758126
1771970311395387839,6.623067020496049,3.8062849023648693,0.3483834127549658,0.3487708241509428,0.2888038611276374
1771970311439233403,6.640054114653427,3.812454411003408,0.3483664684894805,0.3490711753794996,0.28878731351851317
1771970311515365496,6.65695761632475,3.8185934335881146,0.3483702139740938,0.348961954584652,0.2888268278630714
1771970311558448230,6.673906515112285,3.824748965636226,0.3483687739583376,0.3819952725647194,0.21330524305218884
1771970311627713955,6.690795312868934,3.8308825960071378,0.34836246419362443,0.4176631843783773,0.12436298678811633
1771970311710730214,6.707736455957594,3.837035100634628,0.34835454886744194,0.4574709764485794,0.02484567458376552
1771970311759280045,6.724622233436782,3.843167333278656,0.3483452099516831,0.4768618921788983,-0.009018107848091695
1771970311813767730,6.741563141930883,3.849319409861121,0.34833604354272296,0.4893058230940345,-0.008989654154186302
1771970311877724943,6.758448914375234,3.8554512825295575,0.3483262377134316,0.4976830935681247,-0.00416212450358148
1771970311951144885,6.775389466767601,3.8616028642770592,0.3483168904691171,0.5004366141391002,-0.0010466646388945938
1771970312017018475,6.79227516055863,3.8677343413392884,0.34830698150874995,0.5000573132881445,-0.00021230901726644133
1771970312071918250,6.809215951483459,3.873885640034986,0.3482975882308484,0.49991915208550824,-0.00019133405175598723
1771970312430964783,6.826101816710988,3.8800168104777897,0.3482876831802934,0.49986565922144904,-0.00022925220500106744
1771970312589480098,6.843042653206081,3.8861677556677057,0.3482782876951518,0.4998402599895056,-0.00025135073107175577
1771970312660208368,6.8599286063051474,3.892298589100602,0.3482683781018636,0.49983018088850734,-0.00026135025489093966
1771970312704867318,6.876869593295017,3.898449218768727,0.3482589821115007,0.49982799569704006,-0.00026546321094779603
1771970312755795971,6.882358361461726,3.9005409851026083,0.3799557172843951,0.4662427160649508,0.08780696481294656
1771970312797288223,6.887690005432486,3.90276429692988,0.410199708188616,0.43222458354981697,0.17184351290498007
1771970312848691731,6.890651244167088,3.9041131259821293,0.444628403616082,0.39136196980269783,0.26750601639702654
1771970312912129394,6.892180226253033,3.9048764753271596,0.48147173023355294,0.34604574309575475,0.36987455490182025
1771970312966440026,6.8927694167313875,3.9051981860853733,0.5180956431629115,0.2980093029739694,0.4716351712620052
1771970313035724441,6.901319740424816,3.9101437785580058,0.5306907301470025,0.2753833380684657,0.5066476164341502
1771970313097174625,6.9127986409046365,3.916866514986387,0.52892703166116,0.26243370961776524,0.5017759680028039
1771970313147661183,6.925513880701624,3.924277767920715,0.5265210651666813,0.2532518879605464,0.49511882631021187
1771970313197727382,6.9391002367606065,3.9321597195065254,0.5248519501885289,0.24698150364307786,0.49050992246337427
1771970313308677168,6.955049194164831,3.9413888398143664,0.5243181594797974,0.24810318727710587,0.48905327046790814
1771970313385804145,6.970813083786021,3.950505380633107,0.5243303512045827,0.2823701666051284,0.4010406497788588
1771970313468400183,6.986427069687609,3.959535865076059,0.5243791717831314,0.3164271054180744,0.31716517665212735
1771970313555652675,7.00205424946641,3.9685747253369983,0.5244017996475441,0.3575350132949075,0.2215927667537032
1771970313636016174,7.0176148697471294,3.977575375713483,0.5244069617917749,0.4027216331822581,0.1192645321059795
1771970313676171876,7.033219574505001,3.9866015596456585,0.5244050644710998,0.45093227596289315,0.017526170300494793
1771970313724962268,7.048771378276303,3.9955970636954254,0.5243992028261755,0.4733999226048833,-0.017476464780046976
1771970313797428290,7.064373144439426,4.004621337616749,0.5243926283110514,0.48651387442932614,-0.012595564861392475
1771970313863047814,7.0799239001706304,4.013615959325198,0.5243850282799352,0.495533846778777,-0.00593343579650748
1771970313908873752,7.09552506826066,4.022639584750537,0.5243777390500323,0.5019663045224518,-0.0013172531624886343
1771970313980568065,7.111075667053634,4.031633803632488,0.5243698443550164,0.5006817401446747,0.00014356909783042876
1771970314060220844,7.126676974989875,4.040657192641675,0.5243624429857872,0.5001612533102335,8.914383667862616e-05
1771970314132232950,7.142227714790102,4.0496511752842625,0.5243545135014367,0.49995840997028934,-6.849522692977653e-05
1771970314170331176,7.157829105644391,4.058674292964626,0.5243471029248425,0.49987450520388566,-0.00015193534083785066
1771970314204333462,7.173379959529044,4.0676680233005085,0.5243391788302787,0.49984139736104805,-0.00018828600415671617
1771970314303587759,7.188981532660009,4.076690925377873,0.5243315995778326,0.4998293029720392,-0.00020406914796446525
1771970314341702385,7.204532515141111,4.085684409633176,0.5243237985050644,0.49982451913711345,-0.00020945644753034317
1771970314383334917,7.220134190316495,4.094707052378096,0.5243163985877887,0.4998220318505844,-0.00021174923128533998
1771970314437666390,7.235685325573607,4.10370030825923,0.5243084746463468,0.4998210449996673,-0.00021264898219051296
1771970314547080981,7.251287144176256,4.112722714889025,0.5243010723742156,0.49982091426379743,-0.00021296298837991342
1771970314571727721,7.256792777954341,4.116032353595487,0.5582087571043155,0.4677648549216193,0.09399697985901148
1771970314618963880,7.261647682411956,4.119161216050251,0.5867534386392088,0.4337458779999433,0.17330832125922324
1771970314800451580,7.264373626999663,4.121040934295791,0.6206241337748915,0.3930432016226354,0.26741561187027396
1771970314845134090,7.273039345282386,4.127298834199104,0.6302436492451997,0.37267191153283913,0.2941570731116271
1771970314894459571,7.284081107184269,4.135358711200728,0.6308398805751179,0.36074463150894753,0.29583528262409553
1771970314938828362,7.296202452331889,4.1441972323727,0.6292322835504042,0.35235223084200074,0.2913907888122477
1771970315021926268,7.309171665689206,4.153625031173558,0.6279208246150654,0.3469898530831246,0.28776951697177977
1771970315079146256,7.32417379057831,4.164510100521887,0.6274406353083455,0.3484128754803528,0.2864562131122149
1771970315260342967,7.3388770228984,4.175173596476539,0.6275013692063832,0.3489648374236786,0.28664692933299174
1771970315346774521,7.353530986708042,4.185802727051061,0.6275628502069708,0.3491875554582684,0.28683827175721033
1771970315396726243,7.3680977746684295,4.196369602317407,0.6275892600818674,0.38133113975487615,0.1927236193817975
1771970315442772023,7.382696059362591,4.206959707235488,0.6275971085916205,0.4153838495262706,0.11345463875653694
1771970315483036693,7.3972409738784775,4.217511170460119,0.6275960077147807,0.45609972024080514,0.019366316499682127
1771970315541093911,7.411831076149281,4.228095357569461,0.6275919782006311,0.4764768707684327,-0.007365752901547074
1771970315600805390,7.426372854184152,4.238644377861531,0.6275860348174843,0.4884063847745729,-0.009038460437856931
1771970315662453039,7.440961526006537,4.249227283539016,0.6275800581482928,0.49679920096663777,-0.004589515005857261
1771970315719956237,7.455502813046454,4.259775674818843,0.6275733682187429,0.5021617157412311,-0.0009651566564502353
1771970315891735805,7.470091506222243,4.270358309314015,0.627566974427697,0.5007388298246265,0.00035094199819810654
1771970315934123652,7.4846328868733805,4.280906476554568,0.6275601423809262,0.5001868001735034,0.0001632588181745762
1771970315986597666,7.499221629877495,4.2914888533826305,0.62755380814673,0.49996389384785916,-2.511683400264536e-05
1771970316069577988,7.513763121583621,4.302036808557096,0.6275469376644541,0.49987615576229577,-0.00011756227059250405
1771970316155013566,7.528352016481499,4.3126190013137125,0.6275405810626469,0.49984213772928304,-0.00015702091381654756
1771970316416114085,7.542893663851981,4.323166776671509,0.6275337838632467,0.49982877648191637,-0.0001728440320395702
1771970316518110550,7.557482686617314,4.333748769209643,0.6275274181441254,0.4998227697831731,-0.00017933349029427623
1771970316561647003,7.572024459171155,4.344296342480216,0.6275205514434189,0.49982039733154043,-0.00018189826129302752
1771970316640824473,7.586613629815021,4.354878148015105,0.6275142170285113,0.4998197246011037,-0.0001828919993936518
1771970316692932875,7.601155544123138,4.365425531233495,0.6275073585602392,0.4998194908901296,-0.00018336016251039024
1771970316782470925,7.615744852614971,4.376007143083775,0.6275010297802097,0.4998192065420487,-0.00018317957635413255
1771970316841812152,7.630286905533979,4.38655433423801,0.6274941759994895,0.49981912621152497,-0.0001832399484356049
1771970316923382263,7.644876354518937,4.397135754539274,0.6274878517160485,0.4998191536082519,-0.00018321230744910354
1771970317066335748,7.659418547070377,4.4076827545712085,0.6274810023447485,0.49981917173486456,-0.00018315366584934975
1771970317137999686,7.674008135014254,4.418263982408947,0.6274746825238559,0.4998191564032496,-0.00018305149664151165
1771970317198640117,7.679473264775812,4.422353721003534,0.6573924529904117,0.468880082240553,0.08294074757532424
1771970317262432551,7.68345514426921,4.425529138216146,0.688996501600277,0.43296480130301945,0.17074745404458974
1771970317321506381,7.685927417467486,4.427637161811211,0.7230831968325648,0.3920894865060186,0.2654517927471983
1771970317364201704,7.693851663053187,4.434699946960034,0.7328787008307002,0.37151238648553964,0.29267912167227345
1771970317471540759,7.704013590967844,4.4438511847622575,0.7333496836668273,0.35959821881890247,0.2940064586289522
1771970317503431576,7.715167649639777,4.453884228860834,0.7317247567224936,0.3512087230616388,0.2895103526170034
1771970317583050918,7.7271010386973655,4.4645865940625775,0.730410523873566,0.34583453226186045,0.2858787440942109
1771970317680914569,7.740907054827876,4.476946080556369,0.7299305461641279,0.3472437971877743,0.2845630401331102
1771970317733551396,7.75444179916071,4.489057613325149,0.7299917312331368,0.3477946311856718,0.2847520246895231
1771970317831859147,7.767931193699808,4.5011300614385785,0.7300537531467606,0.34801679773473027,0.2849418628409578
1771970317925033796,7.781340396136608,4.513131825764756,0.7300815699457733,0.3790434677766187,0.20191421376458335
1771970318003715604,7.794778510282481,4.525159911435444,0.7300904604245672,0.41499261468170723,0.11414988562286014
1771970318094683340,7.80816749017777,4.5371441251594105,0.7300904244848792,0.4558812033294254,0.019464521256413733
1771970318157991076,7.821598065247894,4.549165533827033,0.7300874772792149,0.4764641678717355,-0.007753398754096791
1771970318265509817,7.83498415734856,4.561147032581676,0.730082610581516,0.4883805938016996,-0.009075203014738747
1771970318360193573,7.848413417571477,4.573167051805326,0.7300777160824622,0.49677066449700363,-0.004575112888968056
1771970318430523746,7.861799066771213,4.585147909286145,0.7300720604933224,0.5021450103970788,-0.0009401760562301222
1771970318519741750,7.875228336980093,4.597167678519479,0.7300668562951022,0.5007358744357546,0.00037863925270598527
1771970318613202717,7.888614072350532,4.609148349935301,0.7300610868028404,0.5001850269163745,0.000192654360288235
1771970318746405629,7.90204340564802,4.621167909696749,0.7300558400398672,0.4999627332701816,5.79692529595408e-06
1771970318879711440,7.915429245182065,4.633148408559548,0.730050054422716,0.4998749812002872,-8.754311960349223e-05
1771970318944770460,7.928858723574767,4.645167831321421,0.730044805911965,0.49984105836826365,-0.00012681809056173907
1771970319015639142,7.9422447003869365,4.657148187122182,0.730039027692797,0.49982769556171347,-0.00014276886689463278
1771970319177832812,7.955674296564456,4.669167449149829,0.7300338246317395,0.49982169268948706,-0.00014903513187595221
1771970319245766433,7.969060413245569,4.681147664375112,0.7300279620766504,0.4998193657827432,-0.00015180140240428708
1771970319298243991,7.982490149952227,4.693166784195486,0.7300227310451491,0.4998186858575703,-0.00015273621475879467
1771970319370252423,7.995876387892536,4.70514684140309,0.7300169434059406,0.4998184219397518,-0.00015310302050506482
1771970319443848721,8.00930626480222,4.717165820861457,0.7300117672756811,0.4998182146608672,-0.00015302505394787407
1771970319482098588,8.022692633197819,4.7291457304521085,0.7300059750394335,0.49981811366122403,-0.00015308823168604725
1771970319533642466,8.03612263510794,4.741164555769166,0.730000738785839,0.4998181370607894,-0.00015305903896707416
1771970319574981867,8.049509138949048,4.753144321004542,0.7299949714565861,0.4998181530750806,-0.00015300823924990775
1771970319637884097,8.062939273202616,4.765162998711666,0.7299897422395623,0.49981813045446655,-0.00015295464556310014
1771970319703416071,8.076325909025178,4.777142617020699,0.7299839798149726,0.4998181283780313,-0.0001529107717343679
1771970319847749429,8.089756175705823,4.789161147449283,0.7299787549245297,0.4998181610220521,-0.0001529714089157109
1771970319906800844,8.094762649083911,4.793778981899683,0.76009947767827,0.46883756051868336,0.08353198778214117
1771970319955970373,8.098373523844714,4.797315375160116,0.7898556538026773,0.4328143951985667,0.16620256321613094
1771970320028873178,8.100620457625446,4.799664368507952,0.825346423131345,0.3919437418649293,0.264804110348961
1771970320093041760,8.101506849788752,4.800660677621551,0.8620826605705137,0.345585185719937,0.3668635924860971
1771970320289697868,8.107676493574193,4.80794251030581,0.8737014800329337,0.32219608410267797,0.39915418053789914
1771970320324122631,8.116499201209875,4.818459762282308,0.8718860944337946,0.31026588489626244,0.39412598791139425
1771970320496395544,8.126059183683601,4.829808536191578,0.869599134228675,0.30158397502128464,0.38778934103399654
1771970320618329419,8.13621355626046,4.841815169686113,0.8679735234670056,0.29520107572920734,0.3832882811877667
1771970320715253419,8.148189545133484,4.8559454372102735,0.8674889779190005,0.29675228051726876,0.38195832806717
1771970320769524627,8.159998041686464,4.8698720573137555,0.8675467533709735,0.2974087335712713,0.3821333290183271
1771970320831169092,8.171674672110965,4.883644982653216,0.8676196772992283,0.32864562890948346,0.29866722116989125
1771970320921557008,8.183352997209672,4.897421415622101,0.8676547962219264,0.36477320743384317,0.21610872894201094
1771970320999250043,8.194978441041302,4.911136131158186,0.867667468202014,0.40568491546527,0.11755845852944749
1771970321066173397,8.20663574481735,4.924888651822809,0.8676705386469155,0.4520594284925215,0.015521883545536902
1771970321120979749,8.218252940414008,4.938593876980318,0.8676690147979775,0.4754546636511023,-0.016756847874849455
1771970321335464957,8.229907194675295,4.952342764847806,0.8676664678965501,0.48738767148209766,-0.01172118482565848
1771970321426469657,8.241523287506565,4.966046545055438,0.8676627210600634,0.4960706594506406,-0.005378925468354881
1771970321485452730,8.25317703562428,4.979794647672384,0.8676592619156106,0.5024537938535802,-0.0008729487538722501
1771970321551945480,8.257397115877222,4.984937622660423,0.8996377138934264,0.46948265977609915,0.08930204437326274
1771970321585120959,8.26016774071866,4.98854400719844,0.9317896664885897,0.431396483041046,0.17845253643753392
1771970321631982251,8.261890915968225,4.9909417261912346,0.9635062324627545,0.38944180592258015,0.2663515421204751
1771970321713307366,8.267788104710261,4.999529920000588,0.9746498731827813,0.36821331678110913,0.2972085471130045
1771970321771422675,8.275491406107871,5.010865262655292,0.9731604459032491,0.3563414910076129,0.2930360491696229
1771970321829834172,8.283926485435146,5.023230987713766,0.9711635360151254,0.34784220314935604,0.28748054824456226
1771970321877789717,8.29390668143517,5.037815547292504,0.9702085013837856,0.34702546620860797,0.28483190718230483
1771970321931039735,8.30408608764679,5.0526724673853,0.9699873054524086,0.34698652289300613,0.2842245487657793
1771970322006797343,8.314238415540594,5.067485711769208,0.9699469722631097,0.34696910646836787,0.28412292000796807
1771970322098368530,8.324427603263084,5.082351939987451,0.9699372259581048,0.3469694237434301,0.284105455673101
1771970322242878993,8.334583787187231,5.097169783704791,0.9699324139639594,0.3783896074629983,0.19526305575112993
1771970322333113750,8.344772336540608,5.112034721044194,0.9699292295365886,0.4158159219957841,0.10594323068867986
1771970322367796365,8.35492828119625,5.126851982206895,0.9699257153132129,0.4575128170098644,0.017831896806765342
1771970322424716236,8.365117828878416,5.141718168215358,0.9699228865900676,0.4786379178135113,-0.013130518313106618
1771970322523697942,8.375274221241494,5.15653588104888,0.9699193739055143,0.4904689813351756,-0.009002977771505315
1771970322600305499,8.385463554991855,5.171401561011674,0.9699170611507774,0.49895181154840057,-0.0034624301787736338
1771970322648381725,8.395619940158017,5.18621907609631,0.9699134132165914,0.49976224642515693,-0.0008196893533162662
1771970322693446306,8.405809491897925,5.201084879393737,0.9699108064484315,0.4997985320846908,-0.00021249723326995234
1771970322753233529,8.415966013381242,5.215902400614281,0.9699075359976108,0.4998149170827874,-0.00010954518194163229
1771970322827862089,8.426155588768317,5.23076804933068,0.9699048207502264,0.4998141981170757,-9.001446632898147e-05
1771970322910017961,8.43631216854733,5.245585465235233,0.9699015392903125,0.4998138395794638,-8.576298235283106e-05
1771970322969805584,8.446501871238812,5.26045110855551,0.9698988263306931,0.49981726841522234,-8.445334971064186e-05
1771970322999223470,8.456658556190312,5.275268487569133,0.9698955535764199,0.4998187010568042,-8.37826022038383e-05
1771970323073986476,8.466848330748817,5.290134045038566,0.9698928475013706,0.4998176172478036,-8.344191304793992e-05
1771970323123175074,8.47700509749986,5.304951353495986,0.9698895794752315,0.49981727871281956,-8.27623063418097e-05
1771970323166931793,8.487194969223959,5.319816862376192,0.9698868792693972,0.49981773161738274,-8.383855938968975e-05
1771970323223966628,8.497351828210727,5.3346341158683455,0.9698836179507561,0.49981787639760267,-8.276462732119722e-05
1771970323292838564,8.507541784788474,5.349499558601106,0.9698809237720651,0.4998176860803395,-8.300743435141059e-05
1771970323365646369,8.517698730666666,5.364316749713533,0.9698776675717627,0.49981759626105904,-8.296784957856129e-05
1771970323396038076,8.527888777389549,5.379182134350546,0.9698749780475329,0.49981773145424163,-8.289639637189424e-05
1771970323470922558,8.538045811914717,5.39399926591161,0.9698717243233397,0.4998177941651731,-8.281935270250444e-05
1771970323535070673,8.54823594400643,5.40886458543681,0.9698690220074678,0.4998177266880578,-8.278978673730811e-05
1771970323597116313,8.55839307904155,5.423681676918486,0.9698659277988146,0.49981777477963174,-8.229382668110141e-05
1771970323657764535,8.568583270275509,5.438546900638615,0.969863394034886,0.49981766451836496,-8.18151846802886e-05
1771970323740033981,8.578740505689975,5.453363952967701,0.9698598735756703,0.499817813752743,-8.251638767013969e-05
1771970323795765393,8.588930814948828,5.4682291538705465,0.9698572137234511,0.49981779530691794,-8.240429429499355e-05
1771970323874836328,8.599088113410913,5.483046106407513,0.969853982528858,0.4998177960025837,-8.232061638383268e-05
1771970323946266814,8.609278512054619,5.497911249830157,0.9698513167742466,0.49981780453905145,-8.224166060717182e-05
1771970323999789057,8.619435898660857,5.512728143631178,0.9698480880528193,0.49981781556143073,-8.216533039881742e-05
1771970324052716796,8.629626385163046,5.527593227392292,0.9698454261659762,0.49981781692953875,-8.20885598794227e-05
1771970324116952683,8.639783859390207,5.542410061922371,0.9698422015904288,0.4998178269895324,-8.200759141985827e-05
1771970324138899544,8.649974433539935,5.557275085978163,0.9698395439503777,0.499817844331068,-8.188349191669798e-05
1771970324209991181,8.660131995200315,5.57209186123031,0.9698363235417421,0.4998177898756155,-8.223404742371868e-05
1771970324269799558,8.670322656794578,5.586956825548293,0.9698336700240267,0.49981793431308486,-8.256669683085616e-05
1771970324532691315,8.680480305704359,5.601773541515064,0.9698304535789405,0.49981781311696255,-8.172221313800647e-05
1771970324812431567,8.690671054592826,5.6166384461300325,0.9698278039009576,0.49981782478921416,-8.169395137127499e-05
1771970324869836802,8.700828790573352,5.631455102791704,0.9698245909889892,0.49981783409409947,-8.164316630200345e-05
1771970324909121325,8.71101962651945,5.6463199475786805,0.9698219442586926,0.4998178367388876,-8.159032098305384e-05
1771970324982293826,8.721177449085815,5.661136544385553,0.9698187317976551,0.4998178410400286,-8.154515323332957e-05
1771970325038012061,8.725231906959797,5.667257850175671,1.0017550570957874,0.4701509385716964,0.08863786369377678
1771970325096152512,8.727901339970375,5.671578606684082,1.0330042156945294,0.4343588690197827,0.17545003917777474
1771970325159646881,8.729467456210077,5.674303276787677,1.0652338316536258,0.3930259814713925,0.2649841325085942
1771970325165828740,8.730224392661722,5.675731808154505,1.1018440698738732,0.347616423472118,0.3666881842553272
1771970325229652986,8.730539451074938,5.67638287297977,1.13835861174635,0.2995626906473391,0.46812483811808975
1771970325272432633,8.730647045780865,5.676627539243544,1.1746206251713736,0.250404585543133,0.5688615877571206
1771970325306321515,8.73071065867925,5.676787680093475,1.2107380907160854,0.2008202768281156,0.6691952411533334
1771970325360436154,8.730727520418645,5.676835041167041,1.246789695241713,0.15105934297649892,0.7693475118131603
1771970325402651841,8.73075292733532,5.67691546401774,1.2828139564531478,0.10123065424872582,0.8694222560955849
1771970325472859131,8.730757015372989,5.6769302365578165,1.3188268594281027,0.051372645720693486,0.9694670211954023
1771970325510798724,8.730773302194992,5.676998573897095,1.3548355661142197,0.03117172172358454,0.9807791917175648
1771970325549625454,8.730775192060731,5.677007995698661,1.3908423855968821,0.01708990025475722,0.9939949163950988
1771970325595234999,8.730786111168186,5.677074827628274,1.4268488647437036,0.008547923122123127,1.0044862030289152
1771970325665739768,8.73078717421019,5.677083223518923,1.4628549917143068,0.004080403552263615,1.0028081162243505
1771970325810746021,8.730781104035223,5.677023303942024,1.4768157993003073,0.0019038588398412302,0.9401588543162914
1771970325856918426,8.730806449424579,5.677297669546796,1.4805434155512947,0.0019267478835929125,0.849785528833003
1771970325942813597,8.730813437886372,5.677375171188098,1.4811920737713635,0.001664231061660917,0.7512610640424878
1771970326017185910,8.730796765190195,5.677164606507486,1.5023685409871033,0.0009378323189846674,0.7099412381817543
1771970326051858461,8.730797320625046,5.6771753116458035,1.5355473138788964,0.0007333179093035352,0.7020371039605416
1771970326094192291,8.730796886391273,5.67715047800654,1.5710774865661137,0.000621742013233208,0.700696186494605
1771970326141720680,8.730795969035643,5.6772007579983805,1.6070010067221878,0.0005662862241088283,0.7004595572457456
1771970326181403899,8.730795911534546,5.67720181785557,1.6429926289255292,0.0005425403430054595,0.700417342580966
1771970326220639848,8.730790083377169,5.677266256944499,1.67899807790476,0.0005341623025713153,0.700414481003062
1771970326275458244,8.73078921630389,5.677273090730418,1.7150065841132744,0.0005297888781807853,0.7004210899972605
1771970326321636524,8.730778603438793,5.677337940448092,1.7510165693487776,0.0008796297027908797,0.7616688056902243
1771970326404272341,8.730777194752976,5.677344953611709,1.7870267448073458,0.00013412878661735254,0.8513425812666938
1771970326474566791,8.73076181054662,5.677409426278676,1.8230376988685846,0.00010210160017375747,0.9495711808253396
1771970326514420699,8.730759867770153,5.677416439307349,1.8590486099869654,0.0007090605482522707,0.9907779694437207
1771970326575401779,8.73073998526017,5.6774793175385,1.8950602487729988,0.0008624782630087481,0.998647041373417
1771970326619805778,8.73073762439513,5.6774859437350855,1.931071792909584,0.0009510153071541191,0.9999841842883257
1771970326663178648,8.730668651998622,5.677664952341808,1.9460647382176632,0.0013442022827420516,0.9418436985982843
1771970326704702043,8.730632633378901,5.677756050824728,1.9485644124501222,0.0016133665296598067,0.8488105097904286
1771970326748565179,8.730600702711767,5.677836465441332,1.9489935251673982,0.0016739679628375351,0.7499873535073797
1771970326811250144,8.730603335144044,5.6778298407522,1.9490679613925106,0.0016350304783761967,0.6501704924425357
1771970326870522039,8.730589600519947,5.6778644006746255,1.9490762074655208,0.0015557892039699552,0.5501656614357735
1771970326919510529,8.730599964924378,5.677838321147983,1.9490689542272774,0.001457963722685663,0.45011724838923517
1771970326983932277,8.730589844045582,5.677863788578511,1.9490579475264367,0.001349959516112578,0.35005624627250864
1771970327032426363,8.73060165550114,5.677834066069178,1.9490450165937792,0.0012409013256862143,0.2499900183531203
1771970327091704796,8.730591925686632,5.677858551231668,1.9490320634901481,0.0011308933412141234,0.14992170754739403
1771970327124226056,8.730603887263001,5.677828448654935,1.9490184262557715,0.001021374905762953,0.049851759294884765
1771970327192956608,8.730594310308264,5.6778525510216244,1.9490051975295124,0.0005605331567799445,0.008167942532901278
1771970327221237873,8.73060633250316,5.6778222935180205,1.9489914427011403,0.00019798036120018472,0.0011861951417139922
1771970327281712820,8.730596738059356,5.677846441799872,1.9489781698795379,2.982021733893153e-05,-4.265357738998198e-05
1771970327342420350,8.730608751241538,5.677816204597473,1.9489644035393685,-4.075661949611287e-05,-0.0002876607031734058
1771970327384681208,8.730599174223673,5.677840310919569,1.9489511269977653,-7.200673515421325e-05,-0.0003474457437669126
1771970327436108706,8.730611193288555,5.6778100565259395,1.9489373582169274,-8.448121543651839e-05,-0.00036554447319535956
1771970327516102248,8.730601610159022,5.677834180133111,1.9489240823125897,-8.850182491396152e-05,-0.0003718478162421646
1771970327604609477,8.730613625307175,5.677803933214723,1.9489103160295274,-9.006449900038581e-05,-0.00037416823403305457
1771970327649046579,8.727005995157748,5.686901132962776,1.947765507027138,0.027021252536317354,-0.0035182123972459256
1771970327715022330,8.722283770950492,5.698919225189616,1.942614153298407,0.06297946396984358,-0.017789647103762136
1771970327756002480,8.716993705359304,5.712548025014821,1.939483097810403,0.10351708399851353,-0.026450276997483913
1771970327810833133,8.711553107274721,5.726671672237064,1.9374964413697167,0.1456500504054113,-0.031930559253973256
1771970327885893630,8.704842334327282,5.74415830963053,1.9369632105552619,0.19760595083261293,-0.03337488701189349
1771970327953112892,8.698333175090976,5.761133467240893,1.9369495061587922,0.2481973017018706,-0.03337471494606052
1771970328004152708,8.691849736886818,5.7780406889349,1.9369971537302735,0.2984244397909729,-0.033205481298605316
1771970328051514715,8.685404974893519,5.7948453544248775,1.9370170691580713,0.34850960126486286,-0.03311191405239343
1771970328126392036,8.678945946219548,5.81168668141399,1.9370185445462793,0.3985415055128076,-0.03307093823976694
1771970328185518752,8.672510891979034,5.828465642997943,1.9370112610949772,0.44855032240875425,-0.033052930373767886
1771970328265384694,8.666056341975159,5.845295891538316,1.9370005425682886,0.4714366381279776,-0.029902679052381326
1771970328338953615,8.659623316140632,5.862070617764926,1.9369872646272106,0.4854738136800476,-0.01563024630892501
1771970328444298625,8.653169740932853,5.878899572953489,1.9369749342687872,0.4949306473712018,-0.006967120948992144
1771970328541833427,8.646737389024963,5.895673832539802,1.936961423273894,0.5027916494936429,-0.0014861613772830188
1771970328705305229,8.64028438039598,5.912502631323924,1.936948287396112,0.5008290971648611,-4.145321986252508e-05
1771970328813697608,8.633852538001735,5.9292769030407095,1.9369346244532992,0.5002311779086936,-4.1338070815261495e-05
1771970328861569277,8.627399971769687,5.946105898604213,1.9369214317645698,0.49999758452433996,-0.00021033879362088214
1771970329031951551,8.62096857558464,5.962880354645642,1.936907751099182,0.49990593941430844,-0.00030366127469339243
1771970329129385232,8.614516475672414,5.979709487081875,1.9368945518636083,0.49986742026497905,-0.00034442411853090056
1771970329208597656,8.608085535989266,5.996484101463341,1.9368808676796738,0.4998520531621827,-0.0003622039313984933
1771970329256549257,8.601633883272495,6.01331342100117,1.9368676681892891,0.4998467623213383,-0.00036909549722090025
1771970329333345073,8.595203392136245,6.030088214533747,1.936853985580364,0.4998444162335981,-0.00037021957457367675
1771970329397340503,8.588752194317651,6.046917700975505,1.9368407873781937,0.4998434299960398,-0.0003726302516496214
1771970329432649605,8.582322154989143,6.063692665036177,1.93682710527823,0.4998429575754656,-0.0003731055435119254
1771970329495127555,8.575871408372738,6.080522327976561,1.9368139066272099,0.49984294969371845,-0.0003732799136175812
1771970329577374039,8.569441820020293,6.097297464967076,1.9368002156701534,0.499842952725698,-0.000373357730960979
1771970329676859057,8.562991522360395,6.114127309209524,1.9367870771292721,0.4998428983586069,-0.00037320732027178464
1771970329865773890,8.55656238513821,6.130902616111546,1.9367733790460253,0.49984285929461414,-0.00037325570321365746
1771970330063446458,8.550112544401792,6.147732620421545,1.9367602124072392,0.4998428746112066,-0.00037316515658173695
1771970330139723289,8.547656105829834,6.153837064520696,1.9699825937383304,0.46821885566879606,0.09194923905167438
1771970330157878897,8.545684626446842,6.15831727795018,2.000693175385569,0.4317505204333175,0.1772930755449335
1771970330208701120,8.544278703691491,6.161255159504141,2.033580882438822,0.390894967058593,0.26868582460639356
1771970330252434426,8.543456977382053,6.1628312127709535,2.0692253208743487,0.34576696185991296,0.3677348152665035
1771970330282905722,8.543124619226056,6.163416223230927,2.105669348196528,0.2977329792993525,0.46900623032784666
1771970330348264450,8.542949104488809,6.163700570741232,2.141943323931211,0.2485957165766603,0.5698039369559108
1771970330443473425,8.542818137991624,6.16388914490462,2.2141395896769662,0.14926501083048802,0.770423645965845
1771970330505429834,8.542800358017491,6.163911989874137,2.250175523098997,0.09944237936922673,0.870561511258121
1771970330605662996,8.542750323650344,6.163971708233801,2.2862000051683644,0.049593299115625274,0.9706660910028297
1771970330655713183,8.54274044633203,6.163982669839596,2.322219061956042,0.03135526282213714,0.9784346339377803
1771970330715070604,8.542690337601101,6.164034404830416,2.358236252589591,0.017958144831350137,0.9931752144552854
1771970330805578366,8.542590500096466,6.164132355274932,2.373233797927325,0.00929914874968191,0.9434803208011451
1771970330857140428,8.542478213324534,6.164240607218822,2.37574175583565,0.004794895392561625,0.8514345415591554
1771970330899202871,8.542457910738921,6.164260122693347,2.3761774570805567,0.003004047192832803,0.7514114135668934
1771970330947864272,8.54241970042235,6.164296832663897,2.3762579663222376,0.0022229774522062734,0.650874006640777
1771970331020125495,8.542435570866013,6.164281586799193,2.376270422031408,0.0018388288025832332,0.5505434912953852
1771970331094627380,8.542414556479756,6.164301773961942,2.376268135379245,0.001604896956684302,0.45035707139457826
1771970331119199097,8.542437414078133,6.16427981593492,2.376260888164029,0.00143643595813374,0.35023712518016437
1771970331161556206,8.542418502035918,6.164297983963305,2.3762528273210695,0.0012928588020363868,0.2501467282016411
1771970331225935448,8.542442180522682,6.164275236613143,2.376243638090096,0.0011606624090585759,0.15006826703888204
1771970331272222024,8.542423947453381,6.164292752997508,2.376234847219502,0.0010308187987910474,0.049996096194202165
1771970331342620256,8.542447899233656,6.1642697422657955,2.376225355934908,0.0005500436512121344,0.008309883354469777
1771970331400802824,8.542429614668185,6.164287308767014,2.3762164497279157,0.00018722436725725932,0.0013185941451780187
1771970331464748503,8.542453542198759,6.164264320484914,2.3762069229071816,1.682920670576936e-05,8.184951840033158e-05
1771970331622245051,8.542435325023316,6.164281822888615,2.3761980027064866,-6.018371493643624e-05,-0.0001665655993100665
1771970331680884780,8.54245927938857,6.164258807975222,2.3761884671176396,-9.132803031982277e-05,-0.00022765253824578958
1771970331775468762,8.542441038085288,6.164276334207535,2.3761795452944865,-0.00010200371177964173,-0.0002460835687747073
1771970331844817283,8.542464981178087,6.164253329274678,2.376170012111248,-0.00010619281939598302,-0.0002524334799465297
1771970331883373415,8.542446752900284,6.164270843639043,2.3761610922141174,-0.00010882043404687999,-0.0002548197415337565
1771970331947342192,8.542470700304197,6.164247833714143,2.376151559839284,-0.00010986442299402155,-0.00025577291892262504
1771970331994123526,8.542452466629856,6.164265353910741,2.376142641558181,-0.00010985587435903548,-0.0002561268370023439
1771970332053958944,8.542476410637745,6.1642423463992975,2.3761331112007205,-0.00010983410834288557,-0.00025623537274358475
1771970332107425590,8.542458179987262,6.164259864337194,2.3761241947697895,-0.00011003556458716432,-0.0002562637725728102
1771970332142934099,8.542482124127499,6.1642368558490865,2.3761146658210914,-0.00011010772190925694,-0.00025626968358346825
1771970332201623291,8.542463892461118,6.164254375409949,2.3761057510238404,-0.00011004567608892366,-0.00025625467401668657
1771970332248823983,8.5424878350474,6.16423136756575,2.376096223653694,-0.00011000847759525567,-0.0002562318442926847
1771970332286504203,8.542469604199573,6.1642488869866945,2.3760873104596816,-0.00011004252883274059,-0.0002562078744580622
1771970332363080138,8.542493546006726,6.164225879042023,2.37607778446608,-0.00011004575042363588,-0.00025618790324466673
1771970332457112653,8.542475315067874,6.164243399197029,2.376068872759066,-0.00011002927550186224,-0.000256165152920683
1771970332537834427,8.542499255723623,6.164220391509809,2.3760593481183583,-0.00011001145270677064,-0.0002561436692381252
1771970332642370729,8.542481025079566,6.164237912028016,2.376050437827806,-0.00011001690304324908,-0.000256121473264671
1771970332696259238,8.542504964755388,6.1642149044336225,2.376040914437993,-0.00011000838610054244,-0.00025610211868676595
1771970332770761954,8.542486734191053,6.164232425521641,2.3760320054777644,-0.00011000249549155422,-0.00025608136673634335
1771970332873951772,8.542510672808024,6.164209418096085,2.376022483278938,-0.00010998938812074136,-0.0002560626170928646
1771970332979887551,8.542492442396204,6.1642269396838865,2.3760135755758727,-0.00010998799938716878,-0.0002560429110218745
1771970333016486244,8.542516379996874,6.16420393238643,2.376004054493507,-0.00010997696181384434,-0.00025602544496505493
1771970333128067011,8.542498149680553,6.164221454528743,2.3759951479737693,-0.00010997278819278966,-0.00025600690531168426
1771970333161673219,8.542522086253886,6.164198447370136,2.375985627945047,-0.00010996079301509903,-0.0002559903362022841
1771970333256617767,8.54250385604155,6.164215970058744,2.3759767225402677,-0.00010995737125592674,-0.0002559728299941608
1771970333302593475,8.542527791604527,6.164192963022808,2.37596720350154,-0.00010994591815573015,-0.0002559572689390708
1771970333372567345,8.54250956147798,6.164210486275145,2.3759582991456636,-0.00010994169169950812,-0.00025594078372728616
1771970333404841872,8.542533496036848,6.164187479356009,2.375948781038102,-0.00010993014418464323,-0.0002559261108086556
1771970333464430268,8.542515265993943,6.164205003174085,2.3759398776686824,-0.00010992593329868234,-0.0002559105807834181
1771970333518501554,8.542539199561986,6.164181996359107,2.375930360435413,-0.0001099146466715625,-0.0002558967875695991
1771970333560874382,8.542520969596136,6.164199520749208,2.3759214579927592,-0.00010991014548695226,-0.00025588217531463046
1771970333602980034,8.542544902184977,6.164176514027338,2.3759119415800143,-0.00010989900066608364,-0.00025586920414551813
1771970333626543736,8.542526672294366,6.164194038991168,2.37590304000739,-0.00010989442179546766,-0.0002558554621644201
1771970333665568662,8.542550603917725,6.164171032349332,2.375893524363767,-0.00010988351422679223,-0.00025584328133312066
1771970333721766459,8.542532374100626,6.164188557888511,2.375884623607064,-0.00010987881827945753,-0.00025583037001031614
1771970333791387561,8.542556304772281,6.164165551313571,2.375875108683693,-0.00010986813568754062,-0.00025581893846358304
1771970333816942787,8.542538075028936,6.164183077427831,2.3758662086914524,-0.00010986339367335192,-0.0002558068172530222
1771970333893616661,8.542562004763433,6.164160070905909,2.375856694441757,-0.00010985296809326836,-0.00025579610095711244
1771970333952581912,8.54254377509489,6.16417759759421,2.3758477951649266,-0.00010984819227155494,-0.00025578473265398815
1771970334001967815,8.542567703906997,6.164154591111207,2.375838281544579,-0.00010983802947995904,-0.0002557746967594742
1771970334054894818,8.542549474315408,6.164172118371453,2.3758293829365016,-0.00010983325348307713,-0.00025576404515994237
1771970334108644974,8.542573402220182,6.164149111912983,2.3758198699032755,-0.00010982336678667733,-0.0002557546576074786
1771970334188558462,8.542555172708429,6.164166639742375,2.3758109719194858,-0.0001098186087038607,-0.00025574468862240554
1771970334281014900,8.542579099721022,6.1641436332939605,2.375801459433185,-0.00010980900366480543,-0.00025573591828378695
1771970334350986773,8.542560870292707,6.164161161689013,2.37579256203137,-0.0001098042839932383,-0.0002557265991492576
1771970334455245239,8.542584796428322,6.16413815523612,2.3757830500537214,-0.00010979496614927987,-0.00025571841658671217
1771970334499905452,8.542566567087595,6.1641556841928224,2.375774153193599,-0.0001097902999139805,-0.00025570971625877615
1771970334644019840,8.542590492361379,6.164132677720964,2.375764641688167,-0.00010978127164202331,-0.0002557020933053613
1771970334701916393,8.542572263112863,6.164150207234851,2.375755745331398,-0.00010977667260235569,-0.0002556939820229924
