t_ns,angle_min,angle_inc,r0,r1,r2,r3,r4,r5,r6,r7,r8,r9,r10,r11,r12,r13,r14,r15,r16,r17,r18,r19,r20,r21,r22,r23,r24,r25,r26,r27,r28,r29,r30,r31,r32,r33,r34,r35,r36,r37,r38,r39,r40,r41,r42,r43,r44,r45,r46,r47,r48,r49,r50,r51,r52,r53,r54,r55,r56,r57,r58,r59,r60,r61,r62,r63,r64,r65,r66,r67,r68,r69,r70,r71,r72,r73,r74,r75,r76,r77,r78,r79,r80,r81,r82,r83,r84,r85,r86,r87,r88,r89,r90,r91,r92,r93,r94,r95,r96,r97,r98,r99,r100,r101,r102,r103,r104,r105,r106,r107,r108,r109,r110,r111,r112,r113,r114,r115,r116,r117,r118,r119,r120,r121,r122,r123,r124,r125,r126,r127,r128,r129,r130,r131,r132,r133,r134,r135,r136,r137,r138,r139,r140,r141,r142,r143,r144,r145,r146,r147,r148,r149,r150,r151,r152,r153,r154,r155,r156,r157,r158,r159,r160,r161,r162,r163,r164,r165,r166,r167,r168,r169,r170,r171,r172,r173,r174,r175,r176,r177,r178,r179,r180,r181,r182,r183,r184,r185,r186,r187,r188,r189,r190,r191,r192,r193,r194,r195,r196,r197,r198,r199,r200,r201,r202,r203,r204,r205,r206,r207,r208,r209,r210,r211,r212,r213,r214,r215,r216,r217,r218,r219,r220,r221,r222,r223,r224,r225,r226,r227,r228,r229,r230,r231,r232,r233,r234,r235,r236,r237,r238,r239,r240,r241,r242,r243,r244,r245,r246,r247,r248,r249,r250,r251,r252,r253,r254,r255,r256,r257,r258,r259,r260,r261,r262,r263,r264,r265,r266,r267,r268,r269,r270,r271,r272,r273,r274,r275,r276,r277,r278,r279,r280,r281,r282,r283,r284,r285,r286,r287,r288,r289,r290,r291,r292,r293,r294,r295,r296,r297,r298,r299,r300,r301,r302,r303,r304,r305,r306,r307,r308,r309,r310,r311,r312,r313,r314,r315,r316,r317,r318,r319,r320,r321,r322,r323,r324,r325,r326,r327,r328,r329,r330,r331,r332,r333,r334,r335,r336,r337,r338,r339,r340,r341,r342,r343,r344,r345,r346,r347,r348,r349,r350,r351,r352,r353,r354,r355,r356,r357,r358,r359
1771970259546107435,-3.140000104904175,0.01749303564429283,inf,inf,inf,inf,inf,inf,inf,inf,inf,inf,inf,inf,inf,inf,inf,inf,inf,inf,inf,inf,inf,inf,inf,inf,inf,inf,inf,inf,inf,inf,inf,inf,inf,inf,inf,inf,inf,inf,inf,inf,inf,inf,inf,inf,inf,inf,inf,inf,2.4278106689453125,2.3907687664031982,2.3555502891540527,2.3220551013946533,2.290189504623413,2.25986909866333,2.23101544380188,2.203554153442383,2.1774191856384277,2.15254807472229,2.1288819313049316,2.1063692569732666,2.084958076477051,2.064603805541992,2.0452628135681152,2.0268948078155518,2.0094642639160156,1.9929343461990356,1.977274775505066,1.9624558687210083,1.9484483003616333,1.9352277517318726,1.922769546508789,1.9637726545333862,2.0707337856292725,2.1907269954681396,2.3262369632720947,2.480426549911499,2.6573781967163086,2.862459182739258,inf,inf,inf,inf,inf,inf,inf,inf,inf,inf,inf,inf,inf,inf,inf,inf,inf,inf,inf,inf,inf,inf,inf,inf,inf,inf,inf,inf,inf,inf,inf,inf,inf,inf,inf,inf,inf,inf,inf,inf,inf,inf,inf,5.6950273513793945,5.536902904510498,5.456314563751221,5.520729064941406,5.588413238525391,5.659531116485596,5.734259605407715,inf,inf,inf,inf,inf,inf,inf,inf,inf,inf,inf,inf,inf,inf,inf,inf,inf,inf,inf,inf,inf,inf,inf,inf,inf,inf,inf,inf,inf,inf,inf,inf,inf,inf,inf,inf,inf,inf,inf,2.3022420406341553,2.293668031692505,2.2858543395996094,2.2787888050079346,2.2724599838256836,2.266857624053955,2.2619736194610596,2.2578001022338867,2.2543303966522217,2.251559019088745,2.2494823932647705,2.2480967044830322,2.2473998069763184,2.2473909854888916,2.248070001602173,2.2494380474090576,2.251497268676758,2.2542502880096436,2.257702112197876,2.261857509613037,2.2667229175567627,2.2723066806793213,2.2786166667938232,2.28566312789917,2.293457269668579,inf,inf,inf,inf,inf,inf,inf,inf,inf,inf,inf,inf,inf,inf,inf,inf,inf,inf,inf,inf,inf,inf,inf,inf,inf,inf,inf,inf,inf,inf,inf,inf,inf,inf,inf,inf,inf,inf,inf,inf,inf,3.5840976238250732,3.539013147354126,3.4961063861846924,3.455271005630493,3.416412830352783,3.379441499710083,3.3442740440368652,3.31083345413208,3.279048442840576,3.2488527297973633,3.220184564590454,3.192986488342285,3.1672048568725586,3.1427900791168213,3.1196963787078857,3.1552562713623047,3.3035404682159424,3.467564582824707,3.6499016284942627,3.8537237644195557,inf,inf,inf,inf,inf,inf,inf,inf,6.7154645919799805,6.699336528778076,6.685327529907227,6.6734137535095215,6.663578033447266,6.655805587768555,6.650083065032959,6.646402835845947,6.644759178161621,inf,inf,inf,inf,inf,inf,inf,inf,inf,inf,inf,inf,inf,10.132171630859375,9.45624828338623,9.349379539489746,9.39710521697998,9.448227882385254,9.502833366394043,9.561015129089355,inf,inf,inf,inf,inf,inf,inf,inf,inf,inf,inf,inf,inf,inf,inf,inf,inf,10.2456693649292,10.021036148071289,9.808979988098145,9.608591079711914,9.345285415649414,9.167255401611328,8.99858570098877,8.838664054870605,8.713105201721191,8.874061584472656,9.043895721435547,9.223235130310059,9.412769317626953,inf,inf,inf,inf,inf,inf,inf,inf,inf,inf,inf,inf,inf,inf,inf,inf,inf,7.7580461502075195,7.704347610473633,7.653712749481201,7.606051445007324,3.2777132987976074,3.2595267295837402,3.242527484893799,3.226686477661133,3.211977958679199,3.1983768939971924,3.185861825942993,3.1744112968444824,3.1640076637268066,3.154634475708008,3.1462767124176025,3.138920545578003,3.1325550079345703,3.1271703243255615,3.122758150100708,3.119311809539795,3.1168251037597656,3.6408584117889404,inf
1771970259548293604,-3.140000104904175,0.01749303564429283,inf,inf,inf,inf,inf,inf,inf,inf,inf,inf,inf,inf,inf,inf,inf,inf,inf,inf,inf,inf,inf,inf,inf,inf,inf,inf,inf,inf,inf,inf,inf,inf,inf,inf,inf,inf,inf,inf,inf,inf,inf,inf,inf,inf,inf,inf,inf,inf,2.427818775177002,2.3907766342163086,2.355557441711426,2.3220620155334473,2.290196180343628,2.259875535964966,2.231020927429199,2.203559398651123,2.177424907684326,2.152552604675293,2.128887176513672,2.1063740253448486,2.084962844848633,2.064607620239258,2.045266628265381,2.0268988609313965,2.009467840194702,1.9929381608963013,1.9772779941558838,1.9624587297439575,1.9484511613845825,1.9352304935455322,1.9227722883224487,1.9638080596923828,2.070769786834717,2.190763473510742,2.3262741565704346,2.4804635047912598,2.6574149131774902,2.8624958992004395,inf,inf,inf,inf,inf,inf,inf,inf,inf,inf,inf,inf,inf,inf,inf,inf,inf,inf,inf,inf,inf,inf,inf,inf,inf,inf,inf,inf,inf,inf,inf,inf,inf,inf,inf,inf,inf,inf,inf,inf,inf,inf,inf,5.6951117515563965,5.536983489990234,5.456356048583984,5.520772933959961,5.588459014892578,5.659579277038574,5.734310150146484,inf,inf,inf,inf,inf,inf,inf,inf,inf,inf,inf,inf,inf,inf,inf,inf,inf,inf,inf,inf,inf,inf,inf,inf,inf,inf,inf,inf,inf,inf,inf,inf,inf,inf,inf,inf,inf,inf,inf,2.3022255897521973,2.2936513423919678,2.2858376502990723,2.2787718772888184,2.2724430561065674,2.266840934753418,2.2619569301605225,2.2577829360961914,2.2543132305145264,2.25154185295105,2.249464988708496,2.2480790615081787,2.247382164001465,2.247373104095459,2.2480521202087402,2.249419927597046,2.251478910446167,2.2542314529418945,2.257683277130127,2.261838674545288,2.2667043209075928,2.272287368774414,2.278597116470337,2.2856435775756836,2.2934374809265137,inf,inf,inf,inf,inf,inf,inf,inf,inf,inf,inf,inf,inf,inf,inf,inf,inf,inf,inf,inf,inf,inf,inf,inf,inf,inf,inf,inf,inf,inf,inf,inf,inf,inf,inf,inf,inf,inf,inf,inf,inf,3.584106683731079,3.539022207260132,3.496114492416382,3.4552788734436035,3.4164204597473145,3.379448652267456,3.34428071975708,3.310839891433716,3.279054641723633,3.248858690261841,3.2201902866363525,3.1929914951324463,3.1672098636627197,3.1427948474884033,3.1197009086608887,3.155179023742676,3.3034582138061523,3.4674758911132812,3.649806261062622,3.8536205291748047,inf,inf,inf,inf,inf,inf,inf,inf,6.71546745300293,6.699339389801025,6.685329914093018,6.6734161376953125,6.66357946395874,6.655807018280029,6.650084018707275,6.646402835845947,6.644758701324463,inf,inf,inf,inf,inf,inf,inf,inf,inf,inf,inf,inf,inf,10.132391929626465,9.456445693969727,9.349370002746582,9.397095680236816,9.448216438293457,9.502821922302246,9.561003684997559,inf,inf,inf,inf,inf,inf,inf,inf,inf,inf,inf,inf,inf,inf,inf,inf,inf,10.245745658874512,10.021109580993652,9.809049606323242,9.608657836914062,9.345349311828613,9.167317390441895,8.99864387512207,8.83872127532959,8.713072776794434,8.874028205871582,9.04386043548584,9.223197937011719,9.412729263305664,inf,inf,inf,inf,inf,inf,inf,inf,inf,inf,inf,inf,inf,inf,inf,inf,inf,7.758077144622803,7.704377174377441,7.653741836547852,7.606080055236816,3.277736186981201,3.2595489025115967,3.242549419403076,3.226707935333252,3.2119991779327393,3.1983978748321533,3.185882329940796,3.174431800842285,3.1640279293060303,3.1546545028686523,3.1462960243225098,3.1389400959014893,3.1325745582580566,3.1271893978118896,3.122777223587036,3.119330406188965,3.1168437004089355,3.640188217163086,inf
1771970259924411242,-3.140000104904175,0.01749303564429283,inf,inf,inf,inf,inf,inf,inf,inf,inf,inf,inf,inf,inf,inf,inf,inf,inf,inf,inf,inf,inf,inf,inf,inf,inf,inf,inf,inf,inf,inf,inf,inf,inf,inf,inf,inf,inf,inf,inf,inf,inf,inf,inf,inf,inf,inf,inf,inf,2.427825689315796,2.3907830715179443,2.3555638790130615,2.322068214416504,2.2902019023895264,2.259880781173706,2.2310259342193604,2.2035648822784424,2.177429676055908,2.152557611465454,2.1288914680480957,2.1063780784606934,2.0849666595458984,2.0646111965179443,2.0452702045440674,2.026902437210083,2.0094709396362305,1.9929412603378296,1.9772809743881226,1.9624615907669067,1.948453664779663,1.9352329969406128,1.922774076461792,1.9637608528137207,2.0707192420959473,2.1907079219818115,2.326213836669922,2.4803974628448486,2.6573410034179688,2.8624134063720703,inf,inf,inf,inf,inf,inf,inf,inf,inf,inf,inf,inf,inf,inf,inf,inf,inf,inf,inf,inf,inf,inf,inf,inf,inf,inf,inf,inf,inf,inf,inf,inf,inf,inf,inf,inf,inf,inf,inf,inf,inf,inf,inf,5.695158958435059,5.5370283126831055,5.456343650817871,5.5207600593566895,5.588445663452148,5.659564971923828,5.73429536819458,inf,inf,inf,inf,inf,inf,inf,inf,inf,inf,inf,inf,inf,inf,inf,inf,inf,inf,inf,inf,inf,inf,inf,inf,inf,inf,inf,inf,inf,inf,inf,inf,inf,inf,inf,inf,inf,inf,inf,2.302236795425415,2.2936623096466064,2.285848379135132,2.278782367706299,2.2724533081054688,2.2668509483337402,2.2619667053222656,2.2577929496765137,2.2543227672576904,2.251551389694214,2.249474287033081,2.2480883598327637,2.2473912239074707,2.247382164001465,2.248060941696167,2.2494287490844727,2.2514874935150146,2.2542402744293213,2.2576918601989746,2.2618470191955566,2.266712188720703,2.2722952365875244,2.2786049842834473,2.2856509685516357,2.293444871902466,inf,inf,inf,inf,inf,inf,inf,inf,inf,inf,inf,inf,inf,inf,inf,inf,inf,inf,inf,inf,inf,inf,inf,inf,inf,inf,inf,inf,inf,inf,inf,inf,inf,inf,inf,inf,inf,inf,inf,inf,inf,3.5841147899627686,3.5390303134918213,3.496122121810913,3.455286741256714,3.4164271354675293,3.379455089569092,3.344287157058716,3.3108458518981934,3.2790603637695312,3.24886417388916,3.2201955318450928,3.1929967403411865,3.1672141551971436,3.142799139022827,3.1197049617767334,3.155176877975464,3.303454875946045,3.467470407485962,3.6497981548309326,3.853609800338745,inf,inf,inf,inf,inf,inf,inf,inf,6.715470790863037,6.699342250823975,6.685332298278809,6.673417568206787,6.663581371307373,6.655808448791504,6.650084495544434,6.6464033126831055,6.644758701324463,inf,inf,inf,inf,inf,inf,inf,inf,inf,inf,inf,inf,inf,10.132491111755371,9.456528663635254,9.34936237335205,9.397087097167969,9.44820785522461,9.50281047821045,9.560992240905762,inf,inf,inf,inf,inf,inf,inf,inf,inf,inf,inf,inf,inf,inf,inf,inf,inf,10.24577522277832,10.021136283874512,9.809073448181152,9.608681678771973,9.345370292663574,9.167336463928223,8.998661041259766,8.838737487792969,8.713043212890625,8.87399673461914,9.043827056884766,9.223163604736328,9.412692070007324,inf,inf,inf,inf,inf,inf,inf,inf,inf,inf,inf,inf,inf,inf,inf,inf,inf,7.758077621459961,7.7043776512146,7.653741359710693,7.6060791015625,3.2777299880981445,3.25954270362854,3.2425432205200195,3.2267017364501953,3.2119927406311035,3.1983911991119385,3.185875177383423,3.174424648284912,3.1640207767486572,3.1546471118927,3.1462883949279785,3.138932228088379,3.132565975189209,3.1271815299987793,3.1227688789367676,3.119321823120117,3.116835117340088,3.6395699977874756,inf
1771970260371970673,-3.140000104904175,0.01749303564429283,inf,inf,inf,inf,inf,inf,inf,inf,inf,inf,inf,inf,inf,inf,inf,inf,inf,inf,inf,inf,inf,inf,inf,inf,inf,inf,inf,inf,inf,inf,inf,inf,inf,inf,inf,inf,inf,inf,inf,inf,inf,inf,inf,inf,inf,inf,inf,inf,2.4278321266174316,2.390789747238159,2.3555703163146973,2.3220741748809814,2.2902071475982666,2.259885787963867,2.2310314178466797,2.2035694122314453,2.177433967590332,2.152561902999878,2.1288955211639404,2.106382131576538,2.084970474243164,2.06461501121521,2.045273542404175,2.0269055366516113,2.009474039077759,1.9929434061050415,1.9772835969924927,1.962463617324829,1.9484556913375854,1.9352350234985352,1.9227763414382935,1.9636316299438477,2.0705814361572266,2.190561532974243,2.3260562419891357,2.480227470397949,2.6571567058563232,2.8622117042541504,inf,inf,inf,inf,inf,inf,inf,inf,inf,inf,inf,inf,inf,inf,inf,inf,inf,inf,inf,inf,inf,inf,inf,inf,inf,inf,inf,inf,inf,inf,inf,inf,inf,inf,inf,inf,inf,inf,inf,inf,inf,inf,inf,5.695168495178223,5.537036895751953,5.456277847290039,5.520690441131592,5.588372707366943,5.659488201141357,5.734214782714844,inf,inf,inf,inf,inf,inf,inf,inf,inf,inf,inf,inf,inf,inf,inf,inf,inf,inf,inf,inf,inf,inf,inf,inf,inf,inf,inf,inf,inf,inf,inf,inf,inf,inf,inf,inf,inf,inf,inf,2.302274703979492,2.2937002182006836,2.28588604927063,2.2788197994232178,2.2724907398223877,2.26688814163208,2.2620036602020264,2.257829427719116,2.254359245300293,2.2515876293182373,2.2495105266571045,2.248124361038208,2.247427225112915,2.247417688369751,2.248096466064453,2.2494640350341797,2.2515225410461426,2.2542755603790283,2.2577269077301025,2.2618820667266846,2.266747236251831,2.2723305225372314,2.278640031814575,2.2856862545013428,2.293480157852173,inf,inf,inf,inf,inf,inf,inf,inf,inf,inf,inf,inf,inf,inf,inf,inf,inf,inf,inf,inf,inf,inf,inf,inf,inf,inf,inf,inf,inf,inf,inf,inf,inf,inf,inf,inf,inf,inf,inf,inf,inf,3.584122896194458,3.5390379428863525,3.4961297512054443,3.4552934169769287,3.4164340496063232,3.3794617652893066,3.344292640686035,3.3108513355255127,3.2790656089782715,3.2488691806793213,3.2202000617980957,3.1930010318756104,3.1672186851501465,3.142803192138672,3.11970853805542,3.1552505493164062,3.303530693054199,3.467548370361328,3.64987850189209,3.8536927700042725,inf,inf,inf,inf,inf,inf,inf,inf,6.715473651885986,6.699345111846924,6.685334205627441,6.673418998718262,6.663582801818848,6.65580940246582,6.65008544921875,6.646404266357422,6.644759178161621,inf,inf,inf,inf,inf,inf,inf,inf,inf,inf,inf,inf,inf,10.132466316223145,9.456496238708496,9.349352836608887,9.397077560424805,9.448197364807129,9.502800941467285,9.560980796813965,inf,inf,inf,inf,inf,inf,inf,inf,inf,inf,inf,inf,inf,inf,inf,inf,inf,10.245756149291992,10.021116256713867,9.809053421020508,9.608659744262695,9.345348358154297,9.167313575744629,8.998638153076172,8.838714599609375,8.71301555633545,8.873968124389648,9.04379653930664,9.22313117980957,9.412657737731934,inf,inf,inf,inf,inf,inf,inf,inf,inf,inf,inf,inf,inf,inf,inf,inf,inf,7.7580485343933105,7.704347610473633,7.653711318969727,7.606048583984375,3.277695655822754,3.2595083713531494,3.24250864982605,3.2266671657562256,3.211958169937134,3.1983563899993896,3.1858408451080322,3.1743900775909424,3.1639857292175293,3.154611825942993,3.1462535858154297,3.138896942138672,3.13253116607666,3.1271462440490723,3.1227333545684814,3.119286298751831,3.1167995929718018,3.6389920711517334,inf
1771970260548317064,-3.140000104904175,0.01749303564429283,inf,inf,inf,inf,inf,inf,inf,inf,inf,inf,inf,inf,inf,inf,inf,inf,inf,inf,inf,inf,inf,inf,inf,inf,inf,inf,inf,inf,inf,inf,inf,inf,inf,inf,inf,inf,inf,inf,inf,inf,inf,inf,inf,inf,inf,inf,inf,inf,2.427839517593384,2.390796184539795,2.355576515197754,2.322080135345459,2.2902135848999023,2.2598917484283447,2.23103666305542,2.2035741806030273,2.1774392127990723,2.152566432952881,2.128899574279785,2.1063859462738037,2.0849742889404297,2.0646185874938965,2.0452768802642822,2.0269088745117188,2.009477376937866,1.9929465055465698,1.9772865772247314,1.9624664783477783,1.9484583139419556,1.9352375268936157,1.9227787256240845,1.9635852575302124,2.070531129837036,2.190507173538208,2.3259968757629395,2.4801619052886963,2.6570847034454346,2.8621304035186768,inf,inf,inf,inf,inf,inf,inf,inf,inf,inf,inf,inf,inf,inf,inf,inf,inf,inf,inf,inf,inf,inf,inf,inf,inf,inf,inf,inf,inf,inf,inf,inf,inf,inf,inf,inf,inf,inf,inf,inf,inf,inf,inf,5.695215225219727,5.537080764770508,5.456265449523926,5.5206780433654785,5.588359355926514,5.6594743728637695,5.7342000007629395,inf,inf,inf,inf,inf,inf,inf,inf,inf,inf,inf,inf,inf,inf,inf,inf,inf,inf,inf,inf,inf,inf,inf,inf,inf,inf,inf,inf,inf,inf,inf,inf,inf,inf,inf,inf,inf,inf,inf,2.3022854328155518,2.293710947036743,2.2858965396881104,2.2788302898406982,2.27250075340271,2.2668979167938232,2.2620134353637695,2.2578389644622803,2.254368782043457,2.2515969276428223,2.2495198249816895,2.248133420944214,2.247436046600342,2.247426748275757,2.24810528755188,2.2494726181030273,2.2515313625335693,2.254283905029297,2.257735252380371,2.261890172958374,2.2667553424835205,2.272338390350342,2.2786481380462646,2.285694122314453,2.293488025665283,inf,inf,inf,inf,inf,inf,inf,inf,inf,inf,inf,inf,inf,inf,inf,inf,inf,inf,inf,inf,inf,inf,inf,inf,inf,inf,inf,inf,inf,inf,inf,inf,inf,inf,inf,inf,inf,inf,inf,inf,inf,3.5841314792633057,3.539046049118042,3.4961371421813965,3.4553005695343018,3.416440963745117,3.3794682025909424,3.34429931640625,3.3108575344085693,3.27907133102417,3.2488746643066406,3.220205307006836,3.1930062770843506,3.1672229766845703,3.1428074836730957,3.119713068008423,3.1552493572235107,3.30352783203125,3.467543840408325,3.649871587753296,3.85368275642395,inf,inf,inf,inf,inf,inf,inf,inf,6.7154765129089355,6.699348449707031,6.685336589813232,6.673421859741211,6.663584232330322,6.655810832977295,6.650085926055908,6.646404266357422,6.644759178161621,inf,inf,inf,inf,inf,inf,inf,inf,inf,inf,inf,inf,inf,10.132561683654785,9.45657730102539,9.349345207214355,9.39706802368164,9.448187828063965,9.502790451049805,9.560969352722168,inf,inf,inf,inf,inf,inf,inf,inf,inf,inf,inf,inf,inf,inf,inf,inf,inf,10.245782852172852,10.02114200592041,9.809078216552734,9.608682632446289,9.345368385314941,9.16733169555664,8.998655319213867,8.838728904724121,8.712986946105957,8.873937606811523,9.0437650680542,9.22309684753418,9.412622451782227,inf,inf,inf,inf,inf,inf,inf,inf,inf,inf,inf,inf,inf,inf,inf,inf,inf,7.758049011230469,7.704347610473633,7.653710842132568,7.606047630310059,3.2776894569396973,3.259502410888672,3.242502450942993,3.22666072845459,3.211951494216919,3.198349714279175,3.1858339309692383,3.1743826866149902,3.1639785766601562,3.154604911804199,3.1462461948394775,3.1388893127441406,3.13252329826355,3.127138137817383,3.122725009918213,3.1192779541015625,3.116791009902954,3.638375759124756,inf
1771970260730665838,-3.140000104904175,0.01749303564429283,inf,inf,inf,inf,inf,inf,inf,inf,inf,inf,inf,inf,inf,inf,inf,inf,inf,inf,inf,inf,inf,inf,inf,inf,inf,inf,inf,inf,inf,inf,inf,inf,inf,inf,inf,inf,inf,inf,inf,inf,inf,inf,inf,inf,inf,inf,inf,inf,2.4278457164764404,2.3908021450042725,2.3555822372436523,2.322085380554199,2.2902185916900635,2.259896755218506,2.231041193008423,2.2035787105560303,2.177443504333496,2.1525704860687256,2.12890362739563,2.1063897609710693,2.084977865219116,2.064621925354004,2.0452802181243896,2.026911973953247,2.0094802379608154,1.992949366569519,1.9772893190383911,1.9624689817428589,1.9484609365463257,1.9352397918701172,1.922780990600586,1.9635428190231323,2.0704853534698486,2.190457344055176,2.325942277908325,2.480102300643921,2.6570181846618652,2.862056255340576,inf,inf,inf,inf,inf,inf,inf,inf,inf,inf,inf,inf,inf,inf,inf,inf,inf,inf,inf,inf,inf,inf,inf,inf,inf,inf,inf,inf,inf,inf,inf,inf,inf,inf,inf,inf,inf,inf,inf,inf,inf,inf,inf,5.695257663726807,5.537121295928955,5.456254959106445,5.520666599273682,5.588347434997559,5.659461975097656,5.73418664932251,inf,inf,inf,inf,inf,inf,inf,inf,inf,inf,inf,inf,inf,inf,inf,inf,inf,inf,inf,inf,inf,inf,inf,inf,inf,inf,inf,inf,inf,inf,inf,inf,inf,inf,inf,inf,inf,inf,inf,2.302295684814453,2.2937207221984863,2.2859058380126953,2.278839588165283,2.272509813308716,2.266906976699829,2.2620224952697754,2.257847785949707,2.2543773651123047,2.251605749130249,2.249528169631958,2.2481417655944824,2.2474443912506104,2.2474348545074463,2.2481133937835693,2.249480724334717,2.2515389919281006,2.2542917728424072,2.2577426433563232,2.2618980407714844,2.2667627334594727,2.272346019744873,2.2786550521850586,2.285701036453247,2.293494939804077,inf,inf,inf,inf,inf,inf,inf,inf,inf,inf,inf,inf,inf,inf,inf,inf,inf,inf,inf,inf,inf,inf,inf,inf,inf,inf,inf,inf,inf,inf,inf,inf,inf,inf,inf,inf,inf,inf,inf,inf,inf,3.584138870239258,3.539053201675415,3.4961440563201904,3.4553074836730957,3.416447401046753,3.37947416305542,3.3443048000335693,3.3108627796173096,3.2790768146514893,3.2488794326782227,3.220209836959839,3.193010091781616,3.167227268218994,3.1428115367889404,3.1197164058685303,3.1552481651306152,3.303525447845459,3.4675395488739014,3.6498656272888184,3.8536741733551025,inf,inf,inf,inf,inf,inf,inf,inf,6.715478897094727,6.699350357055664,6.685338973999023,6.6734232902526855,6.663585662841797,6.655811786651611,6.650086879730225,6.64640474319458,6.644759178161621,inf,inf,inf,inf,inf,inf,inf,inf,inf,inf,inf,inf,inf,10.132648468017578,9.456649780273438,9.34933853149414,9.39706039428711,9.448179244995117,9.50278091430664,9.560959815979004,inf,inf,inf,inf,inf,inf,inf,inf,inf,inf,inf,inf,inf,inf,inf,inf,inf,10.245808601379395,10.021166801452637,9.809099197387695,9.608701705932617,9.34538745880127,9.167348861694336,8.99867057800293,8.838743209838867,8.712961196899414,8.873909950256348,9.043736457824707,9.223065376281738,9.412590026855469,inf,inf,inf,inf,inf,inf,inf,inf,inf,inf,inf,inf,inf,inf,inf,inf,inf,7.758049011230469,7.704347610473633,7.65371036529541,7.606046676635742,3.277683973312378,3.2594962120056152,3.2424962520599365,3.226654529571533,3.2119452953338623,3.198343515396118,3.1858272552490234,3.1743762493133545,3.1639719009399414,3.1545979976654053,3.1462388038635254,3.1388821601867676,3.1325156688690186,3.1271305084228516,3.1227176189422607,3.119270086288452,3.1167829036712646,3.637819766998291,inf
1771970260857850222,-3.140000104904175,0.01749303564429283,inf,inf,inf,inf,inf,inf,inf,inf,inf,inf,inf,inf,inf,inf,inf,inf,inf,inf,inf,inf,inf,inf,inf,inf,inf,inf,inf,inf,inf,inf,inf,inf,inf,inf,inf,inf,inf,inf,inf,inf,inf,inf,inf,inf,inf,inf,inf,inf,2.42785382270813,2.3908097743988037,2.3555893898010254,2.3220925331115723,2.2902252674102783,2.2599031925201416,2.2310473918914795,2.203584671020508,2.1774485111236572,2.1525752544403076,2.12890887260437,2.106394052505493,2.084981918334961,2.064626455307007,2.0452847480773926,2.0269155502319336,2.009483575820923,1.9929527044296265,1.9772922992706299,1.9624719619750977,1.948463797569275,1.9352425336837769,1.9227834939956665,1.9635759592056274,2.07051944732666,2.1904914379119873,2.325976848602295,2.4801371097564697,2.657052755355835,2.8620903491973877,inf,inf,inf,inf,inf,inf,inf,inf,inf,inf,inf,inf,inf,inf,inf,inf,inf,inf,inf,inf,inf,inf,inf,inf,inf,inf,inf,inf,inf,inf,inf,inf,inf,inf,inf,inf,inf,inf,inf,inf,inf,inf,inf,5.695343494415283,5.537203788757324,5.456295967102051,5.520709991455078,5.588393211364746,5.659509658813477,5.734237194061279,inf,inf,inf,inf,inf,inf,inf,inf,inf,inf,inf,inf,inf,inf,inf,inf,inf,inf,inf,inf,inf,inf,inf,inf,inf,inf,inf,inf,inf,inf,inf,inf,inf,inf,inf,inf,inf,inf,inf,2.3022797107696533,2.2937047481536865,2.2858901023864746,2.2788233757019043,2.272493839263916,2.2668910026550293,2.2620060443878174,2.257831335067749,2.2543609142303467,2.251588821411133,2.249511241912842,2.248124599456787,2.247427225112915,2.247417449951172,2.248095750808716,2.2494630813598633,2.251521348953247,2.2542736530303955,2.2577247619628906,2.2618792057037354,2.266744375228882,2.272326946258545,2.2786364555358887,2.285681962966919,2.29347562789917,inf,inf,inf,inf,inf,inf,inf,inf,inf,inf,inf,inf,inf,inf,inf,inf,inf,inf,inf,inf,inf,inf,inf,inf,inf,inf,inf,inf,inf,inf,inf,inf,inf,inf,inf,inf,inf,inf,inf,inf,inf,3.584148645401001,3.539062023162842,3.496152400970459,3.455315351486206,3.416454792022705,3.379481315612793,3.3443119525909424,3.3108692169189453,3.279082775115967,3.248885154724121,3.220215320587158,3.1930158138275146,3.167232036590576,3.1428163051605225,3.1197211742401123,3.1551716327667236,3.303443670272827,3.467451810836792,3.649770975112915,3.853572130203247,inf,inf,inf,inf,inf,inf,inf,inf,6.715482711791992,6.6993536949157715,6.6853413581848145,6.673426628112793,6.6635870933532715,6.655813217163086,6.650087833404541,6.64640474319458,6.644758701324463,inf,inf,inf,inf,inf,inf,inf,inf,inf,inf,inf,inf,inf,10.132871627807617,9.45684814453125,9.34932804107666,9.397049903869629,9.44816780090332,9.50277042388916,9.56094741821289,inf,inf,inf,inf,inf,inf,inf,inf,inf,inf,inf,inf,inf,inf,inf,inf,inf,10.24588394165039,10.021239280700684,9.809168815612793,9.608768463134766,9.345450401306152,9.167410850524902,8.998729705810547,8.838800430297852,8.712928771972656,8.873875617980957,9.043699264526367,9.223028182983398,9.412550926208496,inf,inf,inf,inf,inf,inf,inf,inf,inf,inf,inf,inf,inf,inf,inf,inf,inf,7.758079528808594,7.704377174377441,7.6537394523620605,7.606074810028076,3.2777061462402344,3.2595181465148926,3.2425177097320557,3.2266759872436523,3.2119662761688232,3.1983642578125,3.185847759246826,3.17439603805542,3.163991928100586,3.1546175479888916,3.1462583541870117,3.138901472091675,3.1325347423553467,3.1271491050720215,3.1227359771728516,3.119288206100464,3.1168010234832764,3.637153387069702,inf
1771970261047494060,-3.140000104904175,0.01749303564429283,inf,inf,inf,inf,inf,inf,inf,inf,inf,inf,inf,inf,inf,inf,inf,inf,inf,inf,inf,inf,inf,inf,inf,inf,inf,inf,inf,inf,inf,inf,inf,inf,inf,inf,inf,inf,inf,inf,inf,inf,inf,inf,inf,inf,inf,inf,inf,inf,2.4278600215911865,2.390815496444702,2.3555948734283447,2.3220977783203125,2.2902302742004395,2.2599079608917236,2.2310519218444824,2.2035892009735107,2.177452802658081,2.1525797843933105,2.1289126873016357,2.106397867202759,2.0849854946136475,2.0646297931671143,2.045287847518921,2.026918649673462,2.009486675262451,1.9929554462432861,1.9772950410842896,1.9624745845794678,1.9484660625457764,1.9352449178695679,1.9227851629257202,1.9635341167449951,2.0704739093780518,2.1904425621032715,2.325923442840576,2.4800779819488525,2.656987190246582,2.8620166778564453,inf,inf,inf,inf,inf,inf,inf,inf,inf,inf,inf,inf,inf,inf,inf,inf,inf,inf,inf,inf,inf,inf,inf,inf,inf,inf,inf,inf,inf,inf,inf,inf,inf,inf,inf,inf,inf,inf,inf,inf,inf,inf,inf,5.695385456085205,5.537243366241455,5.45628547668457,5.520698547363281,5.588381290435791,5.6594977378845215,5.734224319458008,inf,inf,inf,inf,inf,inf,inf,inf,inf,inf,inf,inf,inf,inf,inf,inf,inf,inf,inf,inf,inf,inf,inf,inf,inf,inf,inf,inf,inf,inf,inf,inf,inf,inf,inf,inf,inf,inf,inf,2.3022897243499756,2.2937142848968506,2.2858994007110596,2.2788329124450684,2.272502899169922,2.266900062561035,2.2620151042938232,2.257840156555176,2.2543694972991943,2.2515974044799805,2.2495198249816895,2.2481329441070557,2.2474353313446045,2.2474257946014404,2.2481038570404053,2.2494709491729736,2.2515289783477783,2.2542812824249268,2.2577319145202637,2.2618868350982666,2.266751527786255,2.272334098815918,2.2786436080932617,2.285689115524292,2.293482542037964,inf,inf,inf,inf,inf,inf,inf,inf,inf,inf,inf,inf,inf,inf,inf,inf,inf,inf,inf,inf,inf,inf,inf,inf,inf,inf,inf,inf,inf,inf,inf,inf,inf,inf,inf,inf,inf,inf,inf,inf,inf,3.5841562747955322,3.539069175720215,3.496159315109253,3.455321788787842,3.4164607524871826,3.3794870376586914,3.3443171977996826,3.3108747005462646,3.279087543487549,3.2488901615142822,3.2202200889587402,3.1930201053619385,3.167236328125,3.142820358276367,3.119724750518799,3.1551709175109863,3.3034415245056152,3.4674479961395264,3.6497652530670166,3.8535637855529785,inf,inf,inf,inf,inf,inf,inf,inf,6.715485095977783,6.699355602264404,6.685343265533447,6.673428058624268,6.663589000701904,6.655813694000244,6.650088787078857,6.6464056968688965,6.644758701324463,inf,inf,inf,inf,inf,inf,inf,inf,inf,inf,inf,inf,inf,10.132955551147461,9.45691967010498,9.349319458007812,9.397041320800781,9.448158264160156,9.50275993347168,9.560937881469727,inf,inf,inf,inf,inf,inf,inf,inf,inf,inf,inf,inf,inf,inf,inf,inf,inf,10.245908737182617,10.021261215209961,9.809189796447754,9.60878849029541,9.345468521118164,9.167426109313965,8.998744010925293,8.838814735412598,8.712903022766113,8.873848915100098,9.043670654296875,9.22299861907959,9.412518501281738,inf,inf,inf,inf,inf,inf,inf,inf,inf,inf,inf,inf,inf,inf,inf,inf,inf,7.758080005645752,7.704377174377441,7.653738975524902,7.60607385635376,3.277700901031494,3.259512424468994,3.2425122261047363,3.226670026779175,3.2119603157043457,3.1983580589294434,3.1858417987823486,3.1743898391723633,3.163985252380371,3.1546106338500977,3.1462512016296387,3.138894557952881,3.1325273513793945,3.1271417140960693,3.1227283477783203,3.1192803382873535,3.116793155670166,3.636608362197876,inf
1771970261369836269,-3.140000104904175,0.01749303564429283,inf,inf,inf,inf,inf,inf,inf,inf,inf,inf,inf,inf,inf,inf,inf,inf,inf,inf,inf,inf,inf,inf,inf,inf,inf,inf,inf,inf,inf,inf,inf,inf,inf,inf,inf,inf,inf,inf,inf,inf,inf,inf,inf,inf,inf,inf,inf,inf,2.427865743637085,2.390821695327759,2.355600118637085,2.3221027851104736,2.2902350425720215,2.2599124908447266,2.2310562133789062,2.2035930156707764,2.1774563789367676,2.152583122253418,2.1289162635803223,2.106401205062866,2.084988594055176,2.0646324157714844,2.045290231704712,2.026921510696411,2.009489059448242,1.9929579496383667,1.977297067642212,1.9624769687652588,1.9484682083129883,1.935246467590332,1.9227873086929321,1.9634099006652832,2.0703420639038086,2.1903011798858643,2.3257720470428467,2.4799153804779053,2.656810760498047,2.8618245124816895,inf,inf,inf,inf,inf,inf,inf,inf,inf,inf,inf,inf,inf,inf,inf,inf,inf,inf,inf,inf,inf,inf,inf,inf,inf,inf,inf,inf,inf,inf,inf,inf,inf,inf,inf,inf,inf,inf,inf,inf,inf,inf,inf,5.695390224456787,5.537247180938721,5.456221103668213,5.520631313323975,5.588310241699219,5.659422874450684,5.734145641326904,inf,inf,inf,inf,inf,inf,inf,inf,inf,inf,inf,inf,inf,inf,inf,inf,inf,inf,inf,inf,inf,inf,inf,inf,inf,inf,inf,inf,inf,inf,inf,inf,inf,inf,inf,inf,inf,inf,inf,2.3023264408111572,2.2937510013580322,2.2859363555908203,2.278869152069092,2.2725391387939453,2.2669358253479004,2.2620508670806885,2.25787615776062,2.2544050216674805,2.2516326904296875,2.2495548725128174,2.2481682300567627,2.2474703788757324,2.24746036529541,2.248138666152954,2.2495057582855225,2.251563549041748,2.2543160915374756,2.2577667236328125,2.2619211673736572,2.2667860984802246,2.272368907928467,2.2786779403686523,2.2857236862182617,2.2935168743133545,inf,inf,inf,inf,inf,inf,inf,inf,inf,inf,inf,inf,inf,inf,inf,inf,inf,inf,inf,inf,inf,inf,inf,inf,inf,inf,inf,inf,inf,inf,inf,inf,inf,inf,inf,inf,inf,inf,inf,inf,inf,3.584163188934326,3.539076089859009,3.4961655139923096,3.4553279876708984,3.41646671295166,3.37949275970459,3.344322681427002,3.3108794689178467,3.279092311859131,3.248894691467285,3.220224142074585,3.193023681640625,3.1672401428222656,3.1428236961364746,3.1197280883789062,3.155245780944824,3.303518533706665,3.4675278663635254,3.6498472690582275,3.8536489009857178,inf,inf,inf,inf,inf,inf,inf,inf,6.715488433837891,6.699357986450195,6.685345649719238,6.673429489135742,6.663590431213379,6.655815601348877,6.650088787078857,6.646406173706055,6.644758701324463,inf,inf,inf,inf,inf,inf,inf,inf,inf,inf,inf,inf,inf,10.132916450500488,9.456875801086426,9.349312782287598,9.39703369140625,9.448151588439941,9.502751350402832,9.560929298400879,inf,inf,inf,inf,inf,inf,inf,inf,inf,inf,inf,inf,inf,inf,inf,inf,inf,10.24588680267334,10.021238327026367,9.80916690826416,9.608763694763184,9.345442771911621,9.167401313781738,8.998719215393066,8.838787078857422,8.71288013458252,8.873824119567871,9.043643951416016,9.222970008850098,9.412487983703613,inf,inf,inf,inf,inf,inf,inf,inf,inf,inf,inf,inf,inf,inf,inf,inf,inf,7.758049964904785,7.704347133636475,7.653708457946777,7.606043338775635,3.2776665687561035,3.2594783306121826,3.2424778938293457,3.2266361713409424,3.211925983428955,3.1983237266540527,3.185807228088379,3.1743557453155518,3.1639506816864014,3.154576539993286,3.146216869354248,3.138859748840332,3.132492780685425,3.1271071434020996,3.1226935386657715,3.119245767593384,3.116758108139038,3.6361026763916016,inf
1771970261635119899,-3.140000104904175,0.01749303564429283,inf,inf,inf,inf,inf,inf,inf,inf,inf,inf,inf,inf,inf,inf,inf,inf,inf,inf,inf,inf,inf,inf,inf,inf,inf,inf,inf,inf,inf,inf,inf,inf,inf,inf,inf,inf,inf,inf,inf,inf,inf,inf,inf,inf,inf,inf,inf,inf,2.4278736114501953,2.3908286094665527,2.355607271194458,2.3221094608306885,2.290241003036499,2.259917974472046,2.2310616970062256,2.2035982608795166,2.177462100982666,2.152588367462158,2.128920555114746,2.1064059734344482,2.084993362426758,2.0646369457244873,2.0452942848205566,2.0269250869750977,2.009492874145508,1.9929611682891846,1.9772999286651611,1.962479829788208,1.948471188545227,1.9352490901947021,1.9227898120880127,1.9634439945220947,2.0703768730163574,2.1903369426727295,2.32580828666687,2.4799511432647705,2.656846523284912,2.8618597984313965,inf,inf,inf,inf,inf,inf,inf,inf,inf,inf,inf,inf,inf,inf,inf,inf,inf,inf,inf,inf,inf,inf,inf,inf,inf,inf,inf,inf,inf,inf,inf,inf,inf,inf,inf,inf,inf,inf,inf,inf,inf,inf,inf,5.6954755783081055,5.537328720092773,5.456263065338135,5.520675182342529,5.5883564949035645,5.65947151184082,5.734196662902832,inf,inf,inf,inf,inf,inf,inf,inf,inf,inf,inf,inf,inf,inf,inf,inf,inf,inf,inf,inf,inf,inf,inf,inf,inf,inf,inf,inf,inf,inf,inf,inf,inf,inf,inf,inf,inf,inf,inf,2.3023104667663574,2.2937350273132324,2.2859199047088623,2.278852939605713,2.2725226879119873,2.2669193744659424,2.2620339393615723,2.257859230041504,2.2543883323669434,2.2516157627105713,2.249537944793701,2.2481508255004883,2.247452974319458,2.2474429607391357,2.2481210231781006,2.24948787689209,2.2515459060668945,2.254297971725464,2.257748603820801,2.2619028091430664,2.266767740249634,2.2723500728607178,2.278658866882324,2.2857043743133545,2.2934975624084473,inf,inf,inf,inf,inf,inf,inf,inf,inf,inf,inf,inf,inf,inf,inf,inf,inf,inf,inf,inf,inf,inf,inf,inf,inf,inf,inf,inf,inf,inf,inf,inf,inf,inf,inf,inf,inf,inf,inf,inf,inf,3.584172248840332,3.5390841960906982,3.4961740970611572,3.455335855484009,3.4164741039276123,3.379499912261963,3.344329357147217,3.3108859062194824,3.2790985107421875,3.2489006519317627,3.2202296257019043,3.1930291652679443,3.1672449111938477,3.1428282260894775,3.11973237991333,3.155169725418091,3.3034374713897705,3.467440605163574,3.6497538089752197,3.8535473346710205,inf,inf,inf,inf,inf,inf,inf,inf,6.715491771697998,6.699360370635986,6.685348033905029,6.673431873321533,6.6635918617248535,6.655816078186035,6.650090217590332,6.646406173706055,6.644758701324463,inf,inf,inf,inf,inf,inf,inf,inf,inf,inf,inf,inf,inf,10.133136749267578,9.457069396972656,9.349303245544434,9.397024154663086,9.448140144348145,9.502740859985352,9.560917854309082,inf,inf,inf,inf,inf,inf,inf,inf,inf,inf,inf,inf,inf,inf,inf,inf,inf,10.24596118927002,10.021309852600098,9.809234619140625,9.608830451965332,9.345504760742188,9.167461395263672,8.998777389526367,8.83884334564209,8.712848663330078,8.873790740966797,9.043610572814941,9.222932815551758,9.412449836730957,inf,inf,inf,inf,inf,inf,inf,inf,inf,inf,inf,inf,inf,inf,inf,inf,inf,7.758080005645752,7.704376697540283,7.6537370681762695,7.606071472167969,3.27768874168396,3.259500503540039,3.242499589920044,3.226656913757324,3.211946964263916,3.1983444690704346,3.1858274936676025,3.1743760108947754,3.163970470428467,3.1545960903167725,3.146235942840576,3.13887882232666,3.132511854171753,3.1271257400512695,3.1227121353149414,3.1192638874053955,3.11677622795105,3.6354527473449707,inf
1771970261849458208,-3.140000104904175,0.01749303564429283,inf,inf,inf,inf,inf,inf,inf,inf,inf,inf,inf,inf,inf,inf,inf,inf,inf,inf,inf,inf,inf,inf,inf,inf,inf,inf,inf,inf,inf,inf,inf,inf,inf,inf,inf,inf,inf,inf,inf,inf,inf,inf,inf,inf,inf,inf,inf,inf,2.427879571914673,2.390834331512451,2.3556127548217773,2.322114944458008,2.2902464866638184,2.259922742843628,2.2310659885406494,2.2036032676696777,2.1774661540985107,2.152592182159424,2.1289243698120117,2.1064095497131348,2.0849967002868652,2.0646400451660156,2.0452969074249268,2.026927947998047,2.009495496749878,1.9929641485214233,1.9773026704788208,1.9624824523925781,1.9484729766845703,1.9352513551712036,1.9227919578552246,1.9634029865264893,2.0703325271606445,2.190288543701172,2.3257551193237305,2.479893207550049,2.6567821502685547,2.861787796020508,inf,inf,inf,inf,inf,inf,inf,inf,inf,inf,inf,inf,inf,inf,inf,inf,inf,inf,inf,inf,inf,inf,inf,inf,inf,inf,inf,inf,inf,inf,inf,inf,inf,inf,inf,inf,inf,inf,inf,inf,inf,inf,inf,5.695516586303711,5.537367820739746,5.456252574920654,5.520664215087891,5.588345050811768,5.659459590911865,5.734184265136719,inf,inf,inf,inf,inf,inf,inf,inf,inf,inf,inf,inf,inf,inf,inf,inf,inf,inf,inf,inf,inf,inf,inf,inf,inf,inf,inf,inf,inf,inf,inf,inf,inf,inf,inf,inf,inf,inf,inf,2.3023202419281006,2.2937448024749756,2.2859294414520264,2.278862237930298,2.2725319862365723,2.2669286727905273,2.262042999267578,2.2578678131103516,2.254396915435791,2.251624345779419,2.2495462894439697,2.248159170150757,2.2474613189697266,2.247451066970825,2.248128890991211,2.2494957447052,2.251553773880005,2.254305601119995,2.257755994796753,2.2619102001190186,2.266774892807007,2.272357225418091,2.278665781021118,2.2857115268707275,2.293504238128662,inf,inf,inf,inf,inf,inf,inf,inf,inf,inf,inf,inf,inf,inf,inf,inf,inf,inf,inf,inf,inf,inf,inf,inf,inf,inf,inf,inf,inf,inf,inf,inf,inf,inf,inf,inf,inf,inf,inf,inf,inf,3.584179401397705,3.5390918254852295,3.496180534362793,3.4553420543670654,3.41648006439209,3.379505157470703,3.344334602355957,3.3108911514282227,3.2791032791137695,3.2489049434661865,3.2202341556549072,3.193033218383789,3.1672489643096924,3.142832040786743,3.1197357177734375,3.1551692485809326,3.303436040878296,3.467437505722046,3.6497485637664795,3.8535401821136475,inf,inf,inf,inf,inf,inf,inf,inf,6.715494632720947,6.699362754821777,6.685349464416504,6.673433303833008,6.663593292236328,6.65581750869751,6.650091171264648,6.646407127380371,6.644759654998779,inf,inf,inf,inf,inf,inf,inf,inf,inf,inf,inf,inf,inf,10.133216857910156,9.457139015197754,9.349296569824219,9.397016525268555,9.448132514953613,9.502731323242188,9.560907363891602,inf,inf,inf,inf,inf,inf,inf,inf,inf,inf,inf,inf,inf,inf,inf,inf,inf,10.245984077453613,10.021332740783691,9.809255599975586,9.608848571777344,9.3455228805542,9.16747760772705,8.998791694641113,8.83885669708252,8.712821960449219,8.873763084411621,9.04358196258545,9.22290325164795,9.412419319152832,inf,inf,inf,inf,inf,inf,inf,inf,inf,inf,inf,inf,inf,inf,inf,inf,inf,7.75808048248291,7.704376220703125,7.653736591339111,7.606070518493652,3.2776832580566406,3.2594950199127197,3.2424938678741455,3.226651191711426,3.2119410037994385,3.198338508605957,3.185821533203125,3.1743693351745605,3.163964033126831,3.1545891761779785,3.1462295055389404,3.138871669769287,3.132504463195801,3.1271183490753174,3.12270450592041,3.1192564964294434,3.1167683601379395,3.634922981262207,inf
1771970262036450433,-3.140000104904175,0.01749303564429283,inf,inf,inf,inf,inf,inf,inf,inf,inf,inf,inf,inf,inf,inf,inf,inf,inf,inf,inf,inf,inf,inf,inf,inf,inf,inf,inf,inf,inf,inf,inf,inf,inf,inf,inf,inf,inf,inf,inf,inf,inf,inf,inf,inf,inf,inf,inf,inf,2.427886486053467,2.390841007232666,2.355619192123413,2.322120189666748,2.2902517318725586,2.2599282264709473,2.2310714721679688,2.2036075592041016,2.1774704456329346,2.1525964736938477,2.1289281845092773,2.1064133644104004,2.0850002765655518,2.064643621444702,2.045300245285034,2.026931047439575,2.009498357772827,1.992966890335083,1.9773054122924805,1.962484359741211,1.9484754800796509,1.9352537393569946,1.9227936267852783,1.9633582830429077,2.070284605026245,2.1902365684509277,2.3256988525390625,2.4798309803009033,2.6567132472991943,2.8617100715637207,inf,inf,inf,inf,inf,inf,inf,inf,inf,inf,inf,inf,inf,inf,inf,inf,inf,inf,inf,inf,inf,inf,inf,inf,inf,inf,inf,inf,inf,inf,inf,inf,inf,inf,inf,inf,inf,inf,inf,inf,inf,inf,inf,5.695560932159424,5.537409782409668,5.456241607666016,5.520652770996094,5.5883331298828125,5.659446716308594,5.734170913696289,inf,inf,inf,inf,inf,inf,inf,inf,inf,inf,inf,inf,inf,inf,inf,inf,inf,inf,inf,inf,inf,inf,inf,inf,inf,inf,inf,inf,inf,inf,inf,inf,inf,inf,inf,inf,inf,inf,inf,2.302330732345581,2.293755054473877,2.2859394550323486,2.278872489929199,2.2725417613983154,2.2669382095336914,2.262052536010742,2.2578773498535156,2.254406213760376,2.251633644104004,2.2495553493499756,2.2481682300567627,2.247469902038574,2.247459888458252,2.2481374740600586,2.2495040893554688,2.2515618801116943,2.2543137073516846,2.2577641010284424,2.261918544769287,2.266782760620117,2.272365093231201,2.2786734104156494,2.285719156265259,2.2935118675231934,inf,inf,inf,inf,inf,inf,inf,inf,inf,inf,inf,inf,inf,inf,inf,inf,inf,inf,inf,inf,inf,inf,inf,inf,inf,inf,inf,inf,inf,inf,inf,inf,inf,inf,inf,inf,inf,inf,inf,inf,inf,3.5841875076293945,3.5390989780426025,3.496187686920166,3.4553487300872803,3.4164865016937256,3.3795113563537598,3.3443403244018555,3.310896396636963,3.2791085243225098,3.2489101886749268,3.220238447189331,3.193037509918213,3.167253255844116,3.142836332321167,3.1197397708892822,3.1551692485809326,3.3034346103668213,3.4674341678619385,3.6497433185577393,3.853532314300537,inf,inf,inf,inf,inf,inf,inf,inf,6.715497016906738,6.699365615844727,6.685351848602295,6.673434734344482,6.663595199584961,6.655818462371826,6.650091648101807,6.646407127380371,6.644759654998779,inf,inf,inf,inf,inf,inf,inf,inf,inf,inf,inf,inf,inf,10.133304595947266,9.4572114944458,9.349287986755371,9.397007942199707,9.44812297821045,9.502720832824707,9.560897827148438,inf,inf,inf,inf,inf,inf,inf,inf,inf,inf,inf,inf,inf,inf,inf,inf,inf,10.246010780334473,10.021355628967285,9.809277534484863,9.608868598937988,9.345541954040527,9.167494773864746,8.998806953430176,8.838871002197266,8.712796211242676,8.873736381530762,9.043551445007324,9.222872734069824,9.412384986877441,inf,inf,inf,inf,inf,inf,inf,inf,inf,inf,inf,inf,inf,inf,inf,inf,inf,7.75808048248291,7.704375743865967,7.653735637664795,7.606069087982178,3.277677536010742,3.259488582611084,3.2424871921539307,3.226644992828369,3.2119345664978027,3.198331356048584,3.185814380645752,3.1743621826171875,3.163956880569458,3.1545817852020264,3.1462221145629883,3.138864040374756,3.1324968338012695,3.127110481262207,3.1226963996887207,3.119248151779175,3.116759777069092,3.6343576908111572,inf
1771970262287973746,-3.140000104904175,0.01749303564429283,inf,inf,inf,inf,inf,inf,inf,inf,inf,inf,inf,inf,inf,inf,inf,inf,inf,inf,inf,inf,inf,inf,inf,inf,inf,inf,inf,inf,inf,inf,inf,inf,inf,inf,inf,inf,inf,inf,inf,inf,inf,inf,inf,inf,inf,inf,inf,inf,2.4278924465179443,2.3908464908599854,2.3556244373321533,2.322125196456909,2.2902567386627197,2.2599329948425293,2.2310760021209717,2.2036120891571045,2.1774744987487793,2.1526002883911133,2.128932237625122,2.106416940689087,2.0850038528442383,2.0646467208862305,2.0453033447265625,2.026933431625366,2.009500741958618,1.9929696321487427,1.977307915687561,1.962486982345581,1.948477864265442,1.9352552890777588,1.9227957725524902,1.9632316827774048,2.0701496601104736,2.1900928020477295,2.3255443572998047,2.4796648025512695,2.6565330028533936,2.861513614654541,inf,inf,inf,inf,inf,inf,inf,inf,inf,inf,inf,inf,inf,inf,inf,inf,inf,inf,inf,inf,inf,inf,inf,inf,inf,inf,inf,inf,inf,inf,inf,inf,inf,inf,inf,inf,inf,inf,inf,inf,inf,inf,inf,5.695568084716797,5.537415504455566,5.4561767578125,5.520584583282471,5.588261604309082,5.659371376037598,5.734091758728027,inf,inf,inf,inf,inf,inf,inf,inf,inf,inf,inf,inf,inf,inf,inf,inf,inf,inf,inf,inf,inf,inf,inf,inf,inf,inf,inf,inf,inf,inf,inf,inf,inf,inf,inf,inf,inf,inf,inf,2.302368402481079,2.293792724609375,2.2859768867492676,2.27890944480896,2.2725789546966553,2.266974925994873,2.2620887756347656,2.257913589477539,2.2544422149658203,2.2516696453094482,2.249591112136841,2.248203754425049,2.2475056648254395,2.247495174407959,2.2481727600097656,2.249539375305176,2.2515969276428223,2.2543489933013916,2.2577991485595703,2.261953592300415,2.266817808151245,2.27239990234375,2.2787086963653564,2.2857539653778076,2.2935469150543213,inf,inf,inf,inf,inf,inf,inf,inf,inf,inf,inf,inf,inf,inf,inf,inf,inf,inf,inf,inf,inf,inf,inf,inf,inf,inf,inf,inf,inf,inf,inf,inf,inf,inf,inf,inf,inf,inf,inf,inf,inf,3.5841944217681885,3.5391061305999756,3.496194362640381,3.455354928970337,3.416492462158203,3.3795173168182373,3.344346046447754,3.3109018802642822,3.279113531112671,3.2489147186279297,3.220242977142334,3.193042039871216,3.167257070541382,3.1428396701812744,3.1197431087493896,3.1552445888519287,3.30351185798645,3.4675145149230957,3.6498262882232666,3.8536174297332764,inf,inf,inf,inf,inf,inf,inf,inf,6.715500354766846,6.699367046356201,6.685354232788086,6.673436164855957,6.6635966300964355,6.655818939208984,6.650091648101807,6.6464080810546875,6.644759654998779,inf,inf,inf,inf,inf,inf,inf,inf,inf,inf,inf,inf,inf,10.133269309997559,9.457172393798828,9.349282264709473,9.397001266479492,9.448114395141602,9.502713203430176,9.560888290405273,inf,inf,inf,inf,inf,inf,inf,inf,inf,inf,inf,inf,inf,inf,inf,inf,inf,10.245987892150879,10.021332740783691,9.809252738952637,9.608844757080078,9.345516204833984,9.167468070983887,8.998780250549316,8.838845252990723,8.71277141571045,8.873710632324219,9.043523788452148,9.2228422164917,9.412353515625,inf,inf,inf,inf,inf,inf,inf,inf,inf,inf,inf,inf,inf,inf,inf,inf,inf,7.758050441741943,7.704345703125,7.65370512008667,7.6060380935668945,3.2776427268981934,3.259453773498535,3.242452621459961,3.2266101837158203,3.211899995803833,3.1982972621917725,3.1857798099517822,3.1743276119232178,3.163922071456909,3.1545472145080566,3.1461873054504395,3.138829231262207,3.1324620246887207,3.127075433731079,3.1226611137390137,3.119213104248047,3.116724729537964,3.633831739425659,inf
1771970262553811318,-3.140000104904175,0.01749303564429283,8.959871292114258,8.961482048034668,8.965836524963379,8.972942352294922,8.982810974121094,8.99545669555664,9.010899543762207,9.029162406921387,7.270198345184326,6.45068883895874,5.936929225921631,5.9559006690979,5.976828575134277,5.999746322631836,6.024691581726074,6.051704406738281,6.080829620361328,6.112115859985352,6.145616054534912,6.181386947631836,6.219491481781006,6.259995937347412,6.30297327041626,6.3485002517700195,9.818659782409668,9.897772789001465,9.981249809265137,10.069254875183105,10.16196346282959,10.259562492370605,10.36225700378418,10.470263481140137,10.583818435668945,6.140679359436035,5.99147367477417,6.153627395629883,6.320757865905762,11.244400978088379,11.39731502532959,11.558030128479004,11.726983070373535,11.904644966125488,inf,inf,inf,inf,inf,inf,2.4378764629364014,2.400336980819702,2.3646490573883057,2.330709218978882,2.2984232902526855,2.2677040100097656,2.238471031188965,2.2106504440307617,2.1841721534729004,2.158973217010498,2.1349964141845703,2.112184762954712,2.0904879570007324,2.0698602199554443,2.05025577545166,2.0316357612609863,2.0139613151550293,1.9971973896026611,1.9813123941421509,1.9662742614746094,1.9520559310913086,1.9386305809020996,1.9259737730026245,1.9563822746276855,2.0612692832946777,2.178744316101074,2.311168909072876,2.461534261703491,2.6336894035339355,2.832667350769043,inf,inf,inf,inf,inf,inf,inf,inf,inf,inf,inf,inf,inf,inf,inf,inf,inf,inf,inf,inf,inf,inf,inf,inf,inf,inf,inf,inf,inf,inf,inf,inf,inf,inf,inf,inf,inf,inf,inf,inf,inf,inf,inf,5.698248863220215,5.538419246673584,5.430588722229004,5.494059085845947,5.5607523918151855,5.630829334259033,inf,inf,inf,inf,inf,inf,inf,inf,inf,inf,inf,inf,inf,inf,inf,inf,inf,inf,inf,inf,inf,inf,inf,inf,inf,inf,inf,inf,inf,inf,inf,inf,inf,inf,inf,inf,inf,inf,inf,inf,2.299247980117798,2.290492057800293,2.2824976444244385,2.2752532958984375,2.2687463760375977,2.262967109680176,2.257906675338745,2.253556489944458,2.249910593032837,2.246962547302246,2.24470853805542,2.2431447505950928,2.2422685623168945,2.2420787811279297,2.2425754070281982,2.2437589168548584,2.245631217956543,2.248194932937622,2.2514548301696777,2.2554149627685547,2.2600817680358887,2.265462875366211,2.2715659141540527,2.2784016132354736,2.285979747772217,inf,inf,inf,inf,inf,inf,inf,inf,inf,inf,inf,inf,inf,inf,inf,inf,inf,inf,inf,inf,inf,inf,inf,inf,inf,inf,inf,inf,inf,inf,inf,inf,inf,inf,inf,inf,inf,inf,inf,inf,inf,inf,3.5506742000579834,3.5072035789489746,3.4658329486846924,3.4264631271362305,3.389002799987793,3.353367805480957,3.3194797039031982,3.2872655391693115,3.256657361984253,3.227592945098877,3.200012445449829,3.173862934112549,3.1490931510925293,3.1256558895111084,3.1035075187683105,3.2471508979797363,3.4060206413269043,3.5823891162872314,3.7792391777038574,4.000277042388916,inf,inf,inf,inf,inf,inf,inf,6.720069885253906,6.703380107879639,6.688815116882324,6.676352500915527,6.665970802307129,6.657656192779541,6.651395320892334,6.6471781730651855,6.644998073577881,inf,inf,inf,inf,inf,inf,inf,inf,inf,inf,inf,inf,inf,inf,9.652042388916016,9.337370872497559,9.38421630859375,9.434435844421387,9.488115310668945,9.5453462600708,9.60622787475586,6.673081874847412,6.720355987548828,6.77039098739624,6.823279857635498,6.879123687744141,6.9380292892456055,7.000113487243652,7.065499782562256,7.1343231201171875,7.206727027893066,inf,11.855810165405273,inf,inf,inf,inf,inf,10.091706275939941,9.876155853271484,9.672517776489258,9.405779838562012,9.224946022033691,9.053653717041016,8.891276359558105,6.439565658569336,6.319295406341553,6.4066290855407715,6.2519683837890625,9.361834526062012,11.559288024902344,11.39851188659668,11.245539665222168,11.099971771240234,10.961434364318848,10.829586029052734,10.704108238220215,10.584707260131836,10.471109390258789,10.36306095123291,10.260327339172363,10.162689208984375,10.069944381713867,9.981904983520508,9.898392677307129,9.819247245788574,9.744315147399902,7.781611919403076,7.72702693939209,7.675535202026367,7.6270432472229,3.2900187969207764,3.271472692489624,3.2541251182556152,3.237945318222046,3.2229080200195312,3.2089860439300537,3.1961584091186523,3.18440318107605,3.173701763153076,3.164036989212036,3.155393600463867,3.1477575302124023,3.141117572784424,3.135462999343872,3.130784749984741,3.1270759105682373,3.12433123588562,3.1225457191467285,8.95987319946289
1771970262920030224,-3.140000104904175,0.01749303564429283,9.097587585449219,9.099227905273438,9.103655815124512,9.11087703704834,9.120903015136719,9.133749008178711,9.149434089660645,9.167984008789062,9.189427375793457,6.678872585296631,5.981815338134766,5.992191314697266,6.012660980224609,6.0351243019104,6.059617519378662,6.086180210113525,6.114855766296387,6.145692825317383,6.178742408752441,6.214061260223389,6.251709938049316,6.291755199432373,6.3342671394348145,6.379322528839111,9.969735145568848,10.050073623657227,10.134843826293945,10.224210739135742,10.318353652954102,10.417463302612305,10.521746635437012,10.631425857543945,10.746737480163574,10.867940902709961,6.027399063110352,6.20077657699585,6.3674235343933105,6.24615478515625,11.572821617126465,11.736023902893066,11.907591819763184,inf,inf,inf,inf,inf,inf,inf,2.4493367671966553,2.4112155437469482,2.3749780654907227,2.340519428253174,2.307742118835449,2.2765579223632812,2.2468836307525635,2.218642234802246,2.1917645931243896,2.1661856174468994,2.1418445110321045,2.1186861991882324,2.0966570377349854,2.0757100582122803,2.0558009147644043,2.036886692047119,2.0189292430877686,2.001893997192383,1.9857455492019653,1.970454216003418,1.955990195274353,1.9423272609710693,1.9550937414169312,2.0522818565368652,2.1603336334228516,2.281132459640503,2.4170243740081787,2.5709686279296875,2.7467546463012695,inf,inf,inf,inf,inf,inf,inf,inf,inf,inf,inf,inf,inf,inf,inf,inf,inf,inf,inf,inf,inf,inf,inf,inf,inf,inf,inf,inf,inf,inf,inf,inf,inf,inf,inf,inf,inf,inf,inf,inf,inf,inf,inf,inf,5.668009281158447,5.507129192352295,5.88870906829834,5.473928928375244,5.539615154266357,5.608633995056152,5.681154727935791,inf,inf,inf,inf,inf,inf,inf,inf,inf,inf,inf,inf,inf,inf,inf,inf,inf,inf,inf,inf,inf,inf,inf,inf,inf,inf,inf,inf,inf,inf,inf,inf,inf,inf,inf,inf,inf,inf,inf,2.2592978477478027,2.2504725456237793,2.2423994541168213,2.235065221786499,2.228459119796753,2.222569465637207,2.217388153076172,2.2129061222076416,2.2091166973114014,2.206014633178711,2.2035939693450928,2.2018520832061768,2.2007858753204346,2.2003934383392334,2.200674533843994,2.201629400253296,2.2032594680786133,2.2055678367614746,2.208556890487671,2.2122325897216797,2.216599702835083,2.221665143966675,2.2274370193481445,2.233924388885498,2.2411370277404785,2.2490875720977783,inf,inf,inf,inf,inf,inf,inf,inf,inf,inf,inf,inf,inf,inf,inf,inf,inf,inf,inf,inf,inf,inf,inf,inf,inf,inf,inf,inf,inf,inf,inf,inf,inf,inf,inf,inf,inf,inf,inf,inf,inf,3.564791440963745,3.5206539630889893,3.478646993637085,3.4386703968048096,3.4006307125091553,3.3644423484802246,3.3300235271453857,3.2973010540008545,3.266205072402954,3.236671209335327,3.2086398601531982,3.1820552349090576,3.1568658351898193,3.1330225467681885,3.1104817390441895,3.0892019271850586,3.2333803176879883,3.3978817462921143,3.5811731815338135,3.7865922451019287,4.018315315246582,inf,inf,inf,inf,inf,inf,inf,6.708570957183838,6.693357467651367,6.680253028869629,6.669235706329346,6.660290241241455,6.6534013748168945,6.648559093475342,6.645756244659424,6.644987106323242,inf,inf,inf,inf,inf,inf,inf,inf,inf,inf,inf,inf,inf,10.027151107788086,9.37810230255127,9.369845390319824,9.419026374816895,9.471637725830078,9.527772903442383,9.587528228759766,inf,6.7059326171875,6.755115509033203,6.80712366104126,6.862054824829102,6.920014381408691,6.981115818023682,7.045480728149414,7.113240718841553,7.184536933898926,inf,inf,inf,inf,inf,inf,inf,10.227474212646484,10.00664234161377,9.798079490661621,9.600911140441895,9.341171264648438,9.165864944458008,8.99971866607666,8.842146873474121,6.521124839782715,6.369918346405029,6.214869499206543,6.340003490447998,11.736613273620605,11.573381423950195,11.418074607849121,11.270283699035645,11.129631996154785,10.995771408081055,10.868377685546875,10.747153282165527,10.631820678710938,10.522123336791992,10.417820930480957,10.318693161010742,10.224533081054688,10.135149955749512,10.050363540649414,9.970010757446289,9.893935203552246,9.82199478149414,7.788168907165527,7.735437393188477,7.685750484466553,7.639020919799805,3.320713996887207,3.3027665615081787,3.2860119342803955,3.2704222202301025,3.2559714317321777,3.2426350116729736,3.2303929328918457,3.219223737716675,3.2091100215911865,3.20003604888916,3.1919870376586914,3.184950590133667,3.1789157390594482,3.17387318611145,3.1698148250579834,3.1667349338531494,3.164628028869629,9.097588539123535
1771970263083582182,-3.140000104904175,0.01749303564429283,inf,inf,inf,inf,inf,inf,inf,inf,inf,inf,inf,inf,inf,inf,inf,inf,inf,inf,inf,inf,inf,inf,inf,inf,inf,inf,inf,inf,inf,inf,inf,inf,inf,inf,inf,inf,inf,inf,inf,inf,inf,inf,inf,inf,inf,inf,inf,2.491563081741333,2.451305389404297,2.4130544662475586,2.376695156097412,2.3421218395233154,2.3092355728149414,2.2779479026794434,2.248175859451294,2.2198421955108643,2.1928763389587402,2.1672134399414062,2.142791748046875,2.119555711746216,2.0974533557891846,2.0764353275299072,2.0564589500427246,2.0374789237976074,2.0194599628448486,2.002363443374634,1.9861565828323364,1.9708086252212524,1.9562896490097046,2.02655029296875,2.1215224266052246,2.226548910140991,2.3432700634002686,2.4737048149108887,2.6203651428222656,2.7864184379577637,inf,inf,inf,inf,inf,inf,inf,inf,inf,inf,inf,inf,inf,inf,inf,inf,inf,inf,inf,inf,inf,inf,inf,inf,inf,inf,inf,inf,inf,inf,inf,inf,inf,inf,inf,inf,inf,inf,inf,inf,inf,inf,inf,inf,inf,5.590710163116455,5.4315690994262695,5.415335178375244,5.477713584899902,5.543262004852295,5.612135887145996,5.68450403213501,inf,inf,inf,inf,inf,inf,inf,inf,inf,inf,inf,inf,inf,inf,inf,inf,inf,inf,inf,inf,inf,inf,inf,inf,inf,inf,inf,inf,inf,inf,inf,inf,inf,inf,inf,inf,inf,inf,inf,2.197044610977173,2.1884102821350098,2.180508852005005,2.1733264923095703,2.1668522357940674,2.1610758304595947,2.1559882164001465,2.151581287384033,2.14784836769104,2.1447830200195312,2.142381429672241,2.140639305114746,2.139554262161255,2.139124870300293,2.1393496990203857,2.1402297019958496,2.14176607131958,2.143961191177368,2.1468186378479004,2.1503422260284424,2.1545379161834717,2.159412145614624,2.1649725437164307,2.17122745513916,2.178187370300293,2.1858627796173096,inf,inf,inf,inf,inf,inf,inf,inf,inf,inf,inf,inf,inf,inf,inf,inf,inf,inf,inf,inf,inf,inf,inf,inf,inf,inf,inf,inf,inf,inf,inf,inf,inf,inf,inf,inf,inf,inf,inf,inf,inf,inf,3.524686813354492,3.4825150966644287,3.442382335662842,3.40419340133667,3.3678619861602783,3.3333070278167725,3.3004531860351562,3.2692315578460693,3.239577054977417,3.2114295959472656,3.1847333908081055,3.159435987472534,3.1354892253875732,3.1128482818603516,3.091470956802368,3.0713186264038086,3.197929620742798,3.3696768283843994,3.562070608139038,3.778989791870117,inf,inf,inf,inf,inf,inf,inf,inf,6.695103645324707,6.681841850280762,6.670670509338379,6.6615705490112305,6.654529094696045,6.649534702301025,6.646581172943115,6.6456618309021,inf,inf,inf,inf,inf,inf,inf,inf,inf,inf,inf,inf,inf,inf,9.652970314025879,9.367053031921387,9.415985107421875,9.468344688415527,9.52422046661377,9.583709716796875,9.646917343139648,inf,inf,inf,inf,inf,inf,inf,inf,inf,inf,inf,inf,inf,inf,inf,inf,10.339268684387207,10.115437507629395,9.904059410095215,9.704242706298828,9.441926956176758,9.264274597167969,9.095915794372559,8.93625259399414,8.784738540649414,8.935041427612305,9.108219146728516,9.291139602661133,9.484521865844727,inf,inf,inf,inf,inf,inf,inf,inf,inf,inf,inf,inf,inf,inf,inf,inf,inf,7.855064868927002,7.801677703857422,7.751367092132568,7.704043388366699,3.384714126586914,3.366337299346924,3.3491785526275635,3.3332083225250244,3.3184003829956055,3.304730176925659,3.29217529296875,3.2807157039642334,3.2703328132629395,3.261009931564331,3.252732753753662,3.245487928390503,3.239264726638794,3.2340526580810547,3.229844093322754,3.226632833480835,3.2244133949279785,inf
1771970263297627413,-3.140000104904175,0.01749303564429283,inf,inf,inf,inf,inf,inf,inf,inf,inf,inf,inf,inf,inf,inf,inf,inf,inf,inf,inf,inf,inf,inf,inf,inf,inf,inf,inf,inf,inf,inf,inf,inf,inf,inf,inf,inf,inf,inf,inf,inf,inf,inf,inf,inf,inf,inf,2.532111883163452,2.4897851943969727,2.449587821960449,2.4113948345184326,2.375089645385742,2.340566635131836,2.3077292442321777,2.2764875888824463,2.246758222579956,2.21846604347229,2.1915395259857178,2.1659140586853027,2.141528606414795,2.118326425552368,2.096256971359253,2.075270414352417,2.0553228855133057,2.036372661590576,2.0183804035186768,2.0013105869293213,1.9851291179656982,2.00038480758667,2.085020065307617,2.1778292655944824,2.280015707015991,2.3930320739746094,2.5186476707458496,2.659040689468384,2.8169217109680176,inf,inf,inf,inf,inf,inf,inf,inf,inf,inf,inf,inf,inf,inf,inf,inf,inf,inf,inf,inf,inf,inf,inf,inf,inf,inf,inf,inf,inf,inf,inf,inf,inf,inf,inf,inf,inf,inf,inf,inf,inf,inf,inf,inf,inf,5.647614479064941,5.480565547943115,5.363928318023682,5.41604471206665,5.478487491607666,5.544103622436523,5.613048553466797,5.685491561889648,inf,inf,inf,inf,inf,inf,inf,inf,inf,inf,inf,inf,inf,inf,inf,inf,inf,inf,inf,inf,inf,inf,inf,inf,inf,inf,inf,inf,inf,inf,inf,inf,inf,inf,inf,inf,inf,inf,inf,2.140956401824951,2.1325583457946777,2.1248738765716553,2.1178901195526123,2.11159610748291,2.1059820652008057,2.101038694381714,2.096759080886841,2.0931355953216553,2.090163230895996,2.0878374576568604,2.0861542224884033,2.085111379623413,2.084707021713257,2.0849406719207764,2.08581280708313,2.087324857711792,2.0894787311553955,2.092278003692627,2.09572696685791,2.0998308658599854,2.1045961380004883,2.110030174255371,2.1161417961120605,2.1229403018951416,2.130436420440674,inf,inf,inf,inf,inf,inf,inf,inf,inf,inf,inf,inf,inf,inf,inf,inf,inf,inf,inf,inf,inf,inf,inf,inf,inf,inf,inf,inf,inf,inf,inf,inf,inf,inf,inf,inf,inf,inf,inf,inf,inf,inf,inf,3.4823169708251953,3.442220687866211,3.404067039489746,3.3677685260772705,3.3332455158233643,3.3004233837127686,3.2692313194274902,3.239605665206909,3.2114856243133545,3.1848161220550537,3.1595444679260254,3.135622978210449,3.113006591796875,3.0916528701782227,3.071523427963257,3.0525829792022705,3.1974287033081055,3.3802483081817627,3.5864059925079346,3.8205881118774414,inf,inf,inf,inf,inf,inf,inf,6.695393085479736,6.682178497314453,6.6710524559021,6.661998748779297,6.655002593994141,6.650055408477783,6.647147178649902,6.646275043487549,6.647435665130615,inf,inf,inf,inf,inf,inf,inf,inf,inf,inf,inf,inf,inf,9.847572326660156,9.368762969970703,9.417774200439453,9.470216751098633,9.526178359985352,9.585753440856934,9.64905071258545,inf,inf,inf,inf,inf,inf,inf,inf,inf,inf,inf,inf,inf,inf,inf,inf,inf,10.196671485900879,9.9837646484375,9.782501220703125,9.518844604492188,9.339885711669922,9.170286178588867,9.009445190429688,8.856810569763184,8.939769744873047,9.113177299499512,9.296347618103027,9.489995002746582,inf,inf,inf,inf,inf,inf,inf,inf,inf,inf,inf,inf,inf,inf,inf,inf,inf,7.91241455078125,7.858700275421143,7.808083534240723,7.76047420501709,3.441423177719116,3.422764778137207,3.405343532562256,3.3891308307647705,3.3740997314453125,3.360224723815918,3.3474831581115723,3.33585524559021,3.325321912765503,3.315865993499756,3.3074727058410645,3.3001296520233154,3.2938246726989746,3.288547992706299,3.2842915058135986,3.2810487747192383,3.2788147926330566,inf
1771970263573146744,-3.140000104904175,0.01749303564429283,inf,inf,inf,inf,inf,inf,inf,inf,inf,inf,inf,inf,inf,inf,inf,inf,inf,inf,inf,inf,inf,inf,inf,inf,inf,inf,inf,inf,inf,inf,inf,inf,inf,inf,inf,inf,inf,inf,inf,inf,inf,inf,inf,inf,inf,2.575712203979492,2.531142234802246,2.4888367652893066,2.448659658432007,2.4104840755462646,2.374196767807007,2.3396904468536377,2.306868553161621,2.2756423950195312,2.2459278106689453,2.21764874458313,2.190735340118408,2.1651220321655273,2.1407480239868164,2.117558002471924,2.09549880027771,2.0745232105255127,2.0545847415924072,2.0356431007385254,2.017660140991211,2.000598669052124,2.0538806915283203,2.1366357803344727,2.2270495891571045,2.3261964321136475,2.4353628158569336,2.5561001300811768,2.690300464630127,2.840290069580078,inf,inf,inf,inf,inf,inf,inf,inf,inf,inf,inf,inf,inf,inf,inf,inf,inf,inf,inf,inf,inf,inf,inf,inf,inf,inf,inf,inf,inf,inf,inf,inf,inf,inf,inf,inf,inf,inf,inf,inf,inf,inf,inf,inf,inf,inf,5.5381293296813965,5.3743391036987305,5.356052398681641,5.41546630859375,5.477907657623291,5.543522357940674,5.612465858459473,inf,inf,inf,inf,inf,inf,inf,inf,inf,inf,inf,inf,inf,inf,inf,inf,inf,inf,inf,inf,inf,inf,inf,inf,inf,inf,inf,inf,inf,inf,inf,inf,inf,inf,inf,inf,inf,inf,inf,2.0943729877471924,2.085486650466919,2.077308177947998,2.069824695587158,2.063023805618286,2.0568950176239014,2.0514280796051025,2.0466151237487793,2.042448043823242,2.0389204025268555,2.036026954650879,2.0337631702423096,2.03212571144104,2.031111717224121,2.030719757080078,2.030949592590332,2.0318009853363037,2.033275604248047,2.0353755950927734,2.038104772567749,2.041465997695923,2.0454657077789307,2.050109386444092,2.0554049015045166,2.0613603591918945,2.0679845809936523,2.075288772583008,2.083284616470337,inf,inf,inf,inf,inf,inf,inf,inf,inf,inf,inf,inf,inf,inf,inf,inf,inf,inf,inf,inf,inf,inf,inf,inf,inf,inf,inf,inf,inf,inf,inf,inf,inf,inf,inf,inf,inf,inf,inf,inf,inf,inf,inf,3.4428114891052246,3.4046554565429688,3.3683555126190186,3.3338305950164795,3.30100679397583,3.269813060760498,3.2401859760284424,3.2120649814605713,3.185393810272217,3.160121440887451,3.1361992359161377,3.113581657409668,3.0922274589538574,3.0720980167388916,3.053157091140747,3.035371780395508,3.1958212852478027,3.390770196914673,3.6122262477874756,3.8658969402313232,inf,inf,inf,inf,inf,inf,inf,6.682740688323975,6.671619892120361,6.662572383880615,6.655581951141357,6.650640487670898,6.647738456726074,6.646871566772461,6.648039817810059,inf,inf,inf,inf,inf,inf,inf,inf,inf,inf,inf,inf,inf,10.052729606628418,9.442388534545898,9.41855525970459,9.4710111618042,9.526987075805664,9.586577415466309,9.649890899658203,inf,inf,inf,inf,inf,inf,inf,inf,inf,inf,inf,inf,inf,inf,inf,inf,inf,10.281481742858887,10.066826820373535,9.863910675048828,9.671913146972656,9.418253898620605,9.247249603271484,9.085075378417969,8.93117618560791,8.941169738769531,9.114622116088867,9.297842025756836,9.491541862487793,inf,inf,inf,inf,inf,inf,inf,inf,inf,inf,inf,inf,inf,inf,inf,inf,inf,7.970377445220947,7.91627836227417,7.865299224853516,7.817349433898926,3.4980523586273193,3.479090452194214,3.4613869190216064,3.4449105262756348,3.4296350479125977,3.4155352115631104,3.402587413787842,3.3907711505889893,3.380067825317383,3.3704593181610107,3.361931562423706,3.3544704914093018,3.34806489944458,3.3427045345306396,3.338381290435791,3.3350884914398193,3.332820415496826,inf
1771970263757804168,-3.140000104904175,0.01749303564429283,inf,inf,inf,inf,inf,inf,inf,inf,inf,inf,inf,inf,inf,inf,inf,inf,inf,inf,inf,inf,inf,inf,inf,inf,inf,inf,inf,inf,inf,inf,inf,inf,inf,inf,inf,inf,inf,inf,inf,inf,inf,inf,inf,inf,inf,2.574859142303467,2.530306100845337,2.4880168437957764,2.447854518890381,2.4096946716308594,2.373420476913452,2.3389270305633545,2.3061187267303467,2.2749035358428955,2.2452001571655273,2.2169322967529297,2.1900291442871094,2.1644246578216553,2.1400606632232666,2.1168787479400635,2.0948283672332764,2.0738601684570312,2.053929567337036,2.0349957942962646,2.020481824874878,2.0946338176727295,2.175126552581787,2.262773036956787,2.3585314750671387,2.4635403156280518,2.5791611671447754,2.707038164138794,2.849175214767456,inf,inf,inf,inf,inf,inf,inf,inf,inf,inf,inf,inf,inf,inf,inf,inf,inf,inf,inf,inf,inf,inf,inf,inf,inf,inf,inf,inf,inf,inf,inf,inf,inf,inf,inf,inf,inf,inf,inf,inf,inf,inf,inf,inf,inf,inf,5.619205951690674,5.437108039855957,5.305272579193115,5.355539321899414,5.414952754974365,5.477394104003906,5.543007850646973,5.6119513511657715,inf,inf,inf,inf,inf,inf,inf,inf,inf,inf,inf,inf,inf,inf,inf,inf,inf,inf,inf,inf,inf,inf,inf,inf,inf,inf,inf,inf,inf,inf,inf,inf,inf,inf,inf,inf,inf,inf,inf,2.0427744388580322,2.0341081619262695,2.026132345199585,2.018834114074707,2.0122017860412598,2.0062248706817627,2.0008935928344727,1.9961997270584106,1.9921363592147827,1.988696575164795,1.9858754873275757,1.983668327331543,1.982072114944458,1.9810839891433716,1.980702519416809,1.9809273481369019,1.981758713722229,1.9831981658935547,1.9852473735809326,1.9879097938537598,1.9911894798278809,1.9950915575027466,1.999622106552124,2.0047876834869385,2.0105974674224854,2.017059803009033,2.0241849422454834,2.031984806060791,inf,inf,inf,inf,inf,inf,inf,inf,inf,inf,inf,inf,inf,inf,inf,inf,inf,inf,inf,inf,inf,inf,inf,inf,inf,inf,inf,inf,inf,inf,inf,inf,inf,inf,inf,inf,inf,inf,inf,inf,inf,inf,inf,3.4434099197387695,3.40524959564209,3.368945598602295,3.3344168663024902,3.301589012145996,3.2703917026519775,3.2407612800598145,3.212637186050415,3.1859633922576904,3.1606879234313965,3.136762857437134,3.1141433715820312,3.0927867889404297,3.072655439376831,3.0537123680114746,3.0359249114990234,3.024657726287842,3.209184408187866,3.418802499771118,3.6589162349700928,3.936600923538208,inf,inf,inf,inf,inf,inf,6.683276653289795,6.6721577644348145,6.663112640380859,6.656124591827393,6.651185512542725,6.64828634262085,6.647423267364502,6.648593425750732,6.651800632476807,inf,inf,inf,inf,inf,inf,inf,inf,inf,inf,inf,inf,10.24364185333252,9.621770858764648,9.419206619262695,9.471672058105469,9.527655601501465,9.58725643157959,9.650579452514648,9.717738151550293,inf,inf,inf,inf,inf,inf,inf,inf,inf,inf,inf,inf,inf,inf,inf,inf,10.360350608825684,10.144062042236328,9.93959903717041,9.746139526367188,9.491095542907715,9.318777084350586,9.155356407165527,9.000275611877441,8.942229270935059,9.115713119506836,9.298965454101562,9.492698669433594,inf,inf,inf,inf,inf,inf,inf,inf,inf,inf,inf,inf,inf,inf,inf,inf,inf,8.024153709411621,7.969694137573242,7.918375015258789,7.870105743408203,7.824800968170166,3.531299114227295,3.513331174850464,3.4966089725494385,3.4811062812805176,3.466796636581421,3.4536561965942383,3.441664457321167,3.4308016300201416,3.421050548553467,3.4123964309692383,3.40482497215271,3.398324489593506,3.392885446548462,3.3884990215301514,3.385158061981201,3.3828577995300293,inf
1771970264475336060,-3.140000104904175,0.01749303564429283,inf,inf,inf,inf,inf,inf,inf,inf,inf,inf,inf,inf,inf,inf,inf,inf,inf,inf,inf,inf,inf,inf,inf,inf,inf,inf,inf,inf,inf,inf,inf,inf,inf,inf,inf,inf,inf,inf,inf,inf,inf,inf,inf,inf,2.6209254264831543,2.5739779472351074,2.5294415950775146,2.487168550491333,2.4470226764678955,2.40887713432312,2.372617721557617,2.3381378650665283,2.3053417205810547,2.2741386890411377,2.2444472312927246,2.2161903381347656,2.1892974376678467,2.1637039184570312,2.139348268508911,2.116175889968872,2.0941338539123535,2.0731735229492188,2.0532519817352295,2.0650665760040283,2.137544631958008,2.2159976959228516,2.3011603355407715,2.3938918113708496,2.495206832885742,2.606308937072754,2.72864031791687,2.8639400005340576,inf,inf,inf,inf,inf,inf,inf,inf,inf,inf,inf,inf,inf,inf,inf,inf,inf,inf,inf,inf,inf,inf,inf,inf,inf,inf,inf,inf,inf,inf,inf,inf,inf,inf,inf,inf,inf,inf,inf,inf,inf,inf,inf,inf,inf,inf,inf,5.5013604164123535,5.332035541534424,5.298433303833008,5.354949951171875,5.414360523223877,5.4767985343933105,5.5424089431762695,inf,inf,inf,inf,inf,inf,inf,inf,inf,inf,inf,inf,inf,inf,inf,inf,inf,inf,inf,inf,inf,inf,inf,inf,inf,inf,inf,inf,inf,inf,inf,inf,inf,inf,inf,inf,inf,inf,inf,inf,1.9891436100006104,1.9807056188583374,1.9729399681091309,1.965834140777588,1.9593771696090698,1.9535577297210693,1.9483674764633179,1.9437980651855469,1.9398421049118042,1.9364935159683228,1.9337471723556519,1.9315987825393677,1.930045485496521,1.929084062576294,1.9287135601043701,1.9289332628250122,1.9297438859939575,1.9311463832855225,1.9331425428390503,1.935736060142517,1.9389303922653198,1.9427311420440674,1.9471435546875,1.9521746635437012,1.9578328132629395,1.964126467704773,1.971065640449524,1.9786615371704102,1.9869269132614136,inf,inf,inf,inf,inf,inf,inf,inf,inf,inf,inf,inf,inf,inf,inf,inf,inf,inf,inf,inf,inf,inf,inf,inf,inf,inf,inf,inf,inf,inf,inf,inf,inf,inf,inf,inf,inf,inf,inf,inf,inf,inf,inf,3.4058685302734375,3.3695597648620605,3.335026741027832,3.302194595336914,3.270993947982788,3.2413597106933594,3.2132322788238525,3.1865553855895996,3.1612770557403564,3.1373491287231445,3.1147267818450928,3.0933680534362793,3.0732343196868896,3.0542893409729004,3.0364999771118164,3.0198357105255127,3.0203936100006104,3.217700719833374,3.4437150955200195,3.7050986289978027,inf,inf,inf,inf,inf,inf,6.683833122253418,6.672717094421387,6.663673400878906,6.656688213348389,6.65175199508667,6.648855209350586,6.647994518280029,6.649168491363525,6.652378559112549,inf,inf,inf,inf,inf,inf,inf,inf,inf,inf,inf,inf,inf,9.8082275390625,9.419878959655762,9.472352981567383,9.528346061706543,9.587955474853516,9.651288986206055,9.718457221984863,inf,inf,inf,inf,inf,inf,inf,inf,inf,inf,inf,inf,inf,inf,inf,inf,10.442338943481445,10.224349975585938,10.018280029296875,9.823298454284668,9.566815376281738,9.393132209777832,9.228415489196777,9.072104454040527,8.943319320678711,9.116833686828613,9.300117492675781,9.493885040283203,inf,inf,inf,inf,inf,inf,inf,inf,inf,inf,inf,inf,inf,inf,inf,inf,inf,8.080052375793457,8.025217056274414,7.973545074462891,7.924942970275879,7.879326820373535,3.5855655670166016,3.5673232078552246,3.5503463745117188,3.534607172012329,3.520078659057617,3.5067379474639893,3.494563579559326,3.4835355281829834,3.4736366271972656,3.464850425720215,3.4571645259857178,3.4505655765533447,3.44504451751709,3.4405922889709473,3.4372012615203857,3.4348671436309814,inf
1771970264690827683,-3.140000104904175,0.01749303564429283,inf,inf,inf,inf,inf,inf,inf,inf,inf,inf,inf,inf,inf,inf,inf,inf,inf,inf,inf,inf,inf,inf,inf,inf,inf,inf,inf,inf,inf,inf,inf,inf,inf,inf,inf,inf,inf,inf,inf,inf,inf,inf,inf,2.6696040630340576,2.6200966835021973,2.5731661319732666,2.5286457538604736,2.486388921737671,2.4462571144104004,2.408125162124634,2.371877670288086,2.3374111652374268,2.304626703262329,2.273435115814209,2.2437541484832764,2.2155067920684814,2.188624382019043,2.1630396842956543,2.13869309425354,2.1155288219451904,2.0934946537017822,2.0725419521331787,2.09893536567688,2.169466018676758,2.245612621307373,2.3280372619628906,2.417510986328125,2.5149378776550293,2.62138295173645,2.738111734390259,2.86663818359375,inf,inf,inf,inf,inf,inf,inf,inf,inf,inf,inf,inf,inf,inf,inf,inf,inf,inf,inf,inf,inf,inf,inf,inf,inf,inf,inf,inf,inf,inf,inf,inf,inf,inf,inf,inf,inf,inf,inf,inf,inf,inf,inf,inf,inf,inf,inf,inf,5.401291370391846,5.2528228759765625,5.297893047332764,5.35440731048584,5.413815021514893,5.476249694824219,5.5418572425842285,inf,inf,inf,inf,inf,inf,inf,inf,inf,inf,inf,inf,inf,inf,inf,inf,inf,inf,inf,inf,inf,inf,inf,inf,inf,inf,inf,inf,inf,inf,inf,inf,inf,inf,inf,inf,inf,inf,inf,1.9485349655151367,1.939638614654541,1.931411623954773,1.9238402843475342,1.9169119596481323,1.9106162786483765,1.9049426317214966,1.899882435798645,1.8954275846481323,1.891570806503296,1.8883061408996582,1.8856292963027954,1.8835349082946777,1.8820210695266724,1.8810844421386719,1.8807240724563599,1.8809388875961304,1.881730079650879,1.8830982446670532,1.8850460052490234,1.8875755071640015,1.8906913995742798,1.8943980932235718,1.898701548576355,1.9036084413528442,1.9091264009475708,1.915264368057251,1.9220319986343384,1.929439902305603,1.9375003576278687,inf,inf,inf,inf,inf,inf,inf,inf,inf,inf,inf,inf,inf,inf,inf,inf,inf,inf,inf,inf,inf,inf,inf,inf,inf,inf,inf,inf,inf,inf,inf,inf,inf,inf,inf,inf,inf,inf,inf,inf,inf,inf,inf,inf,3.3701252937316895,3.3355886936187744,3.302752733230591,3.2715487480163574,3.2419111728668213,3.2137808799743652,3.187100648880005,3.1618194580078125,3.1378889083862305,3.1152641773223877,3.0939035415649414,3.07376766204834,3.054821014404297,3.0370302200317383,3.0203640460968018,3.0047943592071533,3.032032012939453,3.2450270652770996,3.4913573265075684,3.779407501220703,inf,inf,inf,inf,inf,inf,6.673231601715088,6.664190292358398,6.657207012176514,6.6522722244262695,6.649379253387451,6.6485209465026855,6.649697780609131,6.6529107093811035,inf,inf,inf,inf,inf,inf,inf,inf,inf,inf,inf,inf,inf,9.980316162109375,9.420498847961426,9.472979545593262,9.528982162475586,9.58859920501709,9.651941299438477,9.71911907196045,inf,inf,inf,inf,inf,inf,inf,inf,inf,inf,inf,inf,inf,inf,inf,inf,10.518016815185547,10.298458099365234,10.09090518951416,9.89451789855957,9.63670825958252,9.461763381958008,9.295852661132812,9.138405799865723,8.988910675048828,9.117865562438965,9.301177024841309,9.494976997375488,9.700056076049805,inf,inf,inf,inf,inf,inf,inf,inf,inf,inf,inf,inf,inf,inf,inf,inf,inf,8.076469421386719,8.024470329284668,7.975561618804932,7.929657459259033,3.6356570720672607,3.617161512374878,3.599949359893799,3.583991050720215,3.5692617893218994,3.5557360649108887,3.54339337348938,3.532212257385254,3.522176504135132,3.5132696628570557,3.5054774284362793,3.498788356781006,3.4931907653808594,3.488677978515625,3.485241413116455,3.4828763008117676,inf
1771970264858679164,-3.140000104904175,0.01749303564429283,inf,inf,inf,inf,inf,inf,inf,inf,inf,inf,inf,inf,inf,inf,inf,inf,inf,inf,inf,inf,inf,inf,inf,inf,inf,inf,inf,inf,inf,inf,inf,inf,inf,inf,inf,inf,inf,inf,inf,inf,inf,inf,2.7208938598632812,2.6686527729034424,2.6191656589508057,2.5722532272338867,2.52775239944458,2.4855117797851562,2.4453957080841064,2.407280206680298,2.3710477352142334,2.336594820022583,2.303823947906494,2.272644281387329,2.2429752349853516,2.21474027633667,2.1878674030303955,2.1622934341430664,2.1379570960998535,2.1148014068603516,2.0927765369415283,2.1434836387634277,2.2125186920166016,2.2868707180023193,2.3671438694000244,2.4540350437164307,2.54835844039917,2.6510660648345947,2.7632815837860107,2.886338472366333,inf,inf,inf,inf,inf,inf,inf,inf,inf,inf,inf,inf,inf,inf,inf,inf,inf,inf,inf,inf,inf,inf,inf,inf,inf,inf,inf,inf,inf,inf,inf,inf,inf,inf,inf,inf,inf,inf,inf,inf,inf,inf,inf,inf,inf,inf,inf,inf,5.4638543128967285,5.288692951202393,5.243499755859375,5.297240257263184,5.353748798370361,5.413150787353516,5.475579738616943,5.551636695861816,inf,inf,inf,inf,inf,inf,inf,inf,inf,inf,inf,inf,inf,inf,inf,inf,inf,inf,inf,inf,inf,inf,inf,inf,inf,inf,inf,inf,inf,inf,inf,inf,inf,inf,inf,inf,inf,inf,inf,1.8926137685775757,1.8839735984802246,1.875983715057373,1.868630290031433,1.8619019985198975,1.8557878732681274,1.8502779006958008,1.845363736152649,1.8410375118255615,1.8372924327850342,1.8341224193572998,1.8315229415893555,1.8294899463653564,1.8280200958251953,1.8271114826202393,1.826762080192566,1.8269720077514648,1.8277411460876465,1.8290711641311646,1.830963373184204,1.8334217071533203,1.8364486694335938,1.8400499820709229,1.844231128692627,1.848997950553894,1.8543586730957031,1.8603214025497437,1.8668955564498901,1.8740918636322021,1.8819222450256348,inf,inf,inf,inf,inf,inf,inf,inf,inf,inf,inf,inf,inf,inf,inf,inf,inf,inf,inf,inf,inf,inf,inf,inf,inf,inf,inf,inf,inf,inf,inf,inf,inf,inf,inf,inf,inf,inf,inf,inf,inf,inf,inf,inf,inf,3.3362178802490234,3.303378105163574,3.272169589996338,3.2425289154052734,3.2143945693969727,3.187711238861084,3.1624276638031006,3.1384942531585693,3.1158668994903564,3.094503879547119,3.0743653774261475,3.0554165840148926,3.037623882293701,3.02095627784729,3.005384922027588,2.990884304046631,3.021573066711426,3.2509686946868896,3.5192224979400635,3.837008237838745,inf,inf,inf,inf,inf,6.6738080978393555,6.664768695831299,6.6577887535095215,6.652856826782227,6.649966239929199,6.649111270904541,6.650291442871094,6.653508186340332,6.658766746520996,inf,inf,inf,inf,inf,inf,inf,inf,inf,inf,inf,inf,10.173770904541016,9.594415664672852,9.473686218261719,9.529695510864258,9.589323997497559,9.65267562866211,9.719862937927246,inf,inf,inf,inf,inf,inf,inf,inf,inf,inf,inf,inf,inf,inf,inf,inf,inf,10.381778717041016,10.17255687713623,9.974592208862305,9.82437801361084,9.53892707824707,9.371671676635742,9.212950706481934,9.062244415283203,9.119028091430664,9.302373886108398,9.496209144592285,9.701326370239258,inf,inf,inf,inf,inf,inf,inf,inf,inf,inf,inf,inf,inf,inf,inf,inf,inf,8.134096145629883,8.081730842590332,8.032477378845215,7.986249923706055,3.691981077194214,3.6732006072998047,3.655723810195923,3.6395204067230225,3.6245644092559814,3.6108310222625732,3.5982983112335205,3.5869462490081787,3.576756715774536,3.567713499069214,3.559802293777466,3.553010940551758,3.547328472137451,3.5427470207214355,3.539259433746338,3.5368592739105225,inf
1771970265007382103,-3.140000104904175,0.01749303564429283,inf,inf,inf,inf,inf,inf,inf,inf,inf,inf,inf,inf,inf,inf,inf,inf,inf,inf,inf,inf,inf,inf,inf,inf,inf,inf,inf,inf,inf,inf,inf,inf,inf,inf,inf,inf,inf,inf,inf,inf,inf,inf,2.719996452331543,2.6677751541137695,2.6183063983917236,2.5714125633239746,2.5269274711608887,2.484703302383423,2.4446027278900146,2.4065005779266357,2.370281934738159,2.3358418941497803,2.3030824661254883,2.2719149589538574,2.2422573566436768,2.2140321731567383,2.1871697902679443,2.161604881286621,2.137277603149414,2.1154232025146484,2.178178548812866,2.245478868484497,2.3178024291992188,2.395697593688965,2.4797956943511963,2.5708279609680176,2.669646739959717,2.777250051498413,2.8948144912719727,inf,inf,inf,inf,inf,inf,inf,inf,inf,inf,inf,inf,inf,inf,inf,inf,inf,inf,inf,inf,inf,inf,inf,inf,inf,inf,inf,inf,inf,inf,inf,inf,inf,inf,inf,inf,inf,inf,inf,inf,inf,inf,inf,inf,inf,inf,inf,inf,inf,5.356204986572266,5.201169967651367,5.242987632751465,5.296727657318115,5.353236198425293,5.412637233734131,5.4750657081604,inf,inf,inf,inf,inf,inf,inf,inf,inf,inf,inf,inf,inf,inf,inf,inf,inf,inf,inf,inf,inf,inf,inf,inf,inf,inf,inf,inf,inf,inf,inf,inf,inf,inf,inf,inf,inf,inf,inf,1.8498315811157227,1.840782880783081,1.8323802947998047,1.8246097564697266,1.8174588680267334,1.810915470123291,1.8049695491790771,1.7996113300323486,1.794832468032837,1.7906253337860107,1.7869837284088135,1.7839012145996094,1.7813737392425537,1.7793972492218018,1.777968406677246,1.7770850658416748,1.7767462730407715,1.7769510746002197,1.7776999473571777,1.778994083404541,1.780835509300232,1.7832269668579102,1.7861722707748413,1.7896759510040283,1.7937430143356323,1.7983801364898682,1.8035950660705566,1.8093953132629395,1.8157904148101807,1.8227906227111816,1.8304073810577393,1.8386527299880981,inf,inf,inf,inf,inf,inf,inf,inf,inf,inf,inf,inf,inf,inf,inf,inf,inf,inf,inf,inf,inf,inf,inf,inf,inf,inf,inf,inf,inf,inf,inf,inf,inf,inf,inf,inf,inf,inf,inf,inf,inf,inf,inf,inf,3.336801290512085,3.30395770072937,3.272745370864868,3.243101119995117,3.214963674545288,3.1882777214050293,3.1629908084869385,3.139054536819458,3.116424560546875,3.0950591564178467,3.0749189853668213,3.0559682846069336,3.0381736755371094,3.0215044021606445,3.005932092666626,2.9914298057556152,2.977973699569702,3.02809739112854,3.2779910564422607,3.5740320682525635,3.9301750659942627,inf,inf,inf,inf,inf,6.665305137634277,6.658327579498291,6.653397560119629,6.650510311126709,6.649657249450684,6.6508402824401855,6.654060363769531,6.659322261810303,inf,inf,inf,inf,inf,inf,inf,inf,inf,inf,inf,inf,10.353076934814453,9.763562202453613,9.474334716796875,9.530354499816895,9.589990615844727,9.653350830078125,9.720547676086426,9.791704177856445,inf,inf,inf,inf,inf,inf,inf,inf,inf,inf,inf,inf,inf,inf,inf,inf,10.459012985229492,10.248244285583496,10.048816680908203,9.859962463378906,9.610454559326172,9.441953659057617,9.282048225402832,9.130218505859375,9.120094299316406,9.303471565246582,9.49733829498291,9.702489852905273,inf,inf,inf,inf,inf,inf,inf,inf,inf,inf,inf,inf,inf,inf,inf,inf,inf,8.187511444091797,8.134805679321289,8.085232734680176,8.038705825805664,7.995143413543701,3.725142240524292,3.7074198722839355,3.6909892559051514,3.675823450088501,3.6618974208831787,3.6491892337799072,3.6376781463623047,3.6273460388183594,3.618176221847534,3.610154867172241,3.603269100189209,3.597508192062378,3.5928633213043213,3.589327335357666,3.586894989013672,inf
1771970265159073705,-3.140000104904175,0.01749303564429283,inf,inf,inf,inf,inf,inf,inf,inf,inf,inf,inf,inf,inf,inf,inf,inf,inf,inf,inf,inf,inf,inf,inf,inf,inf,inf,inf,inf,inf,inf,inf,inf,inf,inf,inf,inf,inf,inf,inf,inf,inf,2.77425217628479,2.7190990447998047,2.6668975353240967,2.617448091506958,2.570571184158325,2.5261032581329346,2.4838948249816895,2.4438090324401855,2.4057211875915527,2.3695168495178223,2.3350892066955566,2.302342176437378,2.271186590194702,2.241539239883423,2.213325023651123,2.1864731311798096,2.160917282104492,2.150120258331299,2.2114129066467285,2.277019500732422,2.3473777770996094,2.422987937927246,2.504422903060913,2.592343330383301,2.687513589859009,2.7908244132995605,2.9033195972442627,3.0262296199798584,inf,inf,inf,inf,inf,inf,inf,inf,inf,inf,inf,inf,inf,inf,inf,inf,inf,inf,inf,inf,inf,inf,inf,inf,inf,inf,inf,inf,inf,inf,inf,inf,inf,inf,inf,inf,inf,inf,inf,inf,inf,inf,inf,inf,inf,inf,inf,inf,5.429986000061035,5.248505115509033,5.1913042068481445,5.242387294769287,5.2961225509643555,5.352625846862793,5.412021636962891,5.474444389343262,inf,inf,inf,inf,inf,inf,inf,inf,inf,inf,inf,inf,inf,inf,inf,inf,inf,inf,inf,inf,inf,inf,inf,inf,inf,inf,inf,inf,inf,inf,inf,inf,inf,inf,inf,inf,inf,inf,inf,1.7978005409240723,1.7890074253082275,1.7808418273925781,1.7732906341552734,1.7663416862487793,1.7599831819534302,1.7542052268981934,1.7489986419677734,1.7443549633026123,1.7402667999267578,1.736728310585022,1.7337334156036377,1.731277585029602,1.7293576002120972,1.7279695272445679,1.72711181640625,1.7267836332321167,1.7269833087921143,1.727711796760559,1.7289702892303467,1.730760931968689,1.7330858707427979,1.735948920249939,1.7393547296524048,1.743308424949646,1.7478162050247192,1.752884864807129,1.7585229873657227,1.7647391557693481,1.771543264389038,1.7789467573165894,1.7869611978530884,inf,inf,inf,inf,inf,inf,inf,inf,inf,inf,inf,inf,inf,inf,inf,inf,inf,inf,inf,inf,inf,inf,inf,inf,inf,inf,inf,inf,inf,inf,inf,inf,inf,inf,inf,inf,inf,inf,inf,inf,inf,inf,inf,inf,inf,3.3045337200164795,3.27331805229187,3.2436702251434326,3.215529441833496,3.18884015083313,3.163550615310669,3.1396124362945557,3.1169800758361816,3.095612049102783,3.075469493865967,3.0565168857574463,3.0387208461761475,3.022049903869629,3.006476402282715,2.9919726848602295,2.978515863418579,2.9660823345184326,3.036972761154175,3.311283826828003,3.641293525695801,inf,inf,inf,inf,inf,6.665839195251465,6.658863544464111,6.653936386108398,6.651051044464111,6.650201797485352,6.651387691497803,6.654611587524414,6.659875869750977,6.667191028594971,inf,inf,inf,inf,inf,inf,inf,inf,inf,inf,inf,inf,9.932473182678223,9.474987030029297,9.531012535095215,9.590658187866211,9.65402889251709,9.721234321594238,9.792402267456055,inf,inf,inf,inf,inf,inf,inf,inf,inf,inf,inf,inf,inf,inf,inf,inf,10.536148071289062,10.323837280273438,10.122947692871094,9.932710647583008,9.681892395019531,9.512146949768066,9.351061820983887,9.198110580444336,9.121167182922363,9.30457592010498,9.498475074768066,9.703662872314453,inf,inf,inf,inf,inf,inf,inf,inf,inf,inf,inf,inf,inf,inf,inf,inf,inf,8.240864753723145,8.187820434570312,8.13792896270752,8.09110164642334,8.047259330749512,3.777026891708374,3.7590596675872803,3.742401599884033,3.7270264625549316,3.7129082679748535,3.7000246047973633,3.688354730606079,3.6778805255889893,3.6685845851898193,3.6604528427124023,3.653472900390625,3.6476333141326904,3.642925500869751,3.6393418312072754,3.6368768215179443,inf
1771970265313987282,-3.140000104904175,0.01749303564429283,inf,inf,inf,inf,inf,inf,inf,inf,inf,inf,inf,inf,inf,inf,inf,inf,inf,inf,inf,inf,inf,inf,inf,inf,inf,inf,inf,inf,inf,inf,inf,inf,inf,inf,inf,inf,inf,inf,inf,inf,2.831597328186035,2.773298978805542,2.7181687355041504,2.665987968444824,2.6165571212768555,2.5696990489959717,2.5252487659454346,2.4830563068389893,2.442986249923706,2.4049136638641357,2.368722915649414,2.33430814743042,2.301574468612671,2.2704310417175293,2.240795135498047,2.2125916481018066,2.1857492923736572,2.187279462814331,2.247237205505371,2.3113017082214355,2.379875659942627,2.4534168243408203,2.532447338104248,2.6175668239593506,2.709465265274048,2.8089418411254883,2.9169280529022217,3.034514904022217,inf,inf,inf,inf,inf,inf,inf,inf,inf,inf,inf,inf,inf,inf,inf,inf,inf,inf,inf,inf,inf,inf,inf,inf,inf,inf,inf,inf,inf,inf,inf,inf,inf,inf,inf,inf,inf,inf,inf,inf,inf,inf,inf,inf,inf,inf,inf,inf,inf,5.3141374588012695,5.152127265930176,5.190730571746826,5.241811275482178,5.295544147491455,5.352044105529785,5.411437034606934,inf,inf,inf,inf,inf,inf,inf,inf,inf,inf,inf,inf,inf,inf,inf,inf,inf,inf,inf,inf,inf,inf,inf,inf,inf,inf,inf,inf,inf,inf,inf,inf,inf,inf,inf,inf,inf,inf,inf,1.752811312675476,1.743660569190979,1.7351329326629639,1.7272142171859741,1.7198911905288696,1.713152527809143,1.7069859504699707,1.7013828754425049,1.696333885192871,1.6918308734893799,1.6878666877746582,1.6844353675842285,1.681531310081482,1.6791504621505737,1.6772887706756592,1.675943374633789,1.6751123666763306,1.6747944355010986,1.6749889850616455,1.6756964921951294,1.6769180297851562,1.6786551475524902,1.6809110641479492,1.6836886405944824,1.6869927644729614,1.6908279657363892,1.695200800895691,1.700117826461792,1.7055867910385132,1.71161687374115,1.718216896057129,1.7253984212875366,1.7331724166870117,1.7415523529052734,inf,inf,inf,inf,inf,inf,inf,inf,inf,inf,inf,inf,inf,inf,inf,inf,inf,inf,inf,inf,inf,inf,inf,inf,inf,inf,inf,inf,inf,inf,inf,inf,inf,inf,inf,inf,inf,inf,inf,inf,inf,inf,inf,inf,inf,3.2739129066467285,3.2442615032196045,3.2161176204681396,3.189424991607666,3.164132595062256,3.1401913166046143,3.1175568103790283,3.0961861610412598,3.0760421752929688,3.0570874214172363,3.0392892360687256,3.0226171016693115,3.0070414543151855,2.9925365447998047,2.979078531265259,2.966644525527954,2.955214262008667,3.037801504135132,3.3406009674072266,3.711709976196289,inf,inf,inf,inf,inf,6.659420490264893,6.654496192932129,6.651613235473633,6.650766372680664,6.651956081390381,6.655181884765625,6.6604509353637695,6.667769908905029,inf,inf,inf,inf,inf,inf,inf,inf,inf,inf,inf,inf,10.108221054077148,9.566519737243652,9.531695365905762,9.591349601745605,9.654729843139648,9.721946716308594,9.793124198913574,inf,inf,inf,inf,inf,inf,inf,inf,inf,inf,inf,inf,inf,inf,inf,inf,10.616413116455078,10.402496337890625,10.200087547302246,10.008408546447754,9.756227493286133,9.585188865661621,9.42287540435791,9.268756866455078,9.122344970703125,9.305716514587402,9.499650955200195,9.704874038696289,inf,inf,inf,inf,inf,inf,inf,inf,inf,inf,inf,inf,inf,inf,inf,inf,inf,8.29638385772705,8.242985725402832,8.19276237487793,8.145624160766602,8.101490020751953,3.8310155868530273,3.812793016433716,3.795898914337158,3.7803053855895996,3.7659876346588135,3.7529213428497314,3.741086721420288,3.730464220046997,3.721036911010742,3.7127909660339355,3.7057125568389893,3.699791193008423,3.6950178146362305,3.691384792327881,3.6888864040374756,inf
1771970265508681837,-3.140000104904175,0.01749303564429283,inf,inf,inf,inf,inf,inf,inf,inf,inf,inf,inf,inf,inf,inf,inf,inf,inf,inf,inf,inf,inf,inf,inf,inf,inf,inf,inf,inf,inf,inf,inf,inf,inf,inf,inf,inf,inf,inf,inf,inf,2.830662727355957,2.7723870277404785,2.717278003692627,2.6651153564453125,2.615703821182251,2.5688636302948,2.5244295597076416,2.482253313064575,2.4421982765197754,2.4041390419006348,2.3679616451263428,2.3335607051849365,2.300837993621826,2.2697057723999023,2.240081787109375,2.211888074874878,2.219674587249756,2.2782204151153564,2.3406741619110107,2.4074060916900635,2.4788355827331543,2.555438995361328,2.637761116027832,2.7264251708984375,2.8221516609191895,2.925772190093994,3.0382566452026367,inf,inf,inf,inf,inf,inf,inf,inf,inf,inf,inf,inf,inf,inf,inf,inf,inf,inf,inf,inf,inf,inf,inf,inf,inf,inf,inf,inf,inf,inf,inf,inf,inf,inf,inf,inf,inf,inf,inf,inf,inf,inf,inf,inf,inf,inf,inf,inf,inf,5.390809535980225,5.202781677246094,5.141686916351318,5.190223217010498,5.24130392074585,5.2950358390808105,5.351535797119141,5.410928249359131,inf,inf,inf,inf,inf,inf,inf,inf,inf,inf,inf,inf,inf,inf,inf,inf,inf,inf,inf,inf,inf,inf,inf,inf,inf,inf,inf,inf,inf,inf,inf,inf,inf,inf,inf,inf,inf,inf,inf,1.7004530429840088,1.6915761232376099,1.683303952217102,1.675622582435608,1.668519139289856,1.6619822978973389,1.656001091003418,1.6505658626556396,1.645668387413025,1.6413005590438843,1.6374552249908447,1.6341273784637451,1.6313108205795288,1.6290018558502197,1.627196192741394,1.6258918046951294,1.6250863075256348,1.6247786283493042,1.62496817111969,1.6256550550460815,1.6268407106399536,1.6285266876220703,1.6307157278060913,1.6334112882614136,1.6366173028945923,1.6403388977050781,1.644581913948059,1.6493526697158813,1.6546592712402344,1.660509705543518,1.666913628578186,1.6738812923431396,1.6814240217208862,1.6895545721054077,inf,inf,inf,inf,inf,inf,inf,inf,inf,inf,inf,inf,inf,inf,inf,inf,inf,inf,inf,inf,inf,inf,inf,inf,inf,inf,inf,inf,inf,inf,inf,inf,inf,inf,inf,inf,inf,inf,inf,inf,inf,inf,inf,inf,inf,inf,3.2448291778564453,3.2166824340820312,3.1899871826171875,3.16469144821167,3.1407477855682373,3.118110179901123,3.096737861633301,3.0765912532806396,3.0576350688934326,3.039835214614868,3.0231614112854004,3.0075843334198,2.9930782318115234,2.979619026184082,2.967184066772461,2.9557530879974365,2.945307970046997,3.0512278079986572,3.390244722366333,3.8153257369995117,inf,inf,inf,inf,6.6599555015563965,6.655033588409424,6.6521525382995605,6.651309967041016,6.652501106262207,6.655730724334717,6.661002159118652,6.668324947357178,6.677708625793457,inf,inf,inf,inf,inf,inf,inf,inf,inf,inf,inf,10.277286529541016,9.726569175720215,9.532349586486816,9.592013359069824,9.655401229858398,9.722628593444824,9.793815612792969,inf,inf,inf,inf,inf,inf,inf,inf,inf,inf,inf,inf,inf,inf,inf,inf,inf,10.478170394897461,10.274299621582031,10.081236839294434,9.827743530273438,9.6554594039917,9.491963386535645,9.336722373962402,9.189244270324707,9.306808471679688,9.500774383544922,9.706033706665039,9.92345905303955,inf,inf,inf,inf,inf,inf,inf,inf,inf,inf,inf,inf,inf,inf,inf,inf,8.3497953414917,8.296058654785156,8.245514869689941,8.198077201843262,8.15366268157959,3.8829550743103027,3.8644871711730957,3.8473660945892334,3.8315627574920654,3.8170523643493652,3.8038108348846436,3.7918171882629395,3.781052589416504,3.771498918533325,3.7631428241729736,3.755970001220703,3.749969720840454,3.745133399963379,3.74145245552063,3.738922119140625,inf
1771970265697121149,-3.140000104904175,0.01749303564429283,inf,inf,inf,inf,inf,inf,inf,inf,inf,inf,inf,inf,inf,inf,inf,inf,inf,inf,inf,inf,inf,inf,inf,inf,inf,inf,inf,inf,inf,inf,inf,inf,inf,inf,inf,inf,inf,inf,inf,2.8913493156433105,2.8296914100646973,2.77143931388855,2.716351270675659,2.6642098426818848,2.6148180961608887,2.567995309829712,2.523578405380249,2.4814186096191406,2.4413793087005615,2.403334617614746,2.3671717643737793,2.3327832221984863,2.3000736236572266,2.268953800201416,2.2393405437469482,2.254528284072876,2.3117785453796387,2.37275767326355,2.4378066062927246,2.5073118209838867,2.58171010017395,2.6614973545074463,2.7472410202026367,2.8395917415618896,2.939297676086426,3.0472259521484375,inf,inf,inf,inf,inf,inf,inf,inf,inf,inf,inf,inf,inf,inf,inf,inf,inf,inf,inf,inf,inf,inf,inf,inf,inf,inf,inf,inf,inf,inf,inf,inf,inf,inf,inf,inf,inf,inf,inf,inf,inf,inf,inf,inf,inf,inf,inf,inf,inf,inf,5.2707839012146,5.104316234588623,5.141119003295898,5.189652919769287,5.2407307624816895,5.294460296630859,5.35095739364624,inf,inf,inf,inf,inf,inf,inf,inf,inf,inf,inf,inf,inf,inf,inf,inf,inf,inf,inf,inf,inf,inf,inf,inf,inf,inf,inf,inf,inf,inf,inf,inf,inf,inf,inf,inf,inf,inf,inf,1.6552213430404663,1.6460295915603638,1.6374377012252808,1.6294310092926025,1.621996283531189,1.6151210069656372,1.60879385471344,1.603004813194275,1.5977445840835571,1.5930043458938599,1.5887770652770996,1.585055947303772,1.5818347930908203,1.5791093111038208,1.5768747329711914,1.5751277208328247,1.5738656520843506,1.5730866193771362,1.5727895498275757,1.572973608970642,1.5736393928527832,1.5747877359390259,1.576420545578003,1.5785404443740845,1.5811502933502197,1.5842546224594116,1.587857723236084,1.5919655561447144,1.596584677696228,1.6017221212387085,1.6073863506317139,1.6135860681533813,1.6203315258026123,1.627633810043335,1.635504961013794,1.6439580917358398,inf,inf,inf,inf,inf,inf,inf,inf,inf,inf,inf,inf,inf,inf,inf,inf,inf,inf,inf,inf,inf,inf,inf,inf,inf,inf,inf,inf,inf,inf,inf,inf,inf,inf,inf,inf,inf,inf,inf,inf,inf,inf,inf,inf,inf,3.245417594909668,3.2172670364379883,3.1905691623687744,3.1652708053588867,3.141324043273926,3.1186842918395996,3.0973093509674072,3.0771608352661133,3.0582022666931152,3.040400981903076,3.0237252712249756,3.0081467628479004,2.9936394691467285,2.9801793098449707,2.967743158340454,2.9563119411468506,2.9458658695220947,2.9363889694213867,3.0560011863708496,3.43924617767334,inf,inf,inf,inf,6.6605095863342285,6.655590057373047,6.652712345123291,6.651871681213379,6.653067111968994,6.656299114227295,6.661574363708496,6.668900489807129,6.678287982940674,inf,inf,inf,inf,inf,inf,inf,inf,inf,inf,inf,10.452975273132324,9.892892837524414,9.53303050994873,9.592702865600586,9.65610122680664,9.723337173461914,9.794534683227539,9.86982536315918,inf,inf,inf,inf,inf,inf,inf,inf,inf,inf,inf,inf,inf,inf,inf,inf,10.556819915771484,10.351430892944336,10.156927108764648,9.994940757751465,9.728493690490723,9.563769340515137,9.40736198425293,9.25877571105957,9.30794620513916,9.501947402954102,9.70724105834961,9.924704551696777,inf,inf,inf,inf,inf,inf,inf,inf,inf,inf,inf,inf,inf,inf,inf,inf,8.405312538146973,8.351222038269043,8.300346374511719,8.252596855163574,8.207891464233398,3.9369423389434814,3.918219804763794,3.900861978530884,3.884840965270996,3.8701305389404297,3.8567066192626953,3.844548225402832,3.8336353302001953,3.823951005935669,3.8154802322387695,3.8082094192504883,3.8021278381347656,3.7972254753112793,3.7934954166412354,3.79093074798584,inf
1771970265927583662,-3.140000104904175,0.01749303564429283,inf,inf,inf,inf,inf,inf,inf,inf,inf,inf,inf,inf,inf,inf,inf,inf,inf,inf,inf,inf,inf,inf,inf,inf,inf,inf,inf,inf,inf,inf,inf,inf,inf,inf,inf,inf,inf,inf,2.955737352371216,2.890432119369507,2.828798294067383,2.770566463470459,2.7154979705810547,2.6633753776550293,2.6140010356903076,2.567195415496826,2.522794723510742,2.4806501865386963,2.440624713897705,2.4025938510894775,2.366443395614624,2.3320677280426025,2.2993695735931396,2.2682607173919678,2.2816364765167236,2.337445020675659,2.3968043327331543,2.460029125213623,2.5274744033813477,2.5995399951934814,2.6766788959503174,2.759406089782715,2.848309278488159,2.9440624713897705,3.04744291305542,inf,inf,inf,inf,inf,inf,inf,inf,inf,inf,inf,inf,inf,inf,inf,inf,inf,inf,inf,inf,inf,inf,inf,inf,inf,inf,inf,inf,inf,inf,inf,inf,inf,inf,inf,inf,inf,inf,inf,inf,inf,inf,inf,inf,inf,inf,inf,inf,inf,inf,5.3551506996154785,5.160001754760742,5.094508171081543,5.14059591293335,5.189127445220947,5.240203380584717,5.2939300537109375,5.350424766540527,inf,inf,inf,inf,inf,inf,inf,inf,inf,inf,inf,inf,inf,inf,inf,inf,inf,inf,inf,inf,inf,inf,inf,inf,inf,inf,inf,inf,inf,inf,inf,inf,inf,inf,inf,inf,inf,inf,inf,1.604703664779663,1.5957931280136108,1.5874643325805664,1.5797027349472046,1.5724955797195435,1.5658308267593384,1.5596977472305298,1.554085612297058,1.548986554145813,1.5443918704986572,1.5402940511703491,1.5366870164871216,1.5335651636123657,1.5309233665466309,1.5287575721740723,1.5270646810531616,1.5258418321609497,1.5250872373580933,1.5247995853424072,1.5249788761138916,1.5256247520446777,1.5267388820648193,1.5283225774765015,1.5303782224655151,1.5329091548919678,1.5359193086624146,1.5394132137298584,1.5433964729309082,1.5478752851486206,1.5528565645217896,1.5583486557006836,1.5643599033355713,1.570900321006775,1.5779805183410645,1.5856122970581055,1.5938082933425903,inf,inf,inf,inf,inf,inf,inf,inf,inf,inf,inf,inf,inf,inf,inf,inf,inf,inf,inf,inf,inf,inf,inf,inf,inf,inf,inf,inf,inf,inf,inf,inf,inf,inf,inf,inf,inf,inf,inf,inf,inf,inf,inf,inf,inf,inf,3.217806339263916,3.1911048889160156,3.165804147720337,3.141854763031006,3.1192126274108887,3.0978355407714844,3.0776853561401367,3.058724880218506,3.040921688079834,3.024244546890259,3.008665084838867,2.9941561222076416,2.9806952476501465,2.9682583808898926,2.9568259716033936,2.9463794231414795,2.9369022846221924,2.9283788204193115,3.091972589492798,3.536654233932495,inf,inf,inf,inf,6.656102657318115,6.653228282928467,6.6523895263671875,6.653587818145752,6.65682315826416,6.662101745605469,6.669431209564209,6.6788225173950195,inf,inf,inf,inf,inf,inf,inf,inf,inf,inf,inf,inf,10.04640007019043,9.538287162780762,9.593338012695312,9.656744003295898,9.723990440368652,9.795197486877441,9.870497703552246,inf,inf,inf,inf,inf,inf,inf,inf,inf,inf,inf,inf,inf,inf,inf,inf,10.629416465759277,10.422621726989746,10.226791381835938,10.041199684143066,9.795905113220215,9.630047798156738,9.472564697265625,9.322956085205078,9.308995246887207,9.503026962280273,9.708353996276855,9.925854682922363,inf,inf,inf,inf,inf,inf,inf,inf,inf,inf,inf,inf,inf,inf,inf,inf,8.456557273864746,8.402140617370605,8.350958824157715,8.302923202514648,8.25794792175293,8.215958595275879,3.96781849861145,3.950242519378662,3.934020757675171,3.9191250801086426,3.9055330753326416,3.8932225704193115,3.8821732997894287,3.8723678588867188,3.863790988922119,3.8564302921295166,3.850273370742798,3.8453102111816406,3.84153413772583,3.8389389514923096,inf
1771970266098025167,-3.140000104904175,0.01749303564429283,inf,inf,inf,inf,inf,inf,inf,inf,inf,inf,inf,inf,inf,inf,inf,inf,inf,inf,inf,inf,inf,inf,inf,inf,inf,inf,inf,inf,inf,inf,inf,inf,inf,inf,inf,inf,inf,inf,2.9546806812286377,2.889402151107788,2.8277926445007324,2.769584894180298,2.7145392894744873,2.6624386310577393,2.6130833625793457,2.5662970542907715,2.521914482116699,2.4797866344451904,2.439777135848999,2.401761770248413,2.3656253814697266,2.331263780593872,2.2985787391662598,2.318011999130249,2.372650623321533,2.4306888580322266,2.492419719696045,2.558170795440674,2.6283106803894043,2.703256130218506,2.783477783203125,2.8695108890533447,2.961967706680298,3.0615484714508057,inf,inf,inf,inf,inf,inf,inf,inf,inf,inf,inf,inf,inf,inf,inf,inf,inf,inf,inf,inf,inf,inf,inf,inf,inf,inf,inf,inf,inf,inf,inf,inf,inf,inf,inf,inf,inf,inf,inf,inf,inf,inf,inf,inf,inf,inf,inf,inf,inf,inf,inf,5.225785255432129,5.05785608291626,5.0938849449157715,5.139968395233154,5.188495635986328,5.239566326141357,5.293288707733154,5.356175899505615,inf,inf,inf,inf,inf,inf,inf,inf,inf,inf,inf,inf,inf,inf,inf,inf,inf,inf,inf,inf,inf,inf,inf,inf,inf,inf,inf,inf,inf,inf,inf,inf,inf,inf,inf,inf,inf,inf,1.5570698976516724,1.5479000806808472,1.5393058061599731,1.531272530555725,1.5237865447998047,1.51683509349823,1.5104070901870728,1.5044916868209839,1.4990792274475098,1.4941614866256714,1.489729881286621,1.4857780933380127,1.4822993278503418,1.4792885780334473,1.4767409563064575,1.4746525287628174,1.473020076751709,1.4718413352966309,1.471114158630371,1.4708375930786133,1.4710110425949097,1.471634864807129,1.472710371017456,1.474238634109497,1.4762223958969116,1.4786642789840698,1.4815688133239746,1.484939694404602,1.4887826442718506,1.4931035041809082,1.4979095458984375,1.5032079219818115,1.5090073347091675,1.5153169631958008,1.522147536277771,1.5295100212097168,1.537416696548462,1.5458812713623047,inf,inf,inf,inf,inf,inf,inf,inf,inf,inf,inf,inf,inf,inf,inf,inf,inf,inf,inf,inf,inf,inf,inf,inf,inf,inf,inf,inf,inf,inf,inf,inf,inf,inf,inf,inf,inf,inf,inf,inf,inf,inf,inf,inf,inf,inf,3.1917052268981934,3.1664011478424072,3.142449140548706,3.119804620742798,3.0984253883361816,3.0782723426818848,3.0593106746673584,3.0415055751800537,3.0248265266418457,3.0092453956604004,2.9947357177734375,2.9812734127044678,2.9688355922698975,2.9574029445648193,2.946955919265747,2.9374775886535645,2.9289543628692627,2.9213714599609375,3.089940071105957,3.6104049682617188,inf,inf,inf,6.656677722930908,6.653805255889893,6.652970790863037,6.654171943664551,6.657411098480225,6.662692546844482,6.670026779174805,6.679421901702881,6.690893650054932,inf,inf,inf,inf,inf,inf,inf,inf,inf,inf,inf,10.218969345092773,9.702173233032227,9.5940523147583,9.657469749450684,9.724725723266602,9.795943260192871,9.871253967285156,inf,inf,inf,inf,inf,inf,inf,inf,inf,inf,inf,inf,inf,inf,inf,inf,10.711034774780273,10.502666473388672,10.305340766906738,10.11833381652832,9.871699333190918,9.704566955566406,9.545872688293457,9.39511489868164,9.310176849365234,9.50424575805664,9.709609985351562,9.92715072631836,inf,inf,inf,inf,inf,inf,inf,inf,inf,inf,inf,inf,inf,inf,inf,inf,inf,8.459393501281738,8.407868385314941,8.359508514404297,8.314231872558594,8.271961212158203,4.023587226867676,4.005766868591309,3.98931884765625,3.9742164611816406,3.960435152053833,3.947953224182129,3.9367501735687256,3.926809072494507,3.918114185333252,3.910651206970215,3.904409408569336,3.899379253387451,3.8955516815185547,3.8929219245910645,inf
1771970266253428535,-3.140000104904175,0.01749303564429283,inf,inf,inf,inf,inf,inf,inf,inf,inf,inf,inf,inf,inf,inf,inf,inf,inf,inf,inf,inf,inf,inf,inf,inf,inf,inf,inf,inf,inf,inf,inf,inf,inf,inf,inf,inf,inf,3.0229227542877197,2.9537065029144287,2.8884518146514893,2.8268654346466064,2.768681049346924,2.713655948638916,2.661573886871338,2.6122384071350098,2.5654687881469727,2.5211024284362793,2.4789905548095703,2.4389960765838623,2.400993824005127,2.3648717403411865,2.330522060394287,2.3470942974090576,2.4004287719726562,2.457012891769409,2.517117738723755,2.5810468196868896,2.649139642715454,2.7217776775360107,2.7993927001953125,2.882471799850464,2.971569538116455,3.0673203468322754,inf,inf,inf,inf,inf,inf,inf,inf,inf,inf,inf,inf,inf,inf,inf,inf,inf,inf,inf,inf,inf,inf,inf,inf,inf,inf,inf,inf,inf,inf,inf,inf,inf,inf,inf,inf,inf,inf,inf,inf,inf,inf,inf,inf,inf,inf,inf,inf,inf,inf,inf,5.308417797088623,5.1060590744018555,5.049650192260742,5.093383312225342,5.139466762542725,5.187994003295898,5.239064693450928,5.292786598205566,inf,inf,inf,inf,inf,inf,inf,inf,inf,inf,inf,inf,inf,inf,inf,inf,inf,inf,inf,inf,inf,inf,inf,inf,inf,inf,inf,inf,inf,inf,inf,inf,inf,inf,inf,inf,inf,inf,inf,1.5041089057922363,1.4952517747879028,1.4869506359100342,1.4791910648345947,1.4719603061676025,1.4652460813522339,1.459037184715271,1.4533236026763916,1.4480960369110107,1.4433460235595703,1.4390658140182495,1.4352489709854126,1.4318894147872925,1.4289814233779907,1.4265211820602417,1.4245043992996216,1.4229282140731812,1.4217900037765503,1.4210880994796753,1.4208215475082397,1.420989751815796,1.4215929508209229,1.4226323366165161,1.4241093397140503,1.4260259866714478,1.4283857345581055,1.4311919212341309,1.4344490766525269,1.438161849975586,1.4423366785049438,1.4469797611236572,1.4520986080169678,1.457701563835144,1.4637973308563232,1.4703960418701172,1.4775092601776123,1.4851478338241577,1.4933252334594727,inf,inf,inf,inf,inf,inf,inf,inf,inf,inf,inf,inf,inf,inf,inf,inf,inf,inf,inf,inf,inf,inf,inf,inf,inf,inf,inf,inf,inf,inf,inf,inf,inf,inf,inf,inf,inf,inf,inf,inf,inf,inf,inf,inf,inf,inf,inf,3.166954517364502,3.1430001258850098,3.1203534603118896,3.098971366882324,3.0788168907165527,3.0598528385162354,3.042045831680298,3.0253655910491943,3.0097832679748535,2.995272397994995,2.981808662414551,2.969369888305664,2.9579362869262695,2.947488784790039,2.9380104541778564,2.9294869899749756,2.9219038486480713,2.9152495861053467,3.126490592956543,3.761347532272339,inf,inf,inf,6.6543402671813965,6.653507709503174,6.654712200164795,6.657954216003418,6.663239479064941,6.670576572418213,6.679975509643555,6.691451549530029,inf,inf,inf,inf,inf,inf,inf,inf,inf,inf,inf,10.378920555114746,9.85407829284668,9.594710350036621,9.658134460449219,9.725400924682617,9.796628952026367,9.871950149536133,9.951507568359375,inf,inf,inf,inf,inf,inf,inf,inf,inf,inf,inf,inf,inf,inf,inf,10.78669261932373,10.576861381530762,10.378153800964355,10.18983268737793,9.94195556640625,9.773642539978027,9.613826751708984,9.46200180053711,9.317706108093262,9.505362510681152,9.710761070251465,9.928339004516602,inf,inf,inf,inf,inf,inf,inf,inf,inf,inf,inf,inf,inf,inf,inf,inf,inf,8.512462615966797,8.460618019104004,8.411958694458008,8.366401672363281,8.323869705200195,4.075279712677002,4.057231426239014,4.040574550628662,4.025279521942139,4.01132345199585,3.9986820220947266,3.987337350845337,3.9772698879241943,3.9684648513793945,3.9609081745147705,3.954587459564209,3.9494943618774414,3.9456193447113037,3.9429574012756348,inf
1771970266409442323,-3.140000104904175,0.01749303564429283,inf,inf,inf,inf,inf,inf,inf,inf,inf,inf,inf,inf,inf,inf,inf,inf,inf,inf,inf,inf,inf,inf,inf,inf,inf,inf,inf,inf,inf,inf,inf,inf,inf,inf,inf,inf,inf,3.021962881088257,2.9527711868286133,2.8875410556793213,2.8259778022766113,2.767813205718994,2.712808132171631,2.660745143890381,2.6114273071289062,2.5646743774414062,2.5203235149383545,2.478226661682129,2.438246011734009,2.4002578258514404,2.3641486167907715,2.372429609298706,2.4244186878204346,2.479512929916382,2.537964344024658,2.60005259513855,2.666091203689575,2.736431360244751,2.811466932296753,2.891643524169922,2.9774653911590576,3.069504976272583,3.168416976928711,inf,inf,inf,inf,inf,inf,inf,inf,inf,inf,inf,inf,inf,inf,inf,inf,inf,inf,inf,inf,inf,inf,inf,inf,inf,inf,inf,inf,inf,inf,inf,inf,inf,inf,inf,inf,inf,inf,inf,inf,inf,inf,inf,inf,inf,inf,inf,inf,inf,inf,inf,5.188903331756592,5.015137672424316,5.049135208129883,5.09286642074585,5.1389479637146,5.187472820281982,5.238541126251221,5.301694869995117,inf,inf,inf,inf,inf,inf,inf,inf,inf,inf,inf,inf,inf,inf,inf,inf,inf,inf,inf,inf,inf,inf,inf,inf,inf,inf,inf,inf,inf,inf,inf,inf,inf,inf,inf,inf,inf,inf,1.462403416633606,1.4532939195632935,1.4447365999221802,1.4367164373397827,1.4292198419570923,1.422234058380127,1.4157474040985107,1.409748911857605,1.4042288064956665,1.3991785049438477,1.3945894241333008,1.3904545307159424,1.3867671489715576,1.383521318435669,1.3807125091552734,1.3783358335494995,1.3763878345489502,1.3748652935028076,1.3737660646438599,1.3730887174606323,1.3728315830230713,1.3729946613311768,1.3735780715942383,1.3745828866958618,1.3760104179382324,1.3778631687164307,1.3801438808441162,1.3828556537628174,1.3860034942626953,1.3895914554595947,1.3936258554458618,1.3981127738952637,1.4030593633651733,1.4084736108779907,1.4143643379211426,1.4207408428192139,1.4276143312454224,1.4349955320358276,1.4428975582122803,1.4513334035873413,inf,inf,inf,inf,inf,inf,inf,inf,inf,inf,inf,inf,inf,inf,inf,inf,inf,inf,inf,inf,inf,inf,inf,inf,inf,inf,inf,inf,inf,inf,inf,inf,inf,inf,inf,inf,inf,inf,inf,inf,inf,inf,inf,inf,inf,inf,inf,3.143527030944824,3.120877504348755,3.0994937419891357,3.0793371200561523,3.0603716373443604,3.04256272315979,3.025881290435791,3.0102975368499756,2.9957854747772217,2.982320785522461,2.969881296157837,2.958447217941284,2.9479992389678955,2.938520669937134,2.9299964904785156,2.9224131107330322,2.9157588481903076,2.9100236892700195,3.202662229537964,inf,inf,inf,6.654851913452148,6.654022216796875,6.655229568481445,6.658474445343018,6.663763046264648,6.671103477478027,6.680505275726318,6.691986083984375,6.705560207366943,inf,inf,inf,inf,inf,inf,inf,inf,inf,inf,inf,9.999794960021973,9.595340728759766,9.658775329589844,9.72605037689209,9.797286987304688,9.872618675231934,9.952186584472656,inf,inf,inf,inf,inf,inf,inf,inf,inf,inf,inf,inf,inf,inf,inf,inf,10.648042678833008,10.448006629943848,10.258428573608398,10.009357452392578,9.839912414550781,9.679019927978516,9.52617359161377,9.380905151367188,9.506436347961426,9.711869239807129,9.929482460021973,inf,inf,inf,inf,inf,inf,inf,inf,inf,inf,inf,inf,inf,inf,inf,inf,inf,8.563379287719727,8.51122760772705,8.462282180786133,8.41645622253418,8.373673439025879,4.124875545501709,4.10660982131958,4.089751720428467,4.074273109436035,4.060148239135742,4.047355651855469,4.035874366760254,4.025686264038086,4.016775131225586,4.009128093719482,4.002732753753662,3.9975783824920654,3.9936580657958984,3.9909656047821045,inf
1771970266591539495,-3.140000104904175,0.01749303564429283,inf,inf,inf,inf,inf,inf,inf,inf,inf,inf,inf,inf,inf,inf,inf,inf,inf,inf,inf,inf,inf,inf,inf,inf,inf,inf,inf,inf,inf,inf,inf,inf,inf,inf,inf,inf,3.091269016265869,3.018003225326538,2.9490115642547607,2.8839662075042725,2.822573661804199,2.764568567276001,2.709712266921997,2.6577882766723633,2.608599901199341,2.5619680881500244,2.5177321434020996,2.4757418632507324,2.4358620643615723,2.397969961166382,2.401390314102173,2.45223069190979,2.5060534477233887,2.563094139099121,2.6236133575439453,2.687901735305786,2.756284713745117,2.8291268348693848,2.9068362712860107,2.9898762702941895,3.078770399093628,3.1741132736206055,inf,inf,inf,inf,inf,inf,inf,inf,inf,inf,inf,inf,inf,inf,inf,inf,inf,inf,inf,inf,inf,inf,inf,inf,inf,inf,inf,inf,inf,inf,inf,inf,inf,inf,inf,inf,inf,inf,inf,inf,inf,inf,inf,inf,inf,inf,inf,inf,inf,inf,inf,5.267694473266602,5.057766437530518,5.008848190307617,5.050405979156494,5.094231605529785,5.140410900115967,5.189037322998047,5.2402119636535645,inf,inf,inf,inf,inf,inf,inf,inf,inf,inf,inf,inf,inf,inf,inf,inf,inf,inf,inf,inf,inf,inf,inf,inf,inf,inf,inf,inf,inf,inf,inf,inf,inf,inf,inf,inf,inf,inf,1.4188969135284424,1.409590482711792,1.4008311033248901,1.3926033973693848,1.3848932981491089,1.3776869773864746,1.3709728717803955,1.3647394180297852,1.3589764833450317,1.3536744117736816,1.3488246202468872,1.3444193601608276,1.340451717376709,1.336915135383606,1.3338044881820679,1.3311145305633545,1.328841209411621,1.3269810676574707,1.325531005859375,1.3244891166687012,1.323853611946106,1.3236234188079834,1.323798418045044,1.3243788480758667,1.325365424156189,1.3267598152160645,1.328564167022705,1.330781102180481,1.333414077758789,1.3364675045013428,1.3399457931518555,1.343854308128357,1.3481996059417725,1.3529884815216064,1.3582286834716797,1.3639285564422607,1.3700973987579346,1.3767454624176025,1.3838841915130615,1.3915250301361084,1.3996814489364624,1.4083677530288696,inf,inf,inf,inf,inf,inf,inf,inf,inf,inf,inf,inf,inf,inf,inf,inf,inf,inf,inf,inf,inf,inf,inf,inf,inf,inf,inf,inf,inf,inf,inf,inf,inf,inf,inf,inf,inf,inf,inf,inf,inf,inf,inf,inf,inf,inf,3.1430530548095703,3.1204559803009033,3.099123001098633,3.0790157318115234,3.0600979328155518,3.0423364639282227,3.025700569152832,3.0101613998413086,2.9956934452056885,2.982271671295166,2.9698750972747803,2.958481788635254,2.9480748176574707,2.938636302947998,2.930152654647827,2.922609329223633,2.915994167327881,2.9102976322174072,2.9055111408233643,3.337393045425415,inf,inf,inf,6.654534339904785,6.655830383300781,6.659165859222412,6.664544105529785,6.6719746589660645,6.681468486785889,6.6930413246154785,6.706709384918213,inf,inf,inf,inf,inf,inf,inf,inf,inf,inf,inf,10.127540588378906,9.644046783447266,9.662178993225098,9.729628562927246,9.801044464111328,9.876564025878906,9.95632553100586,inf,inf,inf,inf,inf,inf,inf,inf,inf,inf,inf,inf,inf,inf,inf,inf,10.712261199951172,10.511324882507324,10.320887565612793,10.182040214538574,9.900818824768066,9.739176750183105,9.585615158081055,9.439663887023926,9.515975952148438,9.721938133239746,9.940126419067383,10.171514511108398,inf,inf,inf,inf,inf,inf,inf,inf,inf,inf,inf,inf,inf,inf,inf,inf,8.613293647766113,8.560967445373535,8.511861801147461,8.46589183807373,8.422980308532715,4.174915313720703,4.156487941741943,4.1394829750061035,4.123873233795166,4.1096343994140625,4.096742630004883,4.085177421569824,4.074920177459717,4.0659565925598145,4.058270454406738,4.051851749420166,4.046688556671143,4.042774200439453,4.040102958679199,inf
1771970266806507682,-3.140000104904175,0.01749303564429283,inf,inf,inf,inf,inf,inf,inf,inf,inf,inf,inf,inf,inf,inf,inf,inf,inf,inf,inf,inf,inf,inf,inf,inf,inf,inf,inf,inf,inf,inf,inf,inf,inf,3.0847132205963135,3.011835813522339,2.943202257156372,2.878488540649414,2.817403554916382,2.75968337059021,2.7050914764404297,2.653414726257324,2.604456901550293,2.558042049407959,2.514007091522217,2.472208023071289,2.432506799697876,2.394782066345215,2.4406092166900635,2.492443323135376,2.547323703765869,2.605490207672119,2.667210817337036,2.7327828407287598,2.802539348602295,2.8768537044525146,2.956146001815796,3.0408895015716553,3.131621837615967,inf,inf,inf,inf,inf,inf,inf,inf,inf,inf,inf,inf,inf,inf,inf,inf,inf,inf,inf,inf,inf,inf,inf,inf,inf,inf,inf,inf,inf,inf,inf,inf,inf,inf,inf,inf,inf,inf,inf,inf,inf,inf,inf,inf,inf,inf,inf,inf,inf,inf,inf,inf,5.1905741691589355,4.992762088775635,5.012516021728516,5.054274082183838,5.098307132720947,5.144702434539795,5.193553447723389,5.244961738586426,inf,inf,inf,inf,inf,inf,inf,inf,inf,inf,inf,inf,inf,inf,inf,inf,inf,inf,inf,inf,inf,inf,inf,inf,inf,inf,inf,inf,inf,inf,inf,inf,inf,inf,inf,inf,inf,inf,1.3939133882522583,1.3848133087158203,1.3762497901916504,1.3682074546813965,1.3606725931167603,1.3536322116851807,1.3470743894577026,1.3409881591796875,1.3353633880615234,1.3301911354064941,1.3254626989364624,1.3211705684661865,1.3173078298568726,1.313868761062622,1.310847520828247,1.3082398176193237,1.3060410022735596,1.3042480945587158,1.3028581142425537,1.3018690347671509,1.3012794256210327,1.3010883331298828,1.3012956380844116,1.30190110206604,1.3029061555862427,1.3043121099472046,1.3061212301254272,1.3083363771438599,1.3109606504440308,1.3139984607696533,1.3174546957015991,1.3213343620300293,1.3256436586380005,1.3303898572921753,1.3355801105499268,1.3412232398986816,1.3473280668258667,1.3539049625396729,1.3609650135040283,1.3685201406478882,1.3765827417373657,1.3851674795150757,inf,inf,inf,inf,inf,inf,inf,inf,inf,inf,inf,inf,inf,inf,inf,inf,inf,inf,inf,inf,inf,inf,inf,inf,inf,inf,inf,inf,inf,inf,inf,inf,inf,inf,inf,inf,inf,inf,inf,inf,inf,inf,inf,inf,inf,inf,inf,3.118481397628784,3.0972583293914795,3.0772573947906494,3.058443069458008,3.0407822132110596,3.0242440700531006,3.008800506591797,2.9944257736206055,2.981095314025879,2.968787908554077,2.9574825763702393,2.9471614360809326,2.937808036804199,2.9294075965881348,2.9219460487365723,2.915412664413452,2.909796714782715,2.9050896167755127,3.073638439178467,inf,inf,inf,6.654523849487305,6.655999183654785,6.659513473510742,6.665072441101074,6.672684192657471,6.682360649108887,6.694116115570068,6.707969665527344,inf,inf,inf,inf,inf,inf,inf,inf,inf,inf,inf,10.151206970214844,9.668871879577637,9.667913436889648,9.73570728302002,9.807480812072754,9.8833646774292,9.963506698608398,inf,inf,inf,inf,inf,inf,inf,inf,inf,inf,inf,inf,inf,inf,inf,inf,10.727605819702148,10.526994705200195,10.3368558883667,10.197824478149414,9.91740894317627,9.755990028381348,9.602635383605957,9.456873893737793,9.533570289611816,9.740571975708008,9.959878921508789,inf,inf,inf,inf,inf,inf,inf,inf,inf,inf,inf,inf,inf,inf,inf,inf,inf,8.63248062133789,8.580296516418457,8.53133487701416,8.485509872436523,8.442745208740234,4.1965227127075195,4.178119659423828,4.161143779754639,4.145570278167725,4.13137149810791,4.118525981903076,4.1070122718811035,4.096813678741455,4.0879130363464355,4.080297470092773,4.073953628540039,4.068871974945068,4.065046787261963,4.062470436096191,inf,inf,inf,inf
1771970266925267807,-3.140000104904175,0.01749303564429283,inf,inf,inf,inf,inf,inf,inf,inf,inf,inf,inf,inf,inf,inf,inf,inf,inf,inf,inf,inf,inf,inf,inf,inf,inf,inf,inf,inf,3.071898937225342,2.999784469604492,2.931854486465454,2.8677921295166016,2.8073089122772217,2.7501490116119385,2.6960787773132324,2.6448874473571777,2.596383810043335,2.5503931045532227,2.5067572593688965,2.4653308391571045,2.4259819984436035,2.4034082889556885,2.45296573638916,2.50539231300354,2.5609097480773926,2.619763135910034,2.682225465774536,2.7486002445220947,2.8192286491394043,2.89449143409729,2.974817991256714,3.0606930255889893,3.152667760848999,inf,inf,inf,inf,inf,inf,inf,inf,inf,inf,inf,inf,inf,inf,inf,inf,inf,inf,inf,inf,inf,inf,inf,inf,inf,inf,inf,inf,inf,inf,inf,inf,inf,inf,inf,inf,inf,inf,inf,inf,inf,inf,inf,inf,inf,inf,inf,inf,inf,inf,inf,inf,5.1472649574279785,4.9857354164123535,5.0198259353637695,5.061975955963135,5.106415748596191,5.153233528137207,5.202524185180664,5.264059066772461,inf,inf,inf,inf,inf,inf,inf,inf,inf,inf,inf,inf,inf,inf,inf,inf,inf,inf,inf,inf,inf,inf,inf,inf,inf,inf,inf,inf,inf,inf,inf,inf,inf,inf,inf,inf,inf,inf,1.3898845911026,1.3808951377868652,1.3724385499954224,1.3645000457763672,1.3570656776428223,1.3501226902008057,1.34365975856781,1.337665319442749,1.3321303129196167,1.3270450830459595,1.322401762008667,1.3181928396224976,1.3144114017486572,1.311051845550537,1.3081084489822388,1.3055769205093384,1.3034533262252808,1.3017343282699585,1.3004170656204224,1.2994999885559082,1.2989811897277832,1.2988601922988892,1.299136757850647,1.2998112440109253,1.300884485244751,1.3023585081100464,1.3042354583740234,1.3065180778503418,1.3092103004455566,1.3123159408569336,1.3158397674560547,1.3197875022888184,1.3241655826568604,1.3289806842803955,1.3342407941818237,1.3399543762207031,1.3461308479309082,1.3527801036834717,1.359913945198059,1.3675438165664673,1.375683307647705,1.3843462467193604,inf,inf,inf,inf,inf,inf,inf,inf,inf,inf,inf,inf,inf,inf,inf,inf,inf,inf,inf,inf,inf,inf,inf,inf,inf,inf,inf,inf,inf,inf,inf,inf,inf,inf,inf,inf,inf,inf,inf,inf,inf,inf,inf,inf,inf,inf,inf,3.1144793033599854,3.0934746265411377,3.07368540763855,3.055077075958252,3.03761625289917,3.021273374557495,3.0060198307037354,2.991831064224243,2.97868275642395,2.966552972793579,2.9554226398468018,2.9452731609344482,2.9360880851745605,2.927853584289551,2.9205567836761475,2.9141852855682373,2.9087297916412354,2.904181957244873,3.187737464904785,inf,inf,inf,6.65446138381958,6.656293869018555,6.6601667404174805,6.6660847663879395,6.674057960510254,6.6840972900390625,6.6962199211120605,6.710443019866943,inf,inf,inf,inf,inf,inf,inf,inf,inf,inf,inf,10.069598197937012,9.614736557006836,9.679341316223145,9.747820854187012,9.820304870605469,9.896926879882812,9.977828025817871,inf,inf,inf,inf,inf,inf,inf,inf,inf,inf,inf,inf,inf,inf,inf,10.904776573181152,10.694918632507324,10.496136665344238,10.307705879211426,10.060051918029785,9.891555786132812,9.731538772583008,9.57950210571289,9.43498420715332,9.568774223327637,9.777861595153809,9.999421119689941,inf,inf,inf,inf,inf,inf,inf,inf,inf,inf,inf,inf,inf,inf,inf,inf,inf,8.625454902648926,8.57382869720459,8.525410652160645,8.48011589050293,8.437868118286133,4.195496559143066,4.177335739135742,4.160599231719971,4.145259857177734,4.131292819976807,4.118675231933594,4.107387542724609,4.097412109375,4.088733196258545,4.081336975097656,4.075212478637695,4.07034969329834,4.066741466522217,4.064382553100586,inf,inf,inf,inf,inf,inf,inf,inf,inf
1771970267074821218,-3.140000104904175,0.01749303564429283,inf,inf,inf,inf,inf,inf,inf,inf,inf,inf,inf,inf,inf,inf,inf,inf,inf,inf,inf,inf,inf,inf,3.137436628341675,3.0614500045776367,2.989950180053711,2.9225876331329346,2.8590502738952637,2.7990541458129883,2.7423465251922607,2.6886978149414062,2.6378982067108154,2.58976149559021,2.544114351272583,2.500800609588623,2.45967698097229,2.420612335205078,2.4107658863067627,2.4607291221618652,2.51359224319458,2.569580078125,2.6289420127868652,2.6919543743133545,2.7589263916015625,2.8302040100097656,2.9061758518218994,2.9872775077819824,3.074003219604492,3.1669137477874756,inf,inf,inf,inf,inf,inf,inf,inf,inf,inf,inf,inf,inf,inf,inf,inf,inf,inf,inf,inf,inf,inf,inf,inf,inf,inf,inf,inf,inf,inf,inf,inf,inf,inf,inf,inf,inf,inf,inf,inf,inf,inf,inf,inf,inf,inf,inf,inf,inf,inf,inf,inf,5.116551876068115,4.992333889007568,5.025773048400879,5.068246364593506,5.113021373748779,5.1601881980896,5.209841728210449,5.270378589630127,inf,inf,inf,inf,inf,inf,inf,inf,inf,inf,inf,inf,inf,inf,inf,inf,inf,inf,inf,inf,inf,inf,inf,inf,inf,inf,inf,inf,inf,inf,inf,inf,inf,inf,inf,inf,inf,inf,1.3882454633712769,1.3793349266052246,1.3709551095962524,1.363091230392456,1.3557292222976685,1.3488571643829346,1.3424627780914307,1.3365360498428345,1.3310668468475342,1.326046347618103,1.3214662075042725,1.3173195123672485,1.3135994672775269,1.310300350189209,1.307416558265686,1.3049440383911133,1.3028786182403564,1.3012174367904663,1.2999576330184937,1.2990976572036743,1.2986356019973755,1.298571228981018,1.2989044189453125,1.299635410308838,1.3007656335830688,1.30229651927948,1.3042305707931519,1.3065707683563232,1.3093209266662598,1.312484860420227,1.3160682916641235,1.3200759887695312,1.324514627456665,1.329391598701477,1.3347145318984985,1.3404921293258667,1.346733808517456,1.3534499406814575,1.3606518507003784,1.3683518171310425,1.3765630722045898,1.3852999210357666,inf,inf,inf,inf,inf,inf,inf,inf,inf,inf,inf,inf,inf,inf,inf,inf,inf,inf,inf,inf,inf,inf,inf,inf,inf,inf,inf,inf,inf,inf,inf,inf,inf,inf,inf,inf,inf,inf,inf,inf,inf,inf,inf,inf,inf,inf,3.133427619934082,3.1113507747650146,3.090522050857544,3.070904016494751,3.0524613857269287,3.0351619720458984,3.0189759731292725,3.003875970840454,2.989837408065796,2.9768354892730713,2.9648494720458984,2.953859806060791,2.9438493251800537,2.934800863265991,2.9267008304595947,2.919536590576172,2.9132959842681885,2.907970666885376,2.9035513401031494,3.3139026165008545,inf,inf,6.654455661773682,6.654541969299316,6.656665325164795,6.660829544067383,6.667038917541504,6.6753058433532715,6.685641288757324,6.698061466217041,6.712585926055908,inf,inf,inf,inf,inf,inf,inf,inf,inf,inf,10.518634796142578,9.999940872192383,9.623650550842285,9.688799858093262,9.757843017578125,9.830906867980957,9.908125877380371,9.989651679992676,inf,inf,inf,inf,inf,inf,inf,inf,inf,inf,inf,inf,inf,inf,inf,10.874629020690918,10.666386604309082,10.46911334991455,10.28209400177002,10.035932540893555,9.868669509887695,9.709811210632324,9.558866500854492,9.415379524230957,9.597750663757324,9.808555603027344,10.03196907043457,inf,inf,inf,inf,inf,inf,inf,inf,inf,inf,inf,inf,inf,inf,inf,inf,8.672673225402832,8.6182222366333,8.567056655883789,8.519086837768555,8.474228858947754,8.432408332824707,4.193134784698486,4.175177097320557,4.158639907836914,4.143496990203857,4.1297221183776855,4.1172943115234375,4.106194019317627,4.0964035987854,4.087906837463379,4.080692291259766,4.0747480392456055,4.070064067840576,4.066634178161621,4.064452171325684,inf,inf,inf,inf,inf,inf,inf,inf,inf,inf,inf,inf,inf,inf
1771970267226055687,-3.140000104904175,0.01749303564429283,inf,inf,inf,inf,inf,inf,inf,inf,inf,inf,inf,inf,inf,inf,inf,inf,inf,3.1112143993377686,3.0367889404296875,2.9667277336120605,2.9006946086883545,2.838385820388794,2.7795307636260986,2.7238831520080566,2.671222448348999,2.621344804763794,2.5740692615509033,2.5292294025421143,2.4866726398468018,2.4462602138519287,2.4078657627105713,2.4275906085968018,2.4785172939300537,2.5324180126190186,2.5895254611968994,2.650097370147705,2.714421510696411,2.782818078994751,2.855647563934326,2.9333131313323975,3.0162699222564697,3.1050336360931396,3.2001891136169434,inf,inf,inf,inf,inf,inf,inf,inf,inf,inf,inf,inf,inf,inf,inf,inf,inf,inf,inf,inf,inf,inf,inf,inf,inf,inf,inf,inf,inf,inf,inf,inf,inf,inf,inf,inf,inf,inf,inf,inf,inf,inf,inf,inf,inf,inf,inf,inf,inf,inf,inf,5.258510112762451,5.046402931213379,4.99895715713501,5.039955139160156,5.083199501037598,5.128775596618652,5.176774501800537,5.227295398712158,inf,inf,inf,inf,inf,inf,inf,inf,inf,inf,inf,inf,inf,inf,inf,inf,inf,inf,inf,inf,inf,inf,inf,inf,inf,inf,inf,inf,inf,inf,inf,inf,inf,inf,inf,inf,inf,inf,1.394296646118164,1.3850278854370117,1.3762999773025513,1.3680973052978516,1.3604058027267456,1.3532119989395142,1.3465036153793335,1.340269923210144,1.334499716758728,1.3291841745376587,1.3243143558502197,1.3198826313018799,1.315881609916687,1.3123053312301636,1.3091477155685425,1.3064042329788208,1.3040703535079956,1.30214262008667,1.3006178140640259,1.2994937896728516,1.2987689971923828,1.2984418869018555,1.2985122203826904,1.2989801168441772,1.2998462915420532,1.3011118173599243,1.302779197692871,1.3048503398895264,1.3073288202285767,1.3102185726165771,1.3135236501693726,1.3172500133514404,1.3214025497436523,1.32598876953125,1.3310154676437378,1.3364908695220947,1.3424242734909058,1.3488248586654663,1.3557037115097046,1.363072395324707,1.370943546295166,1.3793303966522217,inf,inf,inf,inf,inf,inf,inf,inf,inf,inf,inf,inf,inf,inf,inf,inf,inf,inf,inf,inf,inf,inf,inf,inf,inf,inf,inf,inf,inf,inf,inf,inf,inf,inf,inf,inf,inf,inf,inf,inf,inf,inf,inf,inf,inf,inf,inf,3.1257574558258057,3.1041078567504883,3.0836942195892334,3.0644783973693848,3.0464274883270264,3.0295090675354004,3.0136947631835938,2.998957633972168,2.9852726459503174,2.9726181030273438,2.9609720706939697,2.9503164291381836,2.94063401222229,2.9319090843200684,2.9241275787353516,2.9172778129577637,2.911348819732666,2.9063313007354736,2.9022178649902344,3.671471357345581,inf,inf,6.654217720031738,6.654994487762451,6.657809257507324,6.662665843963623,6.669571876525879,6.678537845611572,6.689578533172607,6.702709674835205,6.717952728271484,inf,inf,inf,inf,inf,inf,inf,inf,inf,inf,10.336872100830078,9.836526870727539,9.645269393920898,9.711724281311035,9.78211498260498,9.856572151184082,9.935235977172852,inf,inf,inf,inf,inf,inf,inf,inf,inf,inf,inf,inf,inf,inf,inf,inf,10.802933692932129,10.598491668701172,10.404768943786621,10.221071243286133,9.978422164916992,9.814062118530273,9.657938957214355,9.50956916809082,9.46483039855957,9.66781234741211,9.882782936096191,10.110694885253906,inf,inf,inf,inf,inf,inf,inf,inf,inf,inf,inf,inf,inf,inf,inf,inf,8.653972625732422,8.600645065307617,8.55057144165039,8.50366497039795,8.459844589233398,8.419036865234375,4.187016487121582,4.169543266296387,4.1534810066223145,4.138803958892822,4.125487804412842,4.11351203918457,4.1028571128845215,4.093506813049316,4.085445880889893,4.078662872314453,4.073146820068359,4.068888187408447,4.065881729125977,4.994320392608643,inf,inf,inf,inf,inf,inf,inf,inf,inf,inf,inf,inf,inf,inf,inf,inf,inf,inf,inf
1771970267363164036,-3.140000104904175,0.01749303564429283,inf,inf,inf,inf,inf,inf,inf,inf,inf,inf,inf,inf,3.1011149883270264,3.0272891521453857,2.957780122756958,2.8922581672668457,2.8304226398468018,2.7720065116882324,2.7167673110961914,2.6644859313964844,2.614964008331299,2.5680203437805176,2.5234920978546143,2.481226682662964,2.4410886764526367,2.4029531478881836,2.434323310852051,2.48563551902771,2.5399513244628906,2.5975067615509033,2.6585633754730225,2.72341251373291,2.7923808097839355,2.8658320903778076,2.9441781044006348,3.0278801918029785,3.117462396621704,3.2135207653045654,inf,inf,inf,inf,inf,inf,inf,inf,inf,inf,inf,inf,inf,inf,inf,inf,inf,inf,inf,inf,inf,inf,inf,inf,inf,inf,inf,inf,inf,inf,inf,inf,inf,inf,inf,inf,inf,inf,inf,inf,inf,inf,inf,inf,inf,inf,inf,inf,inf,inf,inf,5.228963851928711,5.019374370574951,5.004305362701416,5.045596122741699,5.089144229888916,5.135035514831543,5.1833624839782715,5.234224319458008,inf,inf,inf,inf,inf,inf,inf,inf,inf,inf,inf,inf,inf,inf,inf,inf,inf,inf,inf,inf,inf,inf,inf,inf,inf,inf,inf,inf,inf,inf,inf,inf,inf,inf,inf,inf,inf,inf,1.3929444551467896,1.3837491273880005,1.3750925064086914,1.3669590950012207,1.3593350648880005,1.352206826210022,1.3455628156661987,1.3393912315368652,1.333682656288147,1.3284270763397217,1.3236161470413208,1.3192423582077026,1.3152984380722046,1.3117783069610596,1.3086762428283691,1.3059875965118408,1.3037080764770508,1.3018341064453125,1.3003628253936768,1.2992922067642212,1.2986201047897339,1.2983460426330566,1.2984693050384521,1.2989898920059204,1.2999088764190674,1.3012276887893677,1.3029483556747437,1.3050734996795654,1.3076062202453613,1.3105506896972656,1.3139114379882812,1.3176935911178589,1.3219032287597656,1.3265472650527954,1.3316327333450317,1.3371683359146118,1.3431626558303833,1.3496259450912476,1.3565688133239746,1.3640031814575195,1.371941328048706,1.3803972005844116,inf,inf,inf,inf,inf,inf,inf,inf,inf,inf,inf,inf,inf,inf,inf,inf,inf,inf,inf,inf,inf,inf,inf,inf,inf,inf,inf,inf,inf,inf,inf,inf,inf,inf,inf,inf,inf,inf,inf,inf,inf,inf,inf,inf,inf,inf,inf,3.122770071029663,3.101287603378296,3.0810351371765137,3.061976432800293,3.0440776348114014,3.0273079872131348,3.011638879776001,2.9970431327819824,2.98349666595459,2.970977306365967,2.9594640731811523,2.948939085006714,2.939384698867798,2.930785894393921,2.9231293201446533,2.916402578353882,2.910595178604126,2.905698537826538,2.901704788208008,3.833207130432129,inf,inf,6.654169082641602,6.655216217041016,6.658302307128906,6.663431644439697,6.6706109046936035,6.679851531982422,6.691168308258057,6.7045793533325195,inf,inf,inf,inf,inf,inf,inf,inf,inf,inf,inf,10.26751708984375,9.774103164672852,9.653843879699707,9.72081470489502,9.79173755645752,9.866745948791504,9.945980072021484,inf,inf,inf,inf,inf,inf,inf,inf,inf,inf,inf,inf,inf,inf,inf,inf,10.775236129760742,10.572258949279785,10.379904747009277,10.197489738464355,9.956194877624512,9.79295825958252,9.637889862060547,9.49051570892334,9.491100311279297,9.695623397827148,9.912257194519043,10.14196491241455,inf,inf,inf,inf,inf,inf,inf,inf,inf,inf,inf,inf,inf,inf,inf,inf,8.646780014038086,8.593890190124512,8.544241905212402,8.497749328613281,8.454333305358887,4.203415393829346,4.184695720672607,4.1674113273620605,4.151534557342529,4.1370391845703125,4.123902320861816,4.112102508544922,4.101622104644775,4.092443466186523,4.084553241729736,4.077939033508301,4.072590351104736,4.068498611450195,4.065658092498779,inf,inf,inf,inf,inf,inf,inf,inf,inf,inf,inf,inf,inf,inf,inf,inf,inf,inf,inf,inf,inf,inf,inf,inf,inf
1771970267612757047,-3.140000104904175,0.01749303564429283,inf,inf,inf,inf,inf,inf,inf,3.1067311763763428,3.032576322555542,2.962764263153076,2.8969614505767822,2.834866523742676,2.7762086391448975,2.720745086669922,2.668255090713501,2.618537664413452,2.5714118480682373,2.52671217918396,2.484286308288574,2.443997621536255,2.405719757080078,2.4308626651763916,2.481968641281128,2.536062479019165,2.5933780670166016,2.654175043106079,2.718742609024048,2.7874045372009277,2.860522508621216,2.938502788543701,3.0218050479888916,3.110947370529175,3.206519603729248,inf,inf,inf,inf,inf,inf,inf,inf,inf,inf,inf,inf,inf,inf,inf,inf,inf,inf,inf,inf,inf,inf,inf,inf,inf,inf,inf,inf,inf,inf,inf,inf,inf,inf,inf,inf,inf,inf,inf,inf,inf,inf,inf,inf,inf,inf,inf,inf,inf,inf,inf,5.244651794433594,5.033708572387695,5.0014472007751465,5.042577743530273,5.0859599113464355,5.131678104400635,5.179825782775879,5.230501174926758,inf,inf,inf,inf,inf,inf,inf,inf,inf,inf,inf,inf,inf,inf,inf,inf,inf,inf,inf,inf,inf,inf,inf,inf,inf,inf,inf,inf,inf,inf,inf,inf,inf,inf,inf,inf,inf,inf,1.393527626991272,1.3842934370040894,1.3755989074707031,1.3674287796020508,1.3597685098648071,1.3526055812835693,1.345927119255066,1.3397222757339478,1.3339807987213135,1.328693151473999,1.3238506317138672,1.3194456100463867,1.3154710531234741,1.3119206428527832,1.308788776397705,1.306070327758789,1.3037614822387695,1.3018581867218018,1.3003581762313843,1.2992584705352783,1.2985576391220093,1.2982546091079712,1.2983490228652954,1.2988407611846924,1.2997310161590576,1.3010205030441284,1.302711844444275,1.3048073053359985,1.3073101043701172,1.3102244138717651,1.3135545253753662,1.3173056840896606,1.321483850479126,1.326095700263977,1.3311487436294556,1.3366506099700928,1.3426111936569214,1.3490394353866577,1.3559467792510986,1.3633441925048828,1.3712447881698608,1.3796623945236206,inf,inf,inf,inf,inf,inf,inf,inf,inf,inf,inf,inf,inf,inf,inf,inf,inf,inf,inf,inf,inf,inf,inf,inf,inf,inf,inf,inf,inf,inf,inf,inf,inf,inf,inf,inf,inf,inf,inf,inf,inf,inf,inf,inf,inf,inf,inf,3.1243247985839844,3.1027519702911377,3.082411766052246,3.0632681846618652,3.0452864170074463,3.0284364223480225,3.012687921524048,2.998015880584717,2.984393835067749,2.971801280975342,2.9602160453796387,2.949620246887207,2.9399962425231934,2.931328535079956,2.9236040115356445,2.9168102741241455,2.9109368324279785,2.9059743881225586,2.9019153118133545,3.7405402660369873,inf,inf,6.654123306274414,6.655023097991943,6.657961368560791,6.6629414558410645,6.669971942901611,6.679062366485596,6.690228462219238,6.703486919403076,6.718856334686279,inf,inf,inf,inf,inf,inf,inf,inf,inf,inf,10.30567741394043,9.808477401733398,9.64908504486084,9.715773582458496,9.786405563354492,9.861112594604492,9.940032958984375,inf,inf,inf,inf,inf,inf,inf,inf,inf,inf,inf,inf,inf,inf,inf,inf,10.79053783416748,10.586758613586426,10.393654823303223,10.210537910461426,9.968501091003418,9.804651260375977,9.649004936218262,9.50108528137207,9.476634979248047,9.680315017700195,9.896035194396973,10.12475872039795,inf,inf,inf,inf,inf,inf,inf,inf,inf,inf,inf,inf,inf,inf,inf,inf,8.650848388671875,8.597719192504883,8.547839164733887,8.501119613647461,8.45748233795166,8.416852951049805,4.186105728149414,4.168717861175537,4.15273904800415,4.138144016265869,4.124908924102783,4.11301326751709,4.1024370193481445,4.093164443969727,4.08518123626709,4.078474521636963,4.073033809661865,4.068851470947266,4.065920352935791,inf,inf,inf,inf,inf,inf,inf,inf,inf,inf,inf,inf,inf,inf,inf,inf,inf,inf,inf,inf,inf,inf,inf,inf,inf,inf,inf,inf,inf,inf
1771970267791572849,-3.140000104904175,0.01749303564429283,inf,inf,3.0967557430267334,3.0231945514678955,2.9539296627044678,2.8886330127716064,2.8270065784454346,2.7687840461730957,2.713724374771118,2.661611318588257,2.61224627494812,2.5654492378234863,2.521057605743408,2.478921890258789,2.4389052391052246,2.400883197784424,2.4376626014709473,2.4891560077667236,2.543667793273926,2.601433753967285,2.6627182960510254,2.7278149127960205,2.7970516681671143,2.870795965194702,2.949460506439209,3.0335121154785156,3.1234796047210693,inf,inf,inf,inf,inf,inf,inf,inf,inf,inf,inf,inf,inf,inf,inf,inf,inf,inf,inf,inf,inf,inf,inf,inf,inf,inf,inf,inf,inf,inf,inf,inf,inf,inf,inf,inf,inf,inf,inf,inf,inf,inf,inf,inf,inf,inf,inf,inf,inf,inf,inf,inf,5.215206146240234,5.006767749786377,5.0068440437316895,5.048270225524902,5.091958999633789,5.137996673583984,5.18647575378418,5.237496376037598,inf,inf,inf,inf,inf,inf,inf,inf,inf,inf,inf,inf,inf,inf,inf,inf,inf,inf,inf,inf,inf,inf,inf,inf,inf,inf,inf,inf,inf,inf,inf,inf,inf,inf,inf,inf,inf,inf,1.392143726348877,1.382982850074768,1.3743594884872437,1.3662587404251099,1.358665943145752,1.3515684604644775,1.344954013824463,1.3388117551803589,1.3331316709518433,1.3279038667678833,1.3231202363967896,1.3187732696533203,1.3148558139801025,1.3113614320755005,1.308284878730774,1.3056213855743408,1.3033666610717773,1.3015174865722656,1.3000705242156982,1.2990241050720215,1.2983760833740234,1.2981258630752563,1.2982728481292725,1.29881751537323,1.299760341644287,1.3011032342910767,1.3028477430343628,1.3049968481063843,1.307553768157959,1.3105225563049316,1.3139079809188843,1.317715048789978,1.321950078010559,1.3266195058822632,1.3317312002182007,1.3372931480407715,1.3433144092559814,1.3498051166534424,1.3567758798599243,1.3642388582229614,1.3722065687179565,1.380692720413208,inf,inf,inf,inf,inf,inf,inf,inf,inf,inf,inf,inf,inf,inf,inf,inf,inf,inf,inf,inf,inf,inf,inf,inf,inf,inf,inf,inf,inf,inf,inf,inf,inf,inf,inf,inf,inf,inf,inf,inf,inf,inf,inf,inf,inf,inf,inf,3.1213107109069824,3.0999042987823486,3.0797252655029297,3.0607383251190186,3.0429091453552246,3.0262069702148438,3.010603427886963,2.996072292327881,2.982588768005371,2.9701309204101562,2.9586784839630127,2.9482126235961914,2.938716411590576,2.930175304412842,2.922574996948242,2.9159042835235596,2.9101521968841553,2.9053101539611816,2.913236618041992,inf,inf,inf,6.654053211212158,6.6552228927612305,6.6584320068359375,6.6636834144592285,6.670984745025635,6.680350303649902,6.691792964935303,6.705329895019531,inf,inf,inf,inf,inf,inf,inf,inf,inf,inf,inf,10.237003326416016,9.746651649475098,9.657631874084473,9.724837303161621,9.796002388000488,9.871257781982422,9.950748443603516,inf,inf,inf,inf,inf,inf,inf,inf,inf,inf,inf,inf,inf,inf,inf,inf,10.76303482055664,10.560709953308105,10.368967056274414,10.187124252319336,9.94643497467041,9.783699035644531,9.62910270690918,9.482171058654785,9.502885818481445,9.708108901977539,9.925494194030762,10.156017303466797,inf,inf,inf,inf,inf,inf,inf,inf,inf,inf,inf,inf,inf,inf,inf,inf,8.6437349319458,8.591041564941406,8.541584014892578,8.495277404785156,8.452042579650879,4.20247220993042,4.183838367462158,4.16663932800293,4.150845050811768,4.1364312171936035,4.1233744621276855,4.111654281616211,4.101251602172852,4.092150688171387,4.0843377113342285,4.077798843383789,4.072525978088379,4.068509101867676,4.065743446350098,inf,inf,inf,inf,inf,inf,inf,inf,inf,inf,inf,inf,inf,inf,inf,inf,inf,inf,inf,inf,inf,inf,inf,inf,inf,inf,inf,inf,inf,inf,inf,inf,inf,inf,inf
1771970267990697569,-3.140000104904175,0.01749303564429283,2.923337936401367,2.8597776889801025,2.7997593879699707,2.7430307865142822,2.6893632411956787,2.6385457515716553,2.5903916358947754,2.544728994369507,2.5014002323150635,2.460261821746826,2.4211840629577637,2.4115149974823,2.4614877700805664,2.51436185836792,2.5703604221343994,2.6297333240509033,2.6927578449249268,2.759742259979248,2.8310327529907227,2.907017469406128,2.9881327152252197,3.0748727321624756,3.167797327041626,inf,inf,inf,inf,inf,inf,inf,inf,inf,inf,inf,inf,inf,inf,inf,inf,inf,inf,inf,inf,inf,inf,inf,inf,inf,inf,inf,inf,inf,inf,inf,inf,inf,inf,inf,inf,inf,inf,inf,inf,inf,inf,inf,inf,inf,inf,inf,inf,inf,inf,inf,inf,5.1156487464904785,4.991495132446289,5.025993824005127,5.0684614181518555,5.1132307052612305,5.160391330718994,5.210039138793945,5.271066188812256,inf,inf,inf,inf,inf,inf,inf,inf,inf,inf,inf,inf,inf,inf,inf,inf,inf,inf,inf,inf,inf,inf,inf,inf,inf,inf,inf,inf,inf,inf,inf,inf,inf,inf,inf,inf,inf,inf,1.3876434564590454,1.3787354230880737,1.3703577518463135,1.3624956607818604,1.3551356792449951,1.3482651710510254,1.3418724536895752,1.3359466791152954,1.3304786682128906,1.3254591226577759,1.3208798170089722,1.3167335987091064,1.313014030456543,1.3097150325775146,1.3068312406539917,1.3043584823608398,1.3022929430007935,1.300631046295166,1.2993707656860352,1.2985097169876099,1.2980468273162842,1.2979812622070312,1.298313021659851,1.2990424633026123,1.3001707792282104,1.3016997575759888,1.3036317825317383,1.3059698343276978,1.3087172508239746,1.3118786811828613,1.3154590129852295,1.3194634914398193,1.3238989114761353,1.3287723064422607,1.3340914249420166,1.3398648500442505,1.346102237701416,1.352813959121704,1.360011100769043,1.367706060409546,1.375911831855774,1.3846429586410522,inf,inf,inf,inf,inf,inf,inf,inf,inf,inf,inf,inf,inf,inf,inf,inf,inf,inf,inf,inf,inf,inf,inf,inf,inf,inf,inf,inf,inf,inf,inf,inf,inf,inf,inf,inf,inf,inf,inf,inf,inf,inf,inf,inf,inf,inf,3.1331324577331543,3.1110541820526123,3.090224027633667,3.0706043243408203,3.0521602630615234,3.0348589420318604,3.018671751022339,3.003570795059204,2.989529848098755,2.9765264987945557,2.9645392894744873,2.953547716140747,2.943535089492798,2.9344849586486816,2.9263830184936523,2.9192163944244385,2.9129743576049805,2.907646656036377,2.9032247066497803,3.3012046813964844,inf,inf,6.654120445251465,6.654200553894043,6.656317234039307,6.66047477722168,6.666678428649902,6.674938678741455,6.685266494750977,6.697680473327637,6.7121968269348145,inf,inf,inf,inf,inf,inf,inf,inf,inf,inf,10.522173881530762,10.003217697143555,9.62309455871582,9.68822956085205,9.757256507873535,9.830306053161621,9.907510757446289,9.989019393920898,inf,inf,inf,inf,inf,inf,inf,inf,inf,inf,inf,inf,inf,inf,inf,10.876174926757812,10.667882919311523,10.470559120178223,10.283493995666504,10.037286758422852,9.869982719421387,9.711087226867676,9.56010627746582,9.416584968566895,9.596586227416992,9.807341575622559,10.030701637268066,inf,inf,inf,inf,inf,inf,inf,inf,inf,inf,inf,inf,inf,inf,inf,inf,8.673474311828613,8.619009971618652,8.567830085754395,8.51984691619873,8.474976539611816,8.433143615722656,4.193800449371338,4.175836086273193,4.159292697906494,4.1441426277160645,4.130361080169678,4.117927551269531,4.106821537017822,4.0970258712768555,4.088524341583252,4.081304550170898,4.075355529785156,4.070666790008545,4.067232608795166,4.0650458335876465,inf,inf,inf,inf,inf,inf,inf,inf,inf,inf,inf,inf,inf,inf,inf,inf,inf,inf,inf,inf,inf,inf,inf,inf,inf,inf,inf,inf,inf,inf,inf,inf,inf,inf,inf,inf,3.0757484436035156,3.003432035446167,2.935314893722534
1771970268129005471,-3.140000104904175,0.01749303564429283,2.6598687171936035,2.6105997562408447,2.5638930797576904,2.5195870399475098,2.4775304794311523,2.4375879764556885,2.399636745452881,2.4397709369659424,2.4913787841796875,2.546013116836548,2.6039116382598877,2.665339708328247,2.7305915355682373,2.799997568130493,2.8739256858825684,2.952791452407837,3.0370635986328125,3.127272367477417,inf,inf,inf,inf,inf,inf,inf,inf,inf,inf,inf,inf,inf,inf,inf,inf,inf,inf,inf,inf,inf,inf,inf,inf,inf,inf,inf,inf,inf,inf,inf,inf,inf,inf,inf,inf,inf,inf,inf,inf,inf,inf,inf,inf,inf,inf,inf,inf,inf,inf,inf,inf,5.206677436828613,5.005098819732666,5.008491039276123,5.0500006675720215,5.093775749206543,5.1399030685424805,5.188475608825684,5.239593505859375,inf,inf,inf,inf,inf,inf,inf,inf,inf,inf,inf,inf,inf,inf,inf,inf,inf,inf,inf,inf,inf,inf,inf,inf,inf,inf,inf,inf,inf,inf,inf,inf,inf,inf,inf,inf,inf,inf,1.3916337490081787,1.3824944496154785,1.373892068862915,1.3658113479614258,1.3582382202148438,1.351159930229187,1.3445645570755005,1.3384405374526978,1.332777976989746,1.32756769657135,1.3228012323379517,1.3184709548950195,1.3145697116851807,1.311091661453247,1.3080310821533203,1.305383563041687,1.3031442165374756,1.301310420036316,1.2998785972595215,1.2988473176956177,1.2982144355773926,1.2979792356491089,1.2981412410736084,1.2987006902694702,1.2996584177017212,1.301016092300415,1.302775502204895,1.3049397468566895,1.307511806488037,1.3104959726333618,1.3138967752456665,1.3177193403244019,1.3219701051712036,1.326655387878418,1.3317831754684448,1.3373616933822632,1.3433998823165894,1.349907636642456,1.3568960428237915,1.3643769025802612,1.3723628520965576,1.3808679580688477,inf,inf,inf,inf,inf,inf,inf,inf,inf,inf,inf,inf,inf,inf,inf,inf,inf,inf,inf,inf,inf,inf,inf,inf,inf,inf,inf,inf,inf,inf,inf,inf,inf,inf,inf,inf,inf,inf,inf,inf,inf,inf,inf,inf,inf,inf,inf,3.1203646659851074,3.099005937576294,3.0788731575012207,3.0599308013916016,3.042145252227783,3.0254859924316406,3.0099239349365234,2.9954328536987305,2.9819891452789307,2.969569683074951,2.9581549167633057,2.947726249694824,2.9382667541503906,2.9297614097595215,2.922196626663208,2.9155609607696533,2.9098434448242188,2.9050354957580566,2.9392387866973877,inf,inf,inf,6.65394926071167,6.655196666717529,6.658481121063232,6.6638102531433105,6.671189785003662,6.680633068084717,6.6921539306640625,6.705770015716553,inf,inf,inf,inf,inf,inf,inf,inf,inf,inf,inf,10.218055725097656,9.72960376739502,9.659971237182617,9.72732162475586,9.798637390136719,9.874049186706543,9.953701972961426,inf,inf,inf,inf,inf,inf,inf,inf,inf,inf,inf,inf,inf,inf,inf,inf,10.755441665649414,10.553524017333984,10.362161636352539,10.18067455291748,9.940362930297852,9.777937889099121,9.623634338378906,9.476980209350586,9.510223388671875,9.715883255004883,9.933741569519043,10.164775848388672,inf,inf,inf,inf,inf,inf,inf,inf,inf,inf,inf,inf,inf,inf,inf,inf,8.641847610473633,8.589276313781738,8.539937973022461,8.49374771118164,8.450626373291016,4.201895236968994,4.183314800262451,4.166168212890625,4.150426387786865,4.1360626220703125,4.123056411743164,4.111385822296143,4.101032257080078,4.09197998046875,4.084213733673096,4.077723503112793,4.0724968910217285,4.068528175354004,4.06580924987793,inf,inf,inf,inf,inf,inf,inf,inf,inf,inf,inf,inf,inf,inf,inf,inf,inf,inf,inf,inf,inf,inf,inf,inf,inf,inf,inf,inf,inf,inf,inf,inf,inf,inf,inf,inf,3.107949733734131,3.033734083175659,2.963865280151367,2.89801025390625,2.835867404937744,2.7771639823913574,2.721658229827881,2.6691293716430664
1771970268307069221,-3.140000104904175,0.01749303564429283,2.4248361587524414,2.4069910049438477,2.4567012786865234,2.5092926025390625,2.5649867057800293,2.6240313053131104,2.6866986751556396,2.7532958984375,2.824165105819702,2.8996894359588623,2.98030161857605,3.06648850440979,3.1588046550750732,inf,inf,inf,inf,inf,inf,inf,inf,inf,inf,inf,inf,inf,inf,inf,inf,inf,inf,inf,inf,inf,inf,inf,inf,inf,inf,inf,inf,inf,inf,inf,inf,inf,inf,inf,inf,inf,inf,inf,inf,inf,inf,inf,inf,inf,inf,inf,inf,inf,inf,inf,inf,5.135377407073975,4.990307807922363,5.022115230560303,5.064369201660156,5.108917236328125,5.155848026275635,5.20525598526001,5.264059543609619,inf,inf,inf,inf,inf,inf,inf,inf,inf,inf,inf,inf,inf,inf,inf,inf,inf,inf,inf,inf,inf,inf,inf,inf,inf,inf,inf,inf,inf,inf,inf,inf,inf,inf,inf,inf,inf,inf,1.3884718418121338,1.379513144493103,1.3710862398147583,1.3631762266159058,1.355769395828247,1.3488531112670898,1.3424158096313477,1.336446762084961,1.3309358358383179,1.3258743286132812,1.321254014968872,1.317067265510559,1.313307762145996,1.3099690675735474,1.3070465326309204,1.3045350313186646,1.3024312257766724,1.3007313013076782,1.2994331121444702,1.2985345125198364,1.2980339527130127,1.2979307174682617,1.2982248067855835,1.2989165782928467,1.3000072240829468,1.3014981746673584,1.3033918142318726,1.305691123008728,1.3083996772766113,1.3115215301513672,1.3150619268417358,1.319025993347168,1.3234202861785889,1.3282517194747925,1.3335281610488892,1.339258074760437,1.3454509973526,1.3521170616149902,1.3592675924301147,1.3669146299362183,1.375071406364441,1.3837517499923706,inf,inf,inf,inf,inf,inf,inf,inf,inf,inf,inf,inf,inf,inf,inf,inf,inf,inf,inf,inf,inf,inf,inf,inf,inf,inf,inf,inf,inf,inf,inf,inf,inf,inf,inf,inf,inf,inf,inf,inf,inf,inf,inf,inf,inf,inf,inf,3.1130568981170654,3.0921106338500977,3.072377920150757,3.0538241863250732,3.0364162921905518,3.020125150680542,3.00492262840271,2.9907829761505127,2.977682590484619,2.965599775314331,2.954515218734741,2.944410800933838,2.935270071029663,2.92707896232605,2.9198248386383057,2.9134957790374756,2.9080817699432373,2.9035749435424805,3.21283221244812,inf,inf,6.654188632965088,6.654076099395752,6.65600061416626,6.6599650382995605,6.6659746170043945,6.674038887023926,6.684171199798584,6.696385860443115,6.710701942443848,inf,inf,inf,inf,inf,inf,inf,inf,inf,inf,inf,10.050097465515137,9.617097854614258,9.681870460510254,9.750524520874023,9.823186874389648,9.899992942810059,9.981086730957031,inf,inf,inf,inf,inf,inf,inf,inf,inf,inf,inf,inf,inf,inf,inf,10.896535873413086,10.687164306640625,10.488834381103516,10.300826072692871,10.053624153137207,9.885496139526367,9.725825309753418,9.574114799499512,9.429905891418457,9.57721996307373,9.786832809448242,10.008955955505371,inf,inf,inf,inf,inf,inf,inf,inf,inf,inf,inf,inf,inf,inf,inf,inf,inf,8.624062538146973,8.572575569152832,8.524292945861816,8.479131698608398,8.437013626098633,4.195615768432617,4.177515029907227,4.160837650299072,4.145556926727295,4.13164758682251,4.119087219238281,4.107856273651123,4.097937107086182,4.08931303024292,4.081973075866699,4.075903415679932,4.071096420288086,4.067543983459473,4.065239429473877,inf,inf,inf,inf,inf,inf,inf,inf,inf,inf,inf,inf,inf,inf,inf,inf,inf,inf,inf,inf,inf,inf,inf,inf,inf,inf,inf,inf,inf,inf,inf,inf,inf,inf,inf,inf,3.0828707218170166,3.0101375579833984,2.941636323928833,2.8770463466644287,2.816072463989258,2.7584571838378906,2.7039637565612793,2.652376413345337,2.6035022735595703,2.5571653842926025,2.5132055282592773,2.4714739322662354,2.431837797164917
1771970268616363235,-3.140000104904175,0.01749303564429283,2.601196527481079,2.662369728088379,2.727344036102295,2.7964460849761963,2.870042085647583,2.948543071746826,3.0324132442474365,3.1221773624420166,inf,inf,inf,inf,inf,inf,inf,inf,inf,inf,inf,inf,inf,inf,inf,inf,inf,inf,inf,inf,inf,inf,inf,inf,inf,inf,inf,inf,inf,inf,inf,inf,inf,inf,inf,inf,inf,inf,inf,inf,inf,inf,inf,inf,inf,inf,inf,inf,inf,inf,inf,inf,5.2271270751953125,5.017383098602295,5.0094685554504395,5.050765037536621,5.094320297241211,5.140219211578369,5.1885552406311035,5.23942756652832,inf,inf,inf,inf,inf,inf,inf,inf,inf,inf,inf,inf,inf,inf,inf,inf,inf,inf,inf,inf,inf,inf,inf,inf,inf,inf,inf,inf,inf,inf,inf,inf,inf,inf,inf,inf,inf,inf,1.391020655632019,1.3818442821502686,1.3732061386108398,1.365090012550354,1.3574823141098022,1.3503696918487549,1.3437405824661255,1.3375834226608276,1.3318880796432495,1.3266452550888062,1.3218464851379395,1.317483901977539,1.3135507106781006,1.3100405931472778,1.306948184967041,1.304268479347229,1.3019973039627075,1.30013108253479,1.298667073249817,1.2976030111312866,1.2969372272491455,1.2966686487197876,1.2967967987060547,1.2973222732543945,1.2982454299926758,1.2995678186416626,1.3012914657592773,1.3034191131591797,1.3059539794921875,1.3089001178741455,1.3122620582580566,1.3160449266433716,1.320254921913147,1.3248987197875977,1.3299835920333862,1.3355181217193604,1.3415107727050781,1.3479719161987305,1.354912281036377,1.362343430519104,1.370278239250183,1.3787301778793335,inf,inf,inf,inf,inf,inf,inf,inf,inf,inf,inf,inf,inf,inf,inf,inf,inf,inf,inf,inf,inf,inf,inf,inf,inf,inf,inf,inf,inf,inf,inf,inf,inf,inf,inf,inf,inf,inf,inf,inf,inf,inf,inf,inf,inf,inf,inf,3.12028431892395,3.0988283157348633,3.078601360321045,3.0595664978027344,3.0416905879974365,3.0249431133270264,3.009294271469116,2.994718313217163,2.9811909198760986,2.968689203262329,2.957193374633789,2.9466843605041504,2.937145233154297,2.928560733795166,2.9209179878234863,2.9142038822174072,2.9084091186523438,2.9035234451293945,2.899540662765503,3.817349672317505,inf,inf,6.65224027633667,6.653304576873779,6.656406879425049,6.6615519523620605,6.668746471405029,6.678003311157227,6.689334392547607,6.702759265899658,inf,inf,inf,inf,inf,inf,inf,inf,inf,inf,inf,10.266214370727539,9.773215293884277,9.65246868133545,9.71945858001709,9.790403366088867,9.865431785583496,9.944685935974121,inf,inf,inf,inf,inf,inf,inf,inf,inf,inf,inf,inf,inf,inf,inf,inf,10.775372505187988,10.57248592376709,10.380216598510742,10.197879791259766,9.956670761108398,9.793502807617188,9.638497352600098,9.491180419921875,9.489748001098633,9.694305419921875,9.91097640991211,10.140727996826172,inf,inf,inf,inf,inf,inf,inf,inf,inf,inf,inf,inf,inf,inf,inf,inf,8.648155212402344,8.595295906066895,8.54567813873291,8.499215126037598,8.455828666687012,4.205066680908203,4.186357021331787,4.169083118438721,4.1532182693481445,4.138734340667725,4.125609397888184,4.113821506500244,4.103353977203369,4.094188690185547,4.086311340332031,4.079711437225342,4.074376583099365,4.070300102233887,4.067474842071533,inf,inf,inf,inf,inf,inf,inf,inf,7.946218967437744,7.810120105743408,7.680915355682373,7.558191299438477,7.441568851470947,7.330699443817139,7.225263595581055,7.124967098236084,7.041197776794434,7.076059341430664,7.113455772399902,7.153449535369873,7.196110248565674,inf,inf,inf,inf,inf,inf,inf,inf,inf,6.882083892822266,6.853050708770752,6.924890041351318,inf,inf,inf,3.1185038089752197,3.0437939167022705,2.973468780517578,2.9071898460388184,2.844651937484741,2.7855825424194336,2.7297353744506836,2.6768851280212402,2.6268322467803955,2.57939076423645,2.534395217895508,2.4916913509368896,2.4511399269104004,2.412614345550537,2.428652286529541,2.4795355796813965,2.53338885307312,2.5904431343078613
1771970268856729268,-3.140000104904175,0.01749303564429283,2.8858327865600586,2.9647042751312256,3.048966884613037,3.139148235321045,inf,inf,inf,inf,inf,inf,inf,inf,inf,inf,inf,inf,inf,inf,inf,inf,inf,inf,inf,inf,inf,inf,inf,inf,inf,inf,inf,inf,inf,inf,inf,inf,inf,inf,inf,inf,inf,inf,inf,inf,inf,inf,inf,inf,inf,inf,inf,inf,inf,inf,inf,inf,5.20103120803833,5.000757694244385,5.020711421966553,5.062124252319336,5.105801105499268,5.151828765869141,5.200299263000488,5.251312732696533,inf,inf,inf,inf,inf,inf,inf,inf,inf,inf,inf,inf,inf,inf,inf,inf,inf,inf,inf,inf,inf,inf,inf,inf,inf,inf,inf,inf,inf,inf,inf,inf,inf,inf,inf,inf,inf,1.3905333280563354,1.3808642625808716,1.3717453479766846,1.3631606101989746,1.3550946712493896,1.3475335836410522,1.3404643535614014,1.3338748216629028,1.327754020690918,1.3220919370651245,1.3168792724609375,1.3121072053909302,1.3077685832977295,1.3038562536239624,1.3003640174865723,1.2972859144210815,1.2946178913116455,1.2923555374145508,1.2904951572418213,1.2890340089797974,1.2879698276519775,1.287300944328308,1.2870266437530518,1.2871460914611816,1.2876595258712769,1.2885677814483643,1.2898722887039185,1.2915751934051514,1.2936789989471436,1.2961868047714233,1.2991029024124146,1.302431344985962,1.3061776161193848,1.3103479146957397,1.314948320388794,1.3199864625930786,1.3254706859588623,1.3314095735549927,1.3378132581710815,1.3446921110153198,1.3520582914352417,1.3599238395690918,1.3683024644851685,inf,inf,inf,inf,inf,inf,inf,inf,inf,inf,inf,inf,inf,inf,inf,inf,inf,inf,inf,inf,inf,inf,inf,inf,inf,inf,inf,inf,inf,inf,inf,inf,inf,inf,inf,inf,inf,inf,inf,inf,inf,inf,inf,inf,inf,inf,inf,3.1065478324890137,3.085169792175293,3.0650148391723633,3.046048164367676,3.0282351970672607,3.0115461349487305,2.9959514141082764,2.9814250469207764,2.967942476272583,2.955482006072998,2.9440221786499023,2.9335458278656006,2.924034357070923,2.9154744148254395,2.9078519344329834,2.901153802871704,2.8953709602355957,2.890493631362915,2.886514186859131,3.608055353164673,inf,inf,6.638991355895996,6.6400227546691895,6.643087863922119,6.648190498352051,6.655340194702148,6.664545059204102,6.675821781158447,6.689187049865723,6.704662322998047,inf,inf,inf,inf,inf,inf,inf,inf,inf,inf,10.305773735046387,9.810336112976074,9.637134552001953,9.70396614074707,9.774741172790527,9.849595069885254,9.928665161132812,inf,inf,inf,inf,inf,inf,inf,inf,inf,inf,inf,inf,inf,inf,inf,inf,10.793553352355957,10.590182304382324,10.397456169128418,10.214689254760742,9.973052978515625,9.809500694274902,9.654133796691895,9.506474494934082,9.46606159210205,9.669995307922363,9.886000633239746,10.115042686462402,inf,inf,inf,inf,inf,inf,inf,inf,inf,inf,inf,inf,inf,inf,inf,inf,8.659189224243164,8.606203079223633,8.556464195251465,8.509885787963867,8.466387748718262,8.425897598266602,4.196476936340332,4.179134845733643,4.163203716278076,4.148658275604248,4.1354756355285645,4.123634338378906,4.113114833831787,4.103902339935303,4.095981597900391,4.0893402099609375,4.083967208862305,4.0798563957214355,4.076999187469482,4.6895551681518555,inf,inf,inf,inf,inf,inf,inf,inf,inf,inf,inf,inf,inf,inf,inf,inf,inf,inf,inf,inf,inf,inf,inf,inf,inf,inf,inf,inf,inf,inf,inf,inf,inf,inf,inf,3.141850471496582,3.066538095474243,2.995647668838501,2.928837299346924,2.86579966545105,2.8062584400177,2.7499654293060303,2.6966958045959473,2.646244764328003,2.5984277725219727,2.5530753135681152,2.5100338459014893,2.4691619873046875,2.4303324222564697,2.4423141479492188,2.4934468269348145,2.547562837600708,2.6048941612243652,2.6657004356384277,2.7302682399749756,2.798919677734375,2.872014045715332
1771970269028913697,-3.140000104904175,0.01749303564429283,inf,inf,inf,inf,inf,inf,inf,inf,inf,inf,inf,inf,inf,inf,inf,inf,inf,inf,inf,inf,inf,inf,inf,inf,inf,inf,inf,inf,inf,inf,inf,inf,inf,inf,inf,inf,inf,inf,inf,inf,inf,inf,inf,inf,inf,inf,inf,inf,inf,inf,inf,5.208550930023193,5.016977310180664,5.020224094390869,5.06155252456665,5.105141639709473,5.151078224182129,5.1994547843933105,5.250370025634766,inf,inf,inf,inf,inf,inf,inf,inf,inf,inf,inf,inf,inf,inf,inf,inf,inf,inf,inf,inf,inf,inf,inf,inf,inf,inf,inf,inf,inf,inf,inf,inf,inf,inf,inf,inf,inf,1.3902119398117065,1.3805240392684937,1.3713871240615845,1.3627843856811523,1.3547008037567139,1.3471225500106812,1.340036392211914,1.3334301710128784,1.327293038368225,1.3216145038604736,1.3163856267929077,1.3115975856781006,1.3072431087493896,1.3033145666122437,1.2998063564300537,1.2967126369476318,1.294028639793396,1.291750192642212,1.2898738384246826,1.2883963584899902,1.287316083908081,1.286630630493164,1.286339521408081,1.2864421606063843,1.2869384288787842,1.2878295183181763,1.289116382598877,1.2908014059066772,1.2928869724273682,1.2953760623931885,1.2982730865478516,1.3015820980072021,1.30530846118927,1.3094581365585327,1.3140376806259155,1.3190542459487915,1.3245162963867188,1.3304325342178345,1.3368127346038818,1.34366774559021,1.3510085344314575,1.3588483333587646,1.3672006130218506,inf,inf,inf,inf,inf,inf,inf,inf,inf,inf,inf,inf,inf,inf,inf,inf,inf,inf,inf,inf,inf,inf,inf,inf,inf,inf,inf,inf,inf,inf,inf,inf,inf,inf,inf,inf,inf,inf,inf,inf,inf,inf,inf,inf,inf,inf,inf,3.106280565261841,3.0848569869995117,3.0646588802337646,3.045649290084839,3.0277955532073975,3.0110650062561035,2.9954302310943604,2.9808645248413086,2.9673430919647217,2.9548442363739014,2.943347215652466,2.932832717895508,2.9232847690582275,2.9146878719329834,2.9070281982421875,2.9002935886383057,2.8944737911224365,2.8895602226257324,2.885544776916504,3.544386386871338,inf,inf,6.637874126434326,6.638818264007568,6.641796112060547,6.646811008453369,6.653870582580566,6.662987232208252,6.6741743087768555,6.687447547912598,6.7028303146362305,inf,inf,inf,inf,inf,inf,inf,inf,inf,inf,10.330211639404297,9.832449913024902,9.633170127868652,9.699828147888184,9.770424842834473,9.845093727111816,9.923970222473145,inf,inf,inf,inf,inf,inf,inf,inf,inf,inf,inf,inf,inf,inf,inf,inf,10.803504943847656,10.599644660949707,10.40645980834961,10.223264694213867,9.981176376342773,9.817249298095703,9.661527633666992,9.513534545898438,9.455875396728516,9.65927791595459,9.87470817565918,10.103132247924805,inf,inf,inf,inf,inf,inf,inf,inf,inf,inf,inf,inf,inf,inf,inf,inf,8.662257194519043,8.609126091003418,8.559246063232422,8.512530326843262,8.46889877319336,8.428278923034668,4.197959899902344,4.180553436279297,4.164560317993164,4.149954319000244,4.136711597442627,4.124810695648193,4.114234447479248,4.104964733123779,4.096987724304199,4.090290069580078,4.084863185882568,4.080697059631348,4.077786922454834,4.371773719787598,inf,inf,inf,inf,inf,inf,inf,inf,inf,inf,inf,inf,inf,inf,inf,inf,inf,inf,inf,inf,inf,inf,inf,inf,inf,inf,inf,inf,inf,inf,inf,inf,inf,inf,inf,3.147104263305664,3.071549415588379,3.000433921813965,2.9334146976470947,2.870182991027832,2.8104608058929443,2.7539994716644287,2.7005727291107178,2.6499741077423096,2.602018117904663,2.5565366744995117,2.5133721828460693,2.4723851680755615,2.4334473609924316,2.4412553310394287,2.4922878742218018,2.546295404434204,2.6035091876983643,2.6641876697540283,2.728616952896118,2.797116994857788,2.8700456619262695,2.9478044509887695,3.030848503112793,3.1196885108947754,3.2149081230163574,inf
1771970269209820822,-3.140000104904175,0.01749303564429283,inf,inf,inf,inf,inf,inf,inf,inf,inf,inf,inf,inf,inf,inf,inf,inf,inf,inf,inf,inf,inf,inf,inf,inf,inf,inf,inf,inf,inf,inf,inf,inf,inf,inf,inf,inf,inf,inf,inf,inf,inf,inf,inf,inf,inf,inf,5.178033351898193,4.994434356689453,5.025991439819336,5.067629814147949,5.111541271209717,5.157812118530273,5.206536293029785,5.257813930511475,inf,inf,inf,inf,inf,inf,inf,inf,inf,inf,inf,inf,inf,inf,inf,inf,inf,inf,inf,inf,inf,inf,inf,inf,inf,inf,inf,inf,inf,inf,inf,inf,inf,inf,inf,inf,inf,1.3887265920639038,1.3791168928146362,1.3700554370880127,1.3615264892578125,1.3535141944885254,1.3460053205490112,1.338986873626709,1.332446813583374,1.3263742923736572,1.3207589387893677,1.3155919313430786,1.3108649253845215,1.3065699338912964,1.3027005195617676,1.2992501258850098,1.2962136268615723,1.2935863733291626,1.2913638353347778,1.2895429134368896,1.2881207466125488,1.2870951890945435,1.2864646911621094,1.2862281799316406,1.2863850593566895,1.2869360446929932,1.2878817319869995,1.289223551750183,1.2909636497497559,1.2931045293807983,1.2956498861312866,1.2986032962799072,1.3019696474075317,1.3057537078857422,1.3099621534347534,1.3146015405654907,1.3196789026260376,1.3252028226852417,1.3311822414398193,1.3376268148422241,1.3445478677749634,1.3519566059112549,1.3598657846450806,1.3682893514633179,inf,inf,inf,inf,inf,inf,inf,inf,inf,inf,inf,inf,inf,inf,inf,inf,inf,inf,inf,inf,inf,inf,inf,inf,inf,inf,inf,inf,inf,inf,inf,inf,inf,inf,inf,inf,inf,inf,inf,inf,inf,inf,inf,inf,inf,inf,inf,3.1030094623565674,3.0817601680755615,3.061730146408081,3.04288387298584,3.025188446044922,3.008612871170044,2.993128776550293,2.9787099361419678,2.965332508087158,2.952974319458008,2.9416146278381348,2.9312362670898438,2.9218215942382812,2.913355588912964,2.905825138092041,2.899218797683716,2.8935253620147705,2.8887364864349365,2.884845018386841,3.7116317749023438,inf,inf,6.637670040130615,6.6388959884643555,6.642155170440674,6.6474528312683105,6.654796123504639,6.664198398590088,6.6756720542907715,6.689235687255859,inf,inf,inf,inf,inf,inf,inf,inf,inf,inf,inf,10.258431434631348,9.767815589904785,9.641940116882324,9.709135055541992,9.780285835266113,9.8555269241333,9.934996604919434,inf,inf,inf,inf,inf,inf,inf,inf,inf,inf,inf,inf,inf,inf,inf,inf,10.774767875671387,10.572425842285156,10.380663871765137,10.198796272277832,9.958113670349121,9.795350074768066,9.640724182128906,9.49376392364502,9.48301887512207,9.68802547454834,9.90518856048584,10.135485649108887,inf,inf,inf,inf,inf,inf,inf,inf,inf,inf,inf,inf,inf,inf,inf,inf,8.654812812805176,8.602136611938477,8.552698135375977,8.506414413452148,8.463203430175781,8.422994613647461,4.19556999206543,4.178360939025879,4.16256046295166,4.148143768310547,4.135087966918945,4.123371601104736,4.112977027893066,4.103886127471924,4.0960869789123535,4.089565753936768,4.084313869476318,4.080322265625,4.077584743499756,inf,inf,inf,inf,inf,inf,inf,inf,inf,inf,inf,inf,inf,inf,inf,inf,inf,inf,inf,inf,inf,inf,inf,inf,inf,inf,inf,inf,inf,inf,inf,inf,inf,inf,inf,inf,3.1367337703704834,3.0618069171905518,2.991269826889038,2.9247844219207764,2.8620474338531494,2.802783966064453,2.746748685836792,2.6937196254730225,2.643491506576538,2.5958821773529053,2.550724744796753,2.5078654289245605,2.467165231704712,2.4284961223602295,2.4483087062835693,2.499743700027466,2.5541839599609375,2.611865520477295,2.6730494499206543,2.7380263805389404,2.807121753692627,2.8806989192962646,2.9591665267944336,3.0429859161376953,3.132678747177124,3.228837728500366,inf,inf,inf,inf,inf,inf
1771970269389916458,-3.140000104904175,0.01749303564429283,inf,inf,inf,inf,inf,inf,inf,inf,inf,inf,inf,inf,inf,inf,inf,inf,inf,inf,inf,inf,inf,inf,inf,inf,inf,inf,inf,inf,inf,inf,inf,inf,inf,inf,inf,inf,inf,inf,inf,inf,inf,5.149502754211426,4.999207973480225,5.031551361083984,5.073488235473633,5.117709159851074,5.164301872253418,5.213360786437988,5.272139549255371,inf,inf,inf,inf,inf,inf,inf,inf,inf,inf,inf,inf,inf,inf,inf,inf,inf,inf,inf,inf,inf,inf,inf,inf,inf,inf,inf,inf,inf,inf,inf,inf,inf,inf,inf,inf,inf,1.3873854875564575,1.3778499364852905,1.3688604831695557,1.3604012727737427,1.352457046508789,1.3450144529342651,1.3380604982376099,1.3315832614898682,1.3255723714828491,1.3200174570083618,1.31490957736969,1.3102405071258545,1.3060028553009033,1.3021894693374634,1.2987946271896362,1.2958128452301025,1.293239712715149,1.2910710573196411,1.2893034219741821,1.2879343032836914,1.286961317062378,1.2863831520080566,1.2861989736557007,1.2864084243774414,1.2870118618011475,1.2880102396011353,1.2894048690795898,1.2911982536315918,1.2933928966522217,1.295992136001587,1.2990001440048218,1.3024215698242188,1.3062620162963867,1.3105273246765137,1.315224289894104,1.3203606605529785,1.3259446620941162,1.3319851160049438,1.3384923934936523,1.3454774618148804,1.3529518842697144,1.3609287738800049,inf,inf,inf,inf,inf,inf,inf,inf,inf,inf,inf,inf,inf,inf,inf,inf,inf,inf,inf,inf,inf,inf,inf,inf,inf,inf,inf,inf,inf,inf,inf,inf,inf,inf,inf,inf,inf,inf,inf,inf,inf,inf,inf,inf,inf,inf,inf,inf,3.1000211238861084,3.0789363384246826,3.0590662956237793,3.0403757095336914,3.022831678390503,3.0064034461975098,2.991063117980957,2.9767849445343018,2.9635448455810547,2.9513208866119385,2.940093755722046,2.9298441410064697,2.9205572605133057,2.912216901779175,2.9048104286193848,2.8983261585235596,2.8927536010742188,2.88808536529541,2.884312391281128,inf,inf,inf,6.637634754180908,6.63913106918335,6.642661094665527,6.64823055267334,6.655847549438477,6.665524005889893,6.67727518081665,6.6911187171936035,inf,inf,inf,inf,inf,inf,inf,inf,inf,inf,inf,10.190178871154785,9.706304550170898,9.650575637817383,9.718289375305176,9.7899751663208,9.865769386291504,9.945815086364746,inf,inf,inf,inf,inf,inf,inf,inf,inf,inf,inf,inf,inf,inf,inf,inf,10.74722957611084,10.546337127685547,10.355928421020508,10.175966262817383,9.935991287231445,9.77433967590332,9.620759010314941,9.474785804748535,9.509519577026367,9.716090202331543,9.93493938446045,10.167060852050781,inf,inf,inf,inf,inf,inf,inf,inf,inf,inf,inf,inf,inf,inf,inf,inf,8.647637367248535,8.595396995544434,8.54638385772705,8.500513076782227,8.457706451416016,4.211677074432373,4.1932244300842285,4.176203727722168,4.160589218139648,4.146355152130127,4.133479118347168,4.121938705444336,4.111718654632568,4.102801322937012,4.09517240524292,4.088820934295654,4.083736896514893,4.079912185668945,4.077341079711914,inf,inf,inf,inf,inf,inf,inf,inf,inf,inf,inf,inf,inf,inf,inf,inf,inf,inf,inf,inf,inf,inf,inf,inf,inf,inf,inf,inf,inf,inf,inf,inf,inf,inf,inf,inf,3.1266298294067383,3.052304744720459,2.982322931289673,2.916350841522217,2.8540890216827393,2.7952659130096436,2.7396416664123535,2.6869935989379883,2.637122631072998,2.5898473262786865,2.5450022220611572,2.5024361610412598,2.4620115756988525,2.423602342605591,2.455033540725708,2.506856918334961,2.5617153644561768,2.6198489665985107,2.6815216541290283,2.747028350830078,2.816699504852295,2.890904664993286,2.9700582027435303,3.0546298027038574,3.1451492309570312,inf,inf,inf,inf,inf,inf,inf,inf,inf,inf,inf,inf
1771970269559768341,-3.140000104904175,0.01749303564429283,inf,inf,inf,inf,inf,inf,inf,inf,inf,inf,inf,inf,inf,inf,inf,inf,inf,inf,inf,inf,inf,inf,inf,inf,inf,inf,inf,inf,inf,inf,inf,inf,inf,inf,inf,5.2950849533081055,5.078341484069824,5.005122661590576,5.045593738555908,5.08829402923584,5.133307933807373,5.180724143981934,5.230640411376953,inf,inf,inf,inf,inf,inf,inf,inf,inf,inf,inf,inf,inf,inf,inf,inf,inf,inf,inf,inf,inf,inf,inf,inf,inf,inf,inf,inf,inf,inf,inf,inf,inf,inf,inf,inf,inf,inf,1.3840709924697876,1.3747221231460571,1.36591374874115,1.3576304912567139,1.3498575687408447,1.3425816297531128,1.3357902765274048,1.3294720649719238,1.3236165046691895,1.3182138204574585,1.3132551908493042,1.3087329864501953,1.304639458656311,1.3009684085845947,1.2977137565612793,1.2948708534240723,1.2924349308013916,1.2904021739959717,1.2887693643569946,1.287534475326538,1.2866952419281006,1.286250352859497,1.2861994504928589,1.2865418195724487,1.2872785329818726,1.2884107828140259,1.2899398803710938,1.2918684482574463,1.2941994667053223,1.2969363927841187,1.3000836372375488,1.3036459684371948,1.3076292276382446,1.3120394945144653,1.316884160041809,1.322170615196228,1.3279078006744385,1.3341050148010254,1.340772271156311,1.347921371459961,1.3555638790130615,1.3637133836746216,inf,inf,inf,inf,inf,inf,inf,inf,inf,inf,inf,inf,inf,inf,inf,inf,inf,inf,inf,inf,inf,inf,inf,inf,inf,inf,inf,inf,inf,inf,inf,inf,inf,inf,inf,inf,inf,inf,inf,inf,inf,inf,inf,inf,inf,inf,inf,inf,3.092641592025757,3.0719728469848633,3.0525059700012207,3.034207344055176,3.0170443058013916,3.0009875297546387,2.986009359359741,2.9720849990844727,2.9591917991638184,2.9473073482513428,2.936413288116455,2.9264910221099854,2.9175257682800293,2.9095029830932617,2.902409791946411,2.8962349891662598,2.8909695148468018,2.8866045475006104,3.1383132934570312,inf,inf,6.637657165527344,6.637808799743652,6.6399922370910645,6.644211292266846,6.6504716873168945,6.658782958984375,6.669158458709717,6.681614875793457,6.696170330047607,inf,inf,inf,inf,inf,inf,inf,inf,inf,inf,10.53983211517334,10.021014213562012,9.607769012451172,9.672919273376465,9.741961479187012,9.815020561218262,9.892233848571777,9.973747253417969,inf,inf,inf,inf,inf,inf,inf,inf,inf,inf,inf,inf,inf,inf,inf,10.88636589050293,10.678133010864258,10.480862617492676,10.293842315673828,10.047715187072754,9.880441665649414,9.721571922302246,9.570613861083984,9.427112579345703,9.577875137329102,9.78848934173584,10.011707305908203,inf,inf,inf,inf,inf,inf,inf,inf,inf,inf,inf,inf,inf,inf,inf,inf,inf,8.629636764526367,8.578497886657715,8.530555725097656,8.485729217529297,8.443941116333008,4.20530366897583,4.187338352203369,4.170795917510986,4.155650615692139,4.1418776512146,4.12945556640625,4.118363857269287,4.108585834503174,4.100105285644531,4.09290885925293,4.086987018585205,4.082329750061035,4.078929901123047,4.076781272888184,inf,inf,inf,inf,inf,inf,inf,inf,inf,inf,inf,inf,inf,inf,inf,inf,inf,inf,inf,inf,inf,inf,inf,inf,inf,inf,inf,inf,inf,inf,inf,inf,inf,inf,inf,inf,3.101172924041748,3.0283515453338623,2.9597558975219727,2.8950672149658203,2.8339931964874268,2.7762746810913086,2.7216765880584717,2.6699860095977783,2.6210086345672607,2.5745699405670166,2.5305094718933105,2.488679885864258,2.4489476680755615,2.422335147857666,2.4722695350646973,2.525094747543335,2.581033706665039,2.6403331756591797,2.703268527984619,2.7701456546783447,2.8413076400756836,2.917137861251831,2.9980695247650146,3.084590435028076,3.1772544384002686,inf,inf,inf,inf,inf,inf,inf,inf,inf,inf,inf,inf,inf,inf,inf,inf,inf
1771970269697380682,-3.140000104904175,0.01749303564429283,inf,inf,inf,inf,inf,inf,inf,inf,inf,inf,inf,inf,inf,inf,inf,inf,inf,inf,inf,inf,inf,inf,inf,inf,inf,inf,inf,inf,inf,inf,5.26490592956543,5.050776481628418,5.010440349578857,5.051203727722168,5.094207286834717,5.139535903930664,5.187279224395752,5.237536430358887,inf,inf,inf,inf,inf,inf,inf,inf,inf,inf,inf,inf,inf,inf,inf,inf,inf,inf,inf,inf,inf,inf,inf,inf,inf,inf,inf,inf,inf,inf,inf,inf,inf,inf,inf,inf,inf,inf,1.3827764987945557,1.3735005855560303,1.3647629022598267,1.3565484285354614,1.3488423824310303,1.341631531715393,1.3349039554595947,1.3286477327346802,1.3228529691696167,1.3175097703933716,1.3126097917556763,1.3081448078155518,1.3041077852249146,1.3004924058914185,1.297292947769165,1.294504165649414,1.2921220064163208,1.29014253616333,1.2885630130767822,1.2873806953430176,1.2865939140319824,1.2862014770507812,1.2862026691436768,1.2865976095199585,1.2873866558074951,1.2885714769363403,1.2901533842086792,1.2921351194381714,1.2945197820663452,1.2973108291625977,1.3005129098892212,1.3041307926177979,1.3081704378128052,1.3126378059387207,1.3175406455993652,1.3228864669799805,1.3286840915679932,1.3349428176879883,1.341673493385315,1.3488870859146118,1.3565962314605713,1.364814043045044,inf,inf,inf,inf,inf,inf,inf,inf,inf,inf,inf,inf,inf,inf,inf,inf,inf,inf,inf,inf,inf,inf,inf,inf,inf,inf,inf,inf,inf,inf,inf,inf,inf,inf,inf,inf,inf,inf,inf,inf,inf,inf,inf,inf,inf,inf,inf,3.11142897605896,3.089688539505005,3.0691821575164795,3.0498735904693604,3.0317282676696777,3.0147147178649902,2.99880313873291,2.9839673042297363,2.970181703567505,2.9574239253997803,2.9456729888916016,2.9349093437194824,2.9251155853271484,2.9162769317626953,2.9083783626556396,2.9014079570770264,2.895354986190796,2.890209674835205,2.8859639167785645,3.2644262313842773,inf,inf,6.637432098388672,6.637854099273682,6.640307426452637,6.644796371459961,6.6513285636901855,6.659914493560791,6.670564651489258,6.683298587799072,6.698133945465088,inf,inf,inf,inf,inf,inf,inf,inf,inf,inf,10.467723846435547,9.95620346069336,9.61606502532959,9.68172550201416,9.751293182373047,9.824893951416016,9.902668952941895,9.984764099121094,inf,inf,inf,inf,inf,inf,inf,inf,inf,inf,inf,inf,inf,inf,inf,10.858078956604004,10.651344299316406,10.455474853515625,10.269765853881836,10.02502155303955,9.858894348144531,9.701102256774902,9.551159858703613,9.40861701965332,9.604954719543457,9.817183494567871,10.042144775390625,inf,inf,inf,inf,inf,inf,inf,inf,inf,inf,inf,inf,inf,inf,inf,inf,8.67666244506836,8.62267780303955,8.571968078613281,8.524444580078125,8.480025291442871,8.43863582611084,4.202854633331299,4.185079574584961,4.168724060058594,4.153763294219971,4.140170574188232,4.127925872802734,4.11700963973999,4.1074042320251465,4.099094867706299,4.092069149017334,4.086315155029297,4.081825256347656,4.078591823577881,4.076610088348389,inf,inf,inf,inf,inf,inf,inf,inf,inf,inf,inf,inf,inf,inf,inf,inf,inf,inf,inf,inf,inf,inf,inf,inf,inf,inf,inf,inf,inf,inf,inf,inf,inf,inf,inf,inf,3.0914623737335205,3.0192174911499023,2.9511539936065674,2.886955976486206,2.8263378143310547,2.769043207168579,2.7148399353027344,2.663516044616699,2.614882469177246,2.568765878677368,2.5250062942504883,2.48345947265625,2.4439945220947266,2.4288382530212402,2.479145050048828,2.5323712825775146,2.5887420177459717,2.6485090255737305,2.7119505405426025,2.779376983642578,2.8511366844177246,2.927619457244873,3.0092647075653076,3.096569538116455,3.190096616744995,inf,inf,inf,inf,inf,inf,inf,inf,inf,inf,inf,inf,inf,inf,inf,inf,inf,inf,inf,inf,inf,inf
1771970269873787371,-3.140000104904175,0.01749303564429283,inf,inf,inf,inf,inf,inf,inf,inf,inf,inf,inf,inf,inf,inf,inf,inf,inf,inf,inf,inf,inf,inf,inf,inf,5.33164119720459,5.102723121643066,5.000666618347168,5.0408806800842285,5.083314895629883,5.1280517578125,5.175180912017822,5.224798202514648,inf,inf,inf,inf,inf,inf,inf,inf,inf,inf,inf,inf,inf,inf,inf,inf,inf,inf,inf,inf,inf,inf,inf,inf,inf,inf,inf,inf,inf,inf,inf,inf,inf,inf,inf,inf,inf,inf,1.3851878643035889,1.3757740259170532,1.3669028282165527,1.3585584163665771,1.3507258892059326,1.3433918952941895,1.336544156074524,1.3301706314086914,1.324260950088501,1.3188050985336304,1.3137948513031006,1.3092212677001953,1.3050774335861206,1.3013567924499512,1.29805326461792,1.2951619625091553,1.2926781177520752,1.290597677230835,1.2889180183410645,1.287636160850525,1.2867501974105835,1.2862588167190552,1.2861610651016235,1.2864570617675781,1.2871472835540771,1.288232445716858,1.2897144556045532,1.291595458984375,1.2938786745071411,1.296567440032959,1.2996656894683838,1.3031786680221558,1.3071116209030151,1.3114712238311768,1.3162639141082764,1.3214974403381348,1.3271807432174683,1.3333230018615723,1.3399338722229004,1.3470253944396973,1.3546086549758911,1.3626973628997803,inf,inf,inf,inf,inf,inf,inf,inf,inf,inf,inf,inf,inf,inf,inf,inf,inf,inf,inf,inf,inf,inf,inf,inf,inf,inf,inf,inf,inf,inf,inf,inf,inf,inf,inf,inf,inf,inf,inf,inf,inf,inf,inf,inf,inf,inf,inf,inf,3.094907283782959,3.0740957260131836,3.054490327835083,3.0360565185546875,3.0187621116638184,3.002577304840088,2.987474203109741,2.9734280109405518,2.9604146480560303,2.948413133621216,2.937403440475464,2.9273681640625,2.9182910919189453,2.910158634185791,2.902956247329712,2.896674394607544,2.8913021087646484,2.886831283569336,3.0332956314086914,inf,inf,inf,6.6374430656433105,6.639385223388672,6.6433634757995605,6.649381160736084,6.657449245452881,6.667580604553223,6.679788589477539,6.694094181060791,inf,inf,inf,inf,inf,inf,inf,inf,inf,inf,inf,10.079617500305176,9.606576919555664,9.664752006530762,9.733325004577637,9.805899620056152,9.882613182067871,9.963606834411621,inf,inf,inf,inf,inf,inf,inf,inf,inf,inf,inf,inf,inf,inf,inf,inf,10.702214241027832,10.503684997558594,10.315486907958984,10.068116188049316,9.899813652038574,9.739974975585938,9.588106155395508,9.443744659423828,9.553369522094727,9.762548446655273,9.984213829040527,inf,inf,inf,inf,inf,inf,inf,inf,inf,inf,inf,inf,inf,inf,inf,inf,inf,8.635927200317383,8.584403991699219,8.536087989807129,8.490896224975586,8.448753356933594,4.207549095153809,4.189412593841553,4.172703742980957,4.1573944091796875,4.143460273742676,4.130878925323486,4.119630813598633,4.1096978187561035,4.101064682006836,4.093717575073242,4.087645530700684,4.082839012145996,4.079289436340332,4.076993942260742,inf,inf,inf,inf,inf,inf,inf,inf,inf,inf,inf,inf,inf,inf,inf,inf,inf,inf,inf,inf,inf,inf,inf,inf,inf,inf,inf,inf,inf,inf,inf,inf,inf,inf,inf,inf,3.1104977130889893,3.0371434688568115,2.9680566787719727,2.9029128551483154,2.841416597366333,2.783306121826172,2.728343963623047,2.6763124465942383,2.6270172595977783,2.5802805423736572,2.535940647125244,2.4938488006591797,2.453869342803955,2.4166460037231445,2.466252565383911,2.518725633621216,2.574284553527832,2.633173942565918,2.695664882659912,2.7620596885681152,2.832695960998535,2.907953977584839,2.9882588386535645,3.0740928649902344,3.1660001277923584,inf,inf,inf,inf,inf,inf,inf,inf,inf,inf,inf,inf,inf,inf,inf,inf,inf,inf,inf,inf,inf,inf,inf,inf,inf,inf,inf,inf
1771970270055246891,-3.140000104904175,0.01749303564429283,inf,inf,inf,inf,inf,inf,inf,inf,inf,inf,inf,inf,inf,inf,inf,inf,inf,inf,inf,inf,inf,inf,inf,5.331864356994629,5.102676868438721,5.001314640045166,5.041533946990967,5.083974361419678,5.128717422485352,5.175853252410889,5.22547721862793,inf,inf,inf,inf,inf,inf,inf,inf,inf,inf,inf,inf,inf,inf,inf,inf,inf,inf,inf,inf,inf,inf,inf,inf,inf,inf,inf,inf,inf,inf,inf,inf,inf,inf,inf,inf,inf,inf,1.385184407234192,1.375770926475525,1.366899847984314,1.3585554361343384,1.350723147392273,1.3433892726898193,1.3365415334701538,1.3301680088043213,1.32425856590271,1.3188029527664185,1.3137927055358887,1.309219241142273,1.3050755262374878,1.301355004310608,1.2980514764785767,1.2951602935791016,1.292676568031311,1.29059636592865,1.2889167070388794,1.2876348495483398,1.2867488861083984,1.2862576246261597,1.2861602306365967,1.2864561080932617,1.2871463298797607,1.2882317304611206,1.2897138595581055,1.2915949821472168,1.293878197669983,1.2965669631958008,1.2996655702590942,1.3031786680221558,1.3071116209030151,1.3114711046218872,1.316264033317566,1.3214977979660034,1.327181100845337,1.333323359489441,1.3399347066879272,1.3470258712768555,1.354609489440918,1.3626981973648071,inf,inf,inf,inf,inf,inf,inf,inf,inf,inf,inf,inf,inf,inf,inf,inf,inf,inf,inf,inf,inf,inf,inf,inf,inf,inf,inf,inf,inf,inf,inf,inf,inf,inf,inf,inf,inf,inf,inf,inf,inf,inf,inf,inf,inf,inf,inf,inf,3.0942771434783936,3.073469877243042,3.0538690090179443,3.0354392528533936,3.018148183822632,3.001967430114746,2.9868674278259277,2.9728245735168457,2.9598138332366943,2.94781494140625,2.936807632446289,2.926774740219116,2.9176998138427734,2.909569025039673,2.9023683071136475,2.896087646484375,2.890716791152954,2.886247158050537,3.033478021621704,inf,inf,inf,6.636861324310303,6.6388044357299805,6.642782688140869,6.648800373077393,6.656868934631348,6.666998386383057,6.6792073249816895,6.693511486053467,inf,inf,inf,inf,inf,inf,inf,inf,inf,inf,inf,10.079505920410156,9.606475830078125,9.664143562316895,9.73271369934082,9.80528450012207,9.881993293762207,9.962984085083008,inf,inf,inf,inf,inf,inf,inf,inf,inf,inf,inf,inf,inf,inf,inf,inf,10.702167510986328,10.503640174865723,10.315445899963379,10.068077087402344,9.899776458740234,9.739940643310547,9.588072776794434,9.443713188171387,9.552501678466797,9.761662483215332,9.98331069946289,inf,inf,inf,inf,inf,inf,inf,inf,inf,inf,inf,inf,inf,inf,inf,inf,inf,8.635915756225586,8.584393501281738,8.536078453063965,8.490887641906738,8.448744773864746,4.207545757293701,4.1894097328186035,4.172701358795166,4.1573920249938965,4.143458843231201,4.130877494812012,4.119629383087158,4.109696865081787,4.1010637283325195,4.093717098236084,4.087645053863525,4.082839012145996,4.079290390014648,4.076995372772217,inf,inf,inf,inf,inf,inf,inf,inf,inf,inf,inf,inf,inf,inf,inf,inf,inf,inf,inf,inf,inf,inf,inf,inf,inf,inf,inf,inf,inf,inf,inf,inf,inf,inf,inf,inf,3.1114754676818848,3.0380985736846924,2.9689905643463135,2.903826951980591,2.8423118591308594,2.7841835021972656,2.7292041778564453,2.677156686782837,2.6278464794158936,2.5810954570770264,2.5367422103881836,2.4946370124816895,2.4546456336975098,2.416658878326416,2.46626615524292,2.518739938735962,2.5742993354797363,2.6331896781921387,2.695681571960449,2.7620773315429688,2.8327150344848633,2.9079740047454834,2.9882800579071045,3.074115037918091,3.1660244464874268,inf,inf,inf,inf,inf,inf,inf,inf,inf,inf,inf,inf,inf,inf,inf,inf,inf,inf,inf,inf,inf,inf,inf,inf,inf,inf,inf,inf,inf
1771970270198162630,-3.140000104904175,0.01749303564429283,inf,inf,inf,inf,inf,inf,inf,inf,inf,inf,inf,inf,inf,inf,inf,inf,inf,inf,inf,inf,inf,inf,inf,5.31949520111084,5.100622653961182,5.001770973205566,5.042012691497803,5.084475517272949,5.129242420196533,5.176402568817139,5.226052284240723,inf,inf,inf,inf,inf,inf,inf,inf,inf,inf,inf,inf,inf,inf,inf,inf,inf,inf,inf,inf,inf,inf,inf,inf,inf,inf,inf,inf,inf,inf,inf,inf,inf,inf,inf,inf,inf,inf,1.3850876092910767,1.3756791353225708,1.3668133020401,1.3584741353988647,1.3506468534469604,1.3433178663253784,1.3364746570587158,1.3301057815551758,1.3242008686065674,1.3187497854232788,1.3137435913085938,1.3091745376586914,1.3050349950790405,1.3013185262680054,1.2980191707611084,1.2951319217681885,1.2926521301269531,1.2905759811401367,1.2889002561569214,1.287622332572937,1.2867403030395508,1.2862528562545776,1.2861591577529907,1.2864588499069214,1.2871530055999756,1.288242220878601,1.2897282838821411,1.2916134595870972,1.293900489807129,1.2965933084487915,1.2996958494186401,1.3032128810882568,1.3071502447128296,1.311513900756836,1.3163111209869385,1.3215492963790894,1.3272368907928467,1.3333836793899536,1.3399996757507324,1.3470956087112427,1.3546841144561768,1.3627777099609375,inf,inf,inf,inf,inf,inf,inf,inf,inf,inf,inf,inf,inf,inf,inf,inf,inf,inf,inf,inf,inf,inf,inf,inf,inf,inf,inf,inf,inf,inf,inf,inf,inf,inf,inf,inf,inf,inf,inf,inf,inf,inf,inf,inf,inf,inf,inf,inf,3.0939953327178955,3.0732007026672363,3.0536117553710938,3.035193681716919,3.017914295196533,3.001744508743286,2.9866557121276855,2.972622871398926,2.959622621536255,2.947633743286133,2.936636447906494,2.9266130924224854,2.9175477027893066,2.909426212310791,2.9022347927093506,2.895963191986084,2.890601396560669,2.886140823364258,3.041841745376587,inf,inf,inf,6.636804103851318,6.638767242431641,6.642764568328857,6.648802280426025,6.656890392303467,6.6670403480529785,6.679269790649414,6.693594455718994,inf,inf,inf,inf,inf,inf,inf,inf,inf,inf,inf,10.074638366699219,9.602082252502441,9.66472339630127,9.733330726623535,9.805941581726074,9.882691383361816,9.963724136352539,inf,inf,inf,inf,inf,inf,inf,inf,inf,inf,inf,inf,inf,inf,inf,inf,10.700173377990723,10.501751899719238,10.313654899597168,10.066389083862305,9.898174285888672,9.738418579101562,9.586626052856445,9.442337036132812,9.554387092590332,9.763663291931152,9.985434532165527,inf,inf,inf,inf,inf,inf,inf,inf,inf,inf,inf,inf,inf,inf,inf,inf,inf,8.635397911071777,8.583907127380371,8.535622596740723,8.490462303161621,8.448348999023438,4.207363605499268,4.189241886138916,4.17254638671875,4.157251358032227,4.1433305740356445,4.130762577056885,4.119527816772461,4.109608173370361,4.100987434387207,4.093653678894043,4.087594032287598,4.082799911499023,4.079263687133789,4.0769805908203125,inf,inf,inf,inf,inf,inf,inf,inf,inf,inf,inf,inf,inf,inf,inf,inf,inf,inf,inf,inf,inf,inf,inf,inf,inf,inf,inf,inf,inf,inf,inf,inf,inf,inf,inf,inf,3.110848903656006,3.037513256072998,2.9684431552886963,2.9033138751983643,2.8418307304382324,2.7837328910827637,2.728781223297119,2.6767592430114746,2.6274728775024414,2.580744743347168,2.536412477493286,2.494326591491699,2.4543540477752686,2.4171345233917236,2.466768980026245,2.5192716121673584,2.5748627185821533,2.633786916732788,2.6963160037994385,2.762751579284668,2.83343243598938,2.908738613128662,2.9890964031219482,3.074988603591919,3.1669604778289795,inf,inf,inf,inf,inf,inf,inf,inf,inf,inf,inf,inf,inf,inf,inf,inf,inf,inf,inf,inf,inf,inf,inf,inf,inf,inf,inf,inf,inf
1771970270339805606,-3.140000104904175,0.01749303564429283,inf,inf,inf,inf,inf,inf,inf,inf,inf,inf,inf,inf,inf,inf,inf,inf,inf,inf,inf,inf,inf,inf,inf,5.319296836853027,5.1004414558410645,5.0018839836120605,5.042129993438721,5.084597110748291,5.129368305206299,5.1765336990356445,5.226187705993652,inf,inf,inf,inf,inf,inf,inf,inf,inf,inf,inf,inf,inf,inf,inf,inf,inf,inf,inf,inf,inf,inf,inf,inf,inf,inf,inf,inf,inf,inf,inf,inf,inf,inf,inf,inf,inf,inf,1.385071039199829,1.3756637573242188,1.366798996925354,1.358460545539856,1.350634217262268,1.3433058261871338,1.3364636898040771,1.3300957679748535,1.3241914510726929,1.3187410831451416,1.313735842704773,1.3091673851013184,1.3050286769866943,1.3013129234313965,1.2980144023895264,1.2951278686523438,1.2926486730575562,1.2905733585357666,1.288898229598999,1.2876209020614624,1.286739706993103,1.2862529754638672,1.286159873008728,1.2864603996276855,1.287155270576477,1.2882450819015503,1.2897319793701172,1.291617751121521,1.2939053773880005,1.2965991497039795,1.2997022867202759,1.3032201528549194,1.30715811252594,1.3115226030349731,1.3163204193115234,1.3215594291687012,1.327247977256775,1.3333956003189087,1.3400123119354248,1.347109317779541,1.3546985387802124,1.3627930879592896,inf,inf,inf,inf,inf,inf,inf,inf,inf,inf,inf,inf,inf,inf,inf,inf,inf,inf,inf,inf,inf,inf,inf,inf,inf,inf,inf,inf,inf,inf,inf,inf,inf,inf,inf,inf,inf,inf,inf,inf,inf,inf,inf,inf,inf,inf,inf,inf,3.0939903259277344,3.073197841644287,3.053610324859619,3.0351946353912354,3.0179169178009033,3.0017483234405518,2.986661195755005,2.972630500793457,2.9596314430236816,2.9476444721221924,2.9366486072540283,2.9266271591186523,2.9175634384155273,2.9094431400299072,2.9022536277770996,2.8959834575653076,2.890623092651367,2.8861641883850098,3.043367862701416,inf,inf,inf,6.636836051940918,6.6388020515441895,6.64280366897583,6.648845195770264,6.6569366455078125,6.667090892791748,6.679323196411133,6.693652153015137,inf,inf,inf,inf,inf,inf,inf,inf,inf,inf,inf,10.073760032653809,9.601288795471191,9.664874076843262,9.733488082885742,9.806106567382812,9.88286304473877,9.96390438079834,inf,inf,inf,inf,inf,inf,inf,inf,inf,inf,inf,inf,inf,inf,inf,inf,10.699813842773438,10.501410484313965,10.313331604003906,10.066082954406738,9.897883415222168,9.738142967224121,9.58636474609375,9.442089080810547,9.554792404174805,9.764092445373535,9.98588752746582,inf,inf,inf,inf,inf,inf,inf,inf,inf,inf,inf,inf,inf,inf,inf,inf,inf,8.635303497314453,8.583818435668945,8.535539627075195,8.490385055541992,8.44827651977539,4.207329273223877,4.189209938049316,4.172517776489258,4.157225131988525,4.143306732177734,4.130741596221924,4.119508743286133,4.109591484069824,4.100973606109619,4.09364128112793,4.087584018707275,4.082791805267334,4.079257965087891,4.076977252960205,inf,inf,inf,inf,inf,inf,inf,inf,inf,inf,inf,inf,inf,inf,inf,inf,inf,inf,inf,inf,inf,inf,inf,inf,inf,inf,inf,inf,inf,inf,inf,inf,inf,inf,inf,inf,3.110663652420044,3.037337303161621,2.968275308609009,2.903153657913208,2.8416783809661865,2.783586025238037,2.7286412715911865,2.6766252517700195,2.627344846725464,2.5806210041046143,2.5362935066223145,2.4942126274108887,2.454244613647461,2.4172184467315674,2.466858148574829,2.5193660259246826,2.574962615966797,2.6338930130004883,2.6964285373687744,2.762871026992798,2.833559989929199,2.908874750137329,2.9892423152923584,3.0751442909240723,3.1671271324157715,inf,inf,inf,inf,inf,inf,inf,inf,inf,inf,inf,inf,inf,inf,inf,inf,inf,inf,inf,inf,inf,inf,inf,inf,inf,inf,inf,inf,inf
1771970270508344083,-3.140000104904175,0.01749303564429283,inf,inf,inf,inf,inf,inf,inf,inf,inf,inf,inf,inf,inf,inf,inf,inf,inf,inf,inf,inf,inf,inf,inf,5.318958759307861,5.100132942199707,5.00193452835083,5.042183876037598,5.084653854370117,5.129428863525391,5.176597595214844,5.226255893707275,inf,inf,inf,inf,inf,inf,inf,inf,inf,inf,inf,inf,inf,inf,inf,inf,inf,inf,inf,inf,inf,inf,inf,inf,inf,inf,inf,inf,inf,inf,inf,inf,inf,inf,inf,inf,inf,inf,1.385056972503662,1.3756502866744995,1.3667863607406616,1.35844886302948,1.3506231307983398,1.343295693397522,1.336454153060913,1.3300868272781372,1.3241832256317139,1.3187335729599,1.313728928565979,1.3091611862182617,1.305023193359375,1.301308035850525,1.298009991645813,1.2951241731643677,1.2926455736160278,1.2905707359313965,1.2888963222503662,1.2876194715499878,1.2867388725280762,1.286252737045288,1.2861603498458862,1.2864614725112915,1.2871568202972412,1.2882472276687622,1.2897347211837769,1.2916210889816284,1.2939095497131348,1.2966035604476929,1.2997075319290161,1.303226113319397,1.3071645498275757,1.3115297555923462,1.3163282871246338,1.3215678930282593,1.3272570371627808,1.3334052562713623,1.3400228023529053,1.3471205234527588,1.3547104597091675,1.362805962562561,inf,inf,inf,inf,inf,inf,inf,inf,inf,inf,inf,inf,inf,inf,inf,inf,inf,inf,inf,inf,inf,inf,inf,inf,inf,inf,inf,inf,inf,inf,inf,inf,inf,inf,inf,inf,inf,inf,inf,inf,inf,inf,inf,inf,inf,inf,inf,inf,3.0939676761627197,3.073176860809326,3.05359148979187,3.035177230834961,3.0179007053375244,3.0017340183258057,2.9866487979888916,2.97261905670166,2.9596219062805176,2.947636365890503,2.9366416931152344,2.926621675491333,2.9175593852996826,2.909440755844116,2.902252197265625,2.8959836959838867,2.890624761581421,2.886166572570801,3.0446600914001465,inf,inf,inf,6.636846542358398,6.638815402984619,6.642819881439209,6.64886474609375,6.656959533691406,6.667116165161133,6.679352760314941,6.693684101104736,inf,inf,inf,inf,inf,inf,inf,inf,inf,inf,inf,10.073015213012695,9.600617408752441,9.664982795715332,9.733603477478027,9.806227684020996,9.882990837097168,9.964038848876953,inf,inf,inf,inf,inf,inf,inf,inf,inf,inf,inf,inf,inf,inf,inf,inf,10.699508666992188,10.50112247467041,10.313055992126465,10.065824508666992,9.897639274597168,9.737910270690918,9.586141586303711,9.441878318786621,9.5551118850708,9.76442813873291,9.98624324798584,inf,inf,inf,inf,inf,inf,inf,inf,inf,inf,inf,inf,inf,inf,inf,inf,inf,8.635223388671875,8.58374309539795,8.535469055175781,8.49031925201416,8.44821548461914,4.207300662994385,4.189184188842773,4.1724934577941895,4.15720272064209,4.14328670501709,4.130723476409912,4.119492053985596,4.10957670211792,4.100960731506348,4.093630790710449,4.087575435638428,4.082785606384277,4.079253673553467,4.076974391937256,inf,inf,inf,inf,inf,inf,inf,inf,inf,inf,inf,inf,inf,inf,inf,inf,inf,inf,inf,inf,inf,inf,inf,inf,inf,inf,inf,inf,inf,inf,inf,inf,inf,inf,inf,inf,3.1105353832244873,3.0372157096862793,2.96816086769104,2.9030449390411377,2.8415756225585938,2.7834882736206055,2.728548049926758,2.676536798477173,2.6272599697113037,2.580540418624878,2.5362164974212646,2.4941394329071045,2.454174280166626,2.417290449142456,2.4669339656829834,2.5194461345672607,2.5750479698181152,2.633983612060547,2.6965243816375732,2.7629730701446533,2.8336684703826904,2.9089906215667725,2.989365816116333,3.0752766132354736,3.167269229888916,inf,inf,inf,inf,inf,inf,inf,inf,inf,inf,inf,inf,inf,inf,inf,inf,inf,inf,inf,inf,inf,inf,inf,inf,inf,inf,inf,inf,inf
1771970270751101066,-3.140000104904175,0.01749303564429283,inf,inf,inf,inf,inf,inf,inf,inf,inf,inf,inf,inf,inf,inf,inf,inf,inf,inf,inf,inf,5.292427062988281,5.07590913772583,5.006401538848877,5.046903610229492,5.08963680267334,5.134684085845947,5.182136058807373,5.232089042663574,inf,inf,inf,inf,inf,inf,inf,inf,inf,inf,inf,inf,inf,inf,inf,inf,inf,inf,inf,inf,inf,inf,inf,inf,inf,inf,inf,inf,inf,inf,inf,inf,inf,inf,inf,inf,inf,inf,1.3839213848114014,1.3745789527893066,1.3657770156860352,1.357499599456787,1.349732518196106,1.342462420463562,1.335676670074463,1.3293638229370117,1.3235135078430176,1.3181160688400269,1.3131626844406128,1.308645248413086,1.3045566082000732,1.300890326499939,1.2976406812667847,1.294802188873291,1.2923707962036133,1.2903426885604858,1.2887147665023804,1.287484049797058,1.286649227142334,1.2862088680267334,1.286162257194519,1.2865091562271118,1.287250280380249,1.2883867025375366,1.289920449256897,1.291853427886963,1.2941888570785522,1.2969303131103516,1.3000819683074951,1.303648829460144,1.3076368570327759,1.312051773071289,1.3169010877609253,1.3221925497055054,1.3279346227645874,1.3341366052627563,1.3408094644546509,1.3479634523391724,1.3556114435195923,1.3637666702270508,inf,inf,inf,inf,inf,inf,inf,inf,inf,inf,inf,inf,inf,inf,inf,inf,inf,inf,inf,inf,inf,inf,inf,inf,inf,inf,inf,inf,inf,inf,inf,inf,inf,inf,inf,inf,inf,inf,inf,inf,inf,inf,inf,inf,inf,inf,inf,inf,3.09157657623291,3.0709269046783447,3.051478385925293,3.0331976413726807,3.016051769256592,3.000011444091797,2.985049247741699,2.9711408615112305,2.9582619667053223,2.9463918209075928,2.935511589050293,2.9256033897399902,2.9166507720947266,2.9086403846740723,2.901559352874756,2.8953967094421387,2.8901429176330566,2.885788917541504,3.14795184135437,inf,inf,6.636877536773682,6.637052536010742,6.639257907867432,6.643499851226807,6.649782180786133,6.658116340637207,6.668513774871826,6.6809916496276855,6.695569038391113,inf,inf,inf,inf,inf,inf,inf,inf,inf,inf,10.533823013305664,10.01562213897705,9.60765552520752,9.672843933105469,9.741922378540039,9.815023422241211,9.892276763916016,9.973833084106445,inf,inf,inf,inf,inf,inf,inf,inf,inf,inf,inf,inf,inf,inf,inf,10.884027481079102,10.675920486450195,10.478767395019531,10.291857719421387,10.045846939086914,9.878669738769531,9.719890594482422,9.56901741027832,9.425597190856934,9.578953742980957,9.789677619934082,10.013012886047363,inf,inf,inf,inf,inf,inf,inf,inf,inf,inf,inf,inf,inf,inf,inf,inf,inf,8.629087448120117,8.577983856201172,8.53007698059082,8.485284805297852,8.443530082702637,4.205134391784668,4.187184810638428,4.170658111572266,4.155528545379639,4.141770839691162,4.129363059997559,4.1182861328125,4.108521938323975,4.100055694580078,4.092875003814697,4.086966514587402,4.082324028015137,4.078937530517578,4.076803207397461,inf,inf,inf,inf,inf,inf,inf,inf,inf,inf,inf,inf,inf,inf,inf,inf,inf,inf,inf,inf,inf,inf,inf,inf,inf,inf,inf,inf,inf,inf,inf,inf,inf,inf,inf,inf,3.101644515991211,3.028841495513916,2.9602630138397217,2.8955886363983154,2.8345277309417725,2.7768213748931885,2.7222342491149902,2.6705527305603027,2.621584415435791,2.5751538276672363,2.531099796295166,2.489276885986328,2.4495506286621094,2.422938585281372,2.472905158996582,2.5257654190063477,2.58174204826355,2.6410820484161377,2.704061508178711,2.770986318588257,2.8421995639801025,2.918086528778076,2.999079942703247,3.0856685638427734,3.178407907485962,inf,inf,inf,inf,inf,inf,inf,inf,inf,inf,inf,inf,inf,inf,inf,inf,inf,inf,inf,inf,inf,inf,inf,inf,inf,inf,inf,inf,inf,inf,inf,inf
1771970270920457091,-3.140000104904175,0.01749303564429283,inf,inf,inf,inf,inf,inf,inf,inf,inf,inf,inf,inf,inf,inf,inf,5.267005920410156,5.052692890167236,5.010828971862793,5.051576614379883,5.094563961029053,5.139875888824463,5.187602996826172,5.237842082977295,inf,inf,inf,inf,inf,inf,inf,inf,inf,inf,inf,inf,inf,inf,inf,inf,inf,inf,inf,inf,inf,inf,inf,inf,inf,inf,inf,inf,inf,inf,inf,inf,inf,inf,inf,inf,inf,inf,1.3828622102737427,1.373580813407898,1.3648381233215332,1.3566187620162964,1.3489079475402832,1.341692566871643,1.3349601030349731,1.3286997079849243,1.322900414466858,1.3175530433654785,1.3126487731933594,1.3081796169281006,1.3041385412216187,1.3005192279815674,1.2973158359527588,1.2945232391357422,1.2921370267868042,1.290153980255127,1.2885704040527344,1.2873843908309937,1.2865935564041138,1.2861974239349365,1.286194920539856,1.2865859270095825,1.2873713970184326,1.288552165031433,1.2901302576065063,1.292108178138733,1.2944890260696411,1.297276258468628,1.3004741668701172,1.3040881156921387,1.3081235885620117,1.3125869035720825,1.3174852132797241,1.3228267431259155,1.3286199569702148,1.3348743915557861,1.3416004180908203,1.3488092422485352,1.3565133810043335,1.364726185798645,inf,inf,inf,inf,inf,inf,inf,inf,inf,inf,inf,inf,inf,inf,inf,inf,inf,inf,inf,inf,inf,inf,inf,inf,inf,inf,inf,inf,inf,inf,inf,inf,inf,inf,inf,inf,inf,inf,inf,inf,inf,inf,inf,inf,inf,inf,inf,3.1108694076538086,3.0891222953796387,3.0686097145080566,3.0492942333221436,3.031142234802246,3.014122486114502,2.998204231262207,2.9833617210388184,2.9695699214935303,2.956805467605591,2.945047616958618,2.934277296066284,2.9244768619537354,2.9156312942504883,2.9077253341674805,2.900747776031494,2.8946876525878906,2.8895351886749268,2.885282039642334,3.254824161529541,inf,inf,6.636722087860107,6.6371235847473145,6.639557361602783,6.644026279449463,6.650537967681885,6.659102439880371,6.669732093811035,6.6824445724487305,6.697257995605469,inf,inf,inf,inf,inf,inf,inf,inf,inf,inf,10.472932815551758,9.96088981628418,9.614686965942383,9.680303573608398,9.74982738494873,9.823384284973145,9.901110649108887,9.983158111572266,inf,inf,inf,inf,inf,inf,inf,inf,inf,inf,inf,inf,inf,inf,inf,10.860132217407227,10.653288841247559,10.457318305969238,10.271513938903809,10.026670455932617,9.86046028137207,9.702590942382812,9.55257511138916,9.409961700439453,9.601838111877441,9.813923835754395,10.038731575012207,inf,inf,inf,inf,inf,inf,inf,inf,inf,inf,inf,inf,inf,inf,inf,inf,8.677204132080078,8.623188018798828,8.572446823120117,8.524892807006836,8.48044490814209,8.43902587890625,4.203039169311523,4.1852498054504395,4.168880939483643,4.153905868530273,4.140300750732422,4.128043174743652,4.117114067077637,4.107496738433838,4.099174976348877,4.092136383056641,4.086370944976807,4.081868648529053,4.078622817993164,4.076628684997559,inf,inf,inf,inf,inf,inf,inf,inf,inf,inf,inf,inf,inf,inf,inf,inf,inf,inf,inf,inf,inf,inf,inf,inf,inf,inf,inf,inf,inf,inf,inf,inf,inf,inf,inf,inf,3.0933985710144043,3.021082878112793,2.952953815460205,2.8886947631835938,2.828019857406616,2.7706711292266846,2.7164180278778076,2.6650474071502686,2.6163694858551025,2.570211410522461,2.52641224861145,2.484828472137451,2.4453284740448,2.4283769130706787,2.478656768798828,2.5318541526794434,2.5881941318511963,2.6479270458221436,2.711331844329834,2.7787187099456787,2.850435256958008,2.926870584487915,3.0084643363952637,3.095712423324585,3.1891772747039795,inf,inf,inf,inf,inf,inf,inf,inf,inf,inf,inf,inf,inf,inf,inf,inf,inf,inf,inf,inf,inf,inf,inf,inf,inf,inf,inf,inf,inf,inf,inf,inf,inf,inf,inf,inf,inf
1771970271162241783,-3.140000104904175,0.01749303564429283,inf,inf,inf,inf,inf,inf,inf,inf,inf,inf,inf,inf,inf,inf,5.176334857940674,5.037405014038086,5.067645072937012,5.109857082366943,5.1543684005737305,5.201268196105957,5.250649929046631,inf,inf,inf,inf,inf,inf,inf,inf,inf,inf,inf,inf,inf,inf,inf,inf,inf,inf,inf,inf,inf,inf,inf,inf,inf,inf,inf,inf,inf,inf,inf,inf,inf,inf,inf,inf,inf,1.4025120735168457,1.3923654556274414,1.3827848434448242,1.3737525939941406,1.3652524948120117,1.3572700023651123,1.3497909307479858,1.3428022861480713,1.3362925052642822,1.33025062084198,1.3246666193008423,1.3195314407348633,1.3148367404937744,1.3105748891830444,1.3067392110824585,1.3033233880996704,1.300322413444519,1.2977313995361328,1.2955464124679565,1.2937637567520142,1.292380928993225,1.2913960218429565,1.2908072471618652,1.2906136512756348,1.2908151149749756,1.2914117574691772,1.2924048900604248,1.2937954664230347,1.295586109161377,1.2977792024612427,1.3003783226013184,1.3033876419067383,1.306811809539795,1.3106560707092285,1.3149263858795166,1.3196297883987427,1.324773907661438,1.330366849899292,1.3364181518554688,1.3429373502731323,1.349935531616211,1.3574247360229492,inf,inf,inf,inf,inf,inf,inf,inf,inf,inf,inf,inf,inf,inf,inf,inf,inf,inf,inf,inf,inf,inf,inf,inf,inf,inf,inf,inf,inf,inf,inf,inf,inf,inf,inf,inf,inf,inf,inf,inf,inf,inf,inf,inf,inf,inf,inf,inf,inf,3.0694432258605957,3.048544406890869,3.0288491249084473,3.010321855545044,2.9929301738739014,2.9766440391540527,2.961435317993164,2.9472782611846924,2.934149742126465,2.922028064727783,2.910893201828003,2.900726795196533,2.891512870788574,2.88323712348938,2.875885486602783,2.869447946548462,2.86391282081604,2.8592724800109863,2.9071667194366455,inf,inf,inf,6.6091628074646,6.610610008239746,6.614083766937256,6.6195878982543945,6.627130031585693,6.636723518371582,6.648380756378174,6.66212272644043,inf,inf,inf,inf,inf,inf,inf,inf,inf,inf,inf,10.188098907470703,9.70374870300293,9.61890983581543,9.68632984161377,9.757709503173828,9.83318042755127,9.912883758544922,inf,inf,inf,inf,inf,inf,inf,inf,inf,inf,inf,inf,inf,inf,inf,inf,10.745261192321777,10.544251441955566,10.353734970092773,10.173036575317383,9.933579444885254,9.771842002868652,9.618183135986328,9.472135543823242,9.460735321044922,9.666090965270996,9.88365364074707,10.114400863647461,inf,inf,inf,inf,inf,inf,inf,inf,inf,inf,inf,inf,inf,inf,inf,inf,8.644163131713867,8.591879844665527,8.54282283782959,8.496908187866211,8.454056739807129,8.41419792175293,4.189085006713867,4.172052383422852,4.156424045562744,4.14217472076416,4.129282474517822,4.1177263259887695,4.107487678527832,4.098550796508789,4.090902328491211,4.084529876708984,4.079423427581787,4.07557487487793,4.07297945022583,4.071631908416748,inf,inf,inf,inf,inf,inf,inf,inf,inf,inf,inf,inf,inf,inf,inf,inf,inf,inf,inf,inf,inf,inf,inf,inf,inf,inf,inf,inf,inf,inf,inf,inf,inf,inf,inf,3.1785147190093994,3.102900505065918,3.0317065715789795,2.9645917415618896,2.901254177093506,2.841416835784912,2.7848334312438965,2.7312777042388916,2.680549144744873,2.6324610710144043,2.5868451595306396,2.5435492992401123,2.5024306774139404,2.4633631706237793,2.4471280574798584,2.4987430572509766,2.5533812046051025,2.611278533935547,2.672699451446533,2.7379372119903564,2.8073201179504395,2.8812150955200195,2.960036039352417,3.044248580932617,3.1343798637390137,3.231030225753784,inf,inf,inf,inf,inf,inf,inf,inf,inf,inf,inf,inf,inf,inf,inf,inf,inf,inf,inf,inf,inf,inf,inf,inf,inf,inf,inf,inf,inf,inf,inf,inf,inf,inf,inf,inf,inf,inf
1771970271442860730,-3.140000104904175,0.01749303564429283,inf,inf,inf,inf,inf,inf,inf,inf,inf,inf,inf,inf,inf,inf,5.211630821228027,5.080787181854248,5.113408088684082,5.155750274658203,5.200404167175293,5.247457504272461,5.297006607055664,inf,inf,inf,inf,inf,inf,inf,inf,inf,inf,inf,inf,inf,inf,inf,inf,inf,inf,inf,inf,inf,inf,inf,inf,inf,inf,inf,inf,inf,inf,inf,inf,inf,inf,inf,1.4344924688339233,1.4230138063430786,1.4121462106704712,1.4018690586090088,1.3921631574630737,1.383010983467102,1.3743964433670044,1.3663039207458496,1.3587194681167603,1.3516300916671753,1.34502375125885,1.3388893604278564,1.3332167863845825,1.327996850013733,1.3232207298278809,1.3188811540603638,1.314970850944519,1.3114837408065796,1.3084146976470947,1.3057582378387451,1.3035109043121338,1.3016690015792847,1.3002291917800903,1.2991900444030762,1.2985495328903198,1.2983065843582153,1.2984610795974731,1.2990130186080933,1.2999634742736816,1.3013139963150024,1.3030662536621094,1.3052231073379517,1.3077880144119263,1.310765027999878,1.3141587972640991,1.317974328994751,1.3222179412841797,1.3268961906433105,1.3320168256759644,1.337587833404541,1.343618631362915,1.3501191139221191,inf,inf,inf,inf,inf,inf,inf,inf,inf,inf,inf,inf,inf,inf,inf,inf,inf,inf,inf,inf,inf,inf,inf,inf,inf,inf,inf,inf,inf,inf,inf,inf,inf,inf,inf,inf,inf,inf,inf,inf,inf,inf,inf,inf,inf,inf,inf,inf,inf,inf,3.039180278778076,3.0172832012176514,2.996610164642334,2.9771227836608887,2.958787202835083,2.941570281982422,2.925442934036255,2.910377025604248,2.8963472843170166,2.8833301067352295,2.8713042736053467,2.8602497577667236,2.850148916244507,2.8409852981567383,2.832744598388672,2.825413703918457,2.8189809322357178,2.813436508178711,2.8087713718414307,2.9297382831573486,inf,inf,inf,6.557952404022217,6.559143543243408,6.562343597412109,6.567556381225586,6.57479190826416,6.584059715270996,6.59537410736084,6.608754634857178,inf,inf,inf,inf,inf,inf,inf,inf,inf,inf,inf,10.226853370666504,9.737479209899902,9.555809020996094,9.622368812561035,9.692848205566406,9.767378807067871,9.846100807189941,inf,inf,inf,inf,inf,inf,inf,inf,inf,inf,inf,inf,inf,inf,inf,inf,10.758901596069336,10.556785583496094,10.365238189697266,10.183576583862305,9.943078994750977,9.78050422668457,9.626058578491211,9.479269027709961,9.356438636779785,9.558634757995605,9.772818565368652,9.99995231628418,inf,inf,inf,inf,inf,inf,inf,inf,inf,inf,inf,inf,inf,inf,inf,inf,inf,8.58990478515625,8.540507316589355,8.49425983428955,8.451083183288574,8.410902976989746,8.373653411865234,4.166146278381348,4.150378704071045,4.135990619659424,4.122960090637207,4.111265182495117,4.100887298583984,4.091810703277588,4.084021091461182,4.077507019042969,4.0722575187683105,4.068264484405518,4.06552267074585,4.064026355743408,inf,inf,inf,inf,inf,inf,inf,inf,inf,inf,inf,inf,inf,inf,inf,inf,inf,inf,inf,inf,inf,inf,inf,inf,inf,inf,inf,inf,inf,inf,inf,inf,inf,inf,inf,inf,3.1969399452209473,3.123263120651245,3.053818941116333,2.9882898330688477,2.926391363143921,2.8678643703460693,2.812476396560669,2.7600157260894775,2.71028995513916,2.663125991821289,2.6183619499206543,2.5758535861968994,2.5354669094085693,2.4970786571502686,2.4802515506744385,2.534247875213623,2.5914580821990967,2.6521410942077637,2.716585397720337,2.7851133346557617,2.8580851554870605,2.935905933380127,3.019033193588257,3.1079838275909424,3.2033450603485107,inf,inf,inf,inf,inf,inf,inf,inf,inf,inf,inf,inf,inf,inf,inf,inf,inf,inf,inf,inf,inf,inf,inf,inf,inf,inf,inf,inf,inf,inf,inf,inf,inf,inf,inf,inf,inf,inf
1771970271566622306,-3.140000104904175,0.01749303564429283,inf,inf,inf,inf,inf,inf,inf,inf,inf,inf,inf,inf,inf,inf,5.2312469482421875,5.127288341522217,5.167825698852539,5.210616111755371,5.255743026733398,5.303295612335205,5.353369235992432,inf,inf,inf,inf,inf,inf,inf,inf,inf,inf,inf,inf,inf,inf,inf,inf,inf,inf,inf,inf,inf,inf,inf,inf,inf,inf,inf,inf,inf,inf,inf,inf,inf,inf,1.454964518547058,1.4427825212478638,1.4312368631362915,1.4203059673309326,1.4099688529968262,1.4002065658569336,1.3910009860992432,1.382336139678955,1.374196171760559,1.3665673732757568,1.3594366312026978,1.352791666984558,1.3466212749481201,1.340915560722351,1.335664987564087,1.3308608531951904,1.3264957666397095,1.322562575340271,1.3190549612045288,1.3159675598144531,1.313295602798462,1.3110345602035522,1.309181571006775,1.3077332973480225,1.3066874742507935,1.3060427904129028,1.3057981729507446,1.305953025817871,1.3065077066421509,1.3074634075164795,1.3088210821151733,1.3105829954147339,1.3127520084381104,1.3153314590454102,1.3183252811431885,1.3217377662658691,1.3255748748779297,1.3298425674438477,1.3345472812652588,1.339697003364563,1.3452997207641602,inf,inf,inf,inf,inf,inf,inf,inf,inf,inf,inf,inf,inf,inf,inf,inf,inf,inf,inf,inf,inf,inf,inf,inf,inf,inf,inf,inf,inf,inf,inf,inf,inf,inf,inf,inf,inf,inf,inf,inf,inf,inf,inf,inf,inf,inf,inf,inf,inf,inf,inf,inf,2.985485553741455,2.963974714279175,2.9436652660369873,2.9245214462280273,2.9065089225769043,2.889594793319702,2.873751401901245,2.8589508533477783,2.845167636871338,2.8323798179626465,2.8205652236938477,2.8097054958343506,2.7997817993164062,2.7907795906066895,2.7826833724975586,2.7754809856414795,2.7691609859466553,2.7637135982513428,2.7591300010681152,3.038614273071289,inf,inf,inf,6.508490085601807,6.509669303894043,6.512842655181885,6.518014430999756,6.525192737579346,6.534389495849609,6.545616149902344,6.558892726898193,inf,inf,inf,inf,inf,inf,inf,inf,inf,inf,inf,10.204550743103027,9.716215133666992,9.502708435058594,9.568894386291504,9.638978004455566,9.713091850280762,9.791372299194336,inf,inf,inf,inf,inf,inf,inf,inf,inf,inf,inf,inf,inf,inf,inf,inf,10.747966766357422,10.546050071716309,10.354690551757812,10.173208236694336,9.932877540588379,9.770463943481445,9.616169929504395,9.469526290893555,9.330100059509277,9.479459762573242,9.691861152648926,9.917104721069336,inf,inf,inf,inf,inf,inf,inf,inf,inf,inf,inf,inf,inf,inf,inf,inf,inf,8.582050323486328,8.532694816589355,8.486486434936523,8.44334602355957,8.403200149536133,8.365982055664062,4.158483028411865,4.142743110656738,4.128381252288818,4.115372180938721,4.103697776794434,4.093337535858154,4.0842766761779785,4.076499938964844,4.069996356964111,4.064754962921143,4.060767650604248,4.058030128479004,4.056535720825195,4.056283473968506,inf,inf,inf,inf,inf,inf,inf,inf,inf,inf,inf,inf,inf,inf,inf,inf,inf,inf,inf,inf,inf,inf,inf,inf,inf,inf,inf,inf,inf,inf,inf,inf,inf,inf,inf,inf,3.2048113346099854,3.1335506439208984,3.06630802154541,3.0027904510498047,2.9427340030670166,2.885897636413574,2.8320653438568115,2.7810404300689697,2.732642889022827,2.686708688735962,2.6430890560150146,2.6016461849212646,2.5622546672821045,2.5248007774353027,2.52217698097229,2.5791125297546387,2.6395041942596436,2.703639030456543,2.7718374729156494,2.84445858001709,2.921905279159546,3.0046324729919434,3.0931551456451416,3.1880569458007812,3.2900052070617676,inf,inf,inf,inf,inf,inf,inf,inf,inf,inf,inf,inf,inf,inf,inf,inf,inf,inf,inf,inf,inf,inf,inf,inf,inf,inf,inf,inf,inf,inf,inf,inf,inf,inf,inf,inf,inf
1771970271755462192,-3.140000104904175,0.01749303564429283,inf,inf,inf,inf,inf,inf,inf,inf,inf,inf,inf,inf,inf,5.481453895568848,5.251749515533447,5.183379650115967,5.224357604980469,5.267612934112549,5.313230037689209,5.361299514770508,5.411917209625244,inf,inf,inf,inf,inf,inf,inf,inf,inf,inf,inf,inf,inf,inf,inf,inf,inf,inf,inf,inf,inf,inf,inf,inf,inf,inf,inf,inf,inf,inf,inf,inf,1.490189552307129,1.4765793085098267,1.4636589288711548,1.451403260231018,1.439787745475769,1.4287904500961304,1.4183908700942993,1.4085693359375,1.399308204650879,1.3905905485153198,1.382401466369629,1.374726414680481,1.3675521612167358,1.360866904258728,1.354659080505371,1.3489184379577637,1.3436359167099,1.3388023376464844,1.3344104290008545,1.3304530382156372,1.3269239664077759,1.3238173723220825,1.3211287260055542,1.3188538551330566,1.3169889450073242,1.3155313730239868,1.3144786357879639,1.3138295412063599,1.3135826587677002,1.3137378692626953,1.3142952919006348,1.3152557611465454,1.316620945930481,1.3183928728103638,1.320574164390564,1.323168158531189,1.326179027557373,1.3296111822128296,1.3334704637527466,1.3377628326416016,1.342495083808899,inf,inf,inf,inf,inf,inf,inf,inf,inf,inf,inf,inf,inf,inf,inf,inf,inf,inf,inf,inf,inf,inf,inf,inf,inf,inf,inf,inf,inf,inf,inf,inf,inf,inf,inf,inf,inf,inf,inf,inf,inf,inf,inf,inf,inf,inf,inf,inf,inf,inf,inf,inf,inf,2.9520223140716553,2.9296927452087402,2.908581495285034,2.8886501789093018,2.8698625564575195,2.852184772491455,2.835585832595825,2.8200368881225586,2.805510997772217,2.7919843196868896,2.7794337272644043,2.767838716506958,2.7571802139282227,2.747441291809082,2.738605499267578,2.730659246444702,2.723590135574341,2.7173869609832764,2.7120401859283447,2.707540988922119,3.151254653930664,inf,inf,inf,6.4570841789245605,6.458250522613525,6.461395263671875,6.466523170471191,6.473641395568848,6.482761859893799,6.493896961212158,6.507065773010254,inf,inf,inf,inf,inf,inf,inf,inf,inf,inf,inf,10.181647300720215,9.694364547729492,9.447488784790039,9.513283729553223,9.582955360412598,9.656630516052246,9.734450340270996,9.81656265258789,inf,inf,inf,inf,inf,inf,inf,inf,inf,inf,inf,inf,inf,inf,inf,10.736717224121094,10.534998893737793,10.343828201293945,10.16252613067627,9.922365188598633,9.760113716125488,9.605975151062012,9.459477424621582,9.320191383361816,9.397068977355957,9.607611656188965,9.830883979797363,inf,inf,inf,inf,inf,inf,inf,inf,inf,inf,inf,inf,inf,inf,inf,inf,inf,8.573915481567383,8.524602890014648,8.478433609008789,8.435328483581543,8.39521598815918,8.35802936553955,8.323705673217773,4.134817600250244,4.120480060577393,4.107494831085205,4.095839977264404,4.085497856140137,4.076452255249023,4.068687915802002,4.062195301055908,4.056962013244629,4.052980422973633,4.050245761871338,4.048752307891846,4.048498153686523,4.049482822418213,inf,inf,inf,inf,inf,inf,inf,inf,inf,inf,inf,inf,inf,inf,inf,inf,inf,inf,inf,inf,inf,inf,inf,inf,inf,inf,inf,inf,inf,inf,inf,inf,inf,inf,inf,inf,3.216456413269043,3.1474311351776123,3.0822296142578125,3.0205795764923096,2.9622366428375244,2.906977891921997,2.854599952697754,2.8049192428588867,2.757767677307129,2.71299147605896,2.670450210571289,2.6300158500671387,2.5915677547454834,2.5549979209899902,2.566253662109375,2.626340389251709,2.6901516914367676,2.7580058574676514,2.8302597999572754,2.9073150157928467,2.989623785018921,3.0776984691619873,3.172119617462158,3.2735514640808105,inf,inf,inf,inf,inf,inf,inf,inf,inf,inf,inf,inf,inf,inf,inf,inf,inf,inf,inf,inf,inf,inf,inf,inf,inf,inf,inf,inf,inf,inf,inf,inf,inf,inf,inf,inf,inf
1771970271949058743,-3.140000104904175,0.01749303564429283,inf,inf,inf,inf,inf,inf,inf,inf,inf,inf,inf,inf,inf,5.502081871032715,5.271493434906006,5.237304210662842,5.278704643249512,5.322406768798828,5.368494987487793,5.417060375213623,5.468201160430908,inf,inf,inf,inf,inf,inf,inf,inf,inf,inf,inf,inf,inf,inf,inf,inf,inf,inf,inf,inf,inf,inf,inf,inf,inf,inf,inf,inf,inf,inf,inf,1.51311457157135,1.4987032413482666,1.4850142002105713,1.472019076347351,1.4596922397613525,1.448009729385376,1.4369486570358276,1.4264886379241943,1.4166103601455688,1.4072954654693604,1.3985271453857422,1.39029061794281,1.3825708627700806,1.3753550052642822,1.3686305284500122,1.362386703491211,1.3566125631332397,1.3512990474700928,1.3464373350143433,1.3420194387435913,1.3380390405654907,1.3344889879226685,1.3313640356063843,1.3286594152450562,1.3263705968856812,1.324494481086731,1.3230277299880981,1.32196843624115,1.321314811706543,1.3210660219192505,1.3212213516235352,1.3217811584472656,1.3227465152740479,1.324118733406067,1.3259000778198242,1.3280929327011108,1.3307009935379028,1.333728313446045,1.33717942237854,1.3410600423812866,inf,inf,inf,inf,inf,inf,inf,inf,inf,inf,inf,inf,inf,inf,inf,inf,inf,inf,inf,inf,inf,inf,inf,inf,inf,inf,inf,inf,inf,inf,inf,inf,inf,inf,inf,inf,inf,inf,inf,inf,inf,inf,inf,inf,inf,inf,inf,inf,inf,inf,inf,inf,inf,inf,inf,2.8979721069335938,2.876049757003784,2.855323553085327,2.8357553482055664,2.817309856414795,2.7999539375305176,2.7836573123931885,2.7683918476104736,2.7541306018829346,2.7408499717712402,2.728527784347534,2.7171435356140137,2.706678867340088,2.6971166133880615,2.688441038131714,2.6806392669677734,2.6736981868743896,2.667607307434082,2.6623566150665283,2.6579384803771973,3.2593228816986084,inf,inf,inf,6.407656192779541,6.408811569213867,6.411929130554199,6.417013645172119,6.424073696136475,6.433121681213379,6.444167613983154,6.4572319984436035,inf,inf,inf,inf,inf,inf,inf,inf,inf,inf,inf,10.15970230102539,9.673425674438477,9.39438533782959,9.459805488586426,9.52907943725586,9.602335929870605,9.679710388183594,9.76135540008545,inf,inf,inf,inf,inf,inf,inf,inf,inf,inf,inf,inf,inf,inf,inf,inf,10.52440357208252,10.333413124084473,10.152283668518066,10.000829696655273,9.750186920166016,9.596196174621582,9.44983959197998,9.310686111450195,9.317828178405762,9.526580810546875,9.747955322265625,9.982991218566895,inf,inf,inf,inf,inf,inf,inf,inf,inf,inf,inf,inf,inf,inf,inf,inf,8.566102981567383,8.516829490661621,8.470697402954102,8.427627563476562,8.387547492980957,8.35038948059082,8.316092491149902,8.68880558013916,4.112887382507324,4.099923133850098,4.088288307189941,4.077962875366211,4.0689311027526855,4.061180114746094,4.054696559906006,4.049470901489258,4.04549503326416,4.042762756347656,4.041269779205322,4.041014194488525,4.041995048522949,4.044214725494385,inf,inf,inf,inf,inf,inf,inf,inf,inf,inf,inf,inf,inf,inf,inf,inf,inf,inf,inf,inf,inf,inf,inf,inf,inf,inf,inf,inf,inf,inf,inf,inf,inf,inf,inf,inf,3.2254459857940674,3.1586239337921143,3.095442771911621,3.0356504917144775,2.979018211364746,2.9253389835357666,2.874424457550049,2.826101541519165,2.7802131175994873,2.7366154193878174,2.695175886154175,2.655773162841797,2.6182949542999268,2.5826399326324463,2.613678455352783,2.677177906036377,2.7447001934051514,2.816601037979126,2.8932793140411377,2.975184917449951,3.062828302383423,3.1567866802215576,3.257720470428467,3.3663864135742188,inf,inf,inf,inf,inf,inf,inf,inf,inf,inf,inf,inf,inf,inf,inf,inf,inf,inf,inf,inf,inf,inf,inf,inf,inf,inf,inf,inf,inf,inf,inf,inf,inf,inf,inf,inf
1771970272290610450,-3.140000104904175,0.01749303564429283,inf,inf,inf,inf,inf,inf,inf,inf,inf,inf,inf,inf,inf,5.522711277008057,5.291238307952881,5.291226863861084,5.33305025100708,5.377198696136475,5.423757553100586,5.4728193283081055,5.524482727050781,inf,inf,inf,inf,inf,inf,inf,inf,inf,inf,inf,inf,inf,inf,inf,inf,inf,inf,inf,inf,inf,inf,inf,inf,inf,inf,inf,inf,inf,1.5529996156692505,1.5369600057601929,1.5217097997665405,1.5072153806686401,1.4934476613998413,1.4803776741027832,1.4679800271987915,1.4562301635742188,1.4451056718826294,1.4345853328704834,1.4246498346328735,1.415281057357788,1.4064624309539795,1.3981783390045166,1.3904138803482056,1.3831562995910645,1.37639319896698,1.3701127767562866,1.3643052577972412,1.3589608669281006,1.3540706634521484,1.3496273756027222,1.345623254776001,1.3420524597167969,1.3389091491699219,1.3361883163452148,1.3338861465454102,1.331998348236084,1.330522894859314,1.3294568061828613,1.328798770904541,1.3285478353500366,1.3287032842636108,1.3292655944824219,1.3302357196807861,1.3316149711608887,1.333405613899231,1.3356101512908936,1.338232398033142,1.3412762880325317,inf,inf,inf,inf,inf,inf,inf,inf,inf,inf,inf,inf,inf,inf,inf,inf,inf,inf,inf,inf,inf,inf,inf,inf,inf,inf,inf,inf,inf,inf,inf,inf,inf,inf,inf,inf,inf,inf,inf,inf,inf,inf,inf,inf,inf,inf,inf,inf,inf,inf,inf,inf,inf,inf,inf,inf,2.8666505813598633,2.843920946121216,2.8224055767059326,2.8020644187927246,2.7828595638275146,2.764756441116333,2.747722864151001,2.7317283153533936,2.716745615005493,2.702749013900757,2.6897146701812744,2.6776211261749268,2.666447639465332,2.6561763286590576,2.6467912197113037,2.6382763385772705,2.6306183338165283,2.623805522918701,2.6178269386291504,2.612672805786133,2.6830854415893555,3.367264747619629,inf,inf,inf,6.358230113983154,6.359372138977051,6.362462520599365,6.367504596710205,6.374506950378418,6.383480548858643,6.394439220428467,6.4073991775512695,inf,inf,inf,inf,inf,inf,inf,inf,inf,inf,inf,10.137764930725098,9.652490615844727,9.34128475189209,9.406328201293945,9.475204467773438,9.548041343688965,9.62497329711914,9.706149101257324,inf,inf,inf,inf,inf,inf,inf,inf,inf,inf,inf,inf,inf,inf,inf,inf,10.513813018798828,10.323002815246582,10.142045021057129,9.970318794250488,9.740263938903809,9.586420059204102,9.440204620361328,9.30118465423584,9.2385892868042,9.445554733276367,9.665032386779785,9.898052215576172,inf,inf,inf,inf,inf,inf,inf,inf,inf,inf,inf,inf,inf,inf,inf,inf,inf,8.509058952331543,8.462964057922363,8.419928550720215,8.37987995147705,8.342751502990723,8.308481216430664,8.444562911987305,4.1052961349487305,4.092353820800781,4.080737590789795,4.07042932510376,4.061412811279297,4.053673267364502,4.047199726104736,4.041981220245361,4.038010597229004,4.035281181335449,4.03378963470459,4.033531188964844,4.03450870513916,4.036722183227539,inf,inf,inf,inf,inf,inf,inf,inf,inf,inf,inf,inf,inf,inf,inf,inf,inf,inf,inf,inf,inf,inf,inf,inf,inf,inf,inf,inf,inf,inf,inf,inf,inf,inf,inf,inf,inf,3.2350246906280518,3.170311212539673,3.1090686321258545,3.0510635375976562,2.9960827827453613,2.9439337253570557,2.894439220428467,2.8474385738372803,2.802783727645874,2.7603397369384766,2.7199814319610596,2.6815953254699707,2.645075798034668,2.610326051712036,2.6642069816589355,2.7313976287841797,2.802945375442505,2.879246711730957,2.960749387741089,3.0479612350463867,3.1414568424224854,3.2418935298919678,3.3500237464904785,inf,inf,inf,inf,inf,inf,inf,inf,inf,inf,inf,inf,inf,inf,inf,inf,inf,inf,inf,inf,inf,inf,inf,inf,inf,inf,inf,inf,inf,inf,inf,inf,inf,inf,inf,inf
1771970272442541269,-3.140000104904175,0.01749303564429283,inf,inf,inf,inf,inf,inf,inf,inf,inf,inf,inf,inf,inf,5.543339729309082,5.320842266082764,5.345148086547852,5.387394428253174,5.4319891929626465,5.4790191650390625,5.528576850891113,5.587906837463379,inf,inf,inf,inf,inf,inf,inf,inf,inf,inf,inf,inf,inf,inf,inf,inf,inf,inf,inf,inf,inf,inf,inf,inf,inf,inf,inf,inf,1.578731656074524,1.5617722272872925,1.5456411838531494,1.5303033590316772,1.5157263278961182,1.5018796920776367,1.4887349605560303,1.4762665033340454,1.464449167251587,1.4532610177993774,1.4426803588867188,1.4326879978179932,1.4232655763626099,1.4143964052200317,1.406064510345459,1.3982555866241455,1.390956163406372,1.3841540813446045,1.3778375387191772,1.371996521949768,1.3666211366653442,1.361702799797058,1.3572335243225098,1.3532061576843262,1.3496145009994507,1.3464527130126953,1.3437159061431885,1.3413997888565063,1.3395010232925415,1.338016390800476,1.3369436264038086,1.336281180381775,1.3360280990600586,1.336183786392212,1.3367483615875244,1.3377233743667603,1.3391097784042358,1.3409096002578735,1.3431260585784912,inf,inf,inf,inf,inf,inf,inf,inf,inf,inf,inf,inf,inf,inf,inf,inf,inf,inf,inf,inf,inf,inf,inf,inf,inf,inf,inf,inf,inf,inf,inf,inf,inf,inf,inf,inf,inf,inf,inf,inf,inf,inf,inf,inf,inf,inf,inf,inf,inf,inf,inf,inf,inf,inf,inf,inf,inf,inf,2.8121678829193115,2.7898683547973633,2.7687594890594482,2.74880313873291,2.729962110519409,2.7122013568878174,2.6954901218414307,2.679797887802124,2.665098190307617,2.6513664722442627,2.638578414916992,2.6267130374908447,2.615750551223755,2.6056737899780273,2.5964653491973877,2.5881106853485107,2.580596923828125,2.5739121437072754,2.5680456161499023,2.562988758087158,2.769252300262451,3.4750895500183105,inf,inf,6.309603214263916,6.308803081512451,6.309932231903076,6.312995910644531,6.317996025085449,6.324940204620361,6.333840370178223,6.344709873199463,6.357565879821777,inf,inf,inf,inf,inf,inf,inf,inf,inf,inf,inf,10.115826606750488,9.631558418273926,9.288183212280273,9.352851867675781,9.421331405639648,9.49374771118164,9.570235252380371,9.650943756103516,inf,inf,inf,inf,inf,inf,inf,inf,inf,inf,inf,inf,inf,inf,inf,inf,10.503222465515137,10.312593460083008,10.131806373596191,9.960244178771973,9.730342864990234,9.576645851135254,9.430569648742676,9.2916841506958,9.159591674804688,9.364533424377441,9.582115173339844,9.813121795654297,inf,inf,inf,inf,inf,inf,inf,inf,inf,inf,inf,inf,inf,inf,inf,inf,inf,8.501290321350098,8.455232620239258,8.4122314453125,8.372214317321777,8.335114479064941,8.300870895385742,8.269428253173828,8.955611228942871,4.0847859382629395,4.0731892585754395,4.062897682189941,4.053894996643066,4.046167850494385,4.039704322814941,4.034493446350098,4.0305280685424805,4.027801990509033,4.026309967041016,4.026050567626953,4.027023792266846,4.029231071472168,4.032675266265869,inf,inf,inf,inf,inf,inf,inf,inf,inf,inf,inf,inf,inf,inf,inf,inf,inf,inf,inf,inf,inf,inf,inf,inf,inf,inf,inf,inf,inf,inf,inf,inf,inf,inf,inf,inf,3.3114309310913086,3.245184898376465,3.182492733001709,3.1231138706207275,3.066831111907959,3.0134475231170654,2.9627811908721924,2.914668083190918,2.8689563274383545,2.825507164001465,2.784194231033325,2.7448995113372803,2.7075154781341553,2.6719424724578857,2.6512396335601807,2.7180988788604736,2.7892937660217285,2.865218162536621,2.9463186264038086,3.0330991744995117,3.1261322498321533,3.226071834564209,3.3336658477783203,3.4497764110565186,inf,inf,inf,inf,inf,inf,inf,inf,inf,inf,inf,inf,inf,inf,inf,inf,inf,inf,inf,inf,inf,inf,inf,inf,inf,inf,inf,inf,inf,inf,inf,inf,inf,inf,inf
1771970272577860108,-3.140000104904175,0.01749303564429283,inf,inf,inf,inf,inf,inf,inf,inf,inf,inf,inf,inf,inf,5.563966751098633,5.3647990226745605,5.399068355560303,5.441737174987793,5.486778259277344,5.534278869628906,5.584332466125488,inf,inf,inf,inf,inf,inf,inf,inf,inf,inf,inf,inf,inf,inf,inf,inf,inf,inf,inf,inf,inf,inf,inf,inf,inf,inf,inf,inf,1.605526328086853,1.5875991582870483,1.5705434083938599,1.5543208122253418,1.5388957262039185,1.524235725402832,1.510310411453247,1.4970909357070923,1.4845513105392456,1.47266685962677,1.4614149332046509,1.4507739543914795,1.4407247304916382,1.4312485456466675,1.4223285913467407,1.4139493703842163,1.4060958623886108,1.3987547159194946,1.391913652420044,1.3855608701705933,1.3796863555908203,1.3742800951004028,1.3693333864212036,1.3648382425308228,1.3607876300811768,1.3571751117706299,1.3539949655532837,1.3512420654296875,1.3489123582839966,1.3470020294189453,1.3455084562301636,1.3444290161132812,1.3437620401382446,1.3435068130493164,1.3436626195907593,1.3442299365997314,1.3452095985412598,inf,inf,inf,inf,inf,inf,inf,inf,inf,inf,inf,inf,inf,inf,inf,inf,inf,inf,inf,inf,inf,inf,inf,inf,inf,inf,inf,inf,inf,inf,inf,inf,inf,inf,inf,inf,inf,inf,inf,inf,inf,inf,inf,inf,inf,inf,inf,inf,inf,inf,inf,inf,inf,inf,inf,inf,inf,inf,inf,inf,2.780762195587158,2.7576823234558105,2.7358133792877197,2.7151124477386475,2.6955406665802,2.67706298828125,2.659644842147827,2.6432557106018066,2.627866506576538,2.613450288772583,2.599982976913452,2.5874409675598145,2.5758039951324463,2.5650525093078613,2.5551695823669434,2.546138048171997,2.5379445552825928,2.5305750370025635,2.5240185260772705,2.5182642936706543,2.513303518295288,2.8553414344787598,inf,inf,inf,6.2601728439331055,6.259375095367432,6.26049280166626,6.263528347015381,6.268486022949219,6.275373458862305,6.2841997146606445,6.294981002807617,6.307732582092285,inf,inf,inf,inf,inf,inf,inf,inf,inf,inf,inf,10.093888282775879,9.610625267028809,9.235084533691406,9.29937744140625,9.367459297180176,9.439455032348633,9.515499114990234,9.59574031829834,inf,inf,inf,inf,inf,inf,inf,inf,inf,inf,inf,inf,inf,inf,inf,inf,10.492634773254395,10.302186012268066,10.121570587158203,9.95017147064209,9.72042179107666,9.566873550415039,9.420937538146973,9.282185554504395,9.15021800994873,9.283519744873047,9.499204635620117,9.728196144104004,inf,inf,inf,inf,inf,inf,inf,inf,inf,inf,inf,inf,inf,inf,inf,inf,inf,8.493521690368652,8.447501182556152,8.404535293579102,8.36454963684082,8.327479362487793,8.293262481689453,8.26184368133545,8.688907623291016,9.573355674743652,4.0656418800354,4.055367469787598,4.046379089355469,4.038663864135742,4.032209873199463,4.027007102966309,4.023046970367432,4.020322799682617,4.018832206726074,4.018571376800537,4.019540786743164,4.0217413902282715,4.025177001953125,4.029852390289307,inf,inf,inf,inf,inf,inf,inf,inf,inf,inf,inf,inf,inf,inf,inf,inf,inf,inf,inf,inf,inf,inf,inf,inf,inf,inf,inf,inf,inf,inf,inf,inf,inf,inf,inf,inf,3.3200647830963135,3.2559218406677246,3.1951687335968018,3.137584686279297,3.0829663276672363,3.0311279296875,2.9819016456604004,2.9351327419281006,2.890678644180298,2.84840989112854,2.808206558227539,2.7699575424194336,2.7335622310638428,2.6989262104034424,2.7048044204711914,2.775646209716797,2.851193904876709,2.931891679763794,3.0182414054870605,3.110812187194824,3.210254669189453,3.3173134326934814,3.4328455924987793,inf,inf,inf,inf,inf,inf,inf,inf,inf,inf,inf,inf,inf,inf,inf,inf,inf,inf,inf,inf,inf,inf,inf,inf,inf,inf,inf,inf,inf,inf,inf,inf,inf,inf,inf
1771970272704612910,-3.140000104904175,0.01749303564429283,inf,inf,inf,inf,inf,inf,inf,inf,inf,inf,inf,inf,inf,5.584592342376709,5.430976867675781,5.452987194061279,5.4960784912109375,5.541565895080566,5.589537143707275,5.642317295074463,inf,inf,inf,inf,inf,inf,inf,inf,inf,inf,inf,inf,inf,inf,inf,inf,inf,inf,inf,inf,inf,inf,inf,inf,inf,inf,1.653714656829834,1.6338025331497192,1.6148523092269897,1.5968201160430908,1.5796639919281006,1.5633459091186523,1.54783034324646,1.5330840349197388,1.5190767049789429,1.5057793855667114,1.4931660890579224,1.4812116622924805,1.4698933362960815,1.4591898918151855,1.4490814208984375,1.4395493268966675,1.4305768013000488,1.4221481084823608,1.4142481088638306,1.4068635702133179,1.39998197555542,1.3935917615890503,1.387682318687439,1.3822438716888428,1.3772677183151245,1.3727458715438843,1.36867094039917,1.3650367259979248,1.361837387084961,1.3590677976608276,1.3567237854003906,1.3548016548156738,1.353298544883728,1.3522120714187622,1.3515405654907227,1.3512831926345825,1.351439118385315,inf,inf,inf,inf,inf,inf,inf,inf,inf,inf,inf,inf,inf,inf,inf,inf,inf,inf,inf,inf,inf,inf,inf,inf,inf,inf,inf,inf,inf,inf,inf,inf,inf,inf,inf,inf,inf,inf,inf,inf,inf,inf,inf,inf,inf,inf,inf,inf,inf,inf,inf,inf,inf,inf,inf,inf,inf,inf,inf,inf,inf,2.747460126876831,2.723623752593994,2.7010161876678467,2.6795945167541504,2.6593172550201416,2.640146255493164,2.62204647064209,2.6049845218658447,2.588930368423462,2.5738558769226074,2.55973482131958,2.5465426445007324,2.534257173538208,2.522857904434204,2.5123257637023926,2.5026443004608154,2.493797540664673,2.4857704639434814,2.4785513877868652,2.472127914428711,2.4664907455444336,2.4616308212280273,2.9447920322418213,inf,inf,inf,6.208765029907227,6.20797061920166,6.209075450897217,6.212083339691162,6.216996192932129,6.223823547363281,6.232573986053467,6.243263244628906,6.255906581878662,inf,inf,inf,inf,inf,inf,inf,inf,inf,inf,inf,10.071074485778809,9.588855743408203,9.179862022399902,9.243764877319336,9.311433792114258,9.382991790771484,9.458575248718262,9.538328170776367,inf,inf,inf,inf,inf,inf,inf,inf,inf,inf,inf,inf,inf,inf,inf,inf,10.481623649597168,10.291363716125488,10.110926628112793,9.939696311950684,9.71010684967041,9.556710243225098,9.410921096801758,9.272307395935059,9.140472412109375,9.199271202087402,9.412983894348145,9.63988208770752,9.881088256835938,inf,inf,inf,inf,inf,inf,inf,inf,inf,inf,inf,inf,inf,inf,inf,inf,inf,8.43946361541748,8.39653205871582,8.35658073425293,8.319540977478027,8.285351753234863,8.253957748413086,8.411624908447266,9.267685890197754,4.057794094085693,4.047536373138428,4.0385637283325195,4.030861854553223,4.024417877197266,4.019222736358643,4.015267372131348,4.012547016143799,4.011056423187256,4.010794162750244,4.0117597579956055,4.013953685760498,4.017380714416504,4.022044658660889,inf,inf,inf,inf,inf,inf,inf,inf,inf,inf,inf,inf,inf,inf,inf,inf,inf,inf,inf,inf,inf,inf,inf,inf,inf,inf,inf,inf,inf,inf,inf,inf,inf,inf,inf,inf,inf,3.3322930335998535,3.2701117992401123,3.2111732959747314,3.1552700996398926,3.10221266746521,3.0518288612365723,3.0039596557617188,2.958461046218872,2.91519832611084,2.874049425125122,2.8349013328552246,2.7976503372192383,2.7621994018554688,2.7284603118896484,2.7614567279815674,2.8366129398345947,2.9168925285339355,3.002794027328491,3.0948843955993652,3.193809986114502,3.3003122806549072,3.415243148803711,3.5395901203155518,inf,inf,inf,inf,inf,inf,inf,inf,inf,inf,inf,inf,inf,inf,inf,inf,inf,inf,inf,inf,inf,inf,inf,inf,inf,inf,inf,inf,inf,inf,inf,inf,inf,inf
1771970273225279013,-3.140000104904175,0.01749303564429283,inf,inf,inf,inf,inf,inf,inf,inf,inf,inf,inf,inf,inf,5.605216979980469,5.46572732925415,5.5069050788879395,5.550418853759766,5.596352577209473,5.64479398727417,5.695839881896973,inf,inf,inf,inf,inf,inf,inf,inf,inf,inf,inf,inf,inf,inf,inf,inf,inf,inf,inf,inf,inf,inf,inf,inf,inf,1.683566689491272,1.6625317335128784,1.6425122022628784,1.623460054397583,1.6053303480148315,1.5880815982818604,1.571675419807434,1.556075930595398,1.5412503480911255,1.5271673202514648,1.5137983560562134,1.5011167526245117,1.4890978336334229,1.477718472480774,1.4669570922851562,1.4567937850952148,1.4472103118896484,1.438189148902893,1.4297146797180176,1.4217720031738281,1.4143474102020264,1.4074283838272095,1.401003360748291,1.3950616121292114,1.3895937204360962,1.3845902681350708,1.3800437450408936,1.375946283340454,1.3722920417785645,1.3690749406814575,1.3662899732589722,1.3639328479766846,1.3619998693466187,1.3604881763458252,1.3593952655792236,1.3587194681167603,inf,inf,inf,inf,inf,inf,inf,inf,inf,inf,inf,inf,inf,inf,inf,inf,inf,inf,inf,inf,inf,inf,inf,inf,inf,inf,inf,inf,inf,inf,inf,inf,inf,inf,inf,inf,inf,inf,inf,inf,inf,inf,inf,inf,inf,inf,inf,inf,inf,inf,inf,inf,inf,inf,inf,inf,inf,inf,inf,inf,inf,inf,inf,2.6942551136016846,2.6708784103393555,2.6487069129943848,2.6276984214782715,2.6078121662139893,2.5890109539031982,2.571260452270508,2.5545272827148438,2.538783073425293,2.523998975753784,2.5101494789123535,2.4972119331359863,2.4851627349853516,2.4739832878112793,2.4636542797088623,2.4541590213775635,2.445481777191162,2.4376089572906494,2.430528402328491,2.4242284297943115,2.418699264526367,2.517303228378296,3.0272867679595947,inf,inf,inf,6.16131067276001,6.160520076751709,6.161613941192627,6.164594650268555,6.169466972351074,6.176238536834717,6.184919357299805,6.195523738861084,6.208066463470459,inf,inf,inf,inf,inf,inf,inf,inf,inf,inf,inf,10.05001449584961,9.568760871887207,9.134159088134766,9.19243049621582,9.25971794128418,9.330873489379883,9.406031608581543,9.485336303710938,inf,inf,inf,inf,inf,inf,inf,inf,inf,inf,inf,inf,inf,inf,inf,inf,10.471461296081543,10.281373977661133,10.101101875305176,9.930027961730957,9.822869300842285,9.547330856323242,9.401676177978516,9.263190269470215,9.131477355957031,9.12150764465332,9.333402633666992,9.558367729187012,9.797518730163574,inf,inf,inf,inf,inf,inf,inf,inf,inf,inf,inf,inf,inf,inf,inf,inf,inf,8.43204402923584,8.38914680480957,8.349225044250488,8.312213897705078,8.278050422668457,8.24668025970459,8.21805191040039,8.985628128051758,10.006929397583008,4.040310382843018,4.0313520431518555,4.023660659790039,4.017226219177246,4.012038230895996,4.008089065551758,4.005370616912842,4.003880977630615,4.003617286682129,4.004578590393066,4.006766319274902,4.010185241699219,4.014839172363281,4.020735263824463,inf,inf,inf,inf,inf,inf,inf,inf,inf,inf,inf,inf,inf,inf,inf,inf,inf,inf,inf,inf,inf,inf,inf,inf,inf,inf,inf,inf,inf,inf,inf,inf,inf,inf,inf,inf,3.40279483795166,3.33929443359375,3.2791051864624023,3.2220160961151123,3.1678335666656494,3.1163809299468994,3.0674967765808105,3.0210325717926025,2.9768519401550293,2.934830904006958,2.89485239982605,2.856811285018921,2.820608615875244,2.786153793334961,2.753363609313965,2.823157548904419,2.9030511379241943,2.988539457321167,3.080186367034912,3.178635358810425,3.284623622894287,3.3990001678466797,3.5227460861206055,inf,inf,inf,inf,inf,inf,inf,inf,inf,inf,inf,inf,inf,inf,inf,inf,inf,inf,inf,inf,inf,inf,inf,inf,inf,inf,inf,inf,inf,inf,inf,inf,inf,inf
1771970273393267651,-3.140000104904175,0.01749303564429283,inf,inf,inf,inf,inf,inf,inf,inf,inf,inf,inf,inf,inf,5.626665115356445,5.5213847160339355,5.562978267669678,5.606931686401367,5.653328895568848,5.7022600173950195,5.75382137298584,inf,inf,inf,inf,inf,inf,inf,inf,inf,inf,inf,inf,inf,inf,inf,inf,inf,inf,inf,inf,inf,inf,inf,inf,1.7154706716537476,1.6932392120361328,1.6720820665359497,1.6519463062286377,1.6327831745147705,1.6145482063293457,1.5971990823745728,1.5806976556777954,1.5650076866149902,1.5500956773757935,1.5359307527542114,1.5224840641021729,1.5097287893295288,1.497639775276184,1.4861940145492554,1.4753700494766235,1.465147614479065,1.4555081129074097,1.446434497833252,1.437910556793213,1.429921269416809,1.4224534034729004,1.4154938459396362,1.4090311527252197,1.4030545949935913,1.3975543975830078,1.3925215005874634,1.3879481554031372,1.3838266134262085,1.3801507949829102,1.376914381980896,1.374112606048584,1.3717411756515503,1.3697962760925293,1.3682751655578613,1.6391551494598389,inf,inf,inf,inf,inf,inf,inf,inf,inf,inf,inf,inf,inf,inf,inf,inf,inf,inf,inf,inf,inf,inf,inf,inf,inf,inf,inf,inf,inf,inf,inf,inf,inf,inf,inf,inf,inf,inf,inf,inf,inf,inf,inf,inf,inf,inf,inf,inf,inf,inf,inf,inf,inf,inf,inf,inf,inf,inf,inf,inf,inf,inf,inf,2.660717248916626,2.636613607406616,2.6137354373931885,2.592036724090576,2.5714762210845947,2.552013635635376,2.5336129665374756,2.516240358352661,2.499864339828491,2.4844553470611572,2.4699859619140625,2.4564316272735596,2.4437687397003174,2.431976556777954,2.421034812927246,2.4109251499176025,2.4016315937042236,2.393139123916626,2.3854334354400635,2.37850284576416,2.3723363876342773,2.366924285888672,2.594572067260742,3.120009183883667,inf,inf,inf,6.107925891876221,6.107137680053711,6.108217239379883,6.111169338226318,6.115996837615967,6.122705936431885,6.131308078765869,6.14181661605835,6.154248237609863,inf,inf,inf,inf,inf,inf,inf,inf,inf,inf,inf,inf,9.54615592956543,9.11253833770752,9.134681701660156,9.201539993286133,9.272241592407227,9.346920013427734,9.425721168518066,inf,inf,inf,inf,inf,inf,inf,inf,inf,inf,inf,inf,inf,inf,inf,inf,inf,10.27013874053955,10.090051651000977,9.919153213500977,9.756885528564453,9.536782264709473,9.391277313232422,9.252935409545898,9.121360778808594,9.034032821655273,9.243878364562988,9.466672897338867,9.703511238098145,inf,inf,inf,inf,inf,inf,inf,inf,inf,inf,inf,inf,inf,inf,inf,inf,inf,8.423699378967285,8.380839347839355,8.340951919555664,8.303972244262695,8.269837379455566,8.238493919372559,8.209888458251953,8.668427467346191,9.653459548950195,10.894821166992188,4.0232391357421875,4.015561103820801,4.0091376304626465,4.003957748413086,4.00001335144043,3.9972989559173584,3.99580979347229,3.995544195175171,3.9965014457702637,3.998682737350464,4.002092361450195,4.0067338943481445,4.0126166343688965,4.019748210906982,inf,inf,inf,inf,inf,inf,inf,inf,inf,inf,inf,inf,inf,inf,inf,inf,inf,inf,inf,inf,inf,inf,inf,inf,inf,inf,inf,inf,inf,inf,inf,inf,inf,inf,inf,inf,3.4171302318573,3.355534553527832,3.2971112728118896,3.241661787033081,3.1890065670013428,3.138979911804199,3.0914294719696045,3.046217203140259,3.003213405609131,2.9623007774353027,2.923370838165283,2.886322259902954,2.851062536239624,2.817505359649658,2.8080251216888428,2.887484312057495,2.972507953643799,3.0636563301086426,3.161569595336914,3.2669801712036133,3.380733013153076,3.503803253173828,3.6373281478881836,inf,inf,inf,inf,inf,inf,inf,inf,inf,inf,inf,inf,inf,inf,inf,inf,inf,inf,inf,inf,inf,inf,inf,inf,inf,inf,inf,inf,inf,inf,inf,inf,inf
1771970273571562882,-3.140000104904175,0.01749303564429283,inf,inf,inf,inf,inf,inf,inf,inf,inf,inf,inf,inf,inf,5.648937225341797,5.579181671142578,5.621206760406494,5.665616512298584,5.71249532699585,5.761934280395508,5.81403112411499,inf,inf,inf,inf,inf,inf,inf,inf,inf,inf,inf,inf,inf,inf,inf,inf,inf,inf,inf,inf,inf,inf,inf,1.7491490840911865,1.7256468534469604,1.703282117843628,1.6819977760314941,1.6617413759231567,1.6424633264541626,1.6241188049316406,1.606665849685669,1.5900651216506958,1.5742809772491455,1.559279441833496,1.5450297594070435,1.5315020084381104,1.5186702013015747,1.5065085887908936,1.494994044303894,1.4841049909591675,1.4738210439682007,1.4641234874725342,1.454995036125183,1.4464199542999268,1.438382625579834,1.430869460105896,1.42386794090271,1.4173661470413208,1.4113534688949585,1.4058198928833008,1.4007564783096313,1.3961548805236816,1.3920085430145264,1.3883097171783447,1.3850536346435547,1.3822344541549683,1.3798482418060303,1.5846787691116333,2.090510368347168,inf,inf,inf,inf,inf,inf,inf,inf,inf,inf,inf,inf,inf,inf,inf,inf,inf,inf,inf,inf,inf,inf,inf,inf,inf,inf,inf,inf,inf,inf,inf,inf,inf,inf,inf,inf,inf,inf,inf,inf,inf,inf,inf,inf,inf,inf,inf,inf,inf,inf,inf,inf,inf,inf,inf,inf,inf,inf,inf,inf,inf,inf,inf,2.6251158714294434,2.600311756134033,2.576753616333008,2.5543925762176514,2.533184766769409,2.513089418411255,2.4940669536590576,2.4760828018188477,2.4591031074523926,2.44309663772583,2.4280362129211426,2.413893938064575,2.4006457328796387,2.3882694244384766,2.3767433166503906,2.3660483360290527,2.3561668395996094,2.347083330154419,2.3387820720672607,2.3312501907348633,2.3244760036468506,2.318448305130005,2.313157558441162,2.6689178943634033,3.209211826324463,inf,inf,inf,6.056516647338867,6.055732250213623,6.05679988861084,6.059723854064941,6.064506530761719,6.071156024932861,6.079681396484375,6.0900983810424805,6.102421283721924,inf,inf,inf,inf,inf,inf,inf,inf,inf,inf,inf,inf,9.524388313293457,9.091719627380371,9.079071044921875,9.145517349243164,9.215782165527344,9.290000915527344,9.368314743041992,inf,inf,inf,inf,inf,inf,inf,inf,inf,inf,inf,inf,inf,inf,inf,inf,inf,10.259320259094238,10.079411506652832,9.908683776855469,9.746576309204102,9.52662467956543,9.381265640258789,9.243062019348145,9.11161994934082,8.986574172973633,9.157679557800293,9.378381729125977,9.612997055053711,inf,inf,inf,inf,inf,inf,inf,inf,inf,inf,inf,inf,inf,inf,inf,inf,inf,inf,8.372840881347656,8.332987785339355,8.296037673950195,8.261931419372559,8.230611801147461,8.202030181884766,8.36308765411377,9.313222885131836,10.510549545288086,4.01542854309082,4.007763862609863,4.001349925994873,3.996178150177002,3.992239236831665,3.989527463912964,3.988039255142212,3.98777174949646,3.988725185394287,3.9909000396728516,3.9943008422851562,3.998931884765625,4.004800319671631,4.01191520690918,4.020288467407227,inf,inf,inf,inf,inf,inf,inf,inf,inf,inf,inf,inf,inf,inf,inf,inf,inf,inf,inf,inf,inf,inf,inf,inf,inf,inf,inf,inf,inf,inf,inf,inf,inf,inf,inf,inf,3.42913818359375,3.3694286346435547,3.312760353088379,3.2589468955993652,3.207819700241089,3.159223794937134,3.1130168437957764,3.0690667629241943,3.027254581451416,2.9874684810638428,2.9496047496795654,2.913569927215576,2.879274606704712,2.8466391563415527,2.8724989891052246,2.9570751190185547,3.047743558883667,3.145141124725342,3.2499959468841553,3.3631482124328613,3.4855690002441406,3.618387460708618,inf,inf,inf,inf,inf,inf,inf,inf,inf,inf,inf,inf,inf,inf,inf,inf,inf,inf,inf,inf,inf,inf,inf,inf,inf,inf,inf,inf,inf,inf,inf,inf,inf
1771970273827819724,-3.140000104904175,0.01749303564429283,inf,inf,inf,inf,inf,inf,inf,inf,inf,inf,inf,inf,5.931861400604248,5.670382976531982,5.6348371505737305,5.677277565002441,5.722126483917236,5.769468784332275,5.81939697265625,5.881579399108887,inf,inf,inf,inf,inf,inf,inf,inf,inf,inf,inf,inf,inf,inf,inf,inf,inf,inf,inf,inf,inf,inf,1.7839250564575195,1.7590818405151367,1.7354446649551392,1.71295166015625,1.691545009613037,1.671172022819519,1.6517833471298218,1.6333335638046265,1.615780234336853,1.5990841388702393,1.5832093954086304,1.5681216716766357,1.5537899732589722,1.540184497833252,1.5272787809371948,1.515047311782837,1.5034667253494263,1.4925148487091064,1.482171654701233,1.4724183082580566,1.4632371664047241,1.454612374305725,1.446528673171997,1.4389722347259521,1.4319303035736084,1.4253908395767212,1.4193432331085205,1.4137773513793945,1.4086846113204956,1.4040563106536865,1.3998854160308838,1.396165132522583,1.3928897380828857,1.5486119985580444,1.849433422088623,2.2961668968200684,inf,inf,inf,inf,inf,inf,inf,inf,inf,inf,inf,inf,inf,inf,inf,inf,inf,inf,inf,inf,inf,inf,inf,inf,inf,inf,inf,inf,inf,inf,inf,inf,inf,inf,inf,inf,inf,inf,inf,inf,inf,inf,inf,inf,inf,inf,inf,inf,inf,inf,inf,inf,inf,inf,inf,inf,inf,inf,inf,inf,inf,inf,inf,inf,2.566391706466675,2.5421407222747803,2.5191078186035156,2.4972453117370605,2.476510763168335,2.456862688064575,2.438264846801758,2.4206812381744385,2.4040799140930176,2.38843035697937,2.3737053871154785,2.3598780632019043,2.3469250202178955,2.3348238468170166,2.323554515838623,2.3130977153778076,2.303436040878296,2.2945544719696045,2.286437511444092,2.2790727615356445,2.272449016571045,2.266554832458496,2.3486337661743164,2.7432029247283936,inf,inf,inf,inf,6.005107402801514,6.004325866699219,6.005382061004639,6.008277893066406,6.0130157470703125,6.01960563659668,6.0280561447143555,6.038381576538086,6.050595760345459,inf,inf,inf,inf,inf,inf,inf,inf,inf,inf,inf,inf,9.5026216506958,9.070899963378906,9.02346420288086,9.089496612548828,9.159324645996094,9.23308277130127,9.31091022491455,inf,inf,inf,inf,inf,inf,inf,inf,inf,inf,inf,inf,inf,inf,inf,inf,inf,10.248503684997559,10.06877326965332,9.898213386535645,9.736268043518066,9.516467094421387,9.371254920959473,9.233190536499023,9.101879119873047,8.976959228515625,9.071486473083496,9.2900972366333,9.522486686706543,inf,inf,inf,inf,inf,inf,inf,inf,inf,inf,inf,inf,inf,inf,inf,inf,inf,inf,8.36484432220459,8.325023651123047,8.288105010986328,8.25402545928955,8.222731590270996,8.194172859191895,8.168301582336426,8.973125457763672,10.12645435333252,inf,3.999967575073242,3.9935638904571533,3.9883995056152344,3.984466791152954,3.981757879257202,3.9802703857421875,3.98000168800354,3.9809505939483643,3.983119010925293,3.986510992050171,3.9911301136016846,3.99698543548584,4.004084587097168,4.012438774108887,inf,inf,inf,inf,inf,inf,inf,inf,inf,inf,inf,inf,inf,inf,inf,inf,inf,inf,inf,inf,inf,inf,inf,inf,inf,inf,inf,inf,inf,inf,inf,inf,inf,inf,inf,inf,inf,3.4417519569396973,3.3838634490966797,3.3288912773132324,3.2766640186309814,3.2270219326019287,3.1798200607299805,3.1349246501922607,3.092211961746216,3.0515694618225098,3.0128908157348633,2.9760804176330566,2.941047191619873,2.9077086448669434,2.8759877681732178,2.9416470527648926,3.0318362712860107,3.1287176609039307,3.2330172061920166,3.345569610595703,3.4673399925231934,3.5994532108306885,3.7432234287261963,inf,inf,inf,inf,inf,inf,inf,inf,inf,inf,inf,inf,inf,inf,inf,inf,inf,inf,inf,inf,inf,inf,inf,inf,inf,inf,inf,inf,inf,inf,inf,inf
1771970274145977510,-3.140000104904175,0.01749303564429283,inf,inf,inf,inf,inf,inf,inf,inf,inf,inf,inf,inf,5.953455924987793,5.691002368927002,5.688350677490234,5.731190204620361,5.776461601257324,5.824249744415283,5.874648094177246,inf,inf,inf,inf,inf,inf,inf,inf,inf,inf,inf,inf,inf,inf,inf,inf,inf,inf,inf,inf,inf,inf,1.819871187210083,1.793610692024231,1.7686309814453125,1.7448641061782837,1.7222473621368408,1.70072340965271,1.6802386045455933,1.6607434749603271,1.6421922445297241,1.6245427131652832,1.6077550649642944,1.5917927026748657,1.5766222476959229,1.5622116327285767,1.5485316514968872,1.5355550050735474,1.5232561826705933,1.511611819267273,1.5005998611450195,1.4901995658874512,1.480392575263977,1.4711610078811646,1.4624884128570557,1.4543601274490356,1.4467620849609375,1.439681053161621,1.4331053495407104,1.427024245262146,1.421427607536316,1.4163062572479248,1.4116522073745728,1.407457947731018,1.5177569389343262,1.7292304039001465,2.0098893642425537,inf,inf,inf,inf,inf,inf,inf,inf,inf,inf,inf,inf,inf,inf,inf,inf,inf,inf,inf,inf,inf,inf,inf,inf,inf,inf,inf,inf,inf,inf,inf,inf,inf,inf,inf,inf,inf,inf,inf,inf,inf,inf,inf,inf,inf,inf,inf,inf,inf,inf,inf,inf,inf,inf,inf,inf,inf,inf,inf,inf,inf,inf,inf,inf,inf,2.5348832607269287,2.5099246501922607,2.4862053394317627,2.463677406311035,2.4422943592071533,2.4220144748687744,2.402797222137451,2.3846068382263184,2.3674087524414062,2.3511714935302734,2.335865020751953,2.321462392807007,2.3079380989074707,2.295269012451172,2.283433198928833,2.2724103927612305,2.2621824741363525,2.252732276916504,2.244044780731201,2.236105442047119,2.2289021015167236,2.2224221229553223,2.2166566848754883,2.409842014312744,2.814574956893921,inf,inf,inf,inf,5.955674648284912,5.954896926879883,5.955941200256348,5.958808898925781,5.96350622177124,5.970037937164307,5.978416442871094,5.98865270614624,6.000763893127441,inf,inf,inf,inf,inf,inf,inf,inf,inf,inf,inf,inf,9.48169231414795,9.050883293151855,8.969996452331543,9.03563117980957,9.105040550231934,9.17835521697998,9.255714416503906,9.337272644042969,inf,inf,inf,inf,inf,inf,inf,inf,inf,inf,inf,inf,inf,inf,inf,inf,10.238104820251465,10.05854606628418,9.888150215148926,9.726357460021973,9.506702423095703,9.3616304397583,9.223699569702148,9.09251594543457,8.967716217041016,8.988615989685059,9.205214500427246,9.435465812683105,9.680572509765625,inf,inf,inf,inf,inf,inf,inf,inf,inf,inf,inf,inf,inf,inf,inf,inf,inf,8.357156753540039,8.317368507385254,8.280478477478027,8.246426582336426,8.215156555175781,8.18661880493164,8.160767555236816,8.646238327026367,9.757299423217773,inf,inf,3.986078977584839,3.9809224605560303,3.976994276046753,3.9742887020111084,3.972801923751831,3.97253155708313,3.9734768867492676,3.9756391048431396,3.9790220260620117,3.983630895614624,3.9894726276397705,3.996556520462036,4.004892826080322,4.014494895935059,inf,inf,inf,inf,inf,inf,inf,inf,inf,inf,inf,inf,inf,inf,inf,inf,inf,inf,inf,inf,inf,inf,inf,inf,inf,inf,inf,inf,inf,inf,inf,inf,inf,inf,inf,inf,3.511298656463623,3.4522359371185303,3.3961501121520996,3.3428640365600586,3.2922158241271973,3.2440574169158936,3.1982526779174805,3.154674530029297,3.113208293914795,3.0737457275390625,3.036189317703247,3.000446081161499,2.9664320945739746,2.934068441390991,2.9268171787261963,3.016545057296753,3.1129307746887207,3.2166967391967773,3.328672409057617,3.4498183727264404,3.5812532901763916,3.7242846488952637,inf,inf,inf,inf,inf,inf,inf,inf,inf,inf,inf,inf,inf,inf,inf,inf,inf,inf,inf,inf,inf,inf,inf,inf,inf,inf,inf,inf,inf,inf,inf,inf
1771970274337676599,-3.140000104904175,0.01749303564429283,inf,inf,inf,inf,inf,inf,inf,inf,inf,inf,inf,inf,5.9750494956970215,5.72057580947876,5.741862773895264,5.785102367401123,5.8307952880859375,5.879029273986816,5.929897785186768,inf,inf,inf,inf,inf,inf,inf,inf,inf,inf,inf,inf,inf,inf,inf,inf,inf,inf,inf,inf,inf,1.8574639558792114,1.8296986818313599,1.8032947778701782,1.7781788110733032,1.7542822360992432,1.7315421104431152,1.7099004983901978,1.6893037557601929,1.669702172279358,1.6510497331619263,1.6333035230636597,1.616424322128296,1.6003749370574951,1.5851213932037354,1.5706323385238647,1.5568773746490479,1.5438295602798462,1.5314637422561646,1.5197556018829346,1.5086833238601685,1.4982261657714844,1.4883652925491333,1.4790830612182617,1.4703630208969116,1.4621902704238892,1.4545501470565796,1.4474304914474487,1.440818428993225,1.4347037076950073,1.4290761947631836,1.423926591873169,1.5005290508270264,1.6631824970245361,1.8660269975662231,2.125962257385254,inf,inf,inf,inf,inf,inf,inf,inf,inf,inf,inf,inf,inf,inf,inf,inf,inf,inf,inf,inf,inf,inf,inf,inf,inf,inf,inf,inf,inf,inf,inf,inf,inf,inf,inf,inf,inf,inf,inf,inf,inf,inf,inf,inf,inf,inf,inf,inf,inf,inf,inf,inf,inf,inf,inf,inf,inf,inf,inf,inf,inf,inf,inf,inf,inf,2.5035173892974854,2.477854013442993,2.4534547328948975,2.430267810821533,2.4082448482513428,2.387341260910034,2.367516279220581,2.3487303256988525,2.3309473991394043,2.3141350746154785,2.2982616424560547,2.2832982540130615,2.2692184448242188,2.2559971809387207,2.2436118125915527,2.232041120529175,2.2212648391723633,2.211266040802002,2.2020275592803955,2.1935341358184814,2.185772657394409,2.178729772567749,2.1723949909210205,2.1667580604553223,2.471006393432617,2.885890245437622,inf,inf,inf,inf,5.906243324279785,5.905467987060547,5.906499862670898,5.909341335296631,5.913995742797852,5.920470237731934,5.928775787353516,5.9389238357543945,5.950931549072266,inf,inf,inf,inf,inf,inf,inf,inf,inf,inf,inf,inf,9.460763931274414,9.030867576599121,8.916528701782227,8.981767654418945,9.050756454467773,9.123628616333008,9.200521469116211,9.281585693359375,inf,inf,inf,inf,inf,inf,inf,inf,inf,inf,inf,inf,inf,inf,inf,inf,10.227705955505371,10.048319816589355,9.878087043762207,9.716450691223145,9.496940612792969,9.352007865905762,9.214210510253906,9.08315372467041,8.958475112915039,8.905752182006836,9.120339393615723,9.348454475402832,9.59128189086914,inf,inf,inf,inf,inf,inf,inf,inf,inf,inf,inf,inf,inf,inf,inf,inf,inf,inf,8.309714317321777,8.272852897644043,8.2388277053833,8.207582473754883,8.17906665802002,8.153234481811523,8.319478988647461,9.38830852508545,10.776036262512207,inf,3.978595733642578,3.9734466075897217,3.9695234298706055,3.9668211936950684,3.965334892272949,3.9650628566741943,3.9660041332244873,3.9681601524353027,3.9715354442596436,3.976132869720459,3.981961488723755,3.989029884338379,3.9973485469818115,4.006930351257324,4.017790794372559,inf,inf,inf,inf,inf,inf,inf,inf,inf,inf,inf,inf,inf,inf,inf,inf,inf,inf,inf,inf,inf,inf,inf,inf,inf,inf,inf,inf,inf,inf,inf,inf,inf,inf,inf,inf,3.520612955093384,3.4634130001068115,3.4090678691864014,3.3574137687683105,3.3082990646362305,3.2615833282470703,3.217139959335327,3.1748499870300293,3.134603977203369,3.0963010787963867,3.0598483085632324,3.025158643722534,2.992151975631714,2.9607536792755127,3.0012588500976562,3.097149610519409,3.200381278991699,3.3117806911468506,3.432302474975586,3.5630595684051514,3.705352544784546,inf,inf,inf,inf,inf,inf,inf,inf,inf,inf,inf,inf,inf,inf,inf,inf,inf,inf,inf,inf,inf,inf,inf,inf,inf,inf,inf,inf,inf,inf,inf,inf
1771970274476095376,-3.140000104904175,0.01749303564429283,inf,inf,inf,inf,inf,inf,inf,inf,inf,inf,inf,inf,5.981837749481201,5.763676643371582,5.799311637878418,5.843094348907471,5.889359474182129,5.938194751739502,5.989694595336914,inf,inf,inf,inf,inf,inf,inf,inf,inf,inf,inf,inf,inf,inf,inf,inf,inf,inf,inf,inf,1.895240306854248,1.865954041481018,1.8381129503250122,1.8116369247436523,1.7864515781402588,1.7624884843826294,1.7396854162216187,1.7179838418960571,1.6973296403884888,1.6776736974716187,1.658969521522522,1.6411747932434082,1.6242491006851196,1.6081562042236328,1.5928617715835571,1.5783337354660034,1.5645427703857422,1.5514615774154663,1.5390641689300537,1.5273269414901733,1.5162280797958374,1.5057464838027954,1.495863676071167,1.4865615367889404,1.4778238534927368,1.4696351289749146,1.4619817733764648,1.454850435256958,1.448229432106018,1.4421076774597168,1.5042227506637573,1.638028860092163,1.7985681295394897,1.9946705102920532,2.2395405769348145,inf,inf,inf,inf,inf,inf,inf,inf,inf,inf,inf,inf,inf,inf,inf,inf,inf,inf,inf,inf,inf,inf,inf,inf,inf,inf,inf,inf,inf,inf,inf,inf,inf,inf,inf,inf,inf,inf,inf,inf,inf,inf,inf,inf,inf,inf,inf,inf,inf,inf,inf,inf,inf,inf,inf,inf,inf,inf,inf,inf,inf,inf,inf,inf,inf,inf,2.442753314971924,2.417764902114868,2.394007682800293,2.371431350708008,2.349989652633667,2.3296384811401367,2.310337543487549,2.2920496463775635,2.2747395038604736,2.2583744525909424,2.242924928665161,2.228362798690796,2.214661121368408,2.2017970085144043,2.1897478103637695,2.178492546081543,2.1680123805999756,2.158290147781372,2.1493091583251953,2.14105486869812,2.133514165878296,2.1266753673553467,2.1205267906188965,2.22991681098938,2.5522708892822266,2.984639883041382,inf,inf,inf,inf,5.855216026306152,5.854540824890137,5.855657577514648,5.858567714691162,5.863276958465576,5.869790554046631,5.878118991851807,5.888276100158691,5.9002766609191895,inf,inf,inf,inf,inf,inf,inf,inf,inf,inf,inf,inf,9.415432929992676,8.988753318786621,8.864842414855957,8.92987060546875,8.998634338378906,9.07126235961914,9.147892951965332,9.228678703308105,inf,inf,inf,inf,inf,inf,inf,inf,inf,inf,inf,inf,inf,inf,inf,inf,10.207328796386719,10.0286226272583,9.859031677246094,9.697999000549316,9.562593460083008,9.334718704223633,9.197427749633789,9.066851615905762,8.94262981414795,8.83152961730957,9.0447416305542,9.271409034729004,9.512717247009277,inf,inf,inf,inf,inf,inf,inf,inf,inf,inf,inf,inf,inf,inf,inf,inf,inf,inf,8.299954414367676,8.263278007507324,8.22943115234375,8.198358535766602,8.170010566711426,8.144341468811035,8.121310234069824,9.071294784545898,10.422772407531738,inf,inf,3.965686559677124,3.9618349075317383,3.959200859069824,3.9577813148498535,3.9575726985931396,3.958575487136841,3.9607911109924316,3.9642231464385986,3.968876361846924,3.9747583866119385,3.9818778038024902,3.990246534347534,3.9998769760131836,4.010784149169922,inf,inf,inf,inf,inf,inf,inf,inf,inf,inf,inf,inf,inf,inf,inf,inf,inf,inf,inf,inf,inf,inf,inf,inf,inf,inf,inf,inf,inf,inf,inf,inf,inf,inf,inf,inf,3.587847948074341,3.529661178588867,3.4743781089782715,3.421830415725708,3.3718650341033936,3.324340581893921,3.2791266441345215,3.236103057861328,3.1951584815979004,3.15619158744812,3.1191060543060303,3.083814859390259,3.050236225128174,3.018294334411621,2.990867853164673,3.0866353511810303,3.1897475719451904,3.3010313510894775,3.4214463233947754,3.5521068572998047,3.6943182945251465,3.849618673324585,inf,inf,inf,inf,inf,inf,inf,inf,inf,inf,inf,inf,inf,inf,inf,inf,inf,inf,inf,inf,inf,inf,inf,inf,inf,inf,inf,inf,inf,inf,inf
1771970274601024437,-3.140000104904175,0.01749303564429283,inf,inf,inf,inf,inf,inf,inf,inf,inf,inf,inf,inf,inf,inf,inf,5.850054740905762,5.801405906677246,5.844181060791016,5.889407157897949,5.937169551849365,5.987560272216797,inf,inf,inf,inf,inf,inf,inf,inf,inf,inf,inf,inf,inf,inf,inf,inf,inf,inf,inf,inf,1.913674235343933,1.8835986852645874,1.8550127744674683,1.8278324604034424,1.8019803762435913,1.7773860692977905,1.7539832592010498,1.731711983680725,1.7105157375335693,1.6903433799743652,1.6711467504501343,1.652881145477295,1.6355053186416626,1.6189815998077393,1.6032742261886597,1.5883500576019287,1.5741779804229736,1.560730218887329,1.5479799509048462,1.5359026193618774,1.5244749784469604,1.5136759281158447,1.5034856796264648,1.4938857555389404,1.4848589897155762,1.476389765739441,1.468463659286499,1.461066722869873,1.4541866779327393,1.4478120803833008,1.5431418418884277,1.6745020151138306,1.830917477607727,2.0202460289001465,2.2540171146392822,inf,inf,inf,inf,inf,inf,inf,inf,inf,inf,inf,inf,inf,inf,inf,inf,inf,inf,inf,inf,inf,inf,inf,inf,inf,inf,inf,inf,inf,inf,inf,inf,inf,inf,inf,inf,inf,inf,inf,inf,inf,inf,inf,inf,inf,inf,inf,inf,inf,inf,inf,inf,inf,inf,inf,inf,inf,inf,inf,inf,inf,inf,inf,inf,inf,inf,2.4307780265808105,2.405430316925049,2.381326198577881,2.3584158420562744,2.3366494178771973,2.315983772277832,2.296376943588257,2.277790069580078,2.260188341140747,2.243537664413452,2.22780704498291,2.212968111038208,2.198993682861328,2.185859441757202,2.1735424995422363,2.1620213985443115,2.1512765884399414,2.1412901878356934,2.132045269012451,2.1235268115997314,2.115720748901367,2.1086151599884033,2.1021981239318848,2.1202402114868164,2.4063446521759033,2.7826919555664062,inf,inf,inf,inf,5.8352437019348145,5.833706855773926,5.833954811096191,5.835988521575928,5.8398118019104,5.845429420471191,5.852850914001465,5.862087726593018,5.873152732849121,5.886065483093262,inf,inf,inf,inf,inf,inf,inf,inf,inf,inf,inf,9.630045890808105,9.182452201843262,8.812116622924805,8.875218391418457,8.941987037658691,9.012544631958008,9.087027549743652,9.165580749511719,inf,inf,inf,inf,inf,inf,inf,inf,inf,inf,inf,inf,inf,inf,inf,inf,inf,10.110150337219238,9.936283111572266,9.771233558654785,9.614472389221191,9.40013313293457,9.259506225585938,9.125776290893555,8.998568534851074,8.877537727355957,8.904426574707031,9.123566627502441,9.356698989868164,9.605073928833008,inf,inf,inf,inf,inf,inf,inf,inf,inf,inf,inf,inf,inf,inf,inf,inf,inf,8.315937042236328,8.277881622314453,8.242682456970215,8.210283279418945,8.180631637573242,8.153679847717285,8.12938404083252,8.388839721679688,9.553181648254395,inf,inf,inf,3.960822105407715,3.9576008319854736,3.9555952548980713,3.9548003673553467,3.9552156925201416,3.9568428993225098,3.9596829414367676,3.9637410640716553,3.9690234661102295,3.9755377769470215,3.9832944869995117,3.992305278778076,4.002584934234619,4.014149188995361,inf,inf,inf,inf,inf,inf,inf,inf,inf,inf,inf,inf,inf,inf,inf,inf,inf,inf,inf,inf,inf,inf,inf,inf,inf,inf,inf,inf,inf,inf,inf,inf,inf,inf,inf,inf,3.586127519607544,3.5290029048919678,3.4747161865234375,3.4231061935424805,3.3740241527557373,3.327333450317383,3.2829082012176514,3.2406322956085205,3.2003979682922363,3.16210675239563,3.1256656646728516,3.090989589691162,3.0580005645751953,3.0266242027282715,3.033761739730835,3.1330363750457764,3.2400524616241455,3.3557016849517822,3.4810168743133545,3.617203950881958,3.7656805515289307,inf,inf,inf,inf,inf,inf,inf,inf,inf,inf,inf,inf,inf,inf,inf,inf,inf,inf,inf,inf,inf,inf,inf,inf,inf,inf,inf,inf,inf
1771970274770761585,-3.140000104904175,0.01749303564429283,inf,inf,inf,inf,inf,inf,inf,inf,inf,inf,inf,inf,inf,inf,inf,inf,inf,inf,inf,inf,inf,5.925514221191406,5.7924604415893555,5.834580898284912,5.879130840301514,5.9261932373046875,5.97585916519165,6.028224468231201,inf,inf,inf,inf,inf,inf,inf,inf,inf,inf,inf,inf,inf,inf,inf,inf,inf,inf,inf,1.9226207733154297,1.8921068906784058,1.8631081581115723,1.8355377912521362,1.8093171119689941,1.7843732833862305,1.7606395483016968,1.7380534410476685,1.7165580987930298,1.6961009502410889,1.6766324043273926,1.6581072807312012,1.6404834985733032,1.6237223148345947,1.607787013053894,1.5926440954208374,1.5782623291015625,1.5646122694015503,1.5516670942306519,1.5394015312194824,1.52779221534729,1.5168174505233765,1.5064568519592285,1.4966918230056763,1.4875046014785767,1.4788790941238403,1.4708011150360107,1.4632558822631836,1.456230878829956,1.4497145414352417,1.520693063735962,1.6469779014587402,1.7967361211776733,1.9771194458007812,2.198509931564331,inf,inf,inf,inf,inf,inf,inf,inf,inf,inf,inf,inf,inf,inf,inf,inf,inf,inf,inf,inf,inf,inf,inf,inf,inf,inf,inf,inf,inf,inf,inf,inf,inf,inf,inf,inf,inf,inf,inf,inf,inf,inf,inf,inf,inf,inf,inf,inf,inf,inf,inf,inf,inf,inf,inf,inf,inf,inf,inf,inf,inf,inf,inf,inf,inf,inf,2.4353153705596924,2.409637451171875,2.3852174282073975,2.362003803253174,2.3399457931518555,2.3189992904663086,2.2991220951080322,2.2802741527557373,2.2624199390411377,2.2455248832702637,2.2295570373535156,2.2144875526428223,2.200289011001587,2.186936855316162,2.1744067668914795,2.162677526473999,2.151729106903076,2.141542673110962,2.1321020126342773,2.1233911514282227,2.1153957843780518,2.108102798461914,2.101500988006592,2.0955798625946045,2.3195316791534424,2.666806697845459,inf,inf,inf,inf,5.833598613739014,5.8315606117248535,5.8313069343566895,5.832838535308838,5.836156845092773,5.8412675857543945,5.848178386688232,5.856899738311768,5.867445468902588,5.879831314086914,inf,inf,inf,inf,inf,inf,inf,inf,inf,inf,inf,inf,9.303240776062012,8.886711120605469,8.85452651977539,8.920233726501465,8.989692687988281,9.063036918640137,9.140408515930176,inf,inf,inf,inf,inf,inf,inf,inf,inf,inf,inf,inf,inf,inf,inf,inf,inf,10.160451889038086,9.9840087890625,9.816540718078613,9.657504081726074,9.440739631652832,9.298105239868164,9.162479400634766,9.033477783203125,8.910746574401855,8.841178894042969,9.056493759155273,9.285469055175781,9.529314041137695,inf,inf,inf,inf,inf,inf,inf,inf,inf,inf,inf,inf,inf,inf,inf,inf,inf,inf,8.28812313079834,8.252127647399902,8.218948364257812,8.188529968261719,8.160823822021484,8.135786056518555,8.11337661743164,9.175787925720215,10.593122482299805,inf,inf,3.961789131164551,3.9582266807556152,3.9558794498443604,3.954744577407837,3.954819917678833,3.956106662750244,3.9586052894592285,3.962319850921631,3.967257499694824,3.9734244346618652,3.980830669403076,3.989487409591675,3.999408483505249,4.010609149932861,4.023107528686523,inf,inf,inf,inf,inf,inf,inf,inf,inf,inf,inf,inf,inf,inf,inf,inf,inf,inf,inf,inf,inf,inf,inf,inf,inf,inf,inf,inf,inf,inf,inf,inf,inf,inf,inf,inf,3.548003911972046,3.492886543273926,3.4404916763305664,3.3906679153442383,3.343275547027588,3.298184394836426,3.2552762031555176,3.2144415378570557,3.1755781173706055,3.13859224319458,3.103396415710449,3.0699100494384766,3.0380589962005615,3.007772922515869,3.104060411453247,3.208805561065674,3.3219189643859863,3.4443905353546143,3.5773751735687256,3.7222254276275635,3.8805387020111084,inf,inf,inf,inf,inf,inf,inf,inf,inf,inf,inf,inf,inf,inf,inf,inf,inf,inf,inf,inf,inf,inf
1771970274971646542,-3.140000104904175,0.01749303564429283,inf,inf,inf,inf,inf,inf,inf,inf,inf,inf,inf,inf,inf,inf,inf,inf,inf,inf,inf,inf,inf,inf,inf,inf,inf,inf,inf,6.111435890197754,5.8367390632629395,5.806641578674316,5.849567413330078,5.894949913024902,5.942874908447266,5.993434906005859,inf,inf,inf,inf,inf,inf,inf,inf,inf,inf,inf,inf,inf,inf,inf,inf,inf,inf,inf,inf,1.912223219871521,1.8822258710861206,1.8537135124206543,1.8266029357910156,1.8008167743682861,1.7762846946716309,1.7529410123825073,1.7307257652282715,1.7095831632614136,1.689461588859558,1.6703133583068848,1.6520942449569702,1.6347628831863403,1.6182818412780762,1.6026148796081543,1.587729811668396,1.573595643043518,1.5601842403411865,1.547468900680542,1.5354253053665161,1.5240302085876465,1.5132631063461304,1.503103256225586,1.4935332536697388,1.484535574913025,1.4760947227478027,1.468196153640747,1.4608261585235596,1.453972339630127,1.4484978914260864,1.5621788501739502,1.695786714553833,1.8550066947937012,2.047914743423462,2.2863829135894775,inf,inf,inf,inf,inf,inf,inf,inf,inf,inf,inf,inf,inf,inf,inf,inf,inf,inf,inf,inf,inf,inf,inf,inf,inf,inf,inf,inf,inf,inf,inf,inf,inf,inf,inf,inf,inf,inf,inf,inf,inf,inf,inf,inf,inf,inf,inf,inf,inf,inf,inf,inf,inf,inf,inf,inf,inf,inf,inf,inf,inf,inf,inf,inf,inf,inf,2.4261956214904785,2.4009480476379395,2.3769407272338867,2.354121446609497,2.3324437141418457,2.311861991882324,2.2923362255096436,2.273826837539673,2.2562992572784424,2.2397196292877197,2.224057912826538,2.209284782409668,2.195374011993408,2.1823008060455322,2.1700425148010254,2.1585779190063477,2.147887945175171,2.137953996658325,2.1287600994110107,2.120290994644165,2.112532615661621,2.105473041534424,2.099100351333618,2.134542226791382,2.4246857166290283,2.8071091175079346,inf,inf,inf,inf,5.832375526428223,5.830933570861816,5.831275939941406,5.833404064178467,5.837319374084473,5.8430304527282715,5.85054349899292,5.859872341156006,5.871029853820801,5.884033203125,inf,inf,inf,inf,inf,inf,inf,inf,inf,inf,inf,9.604825973510742,9.159647941589355,8.812411308288574,8.875683784484863,8.942625045776367,9.013364791870117,9.088034629821777,9.166780471801758,inf,inf,inf,inf,inf,inf,inf,inf,inf,inf,inf,inf,inf,inf,inf,inf,inf,10.100541114807129,9.927156448364258,9.76256275177002,9.60622787475586,9.39234447479248,9.252095222473145,9.118721008300781,8.991850852966309,8.871138572692871,8.911039352416992,9.130775451660156,9.3645601272583,9.613648414611816,inf,inf,inf,inf,inf,inf,inf,inf,inf,inf,inf,inf,inf,inf,inf,inf,inf,8.313716888427734,8.275814056396484,8.240765571594238,8.208513259887695,8.179006576538086,8.152195930480957,8.128039360046387,8.42379379272461,9.601786613464355,inf,inf,inf,3.9604897499084473,3.957333564758301,3.9553916454315186,3.9546611309051514,3.955141305923462,3.956831455230713,3.959735870361328,3.9638583660125732,3.969204902648926,3.97578501701355,3.983607530593872,3.992685079574585,4.003031253814697,4.0146636962890625,inf,inf,inf,inf,inf,inf,inf,inf,inf,inf,inf,inf,inf,inf,inf,inf,inf,inf,inf,inf,inf,inf,inf,inf,inf,inf,inf,inf,inf,inf,inf,inf,inf,inf,inf,inf,3.586779832839966,3.529749870300293,3.475552558898926,3.4240260124206543,3.3750219345092773,3.3284058570861816,3.284050703048706,3.2418410778045654,3.201669931411743,3.163438558578491,3.1270551681518555,3.0924344062805176,3.059497594833374,3.028172492980957,3.0385591983795166,3.138214111328125,3.2456541061401367,3.36177659034729,3.4876232147216797,3.624410390853882,3.7735676765441895,inf,inf,inf,inf,inf,inf,inf,inf,inf,inf,inf,inf,inf,inf,inf,inf
1771970275176193638,-3.140000104904175,0.01749303564429283,inf,inf,inf,inf,inf,inf,inf,inf,inf,inf,inf,inf,inf,inf,inf,inf,inf,inf,inf,inf,inf,inf,inf,inf,inf,inf,inf,inf,inf,inf,inf,inf,inf,inf,5.953049182891846,5.788979530334473,5.830863952636719,5.87516975402832,5.921979904174805,5.971383571624756,6.023477554321289,inf,inf,inf,inf,inf,inf,inf,inf,inf,inf,inf,inf,inf,inf,inf,inf,inf,inf,inf,1.925711989402771,1.895041823387146,1.8658947944641113,1.8381849527359009,1.811832308769226,1.7867635488510132,1.7629114389419556,1.7402130365371704,1.7186107635498047,1.6980516910552979,1.6784861087799072,1.659868597984314,1.6421563625335693,1.6253103017807007,1.609293818473816,1.594072699546814,1.5796159505844116,1.5658937692642212,1.5528790950775146,1.5405465364456177,1.5288723707199097,1.5178349018096924,1.507413625717163,1.497589349746704,1.4883450269699097,1.4796640872955322,1.4715313911437988,1.4639331102371216,1.4568567276000977,1.4502896070480347,1.5112814903259277,1.635690450668335,1.7830126285552979,1.9601584672927856,2.1771271228790283,inf,inf,inf,inf,inf,inf,inf,inf,inf,inf,inf,inf,inf,inf,inf,inf,inf,inf,inf,inf,inf,inf,inf,inf,inf,inf,inf,inf,inf,inf,inf,inf,inf,inf,inf,inf,inf,inf,inf,inf,inf,inf,inf,inf,inf,inf,inf,inf,inf,inf,inf,inf,inf,inf,inf,inf,inf,inf,inf,inf,inf,inf,inf,inf,inf,inf,2.4373855590820312,2.41158390045166,2.3870456218719482,2.363717794418335,2.341550827026367,2.3204989433288574,2.300520181655884,2.2815747261047363,2.2636258602142334,2.2466392517089844,2.2305831909179688,2.215427875518799,2.201146364212036,2.1877129077911377,2.1751036643981934,2.163297414779663,2.1522738933563232,2.1420137882232666,2.132500648498535,2.123718500137329,2.1156535148620605,2.1082921028137207,2.1016225814819336,2.0956342220306396,2.2889976501464844,2.626512289047241,3.0818824768066406,inf,inf,inf,5.833396911621094,5.831177711486816,5.830744743347168,5.832094669342041,5.835232257843018,5.840161323547363,5.846889019012451,5.855425834655762,5.865785598754883,5.877984046936035,inf,inf,inf,inf,inf,inf,inf,inf,inf,inf,inf,inf,9.347858428955078,8.92715072631836,8.847540855407715,8.912870407104492,8.981939315795898,9.05488109588623,9.131834030151367,9.212949752807617,inf,inf,inf,inf,inf,inf,inf,inf,inf,inf,inf,inf,inf,inf,inf,inf,10.178893089294434,10.001507759094238,9.833157539367676,9.673291206359863,9.551799774169922,9.312274932861328,9.175956726074219,9.046300888061523,8.922950744628906,8.819281578063965,9.033256530761719,9.26077651977539,9.503037452697754,inf,inf,inf,inf,inf,inf,inf,inf,inf,inf,inf,inf,inf,inf,inf,inf,inf,inf,8.291980743408203,8.255698204040527,8.222235679626465,8.191540718078613,8.163562774658203,8.138257026672363,8.115583419799805,9.049641609191895,10.425683975219727,inf,inf,3.9622764587402344,3.958590269088745,3.956120491027832,3.9548637866973877,3.9548163414001465,3.955979824066162,3.9583563804626465,3.9619483947753906,3.966761827468872,3.972804069519043,3.9800846576690674,3.988614797592163,3.9984076023101807,4.009478569030762,4.021844863891602,inf,inf,inf,inf,inf,inf,inf,inf,inf,inf,inf,inf,inf,inf,inf,inf,inf,inf,inf,inf,inf,inf,inf,inf,inf,inf,inf,inf,inf,inf,inf,inf,inf,inf,inf,inf,3.554419755935669,3.4990074634552,3.4463346004486084,3.3962478637695312,3.3486063480377197,3.303279399871826,3.2601475715637207,3.2191002368927,3.1800341606140137,3.142854928970337,3.107475519180298,3.0738134384155273,3.0417943000793457,3.0113465785980225,3.0940284729003906,3.197981595993042,3.310210943222046,3.431692123413086,3.563561201095581,3.70715069770813,3.864028215408325,inf,inf,inf,inf,inf,inf,inf,inf,inf
1771970275346584651,-3.140000104904175,0.01749303564429283,10.263641357421875,10.26552677154541,10.27055549621582,10.27873706817627,10.290081977844238,10.304609298706055,10.32234001159668,10.343302726745605,10.36752986907959,10.395059585571289,10.425933837890625,10.46020221710205,10.497920036315918,10.53914737701416,10.583951950073242,10.632405281066895,10.684589385986328,10.740591049194336,10.800505638122559,10.864434242248535,10.932490348815918,11.004793167114258,11.081472396850586,11.162667274475098,11.248527526855469,11.339216232299805,11.434906959533691,11.535785675048828,11.642054557800293,11.75393009185791,11.871644020080566,11.995447158813477,inf,inf,inf,inf,inf,inf,inf,5.98096227645874,5.801158428192139,5.842938423156738,5.887138843536377,5.933842658996582,5.9831390380859375,6.035123825073242,inf,inf,inf,inf,inf,inf,inf,inf,inf,inf,inf,inf,inf,inf,inf,inf,inf,inf,inf,1.924660325050354,1.893942952156067,1.8647522926330566,1.8370014429092407,1.810610055923462,1.7855052947998047,1.761618733406067,1.738887906074524,1.717254877090454,1.6966662406921387,1.6770727634429932,1.6584281921386719,1.6406899690628052,1.623819351196289,1.6077786684036255,1.5925344228744507,1.5780549049377441,1.5643107891082764,1.5512745380401611,1.5389207601547241,1.5272257328033447,1.5161676406860352,1.5057260990142822,1.4958819150924683,1.4866174459457397,1.4779165983200073,1.4697641134262085,1.4621460437774658,1.4550495147705078,1.4484626054763794,1.5336475372314453,1.659161925315857,1.8076541423797607,1.9860061407089233,2.204153537750244,inf,inf,inf,inf,inf,inf,inf,inf,inf,inf,inf,inf,inf,inf,inf,inf,inf,inf,inf,inf,inf,inf,inf,inf,inf,inf,inf,inf,inf,inf,inf,inf,inf,inf,inf,inf,inf,inf,inf,inf,inf,inf,inf,inf,inf,inf,inf,inf,inf,inf,inf,inf,inf,inf,inf,inf,inf,inf,inf,inf,inf,inf,inf,inf,inf,inf,2.4317948818206787,2.4059841632843018,2.381436586380005,2.3580985069274902,2.3359217643737793,2.3148601055145264,2.2948708534240723,2.275914192199707,2.257952928543091,2.2409536838531494,2.224884271621704,2.2097151279449463,2.1954185962677,2.181969404220581,2.1693432331085205,2.1575188636779785,2.1464762687683105,2.1361966133117676,2.126662254333496,2.1178579330444336,2.109769344329834,2.1023826599121094,2.0956871509552,2.0896711349487305,2.2557196617126465,2.5853843688964844,3.0289857387542725,inf,inf,inf,inf,5.825812816619873,5.825258255004883,5.8264875411987305,5.829500675201416,5.834303379058838,5.840902805328369,5.849309921264648,5.8595356941223145,5.871596813201904,inf,inf,inf,inf,inf,inf,inf,inf,inf,inf,inf,inf,9.380770683288574,8.957282066345215,8.837899208068848,8.902939796447754,8.971711158752441,9.044342041015625,9.1209716796875,9.201750755310059,inf,inf,inf,inf,inf,inf,inf,inf,inf,inf,inf,inf,inf,inf,inf,inf,10.193111419677734,10.015111923217773,9.846182823181152,9.685772895812988,9.533376693725586,9.323700904846191,9.186929702758789,9.056843757629395,8.933086395263672,8.815325736999512,9.008769035339355,9.235095977783203,9.476061820983887,inf,inf,inf,inf,inf,inf,inf,inf,inf,inf,inf,inf,inf,inf,inf,inf,inf,inf,8.296674728393555,8.260211944580078,8.22657299041748,8.19570541381836,8.167558670043945,8.142087936401367,8.119251251220703,8.920792579650879,10.263193130493164,inf,inf,inf,3.9610438346862793,3.958500385284424,3.9571704864501953,3.9570515155792236,3.9581432342529297,3.9604485034942627,3.963970422744751,3.9687130451202393,3.9746854305267334,3.981895923614502,3.990356683731079,4.000079154968262,4.011079788208008,4.023375988006592,inf,inf,7.804437160491943,7.272472381591797,6.934309005737305,6.969032287597656,7.006259441375732,7.046054363250732,7.0884857177734375,7.133626461029053,7.181558132171631,7.23236608505249,7.286143779754639,7.342990398406982,7.403014659881592,7.466331958770752,inf,inf,inf,inf,inf,inf,inf,inf,7.161560535430908,7.303526878356934,7.441112518310547,inf,inf,11.993141174316406,11.869450569152832,11.75184440612793,11.640073776245117,11.533904075622559,11.433121681213379,11.337523460388184,3.5681650638580322,3.512406587600708,3.4594061374664307,3.4090089797973633,3.361072540283203,3.3154666423797607,3.2720699310302734,3.230769395828247,3.1914634704589844,3.1540560722351074,3.1184580326080322,3.0845882892608643,3.052370548248291,3.0217339992523193,3.0927088260650635,3.1963517665863037,3.308229684829712,3.4293107986450195,3.560723066329956,3.703786611557007,3.860058069229126,10.278559684753418,10.27043628692627,10.265464782714844,10.263636589050293
1771970275632932484,-3.140000104904175,0.01749303564429283,inf,inf,inf,inf,inf,inf,inf,inf,inf,inf,inf,inf,inf,inf,inf,inf,inf,inf,inf,inf,inf,inf,inf,inf,inf,inf,inf,inf,inf,inf,inf,inf,inf,inf,inf,inf,inf,inf,inf,6.072460174560547,5.828147888183594,5.862051963806152,5.905396938323975,5.9512224197387695,5.999614715576172,6.0506672859191895,inf,inf,inf,inf,inf,inf,inf,inf,inf,inf,inf,inf,inf,inf,inf,inf,inf,inf,1.9546533823013306,1.9218093156814575,1.8906195163726807,1.860986590385437,1.832820177078247,1.8060381412506104,1.780564546585083,1.7563292980194092,1.7332682609558105,1.7113220691680908,1.6904352903366089,1.6705574989318848,1.6516410112380981,1.6336424350738525,1.6165213584899902,1.600239872932434,1.5847632884979248,1.570059061050415,1.5560970306396484,1.542848825454712,1.530288815498352,1.5183924436569214,1.5071371793746948,1.4965022802352905,1.486467957496643,1.4770162105560303,1.4681305885314941,1.4597949981689453,1.4519953727722168,1.444718360900879,1.5359587669372559,1.647441029548645,1.7769588232040405,1.9292194843292236,2.1107254028320312,2.330720901489258,inf,inf,inf,inf,inf,inf,inf,inf,inf,inf,inf,inf,inf,inf,inf,inf,inf,inf,inf,inf,inf,inf,inf,inf,inf,inf,inf,inf,inf,inf,inf,inf,inf,inf,inf,inf,inf,inf,inf,inf,inf,inf,inf,inf,inf,inf,inf,inf,inf,inf,inf,inf,inf,inf,inf,inf,inf,inf,inf,inf,inf,inf,inf,inf,inf,inf,2.397970199584961,2.3720414638519287,2.3473780155181885,2.3239259719848633,2.3016350269317627,2.280458927154541,2.2603542804718018,2.2412807941436768,2.223201036453247,2.206080436706543,2.1898865699768066,2.174588918685913,2.160160541534424,2.1465744972229004,2.1338071823120117,2.1218364238739014,2.1106412410736084,2.100203037261963,2.0905039310455322,2.0815279483795166,2.07326078414917,2.065688371658325,2.0587990283966064,2.052581310272217,2.047025203704834,2.3118646144866943,2.6779255867004395,inf,inf,inf,inf,5.78687858581543,5.785484790802002,5.785861015319824,5.788008213043213,5.79193115234375,5.797635078430176,5.805127143859863,5.814420700073242,5.825529098510742,5.838470458984375,inf,inf,inf,inf,inf,inf,inf,inf,inf,inf,inf,9.638949394226074,9.192763328552246,8.788626670837402,8.828001022338867,8.894651412963867,8.965079307556152,9.039419174194336,9.117816925048828,inf,inf,inf,inf,inf,inf,inf,inf,inf,inf,inf,inf,inf,inf,inf,inf,inf,10.118103981018066,9.944565773010254,9.77982234954834,9.623345375061035,9.409347534179688,9.268964767456055,9.13546371459961,9.00847053527832,8.887640953063965,8.838400840759277,9.056517601013184,9.288582801818848,9.535847663879395,inf,inf,inf,inf,inf,inf,inf,inf,inf,inf,inf,inf,inf,inf,inf,inf,inf,inf,8.290860176086426,8.255812644958496,8.223567008972168,8.194068908691406,8.167272567749023,8.143134117126465,8.12161636352539,9.258932113647461,10.773263931274414,inf,inf,inf,3.972691774368286,3.9707722663879395,3.9700686931610107,3.9705793857574463,3.972306489944458,3.975252151489258,3.9794206619262695,3.9848179817199707,3.9914536476135254,3.9993374347686768,4.008481025695801,4.018899917602539,4.030608654022217,4.0436272621154785,inf,inf,inf,inf,inf,inf,8.495834350585938,8.302927017211914,8.121014595031738,7.949284076690674,7.786999225616455,7.6334967613220215,7.488176345825195,7.388164043426514,7.450003147125244,inf,inf,inf,inf,inf,inf,inf,inf,7.313816070556641,7.195796012878418,7.289553642272949,7.388077259063721,inf,inf,inf,inf,inf,inf,inf,inf,inf,3.590751886367798,3.5356574058532715,3.4832777976989746,3.4334635734558105,3.386075019836426,3.340985059738159,3.2980763912200928,3.2572402954101562,3.2183754444122314,3.1813886165618896,3.1461949348449707,3.11271333694458,3.080869436264038,3.072699785232544,3.1735787391662598,3.2823445796966553,3.3999080657958984,3.52732515335083,3.665829658508301,3.8168721199035645,inf,inf,inf,inf
1771970275799198370,-3.140000104904175,0.01749303564429283,inf,inf,inf,inf,inf,inf,inf,inf,inf,inf,inf,inf,inf,inf,inf,inf,inf,inf,inf,inf,inf,inf,inf,inf,inf,inf,inf,inf,inf,inf,inf,inf,inf,inf,inf,inf,inf,inf,inf,6.1581711769104,5.884287357330322,5.889232158660889,5.931772708892822,5.9767746925354,6.024322032928467,6.074505805969238,inf,inf,inf,inf,inf,inf,inf,inf,inf,inf,inf,inf,inf,inf,inf,inf,inf,1.9841833114624023,1.9490721225738525,1.9157575368881226,1.8841297626495361,1.854087471961975,1.8255378007888794,1.798396110534668,1.7725845575332642,1.7480303049087524,1.7246676683425903,1.7024353742599487,1.681276798248291,1.6611398458480835,1.6419761180877686,1.6237406730651855,1.6063917875289917,1.5898911952972412,1.5742030143737793,1.5592939853668213,1.5451328754425049,1.5316911935806274,1.51894211769104,1.5068608522415161,1.4954241514205933,1.4846107959747314,1.474400520324707,1.4647748470306396,1.455716848373413,1.4472100734710693,1.4816073179244995,1.5716631412506104,1.67392098903656,1.7909969091415405,1.9263169765472412,2.084444761276245,2.271613359451294,inf,inf,inf,inf,inf,inf,inf,inf,inf,inf,inf,inf,inf,inf,inf,inf,inf,inf,inf,inf,inf,inf,inf,inf,inf,inf,inf,inf,inf,inf,inf,inf,inf,inf,inf,inf,inf,inf,inf,inf,inf,inf,inf,inf,inf,inf,inf,inf,inf,inf,inf,inf,inf,inf,inf,inf,inf,inf,inf,inf,inf,inf,inf,inf,inf,inf,inf,2.3531994819641113,2.3272697925567627,2.302602529525757,2.2791426181793213,2.2568390369415283,2.2356457710266113,2.2155184745788574,2.196416139602661,2.1783015727996826,2.1611390113830566,2.1448957920074463,2.129542112350464,2.115049123764038,2.101390838623047,2.0885426998138428,2.076482057571411,2.065188407897949,2.05464243888855,2.044826030731201,2.0357227325439453,2.027318239212036,2.0195977687835693,2.012549877166748,2.006162405014038,2.0004255771636963,2.049938917160034,2.3507349491119385,2.7559728622436523,inf,inf,inf,inf,5.736942291259766,5.736457824707031,5.737729549407959,5.740758895874023,5.745550632476807,5.752111434936523,5.760452747344971,5.770586013793945,5.782527446746826,5.796296119689941,inf,inf,inf,inf,inf,inf,inf,inf,inf,inf,inf,9.452129364013672,9.026013374328613,8.743597984313965,8.808055877685547,8.876208305358887,8.948183059692383,9.024118423461914,9.10416316986084,inf,inf,inf,inf,inf,inf,inf,inf,inf,inf,inf,inf,inf,inf,inf,inf,inf,10.050912857055664,9.881538391113281,9.720704078674316,9.567900657653809,9.357868194580078,9.220724105834961,9.09028434753418,8.966190338134766,8.848108291625977,8.864334106445312,9.087324142456055,9.324751853942871,9.577927589416504,inf,inf,inf,inf,inf,inf,inf,inf,inf,inf,inf,inf,inf,inf,inf,inf,inf,inf,8.288861274719238,8.255178451538086,8.224274635314941,8.196099281311035,8.170608520507812,8.147761344909668,8.297256469726562,9.552573204040527,inf,inf,inf,inf,3.987316370010376,3.986009359359741,3.9859228134155273,3.987055540084839,3.989410877227783,3.992990732192993,3.997802257537842,4.003851413726807,4.011147975921631,4.019704341888428,4.029531955718994,4.040647983551025,4.053069114685059,4.066814422607422,inf,inf,inf,inf,inf,inf,inf,inf,inf,inf,inf,inf,inf,inf,inf,inf,inf,inf,inf,inf,inf,inf,inf,inf,inf,inf,inf,inf,inf,inf,inf,inf,inf,inf,inf,3.6840639114379883,3.6265649795532227,3.5719096660614014,3.5199379920959473,3.47050404548645,3.4234724044799805,3.378718376159668,3.3361268043518066,3.2955923080444336,3.2570152282714844,3.220304250717163,3.1853761672973633,3.1521520614624023,3.120558261871338,3.156137228012085,3.262028217315674,3.376340866088867,3.5000662803649902,3.6343579292297363,3.780569553375244,3.9402949810028076,inf,inf,inf
1771970276073889479,-3.140000104904175,0.01749303564429283,3.873735189437866,inf,inf,inf,inf,inf,inf,inf,inf,inf,inf,inf,inf,inf,inf,inf,inf,inf,inf,inf,inf,inf,inf,inf,inf,inf,inf,inf,inf,inf,inf,inf,inf,inf,inf,inf,inf,inf,inf,inf,inf,inf,inf,6.046483993530273,5.878090858459473,5.919139862060547,5.9626030921936035,6.008562088012695,6.057102680206299,6.108317852020264,inf,inf,inf,inf,inf,inf,inf,inf,inf,inf,inf,inf,inf,inf,inf,inf,inf,1.9650733470916748,1.9306964874267578,1.8980724811553955,1.8670945167541504,1.8376648426055908,1.809693694114685,1.783098816871643,1.7578043937683105,1.7337403297424316,1.7108430862426758,1.689052700996399,1.6683143377304077,1.6485775709152222,1.6297950744628906,1.6119236946105957,1.594922423362732,1.5787543058395386,1.5633842945098877,1.5487799644470215,1.5349113941192627,1.5217502117156982,1.5092710256576538,1.4974491596221924,1.4862624406814575,1.4756896495819092,1.4657118320465088,1.456310510635376,1.4474691152572632,1.4761977195739746,1.5621095895767212,1.6591768264770508,1.7696837186813354,1.896583914756775,2.0437638759613037,2.2164433002471924,inf,inf,inf,inf,inf,inf,inf,inf,inf,inf,inf,inf,inf,inf,inf,inf,inf,inf,inf,inf,inf,inf,inf,inf,inf,inf,inf,inf,inf,inf,inf,inf,inf,inf,inf,inf,inf,inf,inf,inf,inf,inf,inf,inf,inf,inf,inf,inf,inf,inf,inf,inf,inf,inf,inf,inf,inf,inf,inf,inf,inf,inf,inf,inf,inf,inf,inf,inf,2.326794385910034,2.301481008529663,2.2774012088775635,2.2545032501220703,2.2327375411987305,2.2120583057403564,2.1924233436584473,2.173793077468872,2.1561312675476074,2.1394033432006836,2.1235780715942383,2.1086254119873047,2.0945181846618652,2.0812313556671143,2.0687413215637207,2.05702543258667,2.046064615249634,2.035839319229126,2.0263326168060303,2.017528772354126,2.009413480758667,2.0019731521606445,1.9951962232589722,1.9890717267990112,1.9835896492004395,2.1011979579925537,2.425490379333496,2.8691890239715576,inf,inf,inf,inf,5.721671104431152,5.721766948699951,5.723613739013672,5.727214813232422,5.732576370239258,5.739706516265869,5.748615264892578,5.759316921234131,5.771827220916748,inf,inf,inf,inf,inf,inf,inf,inf,inf,inf,inf,inf,9.321044921875,8.907896041870117,8.748346328735352,8.813889503479004,8.883163452148438,8.95629596710205,9.033430099487305,9.114717483520508,inf,inf,inf,inf,inf,inf,inf,inf,inf,inf,inf,inf,inf,inf,inf,inf,inf,10.001066207885742,9.834455490112305,9.676216125488281,9.525857925415039,9.318448066711426,9.183465957641602,9.055069923400879,8.932909965515137,8.816664695739746,8.910720825195312,9.13769245147705,9.379471778869629,inf,inf,inf,inf,inf,inf,inf,inf,inf,inf,inf,inf,inf,inf,inf,inf,inf,inf,8.318244934082031,8.282649040222168,8.249869346618652,8.219854354858398,8.192553520202637,8.167925834655762,8.145930290222168,8.555713653564453,9.919334411621094,inf,inf,inf,inf,3.991842269897461,3.9909379482269287,3.9912545680999756,3.992792844772339,3.995556116104126,3.9995474815368652,4.0047736167907715,4.011242389678955,4.0189642906188965,4.027950763702393,4.038215160369873,4.049775123596191,4.062648296356201,4.076855182647705,inf,inf,inf,inf,inf,inf,inf,inf,inf,inf,inf,inf,inf,inf,inf,inf,inf,inf,inf,inf,inf,inf,inf,inf,inf,inf,inf,inf,inf,inf,inf,inf,inf,inf,inf,3.684846878051758,3.6279959678649902,3.5739498138427734,3.5225517749786377,3.4736595153808594,3.427140235900879,3.382871627807617,3.3407413959503174,3.300645112991333,3.262486457824707,3.2261762619018555,3.1916310787200928,3.158773899078369,3.1275339126586914,3.2010741233825684,3.310016393661499,3.427720546722412,3.5552327632904053,3.693772315979004,3.844770908355713
1771970276239080631,-3.140000104904175,0.01749303564429283,3.1553783416748047,3.2606701850891113,3.3742997646331787,3.497243642807007,3.6306381225585938,3.7758140563964844,3.9343371391296387,inf,inf,inf,inf,inf,inf,inf,inf,inf,inf,inf,inf,inf,inf,inf,inf,inf,inf,inf,inf,inf,inf,inf,inf,inf,inf,inf,inf,inf,inf,inf,inf,inf,inf,inf,inf,inf,inf,inf,inf,inf,inf,5.942628860473633,5.894214630126953,5.936136722564697,5.980502605438232,6.027394771575928,6.076902389526367,inf,inf,inf,inf,inf,inf,inf,inf,inf,inf,inf,inf,inf,inf,inf,inf,inf,1.9870200157165527,1.9514797925949097,1.9177651405334473,1.8857626914978027,1.8553694486618042,1.8264904022216797,1.7990385293960571,1.7729343175888062,1.7481037378311157,1.7244796752929688,1.701999545097351,1.6806055307388306,1.6602442264556885,1.640866756439209,1.622426986694336,1.604882836341858,1.5881948471069336,1.572326421737671,1.557243824005127,1.5429152250289917,1.529312014579773,1.5164060592651367,1.504172921180725,1.4925885200500488,1.4816309213638306,1.4712802171707153,1.4615172147750854,1.4523245096206665,1.443685531616211,1.5110012292861938,1.6010030508041382,1.7029606103897095,1.8193812370300293,1.9535315036773682,2.109734296798706,2.293851852416992,inf,inf,inf,inf,inf,inf,inf,inf,inf,inf,inf,inf,inf,inf,inf,inf,inf,inf,inf,inf,inf,inf,inf,inf,inf,inf,inf,inf,inf,inf,inf,inf,inf,inf,inf,inf,inf,inf,inf,inf,inf,inf,inf,inf,inf,inf,inf,inf,inf,inf,inf,inf,inf,inf,inf,inf,inf,inf,inf,inf,inf,inf,inf,inf,inf,inf,inf,inf,2.3157660961151123,2.2909231185913086,2.2672932147979736,2.244825839996338,2.223473072052002,2.203191041946411,2.1839373111724854,2.1656744480133057,2.1483659744262695,2.1319799423217773,2.1164841651916504,2.101850748062134,2.088052749633789,2.0750653743743896,2.0628662109375,2.051433563232422,2.040748119354248,2.0307915210723877,2.021547317504883,2.013000011444092,2.0051352977752686,1.9979408979415894,1.9914052486419678,1.9855178594589233,1.980269432067871,2.2019805908203125,2.5621588230133057,inf,inf,inf,inf,5.721042633056641,5.720019340515137,5.720746994018555,5.723226070404053,5.7274603843688965,5.733457088470459,5.741225242614746,5.7507758140563965,5.762124061584473,5.775289535522461,inf,inf,inf,inf,inf,inf,inf,inf,inf,inf,inf,9.609501838684082,9.169297218322754,8.770223617553711,8.769953727722168,8.836814880371094,8.907452583312988,8.981996536254883,9.060596466064453,inf,inf,inf,inf,inf,inf,inf,inf,inf,inf,inf,inf,inf,inf,inf,inf,inf,10.113197326660156,9.940937995910645,9.77739143371582,9.622034072875977,9.509096145629883,9.269883155822754,9.137306213378906,9.011186599731445,8.891183853149414,8.776987075805664,8.988365173339844,9.220463752746582,9.467840194702148,inf,inf,inf,inf,inf,inf,inf,inf,inf,inf,inf,inf,inf,inf,inf,inf,inf,inf,8.305790901184082,8.271214485168457,8.239435195922852,8.21040153503418,8.184067726135254,8.160391807556152,8.139334678649902,8.989385604858398,10.510740280151367,inf,inf,inf,3.9937539100646973,3.992067337036133,3.991603374481201,3.992360830307007,3.994340419769287,3.9975473880767822,4.001984119415283,4.007658004760742,4.014578819274902,4.022756576538086,4.032203674316406,4.042935848236084,4.054969310760498,4.068322658538818,inf,inf,inf,inf,inf,inf,inf,inf,inf,inf,inf,inf,inf,inf,inf,inf,inf,inf,inf,inf,inf,inf,inf,inf,inf,inf,inf,inf,inf,inf,inf,inf,inf,inf,inf,inf,3.6659982204437256,3.61014723777771,3.557044267654419,3.5065391063690186,3.458491325378418,3.4127719402313232,3.3692641258239746,3.3278565406799316,3.2884480953216553,3.250945806503296,3.2152621746063232,3.1813158988952637,3.1490328311920166,3.1370351314544678
1771970276370202927,-3.140000104904175,0.01749303564429283,3.278459310531616,3.2414474487304688,3.206232786178589,3.1727352142333984,3.1408817768096924,3.1641998291015625,3.270169734954834,3.3845555782318115,3.508345603942871,3.6426918506622314,3.788942575454712,3.9486868381500244,inf,inf,inf,inf,inf,inf,inf,inf,inf,inf,inf,inf,inf,inf,inf,inf,inf,inf,inf,inf,inf,inf,inf,inf,inf,inf,inf,inf,inf,inf,inf,inf,inf,inf,inf,inf,inf,inf,inf,inf,inf,6.219170570373535,5.918982982635498,5.897847652435303,5.939974784851074,5.984552383422852,6.03166389465332,6.0813984870910645,inf,inf,inf,inf,inf,inf,inf,inf,inf,inf,inf,inf,inf,inf,inf,inf,inf,1.9837918281555176,1.948413610458374,1.914850115776062,1.8829904794692993,1.8527309894561768,1.8239781856536865,1.7966452836990356,1.770653486251831,1.7459293603897095,1.722406268119812,1.700021743774414,1.6787188053131104,1.6584442853927612,1.6391494274139404,1.620788335800171,1.6033192873001099,1.5867033004760742,1.5709036588668823,1.555887222290039,1.5416224002838135,1.5280799865722656,1.515233039855957,1.503056526184082,1.4915268421173096,1.480622410774231,1.4703227281570435,1.4606091976165771,1.4514646530151367,1.4428725242614746,1.5187561511993408,1.6097197532653809,1.7128326892852783,1.830656886100769,1.9665377140045166,2.1249067783355713,2.31178879737854,inf,inf,inf,inf,inf,inf,inf,inf,inf,inf,inf,inf,inf,inf,inf,inf,inf,inf,inf,inf,inf,inf,inf,inf,inf,inf,inf,inf,inf,inf,inf,inf,inf,inf,inf,inf,inf,inf,inf,inf,inf,inf,inf,inf,inf,inf,inf,inf,inf,inf,inf,inf,inf,inf,inf,inf,inf,inf,inf,inf,inf,inf,inf,inf,inf,inf,inf,inf,2.313422918319702,2.288686513900757,2.2651593685150146,2.2427897453308105,2.221531391143799,2.20133900642395,2.1821725368499756,2.1639928817749023,2.1467654705047607,2.1304571628570557,2.115036725997925,2.1004762649536133,2.0867490768432617,2.0738306045532227,2.0616977214813232,2.0503299236297607,2.039707899093628,2.029813051223755,2.0206289291381836,2.0121405124664307,2.004333734512329,1.9971964359283447,1.9907163381576538,1.9848840236663818,1.9796897172927856,2.227632761001587,2.5971903800964355,inf,inf,inf,inf,5.720724105834961,5.719849586486816,5.7207255363464355,5.723353385925293,5.727736473083496,5.733881950378418,5.741800308227539,5.751501560211182,5.763003349304199,5.776322841644287,inf,inf,inf,inf,inf,inf,inf,inf,inf,inf,inf,9.57080364227295,9.134299278259277,8.738432884216309,8.775290489196777,8.842466354370117,8.913426399230957,8.98830795288086,9.067254066467285,inf,inf,inf,inf,inf,inf,inf,inf,inf,inf,inf,inf,inf,inf,inf,inf,inf,10.098413467407227,9.926910400390625,9.76407241821289,9.609383583068848,9.525094032287598,9.258539199829102,9.126520156860352,9.00092887878418,8.881426811218262,8.787944793701172,9.007160186767578,9.240493774414062,9.489217758178711,inf,inf,inf,inf,inf,inf,inf,inf,inf,inf,inf,inf,inf,inf,inf,inf,inf,inf,8.302860260009766,8.268522262573242,8.236976623535156,8.208172798156738,8.1820650100708,8.158611297607422,8.137774467468262,9.09937572479248,10.66200065612793,inf,inf,inf,3.9936654567718506,3.992082118988037,3.9917218685150146,3.992582321166992,3.9946658611297607,3.997976303100586,4.002518177032471,4.008296966552734,4.015324115753174,4.023609161376953,4.0331645011901855,4.044005870819092,4.056150913238525,4.06961727142334,inf,inf,inf,inf,inf,inf,inf,inf,inf,inf,inf,inf,inf,inf,inf,inf,inf,inf,inf,inf,inf,inf,inf,inf,inf,inf,inf,inf,inf,inf,inf,inf,inf,inf,inf,inf,3.661379814147949,3.605764627456665,3.552884101867676,3.502588987350464,3.454740285873413,3.409209728240967,3.3658809661865234,3.324643850326538,3.285398483276367
1771970276834386535,-3.140000104904175,0.01749303564429283,3.510018825531006,3.4618139266967773,3.415945291519165,3.372295379638672,3.3307533264160156,3.2912168502807617,3.253591775894165,3.2177910804748535,3.1837332248687744,3.1513426303863525,3.1310367584228516,3.2344248294830322,3.345932722091675,3.4665024280548096,3.5972278118133545,3.7393882274627686,3.8944883346557617,inf,inf,inf,inf,inf,inf,inf,inf,inf,inf,inf,inf,inf,inf,inf,inf,inf,inf,inf,inf,inf,inf,inf,inf,inf,inf,inf,inf,inf,inf,inf,inf,inf,inf,inf,inf,inf,inf,inf,inf,inf,inf,6.011153697967529,5.884558200836182,5.925893783569336,5.969653129577637,6.015918731689453,6.064777374267578,6.1224045753479,inf,inf,inf,inf,inf,inf,inf,inf,inf,inf,inf,inf,inf,inf,inf,inf,inf,1.9597899913787842,1.9256420135498047,1.8932327032089233,1.8624571561813354,1.8332176208496094,1.805426001548767,1.7790008783340454,1.7538671493530273,1.7299555540084839,1.707202672958374,1.6855493783950806,1.6649419069290161,1.645329236984253,1.626665472984314,1.6089072227478027,1.592014193534851,1.5759495496749878,1.5606787204742432,1.5461695194244385,1.5323922634124756,1.5193191766738892,1.5069243907928467,1.4951841831207275,1.4840760231018066,1.4735790491104126,1.4636744260787964,1.4543442726135254,1.445571780204773,1.4913315773010254,1.578762173652649,1.677628993988037,1.7902899980545044,1.9198024272918701,2.0701959133148193,2.246901512145996,inf,inf,inf,inf,inf,inf,inf,inf,inf,inf,inf,inf,inf,inf,inf,inf,inf,inf,inf,inf,inf,inf,inf,inf,inf,inf,inf,inf,inf,inf,inf,inf,inf,inf,inf,inf,inf,inf,inf,inf,inf,inf,inf,inf,inf,inf,inf,inf,inf,inf,inf,inf,inf,inf,inf,inf,inf,inf,inf,inf,inf,inf,inf,inf,inf,inf,inf,inf,2.321758270263672,2.2966113090515137,2.272691249847412,2.249946117401123,2.2283265590667725,2.20778751373291,2.1882872581481934,2.1697864532470703,2.152249336242676,2.135641574859619,2.119931697845459,2.105090618133545,2.0910911560058594,2.077908754348755,2.0655195713043213,2.0539019107818604,2.0430359840393066,2.032902717590332,2.0234861373901367,2.014770030975342,2.006739854812622,1.9993830919265747,1.992687463760376,1.9866423606872559,1.9812382459640503,2.1271231174468994,2.4614264965057373,2.921464443206787,inf,inf,inf,5.721302032470703,5.7198486328125,5.720145225524902,5.722194194793701,5.725996017456055,5.731557846069336,5.738889694213867,5.747999668121338,5.758904457092285,5.771620750427246,inf,inf,inf,inf,inf,inf,inf,inf,inf,inf,inf,inf,9.273985862731934,8.865314483642578,8.753795623779297,8.819747924804688,8.889440536499023,8.963010787963867,9.040596008300781,9.122352600097656,inf,inf,inf,inf,inf,inf,inf,inf,inf,inf,inf,inf,inf,inf,inf,inf,10.15719985961914,9.982708930969238,9.817065238952637,9.659736633300781,9.510235786437988,9.303742408752441,9.169519424438477,9.041841506958008,8.920361518859863,8.804760932922363,8.933042526245117,9.16157054901123,9.40505313873291,inf,inf,inf,inf,inf,inf,inf,inf,inf,inf,inf,inf,inf,inf,inf,inf,inf,inf,8.314909934997559,8.27963638305664,8.247173309326172,8.217469215393066,8.190474510192871,8.16614818572998,8.144450187683105,8.678763389587402,10.088140487670898,inf,inf,inf,inf,3.9925460815429688,3.991781234741211,3.9922385215759277,3.993917942047119,3.9968221187591553,4.0009565353393555,4.006325721740723,4.012939929962158,4.020807266235352,4.029942035675049,4.040356636047363,4.052069187164307,4.065096378326416,4.079461097717285,inf,inf,inf,inf,inf,inf,inf,inf,inf,inf,inf,inf,inf,inf,inf,inf,inf,inf,inf,inf,inf,inf,inf,inf,inf,inf,inf,inf,inf,inf,inf,inf,inf,inf,inf,3.6805195808410645,3.623962640762329,3.5701935291290283,3.5190579891204834
1771970276994803529,-3.140000104904175,0.01749303564429283,inf,inf,3.7013778686523438,3.6437931060791016,3.5890533924102783,3.5370006561279297,3.487488031387329,3.4403810501098633,3.395554542541504,3.3528940677642822,3.312293291091919,3.273653745651245,3.236884355545044,3.2019007205963135,3.168623924255371,3.1369822025299072,3.1782681941986084,3.2853219509124756,3.400916814804077,3.5260605812072754,3.6619293689727783,3.809901237487793,3.9716014862060547,inf,inf,inf,inf,inf,inf,inf,inf,inf,inf,inf,inf,inf,inf,inf,inf,inf,inf,inf,inf,inf,inf,inf,inf,inf,inf,inf,inf,inf,inf,inf,inf,inf,inf,inf,inf,inf,inf,inf,inf,inf,6.1673054695129395,5.898674011230469,5.903519630432129,5.945972442626953,5.990886211395264,6.0383453369140625,6.088440895080566,inf,inf,inf,inf,inf,inf,inf,inf,inf,inf,inf,inf,inf,inf,inf,inf,inf,1.9787026643753052,1.9435781240463257,1.9102529287338257,1.8786166906356812,1.8485677242279053,1.8200128078460693,1.7928669452667236,1.7670519351959229,1.7424951791763306,1.719130516052246,1.6968965530395508,1.675736665725708,1.6555981636047363,1.6364327669143677,1.61819589138031,1.6008450984954834,1.584342122077942,1.5686511993408203,1.5537385940551758,1.5395737886428833,1.526127576828003,1.5133732557296753,1.5012860298156738,1.4898422956466675,1.4790210723876953,1.4688022136688232,1.4591671228408813,1.4500981569290161,1.4488557577133179,1.5309654474258423,1.6234667301177979,1.7284284830093384,1.8485041856765747,1.987164855003357,2.149024248123169,2.3403680324554443,inf,inf,inf,inf,inf,inf,inf,inf,inf,inf,inf,inf,inf,inf,inf,inf,inf,inf,inf,inf,inf,inf,inf,inf,inf,inf,inf,inf,inf,inf,inf,inf,inf,inf,inf,inf,inf,inf,inf,inf,inf,inf,inf,inf,inf,inf,inf,inf,inf,inf,inf,inf,inf,inf,inf,inf,inf,inf,inf,inf,inf,inf,inf,inf,inf,inf,inf,2.3356354236602783,2.309809446334839,2.2852399349212646,2.2618725299835205,2.239656448364258,2.2185447216033936,2.198493719100952,2.1794631481170654,2.161414861679077,2.1443138122558594,2.128127098083496,2.1128249168395996,2.0983784198760986,2.08476185798645,2.071951150894165,2.059922933578491,2.048656940460205,2.0381338596343994,2.0283358097076416,2.0192463397979736,2.010850667953491,2.0031352043151855,1.9960864782333374,1.9896944761276245,1.9839484691619873,1.98227059841156,2.269257068634033,2.6543588638305664,inf,inf,inf,inf,5.720304012298584,5.719663143157959,5.720771789550781,5.723633289337158,5.728250980377197,5.734632968902588,5.742788314819336,5.752729415893555,5.764472007751465,5.778034210205078,inf,inf,inf,inf,inf,inf,inf,inf,inf,inf,inf,9.510466575622559,9.079708099365234,8.719826698303223,8.78382396697998,8.851495742797852,8.922969818115234,8.998384475708008,9.07788372039795,inf,inf,inf,inf,inf,inf,inf,inf,inf,inf,inf,inf,inf,inf,inf,inf,inf,10.075242042541504,9.904924392700195,9.74319839477539,9.589558601379395,9.378643989562988,9.24075698852539,9.109614372253418,8.984851837158203,8.86613655090332,8.816092491149902,9.037116050720215,9.272418975830078,9.523290634155273,inf,inf,inf,inf,inf,inf,inf,inf,inf,inf,inf,inf,inf,inf,inf,inf,inf,inf,8.298294067382812,8.264331817626953,8.233154296875,8.204712867736816,8.178960800170898,8.155858039855957,8.135368347167969,9.279088020324707,10.910426139831543,inf,inf,inf,3.993560552597046,3.9921412467956543,3.991942882537842,3.992967367172241,3.9952149391174316,3.9986891746520996,4.0033955574035645,4.009341239929199,4.016535758972168,4.024990081787109,4.034716606140137,4.045732021331787,4.0580525398254395,4.071698188781738,inf,inf,inf,inf,inf,inf,inf,inf,inf,inf,inf,inf,inf,inf,inf,inf,inf,inf,inf,inf,inf,inf,inf,inf,inf,inf,inf,inf,inf,inf,inf,inf,inf,inf
1771970277087905438,-3.140000104904175,0.01749303564429283,inf,inf,inf,inf,inf,inf,inf,3.6968085765838623,3.6394526958465576,3.584930419921875,3.5330822467803955,3.4837634563446045,3.4368398189544678,3.39218807220459,3.3496923446655273,3.30924916267395,3.2707602977752686,3.2341339588165283,3.199286937713623,3.1661415100097656,3.1346254348754883,3.1866142749786377,3.294316530227661,3.4106335639953613,3.5365869998931885,3.6733670234680176,3.8223695755004883,3.9852428436279297,inf,inf,inf,inf,inf,inf,inf,inf,inf,inf,inf,inf,inf,inf,inf,inf,inf,inf,inf,inf,inf,inf,inf,inf,inf,inf,inf,inf,inf,inf,inf,inf,inf,inf,inf,inf,inf,inf,inf,inf,inf,6.143456935882568,5.877408504486084,5.9068732261657715,5.949518203735352,5.994631290435791,6.042296409606934,6.092605113983154,inf,inf,inf,inf,inf,inf,inf,inf,inf,inf,inf,inf,inf,inf,inf,inf,inf,1.9757404327392578,1.9407644271850586,1.907578706741333,1.8760733604431152,1.8461472988128662,1.8177088499069214,1.7906725406646729,1.764960765838623,1.7405023574829102,1.7172306776046753,1.6950849294662476,1.6740089654922485,1.6539503335952759,1.6348611116409302,1.6166965961456299,1.5994154214859009,1.5829789638519287,1.5673516988754272,1.5525003671646118,1.5383939743041992,1.5250040292739868,1.5123041868209839,1.5002694129943848,1.4888765811920166,1.4781041145324707,1.4679328203201294,1.4583436250686646,1.4493192434310913,1.4552297592163086,1.5381094217300415,1.6315282583236694,1.7375956773757935,1.859020471572876,1.999350666999817,2.1633102893829346,2.3573508262634277,inf,inf,inf,inf,inf,inf,inf,inf,inf,inf,inf,inf,inf,inf,inf,inf,inf,inf,inf,inf,inf,inf,inf,inf,inf,inf,inf,inf,inf,inf,inf,inf,inf,inf,inf,inf,inf,inf,inf,inf,inf,inf,inf,inf,inf,inf,inf,inf,inf,inf,inf,inf,inf,inf,inf,inf,inf,inf,inf,inf,inf,inf,inf,inf,inf,inf,inf,2.3334648609161377,2.307741403579712,2.2832701206207275,2.2599964141845703,2.2378695011138916,2.2168445587158203,2.196876287460327,2.1779251098632812,2.1599535942077637,2.1429266929626465,2.1268117427825928,2.1115787029266357,2.0971994400024414,2.0836477279663086,2.0708999633789062,2.0589332580566406,2.047727108001709,2.037262439727783,2.0275213718414307,2.0184879302978516,2.0101468563079834,2.0024843215942383,1.9954885244369507,1.9891479015350342,1.9834527969360352,2.0016794204711914,2.2948882579803467,2.6897034645080566,inf,inf,inf,inf,5.72012186050415,5.719619274139404,5.7208662033081055,5.7238664627075195,5.728623390197754,5.735145092010498,5.743440628051758,5.753523349761963,5.76540994644165,5.779116630554199,inf,inf,inf,inf,inf,inf,inf,inf,inf,inf,inf,9.475045204162598,9.04764175415039,8.724684715270996,8.788966178894043,8.85693359375,8.928712844848633,9.004444122314453,9.084273338317871,inf,inf,inf,inf,inf,inf,inf,inf,inf,inf,inf,inf,inf,inf,inf,inf,inf,10.061562538146973,9.891940116882324,9.730871200561523,9.577847480773926,9.367591857910156,9.23025131225586,9.09962272644043,8.975349426269531,8.857098579406738,8.832962036132812,9.055068016052246,9.291549682617188,9.54371166229248,inf,inf,inf,inf,inf,inf,inf,inf,inf,inf,inf,inf,inf,inf,inf,inf,inf,inf,8.295589447021484,8.261847496032715,8.230888366699219,8.20266056060791,8.177120208740234,8.15422534942627,8.157448768615723,9.38942813873291,11.063711166381836,inf,inf,inf,3.9934849739074707,3.992161750793457,3.992060661315918,3.9931812286376953,3.995525360107422,3.9990975856781006,4.003901481628418,4.009945869445801,4.017239570617676,4.025793552398682,4.0356221199035645,4.046740531921387,4.059165000915527,4.072916507720947,inf,inf,inf,inf,inf,inf,inf,inf,inf,inf,inf,inf,inf,inf,inf,inf,inf,inf,inf,inf,inf,inf,inf,inf,inf,inf,inf,inf,inf
1771970277236386677,-3.140000104904175,0.01749303564429283,inf,inf,inf,inf,inf,inf,inf,inf,inf,inf,inf,inf,inf,3.658205509185791,3.602761745452881,3.550044059753418,3.4999020099639893,3.4521985054016113,3.406806230545044,3.3636083602905273,3.322495937347412,3.283369541168213,3.2461349964141846,3.210707187652588,3.177006244659424,3.1449575424194336,3.152897357940674,3.2579541206359863,3.3713202476501465,3.4939687252044678,3.6270291805267334,3.7718257904052734,3.9299163818359375,inf,inf,inf,inf,inf,inf,inf,inf,inf,inf,inf,inf,inf,inf,inf,inf,inf,inf,inf,inf,inf,inf,inf,inf,inf,inf,inf,inf,inf,inf,inf,inf,inf,inf,inf,inf,inf,inf,inf,inf,inf,inf,5.950711250305176,5.893368244171143,5.935214519500732,5.979502201080322,6.026313304901123,6.075737476348877,inf,inf,inf,inf,inf,inf,inf,inf,inf,inf,inf,inf,inf,inf,inf,inf,inf,1.9875991344451904,1.9520071744918823,1.918243646621704,1.8861956596374512,1.8557595014572144,1.8268402814865112,1.7993505001068115,1.7732104063034058,1.7483463287353516,1.7246904373168945,1.7021799087524414,1.6807571649551392,1.66036856174469,1.6409648656845093,1.6225001811981201,1.6049323081970215,1.5882213115692139,1.5723310708999634,1.5572272539138794,1.54287850856781,1.5292555093765259,1.5163308382034302,1.5040794610977173,1.4924771785736084,1.4815025329589844,1.4711350202560425,1.4613556861877441,1.4521467685699463,1.4434921741485596,1.5098129510879517,1.5995465517044067,1.7011743783950806,1.8171861171722412,1.9508211612701416,2.1063644886016846,2.2896225452423096,inf,inf,inf,inf,inf,inf,inf,inf,inf,inf,inf,inf,inf,inf,inf,inf,inf,inf,inf,inf,inf,inf,inf,inf,inf,inf,inf,inf,inf,inf,inf,inf,inf,inf,inf,inf,inf,inf,inf,inf,inf,inf,inf,inf,inf,inf,inf,inf,inf,inf,inf,inf,inf,inf,inf,inf,inf,inf,inf,inf,inf,inf,inf,inf,inf,inf,inf,inf,2.3160388469696045,2.2911601066589355,2.26749587059021,2.2449960708618164,2.223611831665039,2.203299045562744,2.184016466140747,2.1657252311706543,2.1483895778656006,2.131976842880249,2.116455316543579,2.101796865463257,2.0879743099212646,2.0749635696411133,2.0627410411834717,2.051285743713379,2.0405781269073486,2.03059983253479,2.021333694458008,2.0127651691436768,2.004879951477051,1.9976651668548584,1.9911091327667236,1.9852014780044556,1.9799326658248901,2.1879281997680664,2.5438122749328613,inf,inf,inf,inf,5.720608711242676,5.719527244567871,5.720194339752197,5.72261381149292,5.726789474487305,5.732724666595459,5.740431785583496,5.749922275543213,5.761209487915039,5.774310111999512,inf,inf,inf,inf,inf,inf,inf,inf,inf,inf,inf,9.626513481140137,9.184748649597168,8.784321784973145,8.767213821411133,8.83394718170166,8.904448509216309,8.978854179382324,9.057310104370117,inf,inf,inf,inf,inf,inf,inf,inf,inf,inf,inf,inf,inf,inf,inf,inf,inf,10.11982250213623,9.947248458862305,9.783404350280762,9.627768516540527,9.501862525939941,9.275076866149902,9.142266273498535,9.015925407409668,8.895713806152344,8.781317710876465,8.97989559173584,9.211477279663086,9.45828914642334,inf,inf,inf,inf,inf,inf,inf,inf,inf,inf,inf,inf,inf,inf,inf,inf,inf,inf,8.307476997375488,8.272802352905273,8.240927696228027,8.211800575256348,8.18537425994873,8.16160774230957,8.140461921691895,8.941494941711426,10.446022033691406,inf,inf,inf,3.9942853450775146,3.9925570487976074,3.992051362991333,3.992767810821533,3.994706392288208,3.9978716373443604,4.002266883850098,4.007900238037109,4.014779090881348,4.022914886474609,4.032320499420166,4.0430097579956055,4.055000305175781,4.068310260772705,inf,inf,inf,inf,inf,inf,inf,inf,inf,inf,inf,inf,inf,inf,inf,inf,inf,inf,inf,inf,inf,inf,inf,inf
1771970277687227680,-3.140000104904175,0.01749303564429283,5.347466468811035,5.348435878753662,5.351043701171875,5.3552937507629395,5.361191749572754,5.368748188018799,5.377973556518555,5.388882160186768,5.401491641998291,5.415821552276611,5.431894302368164,5.449735164642334,5.469372749328613,5.490838527679443,5.514167308807373,5.539397716522217,3.675804853439331,3.6198441982269287,3.5666379928588867,3.5160329341888428,3.467890977859497,3.422081708908081,3.3784873485565186,3.336998462677002,3.2975122928619385,3.2599358558654785,3.22418212890625,3.190169334411621,3.157822608947754,3.169504165649414,3.2747442722320557,3.3882851600646973,3.5110957622528076,3.644300937652588,3.7892167568206787,3.9473934173583984,6.6245293617248535,6.711398124694824,6.802684783935547,6.8986287117004395,6.999490737915039,7.105551719665527,7.217119216918945,7.334526062011719,7.458136081695557,7.588345527648926,7.725588798522949,7.870340347290039,8.02312183380127,8.1845064163208,8.355125427246094,8.535677909851074,8.726934432983398,8.929754257202148,9.14509105682373,9.374008178710938,9.617698669433594,9.877501487731934,10.154923439025879,10.451669692993164,10.769675254821777,11.111146926879883,11.478608131408691,11.874964714050293,inf,inf,inf,inf,inf,inf,inf,inf,inf,inf,inf,inf,inf,inf,5.955016613006592,5.9002861976623535,5.941646575927734,5.9854350090026855,6.03173303604126,6.080627918243408,inf,inf,inf,inf,inf,inf,inf,inf,inf,inf,inf,inf,inf,inf,inf,inf,inf,1.9759068489074707,1.9404231309890747,1.9067645072937012,1.8748176097869873,1.8444786071777344,1.8156524896621704,1.7882524728775024,1.7621983289718628,1.737416386604309,1.713838815689087,1.6914036273956299,1.670052409172058,1.649732232093811,1.630393385887146,1.611990213394165,1.5944803953170776,1.577824354171753,1.561985731124878,1.5469307899475098,1.5326275825500488,1.5190472602844238,1.506162166595459,1.49394690990448,1.482378363609314,1.471434473991394,1.4610947370529175,1.4513401985168457,1.442153811454773,1.4429432153701782,1.522822380065918,1.6125855445861816,1.71415114402771,1.8299682140350342,1.9632136821746826,2.1180875301361084,2.3002536296844482,inf,inf,inf,inf,inf,inf,inf,inf,inf,inf,inf,inf,inf,inf,inf,inf,inf,inf,inf,inf,inf,inf,inf,inf,inf,inf,inf,inf,inf,inf,inf,inf,inf,inf,inf,inf,inf,inf,inf,inf,inf,inf,inf,inf,inf,inf,inf,inf,inf,inf,inf,inf,inf,inf,inf,inf,inf,inf,inf,inf,inf,inf,inf,inf,inf,inf,inf,inf,2.311586380004883,2.2866320610046387,2.262894868850708,2.2403244972229004,2.2188720703125,2.1984927654266357,2.179145574569702,2.1607909202575684,2.1433937549591064,2.126919746398926,2.1113381385803223,2.0966203212738037,2.0827391147613525,2.069669246673584,2.0573885440826416,2.045874834060669,2.035108804702759,2.025071859359741,2.015747308731079,2.0071189403533936,1.9991735219955444,1.9918981790542603,1.985280990600586,1.9793109893798828,1.9739789962768555,2.0770537853240967,2.410392999649048,2.872225761413574,inf,inf,inf,5.715290546417236,5.713986873626709,5.7144293785095215,5.716623783111572,5.7205705642700195,5.726276397705078,5.733748912811279,5.743001461029053,5.75404691696167,5.766904354095459,inf,inf,inf,inf,inf,inf,inf,inf,inf,inf,inf,inf,9.256078720092773,8.850869178771973,8.753545761108398,8.819765090942383,8.88973617553711,8.963591575622559,9.041472434997559,9.12353515625,inf,inf,inf,inf,inf,inf,inf,inf,inf,inf,inf,inf,6.978342533111572,inf,inf,inf,10.156378746032715,9.982687950134277,9.817790031433105,9.661160469055176,9.51231575012207,9.306520462036133,9.172872543334961,9.045736312866211,8.924771308898926,8.809659004211426,8.941418647766113,9.170893669128418,6.55214786529541,inf,6.568324089050293,6.395111083984375,11.110105514526367,10.768706321716309,10.450766563415527,10.15407943725586,9.87671184539795,9.616959571838379,9.373313903808594,9.144437789916992,8.929140090942383,8.72635555267334,8.535131454467773,8.354609489440918,8.1840181350708,8.022660255432129,7.869903087615967,7.725174427032471,7.587952613830566,7.457763195037842,7.334171772003174,7.216782569885254,7.105231761932373,6.9991865158081055,6.89833927154541,6.802409648895264,6.711136341094971,6.6242804527282715,6.541619777679443,6.462950229644775,4.006171226501465,4.005562782287598,4.006180763244629,4.008026123046875,4.0111002922058105,4.015408992767334,4.02095890045166,4.0277581214904785,4.035818099975586,4.045149803161621,4.055768966674805,4.067692279815674,4.08093786239624,4.0955281257629395,5.6601243019104,5.626838684082031,5.595644474029541,5.566488265991211,5.539320945739746,5.514095783233643,5.490772724151611,5.4693121910095215,5.449679851531982,5.431844234466553,5.41577672958374,5.40145206451416,5.388847827911377,5.377943992614746,5.368723392486572,5.361172199249268,5.355278491973877,5.351033687591553,5.348430633544922,5.347465991973877
1771970277964625254,-3.140000104904175,0.01749303564429283,inf,inf,inf,inf,inf,inf,inf,inf,inf,inf,inf,inf,inf,inf,inf,inf,inf,inf,inf,3.694019079208374,3.6377763748168945,3.5843019485473633,3.5334420204162598,3.4850566387176514,3.439016342163086,3.395202398300171,3.3535044193267822,3.313819408416748,3.2760536670684814,3.240119218826294,3.20593523979187,3.1734251976013184,3.210416555404663,3.316796064376831,3.431553602218628,3.555663585662842,3.6902596950531006,3.836667060852051,3.996443748474121,inf,inf,inf,inf,inf,inf,inf,inf,inf,inf,inf,inf,inf,inf,inf,inf,inf,inf,inf,inf,inf,inf,inf,inf,inf,inf,inf,inf,inf,inf,inf,inf,inf,inf,inf,inf,inf,inf,inf,inf,inf,6.181718826293945,5.906622409820557,5.9108734130859375,5.9525675773620605,5.996702194213867,6.04335880279541,6.092626571655273,inf,inf,inf,inf,inf,inf,inf,inf,inf,inf,inf,inf,inf,inf,inf,inf,1.9798839092254639,1.943010926246643,1.9080597162246704,1.87490713596344,1.843441367149353,1.8135600090026855,1.7851697206497192,1.7581843137741089,1.7325246334075928,1.7081183195114136,1.6848984956741333,1.6628037691116333,1.6417769193649292,1.6217650175094604,1.6027195453643799,1.5845956802368164,1.5673513412475586,1.550947666168213,1.535348653793335,1.5205211639404297,1.5064336061477661,1.4930577278137207,1.4803662300109863,1.4683340787887573,1.4569380283355713,1.4461567401885986,1.4359701871871948,1.4263592958450317,1.4173072576522827,1.487050175666809,1.5693576335906982,1.6618494987487793,1.7664997577667236,1.8858317136764526,2.0231192111968994,2.182685136795044,2.3703629970550537,inf,inf,inf,inf,inf,inf,inf,inf,inf,inf,inf,inf,inf,inf,inf,inf,inf,inf,inf,inf,inf,inf,inf,inf,inf,inf,inf,inf,inf,inf,inf,inf,inf,inf,inf,inf,inf,inf,inf,inf,inf,inf,inf,inf,inf,inf,inf,inf,inf,inf,inf,inf,inf,inf,inf,inf,inf,inf,inf,inf,inf,inf,inf,inf,inf,inf,inf,inf,2.2943081855773926,2.2695374488830566,2.2459757328033447,2.223571538925171,2.202277660369873,2.1820485591888428,2.162843942642212,2.144624710083008,2.1273555755615234,2.1110024452209473,2.09553599357605,2.0809266567230225,2.0671472549438477,2.054173707962036,2.041982889175415,2.0305538177490234,2.019866466522217,2.0099029541015625,2.0006463527679443,1.9920812845230103,1.9841939210891724,1.9769716262817383,1.9704020023345947,1.9644752740859985,1.9591816663742065,1.954513430595398,2.179880142211914,2.5936942100524902,inf,inf,inf,inf,5.698389530181885,5.698827743530273,5.701011657714844,5.7049431800842285,5.710628032684326,5.718076705932617,5.727299690246582,5.738309860229492,5.751126766204834,5.765769958496094,inf,inf,inf,inf,inf,inf,inf,inf,inf,inf,inf,9.335371971130371,8.925698280334473,8.735822677612305,8.801901817321777,8.871722221374512,8.945418357849121,9.023133277893066,9.105020523071289,inf,inf,inf,inf,inf,inf,inf,inf,inf,inf,inf,inf,inf,inf,inf,inf,inf,10.01650619506836,9.850773811340332,9.693354606628418,9.543761253356934,9.337255477905273,9.202937126159668,9.075165748596191,8.953597068786621,8.837909698486328,8.913993835449219,9.142745018005371,9.386492729187012,inf,inf,inf,inf,inf,inf,inf,inf,inf,inf,inf,inf,inf,inf,inf,inf,inf,inf,8.347192764282227,8.312002182006836,8.279630661010742,8.250024795532227,8.223136901855469,8.19892406463623,8.177349090576172,8.60489273071289,10.021357536315918,inf,inf,inf,inf,4.026660442352295,4.0259904861450195,4.026551723480225,4.028346538543701,4.031377792358398,4.035648822784424,4.041166305541992,4.047939777374268,4.0559797286987305,4.0652971267700195,4.0759077072143555,4.087828159332275,4.101077556610107,4.115675926208496,inf,inf,inf,inf,inf,inf,inf,inf,inf,inf,inf,inf,inf,inf,inf,inf,inf
1771970278297889696,-3.140000104904175,0.01749303564429283,inf,inf,inf,inf,inf,inf,inf,inf,inf,inf,inf,inf,inf,inf,inf,inf,inf,inf,inf,inf,inf,inf,inf,3.7523927688598633,3.693361520767212,3.637254476547241,3.5839076042175293,3.533168315887451,3.484896659851074,3.438964605331421,3.3952531814575195,3.353652000427246,3.3140602111816406,3.2763831615448,3.2405333518981934,3.206429958343506,3.1739981174468994,3.2261295318603516,3.333322048187256,3.4489738941192627,3.5740718841552734,3.7097647190093994,3.8573946952819824,4.01854133605957,inf,inf,inf,inf,inf,inf,inf,inf,inf,inf,inf,inf,inf,inf,inf,inf,inf,inf,inf,inf,inf,inf,inf,inf,inf,inf,inf,inf,inf,inf,inf,inf,inf,inf,inf,inf,inf,inf,inf,inf,inf,6.1489577293396,5.8844990730285645,5.915875434875488,5.957740783691406,6.002053260803223,6.04889440536499,6.098352909088135,inf,inf,inf,inf,inf,inf,inf,inf,inf,inf,inf,inf,inf,inf,inf,inf,1.9709696769714355,1.9343444108963013,1.8996256589889526,1.8666926622390747,1.835434079170227,1.8057485818862915,1.7775431871414185,1.7507331371307373,1.725239634513855,1.700991153717041,1.677920937538147,1.6559683084487915,1.6350764036178589,1.615193247795105,1.5962704420089722,1.5782631635665894,1.5611300468444824,1.5448325872421265,1.5293351411819458,1.5146043300628662,1.5006091594696045,1.487321376800537,1.4747141599655151,1.462762713432312,1.4514440298080444,1.4407365322113037,1.4306206703186035,1.4210773706436157,1.4245961904525757,1.4991528987884521,1.5824553966522217,1.6761033535003662,1.782112717628479,1.9030576944351196,2.042285680770874,2.2042195796966553,inf,inf,inf,inf,inf,inf,inf,inf,inf,inf,inf,inf,inf,inf,inf,inf,inf,inf,inf,inf,inf,inf,inf,inf,inf,inf,inf,inf,inf,inf,inf,inf,inf,inf,inf,inf,inf,inf,inf,inf,inf,inf,inf,inf,inf,inf,inf,inf,inf,inf,inf,inf,inf,inf,inf,inf,inf,inf,inf,inf,inf,inf,inf,inf,inf,inf,inf,inf,inf,2.290027379989624,2.265363931655884,2.2419052124023438,2.219599485397339,2.1983988285064697,2.17825984954834,2.1591413021087646,2.141005039215088,2.1238150596618652,2.1075387001037598,2.0921454429626465,2.077606439590454,2.0638952255249023,2.050987482070923,2.0388600826263428,2.027491807937622,2.0168638229370117,2.0069572925567627,1.997755765914917,1.989244818687439,1.9814093112945557,1.9742372035980225,1.9677164554595947,1.9618370532989502,1.956589937210083,1.9519662857055664,2.161592721939087,2.5770175457000732,inf,inf,inf,inf,5.696113109588623,5.696662902832031,5.6989569664001465,5.702998638153076,5.708793640136719,5.7163519859313965,5.725684642791748,5.736804962158203,5.7497334480285645,5.764486789703369,inf,inf,inf,inf,inf,inf,inf,inf,inf,inf,inf,9.320366859436035,8.912665367126465,8.7374849319458,8.803779602050781,8.873823165893555,8.947750091552734,9.02570629119873,9.107841491699219,inf,inf,inf,inf,inf,inf,inf,inf,inf,inf,inf,inf,inf,inf,inf,inf,inf,10.01179027557373,9.846503257751465,9.689499855041504,9.540301322937012,9.334223747253418,9.2002534866333,9.072809219360352,8.951549530029297,8.83615779876709,8.924243927001953,9.153810501098633,9.398452758789062,inf,inf,inf,inf,inf,inf,inf,inf,inf,inf,inf,inf,inf,inf,inf,inf,inf,inf,8.349390983581543,8.314362525939941,8.282151222229004,8.252703666687012,8.225974082946777,8.20191764831543,8.180497169494629,8.664628028869629,10.106263160705566,inf,inf,inf,inf,4.030974864959717,4.03038215637207,4.0310235023498535,4.032898902893066,4.036011695861816,4.040367126464844,4.045971393585205,4.052832126617432,4.060961723327637,4.070371627807617,4.081077575683594,4.093095302581787,4.106444358825684,4.121145725250244,inf,inf,inf,inf,inf,inf,inf,inf,inf,inf,inf,inf
1771970278494092337,-3.140000104904175,0.01749303564429283,inf,inf,inf,inf,inf,inf,inf,inf,inf,inf,inf,inf,inf,inf,inf,inf,inf,inf,inf,inf,inf,inf,inf,inf,inf,inf,inf,inf,inf,3.699577569961548,3.6431708335876465,3.58954119682312,3.538533926010132,3.49000883102417,3.443836212158203,3.3998963832855225,3.3580777645111084,3.3182790279388428,3.2804043292999268,3.24436616897583,3.210082530975342,3.177478790283203,3.216221570968628,3.32261061668396,3.437366247177124,3.5614612102508545,3.6960253715515137,3.842379331588745,4.002076625823975,inf,inf,inf,inf,inf,inf,inf,inf,inf,inf,inf,inf,inf,inf,inf,inf,inf,inf,inf,inf,inf,inf,inf,inf,inf,inf,inf,inf,inf,inf,inf,inf,inf,inf,inf,inf,inf,inf,inf,inf,inf,6.179724216461182,5.907641410827637,5.9118266105651855,5.953441619873047,5.997494697570801,6.044067859649658,6.093249320983887,inf,inf,inf,inf,inf,inf,inf,inf,inf,inf,inf,inf,inf,inf,inf,inf,1.974324345588684,1.9375035762786865,1.9026023149490356,1.869498372077942,1.8380792140960693,1.8082432746887207,1.7798960208892822,1.752952218055725,1.727332353591919,1.7029646635055542,1.679781436920166,1.6577214002609253,1.6367275714874268,1.6167477369308472,1.5977325439453125,1.579637050628662,1.5624197721481323,1.5460418462753296,1.530466914176941,1.5156621932983398,1.5015959739685059,1.4882396459579468,1.4755665063858032,1.4635512828826904,1.4521710872650146,1.4414042234420776,1.4312303066253662,1.4216309785842896,1.417742371559143,1.4914907217025757,1.5738403797149658,1.6663554906845093,1.771001935005188,1.89029061794281,2.027473211288452,2.186847686767578,2.3742051124572754,inf,inf,inf,inf,inf,inf,inf,inf,inf,inf,inf,inf,inf,inf,inf,inf,inf,inf,inf,inf,inf,inf,inf,inf,inf,inf,inf,inf,inf,inf,inf,inf,inf,inf,inf,inf,inf,inf,inf,inf,inf,inf,inf,inf,inf,inf,inf,inf,inf,inf,inf,inf,inf,inf,inf,inf,inf,inf,inf,inf,inf,inf,inf,inf,inf,inf,inf,inf,2.2924842834472656,2.2676942348480225,2.244114637374878,2.2216923236846924,2.200380563735962,2.1801350116729736,2.1609137058258057,2.1426777839660645,2.125392198562622,2.1090238094329834,2.093540906906128,2.0789153575897217,2.0651204586029053,2.052131175994873,2.039924383163452,2.0284788608551025,2.017775297164917,2.0077953338623047,1.9985220432281494,1.9899404048919678,1.9820358753204346,1.9747953414916992,1.9682080745697021,1.9622629880905151,1.9569507837295532,1.9522626399993896,2.122401714324951,2.522210121154785,inf,inf,inf,inf,5.696002006530762,5.69636869430542,5.69848108291626,5.702340602874756,5.707952976226807,5.71532678604126,5.72447395324707,5.73540735244751,5.748145580291748,5.762707233428955,inf,inf,inf,inf,inf,inf,inf,inf,inf,inf,inf,9.36624813079834,8.954378128051758,8.730623245239258,8.79653263092041,8.866179466247559,8.939693450927734,9.017221450805664,9.098913192749023,inf,inf,inf,inf,inf,inf,inf,inf,inf,inf,inf,inf,inf,inf,inf,inf,inf,10.030044555664062,9.86385440826416,9.706005096435547,9.556004524230957,9.349075317382812,9.214396476745605,9.086281776428223,8.964386940002441,8.84839153289795,8.900879859924316,9.128944396972656,9.371946334838867,inf,inf,inf,inf,inf,inf,inf,inf,inf,inf,inf,inf,inf,inf,inf,inf,inf,inf,8.353602409362793,8.318276405334473,8.285772323608398,8.256038665771484,8.229025840759277,8.204691886901855,8.182997703552246,8.536670684814453,9.93250846862793,inf,inf,inf,inf,4.031494617462158,4.030773639678955,4.031286239624023,4.033033847808838,4.036018371582031,4.040244102478027,4.045717239379883,4.05244779586792,4.060446262359619,4.069722652435303,4.080293655395508,4.092175006866455,4.1053853034973145,4.1199469566345215,inf,inf,inf,inf,inf,inf,inf
1771970279034928724,-3.140000104904175,0.01749303564429283,inf,inf,inf,inf,inf,inf,inf,inf,inf,inf,inf,inf,inf,inf,inf,inf,inf,inf,inf,inf,inf,inf,inf,inf,inf,inf,inf,inf,inf,inf,inf,inf,inf,inf,3.705477237701416,3.648782253265381,3.594879627227783,3.543614387512207,3.4948458671569824,3.448441982269287,3.404282569885254,3.362255096435547,3.3222570419311523,3.2841928005218506,3.247973680496216,3.2135167121887207,3.1807467937469482,3.206390619277954,3.312002420425415,3.4258925914764404,3.5490188598632812,3.6824939250946045,3.8276188373565674,3.9859206676483154,inf,inf,inf,inf,inf,inf,inf,inf,inf,inf,inf,inf,inf,inf,inf,inf,inf,inf,inf,inf,inf,inf,inf,inf,inf,inf,inf,inf,inf,inf,inf,inf,inf,inf,inf,inf,inf,inf,inf,inf,inf,6.210074424743652,5.914595603942871,5.907809257507324,5.949176788330078,5.992974758148193,6.0392842292785645,6.088191986083984,inf,inf,inf,inf,inf,inf,inf,inf,inf,inf,inf,inf,inf,inf,inf,inf,1.9778366088867188,1.9408214092254639,1.905738353729248,1.872464656829834,1.840885877609253,1.8108999729156494,1.7824116945266724,1.7553348541259766,1.729589581489563,1.705102801322937,1.681807041168213,1.6596404314041138,1.6385453939437866,1.618468999862671,1.5993618965148926,1.5811787843704224,1.5638779401779175,1.5474199056625366,1.5317684412002563,1.5168899297714233,1.5027531385421753,1.4893288612365723,1.4765902757644653,1.4645119905471802,1.4530707597732544,1.4422447681427002,1.432013988494873,1.4223592281341553,1.4132635593414307,1.48392915725708,1.5653624534606934,1.6567898988723755,1.760130524635315,1.8778343200683594,2.0130674839019775,2.1700057983398438,2.3542652130126953,inf,inf,inf,inf,inf,inf,inf,inf,inf,inf,inf,inf,inf,inf,inf,inf,inf,inf,inf,inf,inf,inf,inf,inf,inf,inf,inf,inf,inf,inf,inf,inf,inf,inf,inf,inf,inf,inf,inf,inf,inf,inf,inf,inf,inf,inf,inf,inf,inf,inf,inf,inf,inf,inf,inf,inf,inf,inf,inf,inf,inf,inf,inf,inf,inf,inf,inf,inf,2.294963836669922,2.270050525665283,2.246352434158325,2.2238171100616455,2.202397108078003,2.182047128677368,2.1627252101898193,2.144392728805542,2.12701416015625,2.110555648803711,2.0949859619140625,2.0802762508392334,2.066399335861206,2.053330659866333,2.0410470962524414,2.029526710510254,2.018749952316284,2.0086987018585205,1.9993553161621094,1.9907052516937256,1.9827332496643066,1.9754273891448975,1.9687751531600952,1.9627662897109985,1.9573911428451538,1.9526413679122925,2.087480068206787,2.4733471870422363,inf,inf,inf,inf,5.695997714996338,5.69619083404541,5.6981282234191895,5.701811790466309,5.707247257232666,5.714444637298584,5.72341251373291,5.734166622161865,5.74672269821167,5.761101245880127,inf,inf,inf,inf,inf,inf,inf,inf,inf,inf,inf,9.410356521606445,8.994438171386719,8.724146842956543,8.789690017700195,8.858954429626465,8.932075500488281,9.009191513061523,9.090458869934082,inf,inf,inf,inf,inf,inf,inf,inf,inf,inf,inf,inf,inf,inf,inf,inf,inf,10.04746150970459,9.880403518676758,9.721735954284668,9.570965766906738,9.363213539123535,9.227851867675781,9.099091529846191,8.976584434509277,8.86000919342041,8.878679275512695,9.105314254760742,9.346755981445312,9.604371070861816,inf,inf,inf,inf,inf,inf,inf,inf,inf,inf,inf,inf,inf,inf,inf,inf,inf,8.35750675201416,8.321893692016602,8.289109230041504,8.259098052978516,8.23181438446045,8.207213401794434,8.18525505065918,8.417692184448242,9.771578788757324,inf,inf,inf,inf,4.031831741333008,4.0309882164001465,4.031376838684082,4.0329999923706055,4.035860538482666,4.039961814880371,4.0453104972839355,4.051914691925049,4.05978536605835,4.068933963775635,4.079375267028809,4.091124534606934,4.104201793670654,4.118627071380615,inf,inf
1771970279248445445,-3.140000104904175,0.01749303564429283,4.739858150482178,4.740715026855469,4.74302339553833,4.746787071228027,4.752012252807617,4.758706569671631,4.766880989074707,4.776546955108643,4.787720680236816,4.800418853759766,4.814661979675293,4.830472469329834,4.847875118255615,4.866898536682129,4.8875732421875,4.909933567047119,4.93401575088501,4.959860801696777,4.98751163482666,5.017016887664795,5.048427104949951,5.081798076629639,5.117189407348633,5.154665470123291,5.194295406341553,5.236154556274414,5.280322551727295,5.32688570022583,5.375937461853027,5.427576541900635,5.481911659240723,5.539057731628418,5.5991387367248535,5.662289619445801,5.728653907775879,3.7261974811553955,3.668745517730713,3.6141271591186523,3.562185764312744,3.51277494430542,3.4657630920410156,3.421025276184082,3.378448247909546,3.3379275798797607,3.2993648052215576,3.262669801712036,3.2277584075927734,3.1945536136627197,3.2408363819122314,3.3467156887054443,3.4608418941497803,3.5841617584228516,3.7177746295928955,3.8629627227783203,4.0212321281433105,8.30844783782959,8.524420738220215,8.754672050476074,9.000537872314453,9.263527870178223,9.54535961151123,9.84798526763916,10.173644065856934,10.524907112121582,10.90475082397461,11.316630363464355,11.764586448669434,inf,inf,inf,inf,inf,inf,inf,inf,inf,inf,inf,inf,inf,inf,inf,inf,inf,inf,inf,inf,inf,inf,inf,inf,inf,inf,inf,inf,inf,6.196210861206055,5.901932716369629,5.902845859527588,5.943382263183594,5.986323833465576,6.031749725341797,6.074640274047852,inf,inf,inf,inf,inf,inf,inf,inf,inf,inf,inf,inf,inf,inf,inf,inf,1.9507668018341064,1.9140135049819946,1.8791840076446533,1.8461542129516602,1.814811110496521,1.7850515842437744,1.7567813396453857,1.729913592338562,1.7043689489364624,1.6800743341445923,1.6569627523422241,1.6349714994430542,1.6140440702438354,1.5941270589828491,1.575171709060669,1.5571329593658447,1.5399683713912964,1.52363920211792,1.508109450340271,1.4933454990386963,1.479315996170044,1.4659919738769531,1.453346610069275,1.4413549900054932,1.4299933910369873,1.4192405939102173,1.4090760946273804,1.3994815349578857,1.4127397537231445,1.4848809242248535,1.5652916431427002,1.6554460525512695,1.7571896314620972,1.872869610786438,2.0055103302001953,2.1590828895568848,2.3389010429382324,inf,inf,inf,inf,inf,inf,inf,inf,inf,inf,inf,inf,inf,inf,inf,inf,inf,inf,inf,inf,inf,inf,inf,inf,inf,inf,inf,inf,inf,inf,inf,inf,inf,inf,inf,inf,inf,inf,inf,inf,inf,inf,inf,inf,inf,inf,inf,inf,inf,inf,inf,inf,inf,inf,inf,inf,inf,inf,inf,inf,inf,inf,inf,inf,inf,inf,inf,inf,inf,2.268864393234253,2.2449729442596436,2.2222518920898438,2.200653076171875,2.18013072013855,2.160642385482788,2.1421492099761963,2.124614953994751,2.1080048084259033,2.09228777885437,2.0774340629577637,2.0634169578552246,2.05021071434021,2.037792444229126,2.026139736175537,2.015232563018799,2.0050528049468994,1.9955822229385376,1.9868063926696777,1.9787100553512573,1.9712804555892944,1.9645050764083862,1.9583735466003418,1.9528757333755493,1.9480032920837402,1.9437479972839355,2.1396644115448,2.605363130569458,inf,inf,inf,5.690814971923828,5.690625190734863,5.6921772956848145,5.695472717285156,5.700518608093262,5.7073211669921875,5.715890407562256,5.726241111755371,5.7383880615234375,5.7523512840271,inf,inf,inf,inf,inf,inf,inf,inf,inf,inf,inf,9.575305938720703,9.147928237915039,8.759637832641602,8.769250869750977,8.837640762329102,8.909855842590332,8.986031532287598,9.066320419311523,inf,inf,inf,inf,6.35898494720459,6.3000664710998535,6.374748706817627,6.453221321105957,6.535675048828125,6.622315406799316,6.7133660316467285,6.809067726135254,6.909681797027588,6.9612202644348145,6.8038835525512695,9.263860702514648,9.000847816467285,8.754961967468262,8.52469253540039,8.308703422546387,8.105807304382324,7.914948463439941,7.7351837158203125,7.565666675567627,7.405637741088867,7.2544121742248535,7.111371994018555,6.975956916809082,6.847658634185791,6.548121929168701,6.477065086364746,6.409474849700928,6.396984100341797,6.298098087310791,6.204092025756836,6.114694595336914,6.029655933380127,5.948745250701904,5.871750354766846,5.7984747886657715,5.728736877441406,5.6623687744140625,5.59921407699585,5.539129257202148,5.481979846954346,5.42764139175415,5.375998497009277,5.326943874359131,5.2803778648376465,5.236207008361816,5.194345474243164,5.154712200164795,5.117233753204346,5.0818400382995605,5.048466682434082,5.017054080963135,4.987546920776367,4.959893226623535,4.934046268463135,4.909961700439453,4.0609636306762695,4.059874057769775,4.060027122497559,4.061423301696777,4.064064025878906,4.067954063415527,4.073099136352539,4.079507350921631,4.087187767028809,4.096153736114502,4.106417655944824,4.117996692657471,4.130908966064453,4.145175457000732,4.739858627319336
1771970279414310617,-3.140000104904175,0.01749303564429283,inf,inf,inf,inf,inf,inf,inf,inf,inf,inf,inf,inf,inf,inf,inf,inf,inf,inf,inf,inf,inf,inf,inf,inf,inf,inf,inf,inf,inf,inf,inf,inf,inf,inf,3.8163859844207764,3.755013942718506,3.696697950363159,3.641263246536255,3.588548183441162,3.538404703140259,3.490696907043457,3.445298910140991,3.4020938873291016,3.3609747886657715,3.3218424320220947,3.284604549407959,3.2491750717163086,3.2268664836883545,3.326993465423584,3.434617757797241,3.55056095123291,3.675769567489624,3.81134033203125,3.958552598953247,inf,inf,inf,inf,inf,inf,inf,inf,inf,inf,inf,inf,inf,inf,inf,inf,inf,inf,inf,inf,inf,inf,inf,inf,inf,inf,inf,inf,inf,inf,inf,inf,inf,inf,inf,inf,inf,inf,inf,inf,inf,inf,6.098184108734131,5.892953872680664,5.910293102264404,5.950787544250488,5.993687629699707,6.039072036743164,6.0870256423950195,inf,inf,inf,inf,inf,inf,inf,inf,inf,inf,inf,inf,inf,inf,inf,1.9121299982070923,1.8745214939117432,1.8389158248901367,1.8051795959472656,1.7731916904449463,1.7428417205810547,1.7140289545059204,1.6866610050201416,1.6606534719467163,1.6359288692474365,1.6124156713485718,1.5900485515594482,1.5687669515609741,1.5485153198242188,1.5292414426803589,1.5108983516693115,1.4934415817260742,1.4768307209014893,1.461026906967163,1.445995807647705,1.4317045211791992,1.4181225299835205,1.405221700668335,1.39297616481781,1.3813610076904297,1.3703539371490479,1.359933614730835,1.3500806093215942,1.3694827556610107,1.4348561763763428,1.507267951965332,1.5878887176513672,1.678163766860962,1.7798995971679688,1.8953856229782104,2.027559995651245,2.180267095565796,inf,inf,inf,inf,inf,inf,inf,inf,inf,inf,inf,inf,inf,inf,inf,inf,inf,inf,inf,inf,inf,inf,inf,inf,inf,inf,inf,inf,inf,inf,inf,inf,inf,inf,inf,inf,inf,inf,inf,inf,inf,inf,inf,inf,inf,inf,inf,inf,inf,inf,inf,inf,inf,inf,inf,inf,inf,inf,inf,inf,inf,inf,inf,inf,inf,inf,inf,inf,inf,inf,inf,2.2352240085601807,2.212414026260376,2.1907289028167725,2.1701221466064453,2.1505517959594727,2.1319775581359863,2.1143624782562256,2.097672939300537,2.0818769931793213,2.0669450759887695,2.052849292755127,2.039564371109009,2.027066469192505,2.015333652496338,2.0043461322784424,1.9940844774246216,1.9845314025878906,1.9756711721420288,1.9674888849258423,1.95997154712677,1.9531066417694092,1.9468835592269897,1.9412920475006104,1.9363235235214233,1.9319697618484497,1.9282243251800537,1.9250816106796265,2.292788028717041,inf,inf,inf,5.677798748016357,5.678987979888916,5.681917190551758,5.686590194702148,5.693015098571777,5.701200008392334,5.711158752441406,5.722907066345215,5.7364630699157715,5.751847267150879,inf,inf,inf,inf,inf,inf,inf,inf,inf,inf,inf,9.38747787475586,8.984367370605469,8.741602897644043,8.809113502502441,8.880412101745605,8.955638885498047,9.034937858581543,9.118468284606934,inf,inf,inf,inf,inf,inf,inf,inf,inf,inf,inf,inf,inf,inf,inf,inf,inf,10.061113357543945,9.897130012512207,9.741337776184082,9.593265533447266,9.388587951660156,9.255586624145508,9.12905502319336,9.00865650177002,8.894078254699707,8.975154876708984,9.209296226501465,9.458954811096191,inf,inf,inf,inf,inf,inf,inf,inf,inf,inf,inf,inf,inf,inf,inf,inf,inf,inf,8.418951988220215,8.38463306427002,8.353137969970703,8.324417114257812,8.298422813415527,8.275115013122559,8.254456520080566,8.987415313720703,10.581908226013184,inf,inf,inf,inf,4.111104965209961,4.110966205596924,4.11208438873291,4.114462852478027,4.118105411529541,4.123016834259033,4.129204750061035,4.136679649353027,4.14545202255249,4.15553617477417,4.166947364807129,4.179704189300537,4.193826198577881,inf
1771970279610579630,-3.140000104904175,0.01749303564429283,inf,inf,inf,inf,inf,inf,inf,inf,inf,inf,inf,inf,inf,inf,inf,inf,inf,inf,inf,inf,inf,inf,inf,inf,inf,inf,inf,inf,inf,inf,inf,inf,inf,inf,3.829063653945923,3.7675821781158447,3.7091619968414307,3.6536264419555664,3.6008141040802,3.5505785942077637,3.5027823448181152,3.4572999477386475,3.4140143394470215,3.372818946838379,3.333613634109497,3.2963061332702637,3.2608115673065186,3.3316004276275635,3.4351651668548584,3.5464956760406494,3.66644287109375,3.7959909439086914,3.9362776279449463,4.088630199432373,inf,inf,inf,inf,inf,inf,inf,inf,inf,inf,inf,inf,inf,inf,inf,inf,inf,inf,inf,inf,inf,inf,inf,inf,inf,inf,inf,inf,inf,inf,inf,inf,inf,inf,inf,inf,inf,inf,inf,inf,inf,inf,5.92787504196167,5.885738849639893,5.924082279205322,5.964765548706055,6.0078630447387695,6.05345344543457,inf,inf,inf,inf,inf,inf,inf,inf,inf,inf,inf,inf,inf,inf,1.9114716053009033,1.8712050914764404,1.8331495523452759,1.7971500158309937,1.7630664110183716,1.7307710647583008,1.7001488208770752,1.6710937023162842,1.6435092687606812,1.6173075437545776,1.5924077033996582,1.568735957145691,1.5462238788604736,1.524808645248413,1.5044325590133667,1.4850422143936157,1.4665887355804443,1.4490258693695068,1.432311773300171,1.416407585144043,1.40127694606781,1.386885404586792,1.3732028007507324,1.3601999282836914,1.3478491306304932,1.3361259698867798,1.3250069618225098,1.3144704103469849,1.3044960498809814,1.3426880836486816,1.4035919904708862,1.4707549810409546,1.5451650619506836,1.6280304193496704,1.7208442687988281,1.8254722356796265,1.9442800283432007,2.080310583114624,2.237544536590576,inf,inf,inf,inf,inf,inf,inf,inf,inf,inf,inf,inf,inf,inf,inf,inf,inf,inf,inf,inf,inf,inf,inf,inf,inf,inf,inf,inf,inf,inf,inf,inf,inf,inf,inf,inf,inf,inf,inf,inf,inf,inf,inf,inf,inf,inf,inf,inf,inf,inf,inf,inf,inf,inf,inf,inf,inf,inf,inf,inf,inf,inf,inf,inf,inf,inf,inf,inf,inf,inf,inf,inf,2.1984643936157227,2.176954507827759,2.156514883041382,2.13710355758667,2.1186811923980713,2.101210832595825,2.0846593379974365,2.0689942836761475,2.054187059402466,2.040210008621216,2.027038335800171,2.0146474838256836,2.003016948699951,1.9921255111694336,1.9819552898406982,1.9724891185760498,1.963710904121399,1.95560622215271,1.9481619596481323,1.9413658380508423,1.9352070093154907,1.929675579071045,1.9247633218765259,1.9204617738723755,1.9167653322219849,1.9136669635772705,1.9111627340316772,2.111161470413208,inf,inf,inf,5.667827606201172,5.670827865600586,5.675568103790283,5.6820573806762695,5.690304756164551,5.700322151184082,5.7121262550354,5.725735187530518,5.7411699295043945,5.758455276489258,inf,inf,inf,inf,inf,inf,inf,inf,inf,inf,9.508333206176758,9.100927352905273,8.732256889343262,8.799836158752441,8.871206283569336,8.946502685546875,9.025874137878418,9.109477996826172,inf,inf,inf,inf,inf,inf,inf,inf,inf,inf,inf,inf,inf,inf,inf,inf,inf,10.123661041259766,9.958909034729004,9.802387237548828,9.653616905212402,9.448314666748047,9.314676284790039,9.187538146972656,9.066560745239258,8.951431274414062,8.965387344360352,9.199668884277344,9.449492454528809,9.716318130493164,inf,inf,inf,inf,inf,inf,inf,inf,inf,inf,inf,inf,inf,inf,inf,inf,inf,8.469447135925293,8.435042381286621,8.40347671508789,8.374699592590332,8.348665237426758,8.325331687927246,8.304661750793457,8.949417114257812,10.549840927124023,inf,inf,inf,inf,4.161684036254883,4.1615986824035645,4.162787437438965,4.165252208709717,4.1689958572387695,4.17402458190918,4.180346488952637,4.1879706382751465,4.196908950805664,4.207176685333252,4.218788146972656,4.231761932373047,4.246119499206543,inf
1771970279788521447,-3.140000104904175,0.01749303564429283,inf,inf,inf,inf,inf,inf,inf,inf,inf,inf,inf,inf,inf,inf,inf,inf,inf,inf,inf,inf,inf,inf,inf,inf,inf,inf,inf,inf,inf,inf,inf,inf,inf,3.9091880321502686,3.844214677810669,3.7825047969818115,3.7238662242889404,3.6681227684020996,3.6151139736175537,3.5646908283233643,3.5167160034179688,3.4710633754730225,3.4276163578033447,3.3862669467926025,3.346914291381836,3.3094680309295654,3.3337721824645996,3.4332871437072754,3.54004168510437,3.6548032760620117,3.778449535369873,3.9119935035705566,4.056610584259033,inf,inf,inf,inf,inf,inf,inf,inf,inf,inf,inf,inf,inf,inf,inf,inf,inf,inf,inf,inf,inf,inf,inf,inf,inf,inf,inf,inf,inf,inf,inf,inf,inf,inf,inf,inf,inf,inf,inf,inf,inf,inf,6.0806965827941895,5.864624500274658,5.898033142089844,5.9364705085754395,5.977252960205078,6.0204548835754395,6.066154956817627,inf,inf,inf,inf,inf,inf,inf,inf,inf,inf,inf,inf,inf,1.8710200786590576,1.8301945924758911,1.791649341583252,1.7552201747894287,1.7207590341567993,1.6881316900253296,1.6572160720825195,1.6279016733169556,1.6000875234603882,1.5736814737319946,1.5485986471176147,1.5247621536254883,1.5021014213562012,1.4805504083633423,1.4600493907928467,1.440543532371521,1.4219812154769897,1.40431547164917,1.3875025510787964,1.3715022802352905,1.3562769889831543,1.3417922258377075,1.3280154466629028,1.3149170875549316,1.302469253540039,1.2906461954116821,1.2794238328933716,1.2687797546386719,1.264690637588501,1.316558599472046,1.3733023405075073,1.435616374015808,1.5043365955352783,1.5804744958877563,1.665266752243042,1.760241985321045,1.867313265800476,1.9889006614685059,2.1281208992004395,inf,inf,inf,inf,inf,inf,inf,inf,inf,inf,inf,inf,inf,inf,inf,inf,inf,inf,inf,inf,inf,inf,inf,inf,inf,inf,inf,inf,inf,inf,inf,inf,inf,inf,inf,inf,inf,inf,inf,inf,inf,inf,inf,inf,inf,inf,inf,inf,inf,inf,inf,inf,inf,inf,inf,inf,inf,inf,inf,inf,inf,inf,inf,inf,inf,inf,inf,inf,inf,inf,inf,inf,inf,inf,2.1638782024383545,2.1435670852661133,2.1242778301239014,2.105970859527588,2.088610887527466,2.0721635818481445,2.0565974712371826,2.041883707046509,2.0279948711395264,2.014906406402588,2.0025947093963623,1.9910380840301514,1.9802165031433105,1.970111608505249,1.9607057571411133,1.951984167098999,1.9439321756362915,1.9365363121032715,1.9297846555709839,1.9236665964126587,1.9181725978851318,1.913293480873108,1.9090217351913452,1.9053504467010498,1.90227472782135,1.8997889757156372,1.8978899717330933,1.8965747356414795,inf,inf,5.656505107879639,5.659510135650635,5.664253234863281,5.670739650726318,5.678982734680176,5.688992500305176,5.700784683227539,5.7143778800964355,5.729794025421143,5.747056484222412,inf,inf,inf,inf,inf,inf,inf,inf,inf,inf,9.645699501037598,9.232544898986816,8.855926513671875,8.787858963012695,8.859152793884277,8.934370040893555,9.013656616210938,9.097171783447266,9.18508529663086,inf,inf,inf,inf,inf,inf,inf,inf,inf,inf,inf,inf,inf,inf,inf,inf,10.192880630493164,10.0270414352417,9.869483947753906,9.71972942352295,9.513498306274414,9.378969192504883,9.250983238220215,9.129199028015137,9.013303756713867,8.946944236755371,9.180800437927246,9.43017578125,9.696525573730469,inf,inf,inf,inf,inf,inf,inf,inf,inf,inf,inf,inf,inf,inf,inf,inf,inf,8.521561622619629,8.486963272094727,8.455221176147461,8.426284790039062,8.400107383728027,8.376646995544434,8.355867385864258,8.859434127807617,10.445657730102539,inf,inf,inf,inf,4.2125654220581055,4.212488174438477,4.213699817657471,4.216202735900879,4.220001220703125,4.225099086761475,4.231506824493408,4.239233493804932,4.248290538787842,4.258691787719727,4.270453929901123,4.283596515655518,4.2981390953063965,inf
1771970279954819173,-3.140000104904175,0.01749303564429283,inf,inf,inf,inf,inf,inf,inf,inf,inf,inf,inf,inf,inf,inf,inf,inf,inf,inf,inf,inf,inf,inf,inf,inf,inf,inf,inf,inf,inf,inf,inf,inf,inf,3.924431562423706,3.8592028617858887,3.7972500324249268,3.7383804321289062,3.6824185848236084,3.6292009353637695,3.5785791873931885,3.5304157733917236,3.484583616256714,3.440965414047241,3.399453639984131,3.3599469661712646,3.3321502208709717,3.4277098178863525,3.530024528503418,3.6397831439971924,3.75777268409729,3.8848965167999268,4.022197246551514,4.170881748199463,inf,inf,inf,inf,inf,inf,inf,inf,inf,inf,inf,inf,inf,inf,inf,inf,inf,inf,inf,inf,inf,inf,inf,inf,inf,inf,inf,inf,inf,inf,inf,inf,inf,inf,inf,inf,inf,inf,inf,inf,inf,inf,5.921989440917969,5.873307704925537,5.909534931182861,5.948043346405029,5.988901138305664,6.0321831703186035,inf,inf,inf,inf,inf,inf,inf,inf,inf,inf,inf,inf,1.8771368265151978,1.8331316709518433,1.791678547859192,1.7525831460952759,1.7156710624694824,1.6807855367660522,1.6477844715118408,1.616539716720581,1.586934208869934,1.5588622093200684,1.5322264432907104,1.50693941116333,1.482919692993164,1.460093379020691,1.4383927583694458,1.4177552461624146,1.398123025894165,1.379443883895874,1.3616679906845093,1.3447507619857788,1.3286505937576294,1.3133282661437988,1.2987483739852905,1.2848773002624512,1.2716846466064453,1.2591413259506226,1.2472211122512817,1.2358990907669067,1.2251521348953247,1.2427513599395752,1.2913295030593872,1.3442883491516113,1.4022235870361328,1.4658467769622803,1.5360100269317627,1.6137467622756958,1.7003182172775269,1.7972874641418457,1.9066039323806763,2.030740976333618,inf,inf,inf,inf,inf,inf,inf,inf,inf,inf,inf,inf,inf,inf,inf,inf,inf,inf,inf,inf,inf,inf,inf,inf,inf,inf,inf,inf,inf,inf,inf,inf,inf,inf,inf,inf,inf,inf,inf,inf,inf,inf,inf,inf,inf,inf,inf,inf,inf,inf,inf,inf,inf,inf,inf,inf,inf,inf,inf,inf,inf,inf,inf,inf,inf,inf,inf,inf,inf,inf,inf,inf,inf,inf,inf,inf,2.1312997341156006,2.1121201515197754,2.0939176082611084,2.076655864715576,2.0603017807006836,2.0448238849639893,2.03019380569458,2.0163841247558594,2.0033695697784424,1.9911277294158936,1.979636549949646,1.9688761234283447,1.9588282108306885,1.9494761228561401,1.9408036470413208,1.9327970743179321,1.925443172454834,1.918729543685913,1.9126460552215576,1.9071825742721558,1.9023306369781494,1.8980828523635864,1.8944324254989624,1.8913733959197998,1.8889015913009644,1.8870128393173218,1.8857043981552124,1.8849738836288452,inf,5.956610679626465,5.648632049560547,5.653364181518555,5.659836769104004,5.668060779571533,5.6780500411987305,5.689817905426025,5.703383445739746,5.71876859664917,5.735994815826416,5.755093574523926,inf,inf,inf,inf,inf,inf,inf,inf,inf,inf,9.36156940460205,8.979669570922852,8.775867462158203,8.847060203552246,8.922171592712402,9.00134563446045,9.08474349975586,9.17253303527832,inf,inf,inf,inf,inf,inf,inf,inf,inf,inf,inf,inf,inf,inf,inf,inf,10.260476112365723,10.093530654907227,9.934922218322754,9.784171104431152,9.652602195739746,9.441557884216309,9.312713623046875,9.190112113952637,9.073437690734863,8.962396621704102,9.160941123962402,9.40976619720459,9.675528526306152,inf,inf,inf,inf,inf,inf,inf,inf,inf,inf,inf,inf,inf,inf,inf,inf,inf,inf,8.536975860595703,8.505043983459473,8.475934028625488,8.449599266052246,8.42599868774414,8.405094146728516,8.763246536254883,10.331960678100586,inf,inf,inf,inf,4.261345386505127,4.261265277862549,4.2624897956848145,4.265020370483398,4.268860816955566,4.274017333984375,4.280498027801514,4.2883124351501465,4.297472953796387,4.307993412017822,4.319890975952148,4.333184242248535,4.347893238067627,inf
1771970280136018021,-3.140000104904175,0.01749303564429283,inf,inf,inf,inf,inf,inf,inf,inf,inf,inf,inf,inf,inf,inf,inf,inf,inf,inf,inf,inf,inf,inf,inf,inf,inf,inf,inf,inf,inf,inf,inf,inf,inf,3.9397263526916504,3.874239683151245,3.812042474746704,3.7529404163360596,3.6967568397521973,3.643329381942749,3.5925073623657227,3.544153928756714,3.498140573501587,3.454350471496582,3.4126741886138916,3.373011827468872,3.4234941005706787,3.52166748046875,3.6267802715301514,3.73953914642334,3.8607544898986816,3.991353750228882,4.132406234741211,inf,inf,inf,inf,inf,inf,inf,inf,inf,inf,inf,inf,inf,inf,inf,inf,inf,inf,inf,inf,inf,inf,inf,inf,inf,inf,inf,inf,inf,inf,inf,inf,inf,inf,inf,inf,inf,inf,inf,inf,inf,inf,6.09512996673584,5.864687919616699,5.88475227355957,5.921048164367676,5.959630012512207,6.000566005706787,6.043930530548096,inf,inf,inf,inf,inf,inf,inf,inf,inf,inf,inf,1.8386646509170532,1.793961524963379,1.751904010772705,1.7122852802276611,1.6749202013015747,1.6396418809890747,1.6063004732131958,1.57476007938385,1.5448981523513794,1.5166031122207642,1.4897738695144653,1.4643174409866333,1.4401495456695557,1.4171931743621826,1.395377516746521,1.3746373653411865,1.3549134731292725,1.3361505270004272,1.318298101425171,1.3013094663619995,1.2851412296295166,1.2697536945343018,1.2551097869873047,1.2411754131317139,1.227918267250061,1.215309500694275,1.2033214569091797,1.1919291019439697,1.181107997894287,1.2227600812911987,1.268380880355835,1.3179579973220825,1.3720040321350098,1.4311292171478271,1.496058702468872,1.567662239074707,1.6469929218292236,1.7353404760360718,1.834296464920044,1.945851445198059,2.0725297927856445,inf,inf,inf,inf,inf,inf,inf,inf,inf,inf,inf,inf,inf,inf,inf,inf,inf,inf,inf,inf,inf,inf,inf,inf,inf,inf,inf,inf,inf,inf,inf,inf,inf,inf,inf,inf,inf,inf,inf,inf,inf,inf,inf,inf,inf,inf,inf,inf,inf,inf,inf,inf,inf,inf,inf,inf,inf,inf,inf,inf,inf,inf,inf,inf,inf,inf,inf,inf,inf,inf,inf,inf,inf,inf,inf,inf,inf,2.099963665008545,2.081864356994629,2.0647008419036865,2.0484395027160645,2.033050060272217,2.018502712249756,2.0047714710235596,1.9918309450149536,1.9796581268310547,1.9682323932647705,1.9575328826904297,1.9475420713424683,1.938242793083191,1.9296194314956665,1.921657919883728,1.9143449068069458,1.9076694250106812,1.901619791984558,1.8961869478225708,1.8913623094558716,1.88713800907135,1.8835076093673706,1.8804655075073242,1.8780070543289185,1.87612783908844,1.8748259544372559,1.8740990161895752,1.873945713043213,1.8743659257888794,5.63774299621582,5.642462730407715,5.648921489715576,5.6571269035339355,5.667093276977539,5.678835391998291,5.692371845245361,5.707724094390869,5.724915504455566,5.743974208831787,inf,inf,inf,inf,inf,inf,inf,inf,inf,inf,9.49095344543457,9.103747367858887,8.763826370239258,8.834918022155762,8.909919738769531,8.988980293273926,9.072257041931152,9.159920692443848,inf,inf,inf,inf,inf,inf,inf,inf,inf,inf,inf,inf,inf,inf,inf,inf,10.328232765197754,10.160175323486328,10.00051212310791,9.848756790161133,9.704462051391602,9.504280090332031,9.37457275390625,9.251150131225586,9.13369369506836,9.0219087600708,9.140926361083984,9.389193534851074,9.65435791015625,inf,inf,inf,inf,inf,inf,inf,inf,inf,inf,inf,inf,inf,inf,inf,inf,inf,inf,8.587053298950195,8.554929733276367,8.52564525604248,8.499152183532715,8.475408554077148,8.454376220703125,8.666254043579102,10.217159271240234,inf,inf,inf,inf,4.310169219970703,4.310086727142334,4.311323165893555,4.313880443572998,4.317762851715088,4.322976589202881,4.329529285430908,4.337430953979492,4.346693992614746,4.357332706451416,4.369364261627197,4.382807731628418,4.397683143615723,inf
1771970280408933696,-3.140000104904175,0.01749303564429283,inf,inf,inf,inf,inf,inf,inf,inf,inf,inf,inf,inf,inf,inf,inf,inf,inf,inf,inf,inf,inf,inf,inf,inf,inf,inf,inf,inf,inf,inf,inf,inf,4.024262428283691,3.955004930496216,3.889260768890381,3.8268184661865234,3.767484426498413,3.7110798358917236,3.6574418544769287,3.6064205169677734,3.5578763484954834,3.5116825103759766,3.4677207469940186,3.4258806705474854,3.4204325675964355,3.5147311687469482,3.615513563156128,3.7234201431274414,3.839176654815674,3.9636130332946777,4.097682476043701,4.242482662200928,inf,inf,inf,inf,inf,inf,inf,inf,inf,inf,inf,inf,inf,inf,inf,inf,inf,inf,inf,inf,inf,inf,inf,inf,inf,inf,inf,inf,inf,inf,inf,inf,inf,inf,inf,inf,inf,inf,inf,inf,inf,inf,5.927504539489746,5.862025260925293,5.896161079406738,5.932522773742676,5.971174240112305,6.012184143066406,6.064288139343262,inf,inf,inf,inf,inf,inf,inf,inf,inf,inf,1.7988834381103516,1.7535046339035034,1.7108696699142456,1.6707578897476196,1.6329718828201294,1.5973355770111084,1.5636893510818481,1.5318905115127563,1.5018097162246704,1.4733296632766724,1.4463438987731934,1.4207559823989868,1.3964775800704956,1.3734281063079834,1.351534128189087,1.3307276964187622,1.3109477758407593,1.2921364307403564,1.2742420434951782,1.2572154998779297,1.2410131692886353,1.2255933284759521,1.2109177112579346,1.1969515085220337,1.1836618185043335,1.1710186004638672,1.1589932441711426,1.1475600004196167,1.1647387742996216,1.2044864892959595,1.247437596321106,1.2939764261245728,1.3445496559143066,1.3996820449829102,1.4599952697753906,1.5262283086776733,1.5992686748504639,1.680192470550537,1.7703123092651367,1.8712518215179443,1.9850423336029053,inf,inf,inf,inf,inf,inf,inf,inf,inf,inf,inf,inf,inf,inf,inf,inf,inf,inf,inf,inf,inf,inf,inf,inf,inf,inf,inf,inf,inf,inf,inf,inf,inf,inf,inf,inf,inf,inf,inf,inf,inf,inf,inf,inf,inf,inf,inf,inf,inf,inf,inf,inf,inf,inf,inf,inf,inf,inf,inf,inf,inf,inf,inf,inf,inf,inf,inf,inf,inf,inf,inf,inf,inf,inf,inf,inf,inf,inf,inf,2.0698256492614746,2.052760362625122,2.0365920066833496,2.0212900638580322,2.0068259239196777,1.9931727647781372,1.9803059101104736,1.968202829360962,1.9568419456481934,1.9462034702301025,1.9362691640853882,1.9270228147506714,1.9184480905532837,1.9105318784713745,1.9032604694366455,1.8966223001480103,1.890607237815857,1.8852049112319946,1.8804070949554443,1.8762062788009644,1.8725957870483398,1.8695703744888306,1.867125153541565,1.8652563095092773,1.863961100578308,1.8632371425628662,1.863084077835083,1.8635010719299316,1.8644886016845703,5.631575107574463,5.6380181312561035,5.646204948425293,5.656149387359619,5.6678667068481445,5.681374549865723,5.696692943572998,5.713848114013672,5.732867240905762,5.753779411315918,inf,inf,inf,inf,inf,inf,inf,inf,inf,9.620223999023438,9.227714538574219,8.868584632873535,8.822787284851074,8.89768123626709,8.976627349853516,9.059784889221191,9.147322654724121,inf,inf,inf,inf,inf,inf,inf,inf,inf,inf,inf,inf,inf,inf,inf,inf,inf,10.22675609588623,10.06603717803955,9.913277626037598,9.768030166625977,9.566940307617188,9.436369895935059,9.312126159667969,9.193887710571289,9.081360816955566,9.120936393737793,9.368645668029785,9.633211135864258,inf,inf,inf,inf,inf,inf,inf,inf,inf,inf,inf,inf,inf,inf,inf,inf,inf,inf,8.637078285217285,8.60476303100586,8.575303077697754,8.548650741577148,8.524765014648438,8.503606796264648,8.569403648376465,10.102531433105469,inf,inf,inf,inf,4.358940601348877,4.358855247497559,4.360103130340576,4.362687110900879,4.366611480712891,4.37188196182251,4.378506660461426,4.386495590209961,4.3958611488342285,4.406618118286133,4.418783664703369,4.432376861572266,4.447417736053467,inf
1771970280602179702,-3.140000104904175,0.01749303564429283,inf,inf,inf,inf,inf,inf,inf,inf,inf,inf,inf,inf,inf,inf,inf,inf,inf,inf,inf,inf,inf,inf,inf,inf,inf,inf,inf,inf,inf,inf,inf,inf,4.040443420410156,3.970902681350708,3.904890537261963,3.842193603515625,3.7826173305511475,3.725983142852783,3.6721267700195312,3.620897054672241,3.572155714035034,3.525773286819458,3.4816322326660156,3.4396214485168457,3.5128185749053955,3.6096582412719727,3.713156223297119,3.8239688873291016,3.942842960357666,4.0706305503845215,4.208309650421143,inf,inf,inf,inf,inf,inf,inf,inf,inf,inf,inf,inf,inf,inf,inf,inf,inf,inf,inf,inf,inf,inf,inf,inf,inf,inf,inf,inf,inf,inf,inf,inf,inf,inf,inf,inf,inf,inf,inf,inf,inf,inf,6.106550216674805,5.860288619995117,5.873839855194092,5.908041000366211,5.944472312927246,5.983198165893555,6.024287223815918,inf,inf,inf,inf,inf,inf,inf,inf,inf,1.8029348850250244,1.7539006471633911,1.7079724073410034,1.664884090423584,1.624401330947876,1.58631432056427,1.5504361391067505,1.5165987014770508,1.4846514463424683,1.4544581174850464,1.4258960485458374,1.39885413646698,1.3732309341430664,1.3489348888397217,1.3258825540542603,1.3039970397949219,1.2832084894180298,1.2634530067443848,1.2446717023849487,1.2268105745315552,1.2098196744918823,1.1936531066894531,1.1782689094543457,1.1636278629302979,1.1496933698654175,1.136432409286499,1.1238138675689697,1.1118090152740479,1.1160939931869507,1.1510841846466064,1.1887145042419434,1.2292776107788086,1.2731095552444458,1.3206020593643188,1.3722118139266968,1.4284741878509521,1.4900224208831787,1.557612419128418,1.6321481466293335,1.714726209640503,1.8066900968551636,1.9096928834915161,2.025808572769165,inf,inf,inf,inf,inf,inf,inf,inf,inf,inf,inf,inf,inf,inf,inf,inf,inf,inf,inf,inf,inf,inf,inf,inf,inf,inf,inf,inf,inf,inf,inf,inf,inf,inf,inf,inf,inf,inf,inf,inf,inf,inf,inf,inf,inf,inf,inf,inf,inf,inf,inf,inf,inf,inf,inf,inf,inf,inf,inf,inf,inf,inf,inf,inf,inf,inf,inf,inf,inf,inf,inf,inf,inf,inf,inf,inf,inf,inf,inf,inf,inf,2.0242652893066406,2.0090548992156982,1.9946768283843994,1.9811054468154907,1.968315601348877,1.9562844038009644,1.944990873336792,1.9344159364700317,1.9245407581329346,1.9153492450714111,1.9068257808685303,1.898956298828125,1.891728162765503,1.8851288557052612,1.879149079322815,1.8737784624099731,1.8690088987350464,1.8648325204849243,1.8612431287765503,1.8582351207733154,1.8558037281036377,1.8539451360702515,1.852656602859497,1.8519365787506104,1.851783275604248,1.8521965742111206,1.8531773090362549,1.8547269105911255,1.856847882270813,5.634842395782471,5.644762992858887,5.6564531326293945,5.669930934906006,5.685215950012207,5.702334403991699,5.721311569213867,5.742178440093994,inf,inf,inf,inf,inf,inf,inf,inf,inf,inf,9.356730461120605,8.992552757263184,8.81016731262207,8.884947776794434,8.963774681091309,9.046807289123535,9.1342134475708,9.226175308227539,inf,inf,inf,inf,inf,inf,inf,inf,inf,inf,inf,inf,inf,inf,inf,inf,10.296043395996094,10.134224891662598,9.980422019958496,9.834181785583496,9.632145881652832,9.500679016113281,9.375579833984375,9.256529808044434,9.143228530883789,9.100135803222656,9.347262382507324,9.611207962036133,9.893610954284668,inf,inf,inf,inf,inf,inf,inf,inf,inf,inf,inf,inf,inf,inf,inf,inf,inf,8.689132690429688,8.656618118286133,8.626976013183594,8.600159645080566,8.57612419128418,8.554834365844727,8.5362548828125,9.983312606811523,inf,inf,inf,inf,inf,4.40960168838501,4.410861492156982,4.413474082946777,4.417441368103027,4.422770977020264,4.429470539093018,4.437549591064453,4.447022438049316,4.457902431488037,4.4702067375183105,4.483955383300781,4.49916934967041,inf
1771970280824030145,-3.140000104904175,0.01749303564429283,inf,inf,inf,inf,inf,inf,inf,inf,inf,inf,inf,inf,inf,inf,inf,inf,inf,inf,inf,inf,inf,inf,inf,inf,inf,inf,inf,inf,inf,inf,inf,inf,4.056009292602539,3.9861972332000732,3.919926643371582,3.856984853744507,3.797175645828247,3.7403202056884766,3.686253786087036,3.634824275970459,3.5858919620513916,3.5393288135528564,3.4950153827667236,3.508641481399536,3.601691722869873,3.7009735107421875,3.8070831298828125,3.9206912517547607,4.042564392089844,4.173575401306152,4.314725875854492,inf,inf,inf,inf,inf,inf,inf,inf,inf,inf,inf,inf,inf,inf,inf,inf,inf,inf,inf,inf,inf,inf,inf,inf,inf,inf,inf,inf,inf,inf,inf,inf,inf,inf,inf,inf,inf,inf,inf,inf,inf,inf,5.928457736968994,5.853122234344482,5.8852128982543945,5.919478893280029,5.955978870391846,5.994778156280518,6.041689395904541,inf,inf,inf,inf,inf,inf,inf,inf,1.7603647708892822,1.7106084823608398,1.664082407951355,1.6205030679702759,1.5796194076538086,1.5412075519561768,1.5050690174102783,1.4710265398025513,1.4389203786849976,1.4086074829101562,1.3799591064453125,1.352858543395996,1.3272000551223755,1.30288827419281,1.2798357009887695,1.257962703704834,1.2371971607208252,1.2174724340438843,1.1987279653549194,1.1809076070785522,1.163960576057434,1.147839069366455,1.1325000524520874,1.1179031133651733,1.104011058807373,1.0907899141311646,1.0782074928283691,1.0734875202178955,1.104515790939331,1.137750267982483,1.1734167337417603,1.2117741107940674,1.2531213760375977,1.2978004217147827,1.3462104797363281,1.3988165855407715,1.4561647176742554,1.5189021825790405,1.5877952575683594,1.6637686491012573,1.7479397058486938,1.8416744470596313,1.9466620683670044,inf,inf,inf,inf,inf,inf,inf,inf,inf,inf,inf,inf,inf,inf,inf,inf,inf,inf,inf,inf,inf,inf,inf,inf,inf,inf,inf,inf,inf,inf,inf,inf,inf,inf,inf,inf,inf,inf,inf,inf,inf,inf,inf,inf,inf,inf,inf,inf,inf,inf,inf,inf,inf,inf,inf,inf,inf,inf,inf,inf,inf,inf,inf,inf,inf,inf,inf,inf,inf,inf,inf,inf,inf,inf,inf,inf,inf,inf,inf,inf,inf,inf,inf,1.9972851276397705,1.9829905033111572,1.9694972038269043,1.9567811489105225,1.9448193311691284,1.933591365814209,1.9230769872665405,1.9132587909698486,1.9041203260421753,1.8956451416015625,1.887821078300476,1.8806343078613281,1.8740731477737427,1.8681273460388184,1.8627874851226807,1.8580447435379028,1.8538919687271118,1.8503226041793823,1.8473312854766846,1.8449132442474365,1.843064785003662,1.8417829275131226,1.8410658836364746,1.8409126996994019,1.841322660446167,1.8422967195510864,1.8438361883163452,1.845943808555603,1.8486225605010986,5.633810520172119,5.645475387573242,5.658923625946045,5.6741766929626465,5.691258430480957,5.710196495056152,5.731019496917725,5.7537617683410645,inf,inf,inf,inf,inf,inf,inf,inf,inf,9.480874061584473,9.111835479736328,8.798025131225586,8.872698783874512,8.951412200927734,9.034323692321777,9.121603012084961,9.213431358337402,inf,inf,inf,inf,inf,inf,inf,inf,inf,inf,inf,inf,inf,inf,inf,inf,10.36270523071289,10.19983196258545,10.045023918151855,9.89783000946045,9.790566444396973,9.56255054473877,9.436631202697754,9.31679916381836,9.202752113342285,9.094213485717773,9.326691627502441,9.590041160583496,9.871803283691406,inf,inf,inf,inf,inf,inf,inf,inf,inf,inf,inf,inf,inf,inf,inf,inf,inf,8.739213943481445,8.706507682800293,8.676690101623535,8.649714469909668,8.625536918640137,8.604119300842285,8.585429191589355,9.868680000305176,inf,inf,inf,inf,inf,4.4584221839904785,4.4596943855285645,4.4623332023620605,4.466342449188232,4.471728801727295,4.478499889373779,4.486666679382324,4.496241569519043,4.507240295410156,4.519678115844727,4.533576965332031,4.548957347869873,inf
1771970280977631297,-3.140000104904175,0.01749303564429283,inf,inf,inf,inf,inf,inf,inf,inf,inf,inf,inf,inf,inf,inf,inf,inf,inf,inf,inf,inf,inf,inf,inf,inf,inf,inf,inf,inf,inf,inf,inf,4.144804954528809,4.0709428787231445,4.000870227813721,3.934351921081543,3.8711752891540527,3.811142921447754,3.754074811935425,3.6998064517974854,3.6481852531433105,3.5990703105926514,3.552333354949951,3.507854700088501,3.591710329055786,3.686957836151123,3.7885842323303223,3.8971991539001465,4.013489723205566,4.138238906860352,4.272341251373291,inf,inf,inf,inf,inf,inf,inf,inf,inf,inf,inf,inf,inf,inf,inf,inf,inf,inf,inf,inf,inf,inf,inf,inf,inf,inf,inf,inf,inf,inf,inf,inf,inf,inf,inf,inf,inf,inf,inf,inf,inf,inf,6.136505126953125,5.841669082641602,5.863968849182129,5.896115779876709,5.930441856384277,5.967006683349609,6.005874156951904,inf,inf,inf,inf,inf,inf,inf,1.7740161418914795,1.7197471857070923,1.6691954135894775,1.6220132112503052,1.5778944492340088,1.536569595336914,1.4978011846542358,1.4613767862319946,1.4271084070205688,1.3948272466659546,1.3643825054168701,1.335638403892517,1.3084725141525269,1.2827746868133545,1.2584441900253296,1.235390305519104,1.2135306596755981,1.1927900314331055,1.1730992794036865,1.154395341873169,1.136621117591858,1.1197233200073242,1.103653073310852,1.0883663892745972,1.0738211870193481,1.059979796409607,1.046806812286377,1.0358558893203735,1.0635418891906738,1.0930920839309692,1.124685287475586,1.158524751663208,1.1948397159576416,1.2338954210281372,1.2759943008422852,1.3214857578277588,1.3707761764526367,1.424338459968567,1.4827287197113037,1.546605110168457,1.6167490482330322,1.6941007375717163,1.7797996997833252,1.8752341270446777,inf,inf,inf,inf,inf,inf,inf,inf,inf,inf,inf,inf,inf,inf,inf,inf,inf,inf,inf,inf,inf,inf,inf,inf,inf,inf,inf,inf,inf,inf,inf,inf,inf,inf,inf,inf,inf,inf,inf,inf,inf,inf,inf,inf,inf,inf,inf,inf,inf,inf,inf,inf,inf,inf,inf,inf,inf,inf,inf,inf,inf,inf,inf,inf,inf,inf,inf,inf,inf,inf,inf,inf,inf,inf,inf,inf,inf,inf,inf,inf,inf,inf,inf,inf,inf,1.9717782735824585,1.9583605527877808,1.945715069770813,1.9338198900222778,1.922654390335083,1.912198781967163,1.9024349451065063,1.8933470249176025,1.8849191665649414,1.8771382570266724,1.8699909448623657,1.8634662628173828,1.8575531244277954,1.8522424697875977,1.847525954246521,1.8433958292007446,1.8398456573486328,1.8368703126907349,1.8344650268554688,1.8326263427734375,1.8313508033752441,1.8306370973587036,1.8304837942123413,1.830890417098999,1.8318582773208618,1.8333884477615356,1.8354827165603638,1.83814537525177,1.841380000114441,1.8451917171478271,5.648364067077637,5.663585662841797,5.680632591247559,5.6995320320129395,5.7203145027160645,5.743011951446533,inf,inf,inf,inf,inf,inf,inf,inf,inf,9.600000381469727,9.226296424865723,8.883214950561523,8.86094856262207,8.93955135345459,9.022348403930664,9.109506607055664,9.201208114624023,inf,inf,inf,inf,inf,inf,inf,inf,inf,inf,inf,inf,inf,inf,inf,inf,10.42667007446289,10.262781143188477,10.107008934020996,9.958898544311523,9.818025588989258,9.621918678283691,9.495210647583008,9.374627113342285,9.259866714477539,9.150647163391113,9.306963920593262,9.569738388061523,9.850886344909668,inf,inf,inf,inf,inf,inf,inf,inf,inf,inf,inf,inf,inf,inf,inf,inf,inf,8.787266731262207,8.754375457763672,8.724390029907227,8.697261810302734,8.67294692993164,8.651408195495605,8.632610321044922,9.758790969848633,inf,inf,inf,inf,inf,4.505265712738037,4.50654935836792,4.509213447570801,4.513262748718262,4.518703460693359,4.525543212890625,4.533793926239014,4.543467044830322,4.55457878112793,4.567145824432373,4.581187725067139,4.59672737121582,inf
1771970281212923907,-3.140000104904175,0.01749303564429283,inf,inf,inf,inf,inf,inf,inf,inf,inf,inf,inf,inf,inf,inf,inf,inf,inf,inf,inf,inf,inf,inf,inf,inf,inf,inf,inf,inf,4.170666217803955,4.095734596252441,4.024657726287842,3.9571969509124756,3.8931310176849365,3.832261085510254,3.774402141571045,3.719385862350464,3.66705584526062,3.617269992828369,3.5698952674865723,3.5276365280151367,3.6168925762176514,3.7119481563568115,3.813333749771118,3.9216461181640625,4.037563323974609,4.161853790283203,4.295395851135254,inf,inf,inf,inf,inf,inf,inf,inf,inf,inf,inf,inf,inf,inf,inf,inf,inf,inf,inf,inf,inf,inf,inf,inf,inf,inf,inf,inf,inf,inf,inf,inf,inf,inf,inf,inf,inf,inf,inf,inf,inf,inf,6.128283500671387,5.845948696136475,5.862401008605957,5.894073486328125,5.927914142608643,5.9639811515808105,6.00233793258667,inf,inf,inf,inf,inf,inf,1.7897697687149048,1.7321878671646118,1.6786935329437256,1.62888765335083,1.5824222564697266,1.5389920473098755,1.4983283281326294,1.4601936340332031,1.4243768453598022,1.3906906843185425,1.3589669466018677,1.3290560245513916,1.3008228540420532,1.2741460800170898,1.2489157915115356,1.2250330448150635,1.202407717704773,1.180957555770874,1.1606085300445557,1.141291856765747,1.122945785522461,1.1055132150650024,1.0889415740966797,1.0731830596923828,1.058193325996399,1.0439317226409912,1.030360221862793,1.0174447298049927,1.0392919778823853,1.0668206214904785,1.0961915254592896,1.127579689025879,1.1611851453781128,1.1972320079803467,1.235979676246643,1.2777230739593506,1.3228033781051636,1.3716166019439697,1.4246219396591187,1.482361912727356,1.5454720258712769,1.6147109270095825,1.690987467765808,1.7753968238830566,1.8692781925201416,inf,inf,inf,inf,inf,inf,inf,inf,inf,inf,inf,inf,inf,inf,inf,inf,inf,inf,inf,inf,inf,inf,inf,inf,inf,inf,inf,inf,inf,inf,inf,inf,inf,inf,inf,inf,inf,inf,inf,inf,inf,inf,inf,inf,inf,inf,inf,inf,inf,inf,inf,inf,inf,inf,inf,inf,inf,inf,inf,inf,inf,inf,inf,inf,inf,inf,inf,inf,inf,inf,inf,inf,inf,inf,inf,inf,inf,inf,inf,inf,inf,inf,inf,inf,inf,inf,1.9555937051773071,1.9428075551986694,1.9307738542556763,1.9194724559783936,1.9088832139968872,1.8989883661270142,1.8897705078125,1.8812147378921509,1.8733065128326416,1.8660335540771484,1.8593831062316895,1.8533450365066528,1.847909927368164,1.8430689573287964,1.838814377784729,1.8351397514343262,1.8320391178131104,1.8295079469680786,1.8275420665740967,1.8261387348175049,1.8252956867218018,1.8250114917755127,1.8252860307693481,1.8261194229125977,1.8275130987167358,1.829468846321106,1.8319902420043945,1.835080862045288,1.838745355606079,1.8429896831512451,5.654321193695068,5.670919895172119,5.689363479614258,5.709680557250977,5.731903553009033,5.756067752838135,inf,inf,inf,inf,inf,inf,inf,inf,inf,9.376091003417969,9.023711204528809,8.83699893951416,8.914587020874023,8.99632740020752,9.082385063171387,9.172941207885742,9.268182754516602,inf,inf,inf,inf,inf,inf,inf,inf,inf,inf,inf,inf,inf,inf,inf,inf,10.33606243133545,10.177884101867676,10.027493476867676,9.884465217590332,9.686116218566895,9.557476043701172,9.435059547424316,9.31855297088623,9.207672119140625,9.237663269042969,9.496087074279785,9.772459030151367,inf,inf,inf,inf,inf,inf,inf,inf,inf,inf,inf,inf,inf,inf,inf,inf,inf,inf,8.788857460021973,8.758099555969238,8.730217933654785,8.705168724060059,8.682912826538086,8.663414001464844,9.311436653137207,11.242584228515625,inf,inf,inf,inf,4.5316081047058105,4.5325727462768555,4.534926414489746,4.538671493530273,4.5438151359558105,4.550364017486572,4.558328628540039,4.567720890045166,4.578556060791016,4.590851306915283,4.6046247482299805,4.619900226593018,4.63670015335083,inf,inf,inf
1771970281368414919,-3.140000104904175,0.01749303564429283,7.664992332458496,7.711105823516846,7.760167121887207,7.812262058258057,7.867485046386719,7.925936698913574,7.987726211547852,8.052969932556152,10.175492286682129,10.202402114868164,10.232593536376953,10.266114234924316,10.303019523620605,10.343367576599121,10.387223243713379,10.434659004211426,7.775018215179443,7.903055191040039,8.027312278747559,10.661881446838379,10.728540420532227,10.799365043640137,10.874480247497559,10.954022407531738,11.038140296936035,4.176677227020264,4.101634502410889,4.030452251434326,3.962890148162842,3.8987295627593994,3.837769031524658,3.7798244953155518,3.7247254848480225,3.6723179817199707,3.622457981109619,3.5750131607055664,3.549136161804199,3.638960123062134,3.734621286392212,3.8366541862487793,3.945659875869751,4.062320232391357,4.187409400939941,4.321811676025391,inf,inf,inf,inf,inf,inf,inf,inf,inf,inf,inf,inf,inf,inf,inf,inf,inf,inf,inf,inf,inf,inf,inf,inf,inf,inf,inf,inf,inf,inf,inf,inf,inf,inf,inf,inf,inf,inf,inf,inf,inf,inf,6.082740306854248,5.837500095367432,5.866934776306152,5.898481845855713,5.93219518661499,5.968132972717285,6.006357669830322,inf,inf,inf,inf,inf,inf,1.7646123170852661,1.7078564167022705,1.6551284790039062,1.6060354709625244,1.560234785079956,1.5174251794815063,1.4773423671722412,1.4397515058517456,1.4044454097747803,1.3712390661239624,1.3399670124053955,1.3104816675186157,1.2826502323150635,1.2563525438308716,1.2314810752868652,1.2079375982284546,1.1856331825256348,1.1644877195358276,1.1444272994995117,1.12538480758667,1.1072988510131836,1.0901132822036743,1.0737767219543457,1.0582414865493774,1.0434643030166626,1.029404640197754,1.0160255432128906,1.020346760749817,1.0463621616363525,1.0740761756896973,1.103644847869873,1.1352452039718628,1.1690770387649536,1.205367088317871,1.2443755865097046,1.2863999605178833,1.3317838907241821,1.3809244632720947,1.4342865943908691,1.4924145936965942,1.55594801902771,1.6256510019302368,1.702438235282898,1.787412166595459,1.8819212913513184,inf,inf,inf,inf,inf,inf,inf,inf,inf,inf,inf,inf,inf,inf,inf,inf,inf,inf,inf,inf,inf,inf,inf,inf,inf,inf,inf,inf,inf,inf,inf,inf,inf,inf,inf,inf,inf,inf,inf,inf,inf,inf,inf,inf,inf,inf,inf,inf,inf,inf,inf,inf,inf,inf,inf,inf,inf,inf,inf,inf,inf,inf,inf,inf,inf,inf,inf,inf,inf,inf,inf,inf,inf,inf,inf,inf,inf,inf,inf,inf,inf,inf,inf,inf,inf,inf,1.9513853788375854,1.9386253356933594,1.9266170263290405,1.9153388738632202,1.9047716856002808,1.8948971033096313,1.8856981992721558,1.877159833908081,1.8692679405212402,1.8620097637176514,1.8553727865219116,1.8493469953536987,1.843922734260559,1.839091420173645,1.8348454236984253,1.831177830696106,1.8280829191207886,1.8255565166473389,1.8235942125320435,1.822192668914795,1.8213506937026978,1.8210666179656982,1.8213393688201904,1.8221702575683594,1.8235599994659424,1.82551109790802,1.828026294708252,1.8311094045639038,1.8347651958465576,1.8389993906021118,5.650397777557373,5.6669840812683105,5.685412883758545,5.70571231842041,5.727916717529297,5.75206184387207,inf,inf,inf,inf,inf,inf,inf,inf,inf,9.404205322265625,9.050882339477539,8.83266830444336,8.910215377807617,8.99190902709961,9.077921867370605,9.168425559997559,9.263617515563965,inf,inf,inf,inf,inf,6.44943904876709,6.536827564239502,6.628673076629639,6.725224018096924,6.826748371124268,6.933539390563965,7.045915126800537,7.16422176361084,inf,inf,inf,10.352901458740234,10.194503784179688,10.043907165527344,9.900680541992188,9.702134132385254,9.573315620422363,9.450726509094238,9.334057807922363,9.2230224609375,9.23018741607666,9.488386154174805,9.764520645141602,6.929081439971924,6.861208915710449,6.796713352203369,6.805411338806152,inf,inf,inf,inf,inf,inf,inf,inf,inf,inf,inf,inf,11.904152870178223,11.776287078857422,8.802521705627441,8.771735191345215,8.743830680847168,8.718761444091797,8.696490287780762,8.676980018615723,9.27007007598877,10.958169937133789,10.878399848937988,10.80306339263916,10.732025146484375,10.665157318115234,4.54429292678833,4.545270919799805,4.547640323638916,4.5514068603515625,4.556573390960693,4.563150882720947,4.57114839553833,4.5805768966674805,4.591452598571777,4.603793144226074,4.617615699768066,4.632944107055664,4.649802207946777,8.982863426208496,8.361627578735352,7.822998523712158,7.57421875,7.61417293548584,7.6569061279296875
1771970281528197760,-3.140000104904175,0.01749303564429283,inf,inf,inf,inf,inf,inf,inf,inf,inf,inf,inf,inf,inf,inf,inf,inf,inf,inf,inf,inf,inf,inf,inf,inf,inf,4.21481466293335,4.1385297775268555,4.0661797523498535,3.9975171089172363,3.932318925857544,3.870378255844116,3.811506986618042,3.7555317878723145,3.7022933959960938,3.6516449451446533,3.603451728820801,3.607360363006592,3.697906017303467,3.7943055629730225,3.8970892429351807,4.006857872009277,4.124288082122803,4.250148296356201,4.385315418243408,inf,inf,inf,inf,inf,inf,inf,inf,inf,inf,inf,inf,inf,inf,inf,inf,inf,inf,inf,inf,inf,inf,inf,inf,inf,inf,inf,inf,inf,inf,inf,inf,inf,inf,inf,inf,inf,inf,inf,inf,inf,inf,5.987006187438965,5.846520900726318,5.875738143920898,5.907065391540527,5.940556049346924,5.976268291473389,6.014263153076172,inf,inf,inf,inf,inf,1.7372292280197144,1.6784192323684692,1.6239417791366577,1.5733554363250732,1.5262787342071533,1.4823776483535767,1.4413602352142334,1.4029693603515625,1.3669778108596802,1.3331847190856934,1.3014105558395386,1.2714956998825073,1.2432971000671387,1.216686487197876,1.1915481090545654,1.1677772998809814,1.145280361175537,1.1239711046218872,1.1037718057632446,1.0846117734909058,1.066426396369934,1.049156665802002,1.0327479839324951,1.0171514749526978,1.0023208856582642,0.9882146716117859,0.9927812814712524,1.0160908699035645,1.0408469438552856,1.0671745538711548,1.0952122211456299,1.1251165866851807,1.1570639610290527,1.1912535429000854,1.2279123067855835,1.2672988176345825,1.3097103834152222,1.3554877042770386,1.4050272703170776,1.4587875604629517,1.5173085927963257,1.5812257528305054,1.651291847229004,1.7284082174301147,1.8136636018753052,inf,inf,inf,inf,inf,inf,inf,inf,inf,inf,inf,inf,inf,inf,inf,inf,inf,inf,inf,inf,inf,inf,inf,inf,inf,inf,inf,inf,inf,inf,inf,inf,inf,inf,inf,inf,inf,inf,inf,inf,inf,inf,inf,inf,inf,inf,inf,inf,inf,inf,inf,inf,inf,inf,inf,inf,inf,inf,inf,inf,inf,inf,inf,inf,inf,inf,inf,inf,inf,inf,inf,inf,inf,inf,inf,inf,inf,inf,inf,inf,inf,inf,inf,inf,inf,inf,inf,inf,1.9252254962921143,1.913160800933838,1.9018241167068481,1.8911970853805542,1.8812603950500488,1.871997356414795,1.8633923530578613,1.8554315567016602,1.8481013774871826,1.8413901329040527,1.835287094116211,1.829782485961914,1.8248672485351562,1.8205342292785645,1.8167762756347656,1.8135876655578613,1.8109632730484009,1.8088992834091187,1.8073922395706177,1.8064402341842651,1.8060415983200073,1.806195616722107,1.8069026470184326,1.8081637620925903,1.8099809885025024,1.812356948852539,1.8152952194213867,1.818800449371338,1.822878122329712,1.8275346755981445,1.8327772617340088,5.665962219238281,5.68580961227417,5.707550525665283,5.7312188148498535,inf,inf,inf,inf,inf,inf,inf,inf,inf,9.60386848449707,9.239306449890137,8.904034614562988,8.875246047973633,8.955862045288086,9.040749549865723,9.130083084106445,9.224048614501953,inf,inf,inf,inf,inf,inf,inf,inf,inf,inf,inf,inf,inf,inf,inf,inf,10.451576232910156,10.290398597717285,10.137170791625977,9.99145221710205,9.852837562561035,9.659313201904297,9.534602165222168,9.415914535522461,9.302957534790039,9.19545841217041,9.401058197021484,9.67228889465332,9.962773323059082,inf,inf,inf,inf,inf,inf,inf,inf,inf,inf,inf,inf,inf,inf,inf,inf,inf,8.856493949890137,8.824883460998535,8.79617977142334,8.770337104797363,8.747314453125,8.727076530456543,8.787582397460938,10.53020191192627,inf,inf,inf,inf,inf,4.591426849365234,4.593502521514893,4.596986770629883,4.601886749267578,4.608207702636719,4.61596155166626,4.625158786773682,4.635814189910889,4.64794397354126,4.6615681648254395,4.6767072677612305,4.693385601043701,inf,inf,inf,inf,inf,inf
1771970281737657541,-3.140000104904175,0.01749303564429283,inf,inf,inf,inf,inf,inf,inf,inf,inf,inf,inf,inf,inf,inf,inf,inf,inf,inf,inf,inf,inf,inf,inf,inf,inf,4.239256858825684,4.162519454956055,4.089739799499512,4.020670413970947,3.9550857543945312,3.892777919769287,3.8335580825805664,3.777251958847046,3.723698377609253,3.672750234603882,3.624271869659424,3.6937296390533447,3.7864301204681396,3.8851230144500732,3.990351438522339,4.1027302742004395,4.222951412200928,4.351801872253418,inf,inf,inf,inf,inf,inf,inf,inf,inf,inf,inf,inf,inf,inf,inf,inf,inf,inf,inf,inf,inf,inf,inf,inf,inf,inf,inf,inf,inf,inf,inf,inf,inf,inf,inf,inf,inf,inf,inf,inf,inf,inf,inf,5.841973781585693,5.863574504852295,5.8928680419921875,5.9242777824401855,5.95785665512085,5.993663311004639,inf,inf,inf,inf,1.7478214502334595,1.6832352876663208,1.623732328414917,1.5687557458877563,1.5178295373916626,1.4705415964126587,1.4265344142913818,1.3854960203170776,1.347153663635254,1.311266541481018,1.2776230573654175,1.2460345029830933,1.216333270072937,1.1883704662322998,1.162011742591858,1.1371376514434814,1.1136394739151,1.0914199352264404,1.0703911781311035,1.0504727363586426,1.031591773033142,1.013682246208191,0.9966839551925659,0.980541467666626,0.9652040600776672,0.9558720588684082,0.9759954214096069,0.9972951412200928,1.0198651552200317,1.043806791305542,1.069234848022461,1.0962762832641602,1.1250746250152588,1.1557897329330444,1.1886029243469238,1.2237191200256348,1.261371374130249,1.3018248081207275,1.3453847169876099,1.3924014568328857,1.4432799816131592,1.4984949827194214,1.5585978031158447,1.6242414712905884,1.6962001323699951,1.7753978967666626,inf,inf,inf,inf,inf,inf,inf,inf,inf,inf,inf,inf,inf,inf,inf,inf,inf,inf,inf,inf,inf,inf,inf,inf,inf,inf,inf,inf,inf,inf,inf,inf,inf,inf,inf,inf,inf,inf,inf,inf,inf,inf,inf,inf,inf,inf,inf,inf,inf,inf,inf,inf,inf,inf,inf,inf,inf,inf,inf,inf,inf,inf,inf,inf,inf,inf,inf,inf,inf,inf,inf,inf,inf,inf,inf,inf,inf,inf,inf,inf,inf,inf,inf,inf,inf,inf,inf,inf,inf,inf,inf,1.8844425678253174,1.8739101886749268,1.8640618324279785,1.8548811674118042,1.8463525772094727,1.838462233543396,1.831196665763855,1.8245446681976318,1.8184953927993774,1.8130390644073486,1.8081663846969604,1.8038710355758667,1.8001455068588257,1.7969837188720703,1.7943814992904663,1.7923343181610107,1.7908389568328857,1.7898935079574585,1.7894965410232544,1.789647102355957,1.7903454303741455,1.7915929555892944,1.793391227722168,1.7957432270050049,1.7986526489257812,1.8021235466003418,1.806161880493164,1.8107737302780151,1.8159661293029785,1.8217473030090332,1.8281267881393433,5.69049596786499,5.714086532592773,5.739635944366455,inf,inf,inf,inf,inf,inf,inf,inf,9.723247528076172,9.354199409484863,9.014800071716309,8.857634544372559,8.938100814819336,9.022829055786133,9.111993789672852,9.205784797668457,9.304401397705078,inf,inf,inf,inf,inf,inf,inf,inf,inf,inf,inf,inf,inf,inf,inf,10.516706466674805,10.354538917541504,10.200371742248535,10.053759574890137,9.914292335510254,9.71996021270752,9.594478607177734,9.475057601928711,9.36140251159668,9.253238677978516,9.37182903289795,9.642244338989258,9.93185806274414,inf,inf,inf,inf,inf,inf,inf,inf,inf,inf,inf,inf,inf,inf,inf,inf,inf,8.906142234802246,8.874361991882324,8.845504760742188,8.819524765014648,8.796380996704102,8.776036262512207,8.758459091186523,10.35459041595459,inf,inf,inf,inf,inf,4.640078067779541,4.642179012298584,4.645704746246338,4.650660037994385,4.657052040100098,4.664891719818115,4.674190044403076,4.684962272644043,4.6972246170043945,4.710996627807617,4.7263007164001465,4.743160724639893,inf,inf,inf,inf,inf,inf
1771970281890861004,-3.140000104904175,0.01749303564429283,inf,inf,inf,inf,inf,inf,inf,inf,inf,inf,inf,inf,inf,inf,inf,inf,inf,inf,inf,inf,inf,inf,inf,inf,inf,4.2644195556640625,4.187236785888672,4.1140336990356445,4.044562339782715,3.9785959720611572,3.9159257411956787,3.8563613891601562,3.799726963043213,3.745861530303955,3.6946163177490234,3.695988416671753,3.7853550910949707,3.8803675174713135,3.981522560119629,4.089376449584961,4.204559326171875,4.327781677246094,4.459850311279297,inf,inf,inf,inf,inf,inf,inf,inf,inf,inf,inf,inf,inf,inf,inf,inf,inf,inf,inf,inf,inf,inf,inf,inf,inf,inf,inf,inf,inf,inf,inf,inf,inf,inf,inf,inf,inf,inf,inf,inf,inf,inf,5.977431774139404,5.854438781738281,5.88175630569458,5.911147594451904,5.942661285400391,5.976351737976074,6.012276649475098,inf,inf,1.7549312114715576,1.6838021278381348,1.6186901330947876,1.5588853359222412,1.5037864446640015,1.4528788328170776,1.4057213068008423,1.3619321584701538,1.3211807012557983,1.2831785678863525,1.2476723194122314,1.214440107345581,1.1832847595214844,1.1540323495864868,1.1265276670455933,1.1006325483322144,1.0762232542037964,1.0531883239746094,1.0314275026321411,1.0108509063720703,0.9913767576217651,0.972930908203125,0.9554461240768433,0.9388605952262878,0.9271470308303833,0.9446898698806763,0.9632096886634827,0.9827768802642822,1.0034692287445068,1.0253714323043823,1.0485799312591553,1.073198914527893,1.099346399307251,1.1271528005599976,1.1567661762237549,1.1883505582809448,1.2220934629440308,1.2582037448883057,1.2969229221343994,1.3385224342346191,1.3833171129226685,1.4316664934158325,1.483988881111145,1.5407702922821045,1.6025793552398682,1.6700868606567383,1.7440894842147827,inf,inf,inf,inf,inf,inf,inf,inf,inf,inf,inf,inf,inf,inf,inf,inf,inf,inf,inf,inf,inf,inf,inf,inf,inf,inf,inf,inf,inf,inf,inf,inf,inf,inf,inf,inf,inf,inf,inf,inf,inf,inf,inf,inf,inf,inf,inf,inf,inf,inf,inf,inf,inf,inf,inf,inf,inf,inf,inf,inf,inf,inf,inf,inf,inf,inf,inf,inf,inf,inf,inf,inf,inf,inf,inf,inf,inf,inf,inf,inf,inf,inf,inf,inf,inf,inf,inf,inf,inf,inf,inf,inf,inf,1.8556170463562012,1.8458667993545532,1.836777925491333,1.8283346891403198,1.8205235004425049,1.8133310079574585,1.806746006011963,1.800757646560669,1.7953563928604126,1.7905333042144775,1.7862815856933594,1.7825943231582642,1.7794654369354248,1.7768903970718384,1.7748651504516602,1.7733865976333618,1.7724519968032837,1.772060751914978,1.7722116708755493,1.7729052305221558,1.7741423845291138,1.7759251594543457,1.7782562971115112,1.7811390161514282,1.7845784425735474,1.7885792255401611,1.793148159980774,1.7982919216156006,1.8040189743041992,1.8103382587432861,1.8172601461410522,5.696218013763428,5.7216949462890625,inf,inf,inf,inf,inf,inf,inf,inf,inf,9.479857444763184,9.13595199584961,8.838369369506836,8.918672561645508,9.003229141235352,9.09221363067627,9.185813903808594,9.28423023223877,inf,inf,inf,inf,inf,inf,inf,inf,inf,inf,inf,inf,inf,inf,inf,inf,10.424724578857422,10.26953125,10.121942520141602,9.981547355651855,9.786334991455078,9.660012245178223,9.539791107177734,9.425373077392578,9.316486358642578,9.339927673339844,9.609458923339844,9.898128509521484,inf,inf,inf,inf,inf,inf,inf,inf,inf,inf,inf,inf,inf,inf,inf,inf,inf,8.960524559020996,8.928560256958008,8.899537086486816,8.873408317565918,8.85013198852539,8.829672813415527,8.81199836730957,10.16301441192627,inf,inf,inf,inf,inf,4.69338846206665,4.69551944732666,4.699090957641602,4.704107761383057,4.710578441619873,4.718513011932373,4.72792387008667,4.738824844360352,4.7512335777282715,4.765169143676758,4.780654430389404,4.797713279724121,inf,inf,inf,inf,inf,inf
1771970282050187776,-3.140000104904175,0.01749303564429283,inf,inf,inf,inf,inf,inf,inf,inf,inf,inf,inf,inf,inf,inf,inf,inf,inf,inf,inf,inf,inf,inf,inf,inf,4.370911121368408,4.289000511169434,4.211368560791016,4.137740612030029,4.067866802215576,4.001517295837402,3.938483476638794,3.878573179244995,3.8216097354888916,3.7674317359924316,3.7158894538879395,3.7816762924194336,3.873110771179199,3.9703216552734375,4.073816299438477,4.1841654777526855,4.302013397216797,4.428084373474121,inf,inf,inf,inf,inf,inf,inf,inf,inf,inf,inf,inf,inf,inf,inf,inf,inf,inf,inf,inf,inf,inf,inf,inf,inf,inf,inf,inf,inf,inf,inf,inf,inf,inf,inf,inf,inf,inf,inf,inf,inf,inf,inf,5.853691101074219,5.87173318862915,5.89912748336792,5.928601264953613,5.960204124450684,5.993989944458008,inf,inf,1.6925547122955322,1.6205333471298218,1.5548475980758667,1.4947184324264526,1.4394915103912354,1.3886094093322754,1.3415985107421875,1.2980502843856812,1.257613182067871,1.2199817895889282,1.1848886013031006,1.152100682258606,1.1214125156402588,1.0926424264907837,1.065629482269287,1.0402307510375977,1.0163182020187378,0.9937774538993835,0.9725062847137451,0.9524120688438416,0.9334109425544739,0.9154277443885803,0.9028712511062622,0.9182365536689758,0.9344242215156555,0.9514895081520081,0.9694922566413879,0.9884971976280212,1.0085773468017578,1.0298117399215698,1.052288293838501,1.076104760169983,1.1013689041137695,1.1282017230987549,1.1567367315292358,1.1871256828308105,1.2195379734039307,1.254164218902588,1.2912205457687378,1.330952763557434,1.3736422061920166,1.4196094274520874,1.469225287437439,1.5229167938232422,1.5811845064163208,1.644611120223999,1.7138850688934326,inf,inf,inf,inf,inf,inf,inf,inf,inf,inf,inf,inf,inf,inf,inf,inf,inf,inf,inf,inf,inf,inf,inf,inf,inf,inf,inf,inf,inf,inf,inf,inf,inf,inf,inf,inf,inf,inf,inf,inf,inf,inf,inf,inf,inf,inf,inf,inf,inf,inf,inf,inf,inf,inf,inf,inf,inf,inf,inf,inf,inf,inf,inf,inf,inf,inf,inf,inf,inf,inf,inf,inf,inf,inf,inf,inf,inf,inf,inf,inf,inf,inf,inf,inf,inf,inf,inf,inf,inf,inf,inf,inf,inf,inf,inf,1.828400731086731,1.81939697265625,1.8110328912734985,1.8032946586608887,1.7961695194244385,1.789646029472351,1.7837138175964355,1.7783628702163696,1.7735852003097534,1.7693729400634766,1.7657196521759033,1.7626197338104248,1.7600685358047485,1.7580617666244507,1.7565962076187134,1.7556699514389038,1.7552818059921265,1.7554306983947754,1.7561171054840088,1.7573418617248535,1.759106993675232,1.7614152431488037,1.7642701864242554,1.7676762342453003,1.7716383934020996,1.7761632204055786,1.7812579870224,1.7869302034378052,1.7931886911392212,1.8000441789627075,1.807507872581482,1.8155912160873413,5.731694221496582,inf,inf,inf,inf,inf,inf,inf,inf,9.602428436279297,9.254057884216309,8.932716369628906,8.899595260620117,8.983966827392578,9.07275676727295,9.166150093078613,9.264352798461914,inf,inf,inf,inf,inf,inf,inf,inf,inf,inf,inf,inf,inf,inf,inf,inf,10.492998123168945,10.336783409118652,10.188220024108887,10.046900749206543,9.85080623626709,9.723645210266113,9.602625846862793,9.487449645996094,9.377840995788574,9.308021545410156,9.576621055603027,9.864288330078125,inf,inf,inf,inf,inf,inf,inf,inf,inf,inf,inf,inf,inf,inf,inf,inf,inf,inf,8.98085880279541,8.951661109924316,8.925375938415527,8.901960372924805,8.881378173828125,8.86359691619873,9.969247817993164,inf,inf,inf,inf,inf,4.744685649871826,4.746838092803955,4.750446319580078,4.75551700592041,4.762056827545166,4.770075798034668,4.779587268829346,4.7906060218811035,4.803149223327637,4.817234039306641,4.832887172698975,4.850130558013916,inf,inf,inf,inf,inf,inf
1771970282239090752,-3.140000104904175,0.01749303564429283,inf,inf,inf,inf,inf,inf,inf,inf,inf,inf,inf,inf,inf,inf,inf,inf,inf,inf,inf,inf,inf,inf,inf,inf,4.3960137367248535,4.313628196716309,4.235546112060547,4.161491870880127,4.091212749481201,4.024478912353516,3.9610795974731445,3.9008219242095947,3.843529224395752,3.7890374660491943,3.7793495655059814,3.8674092292785645,3.9609110355377197,4.060319423675537,4.166153907775879,4.27899694442749,4.399507999420166,4.52842903137207,inf,inf,inf,inf,inf,inf,inf,inf,inf,inf,inf,inf,inf,inf,inf,inf,inf,inf,inf,inf,inf,inf,inf,inf,inf,inf,inf,inf,inf,inf,inf,inf,inf,inf,inf,inf,inf,inf,inf,inf,inf,inf,5.975459575653076,5.863587379455566,5.889021396636963,5.916494846343994,5.946053981781006,5.977748394012451,6.023432731628418,1.7051899433135986,1.6247811317443848,1.5520678758621216,1.486019492149353,1.425781488418579,1.3706398010253906,1.3199936151504517,1.2733324766159058,1.2302210330963135,1.1902858018875122,1.1532033681869507,1.1186939477920532,1.086512565612793,1.0564451217651367,1.0283032655715942,1.0019203424453735,0.9771488904953003,0.9538576602935791,0.9319294691085815,0.9112593531608582,0.8917531967163086,0.8832862973213196,0.8968018889427185,0.9110204577445984,0.9259850978851318,0.941743016242981,0.9583443403244019,0.9758456945419312,0.9943076372146606,1.013798475265503,1.034391164779663,1.0561676025390625,1.0792183876037598,1.1036425828933716,1.1295520067214966,1.1570695638656616,1.1863335371017456,1.2174978256225586,1.2507375478744507,1.2862468957901,1.324249267578125,1.3649958372116089,1.4087740182876587,1.455913782119751,1.5067939758300781,1.5618553161621094,1.6216081380844116,1.6866517066955566,inf,inf,inf,inf,inf,inf,inf,inf,inf,inf,inf,inf,inf,inf,inf,inf,inf,inf,inf,inf,inf,inf,inf,inf,inf,inf,inf,inf,inf,inf,inf,inf,inf,inf,inf,inf,inf,inf,inf,inf,inf,inf,inf,inf,inf,inf,inf,inf,inf,inf,inf,inf,inf,inf,inf,inf,inf,inf,inf,inf,inf,inf,inf,inf,inf,inf,inf,inf,inf,inf,inf,inf,inf,inf,inf,inf,inf,inf,inf,inf,inf,inf,inf,inf,inf,inf,inf,inf,inf,inf,inf,inf,inf,inf,inf,inf,inf,inf,1.7937191724777222,1.786054015159607,1.7789959907531738,1.7725341320037842,1.7666575908660889,1.761357069015503,1.7566241025924683,1.7524514198303223,1.7488322257995605,1.7457611560821533,1.7432332038879395,1.7412446737289429,1.7397925853729248,1.7388744354248047,1.7384891510009766,1.7386358976364136,1.7393147945404053,1.7405271530151367,1.7422746419906616,1.7445597648620605,1.7473864555358887,1.7507590055465698,1.7546825408935547,1.7591632604599,1.764208197593689,1.7698251008987427,1.7760231494903564,1.7828121185302734,1.7902032136917114,1.798208236694336,1.8068408966064453,1.816115140914917,inf,inf,inf,inf,inf,inf,inf,9.725236892700195,9.372386932373047,9.046915054321289,8.880476951599121,8.9646635055542,9.053254127502441,9.146442413330078,9.244427680969238,9.34742546081543,inf,inf,inf,inf,inf,inf,inf,inf,inf,inf,inf,inf,inf,inf,inf,10.561389923095703,10.404145240783691,10.254608154296875,10.112358093261719,9.977011680603027,9.787378311157227,9.665559768676758,9.54962158203125,9.439286231994629,9.334296226501465,9.543669700622559,9.830329895019531,10.137945175170898,inf,inf,inf,inf,inf,inf,inf,inf,inf,inf,inf,inf,inf,inf,inf,inf,inf,9.033214569091797,9.003843307495117,8.977399826049805,8.953843116760254,8.933136940002441,8.915246963500977,9.77480697631836,inf,inf,inf,inf,inf,4.796030044555664,4.798203468322754,4.8018479347229,4.806970596313477,4.8135786056518555,4.821683406829834,4.831294536590576,4.842430114746094,4.855106353759766,4.869342803955078,4.885161399841309,4.902589321136475,inf,inf,inf,inf,inf,inf
1771970282371843236,-3.140000104904175,0.01749303564429283,inf,inf,inf,inf,inf,inf,inf,inf,inf,inf,inf,inf,inf,inf,inf,inf,inf,inf,inf,inf,inf,inf,inf,inf,4.419231414794922,4.336406707763672,4.257908344268799,4.183459281921387,4.112805366516113,4.045716285705566,3.9819796085357666,3.921400785446167,3.8638031482696533,3.809020757675171,3.856844186782837,3.946704149246216,4.042118549346924,4.14355993270874,4.251558303833008,4.366708755493164,4.489682674407959,inf,inf,inf,inf,inf,inf,inf,inf,inf,inf,inf,inf,inf,inf,inf,inf,inf,inf,inf,inf,inf,inf,inf,inf,inf,inf,inf,inf,inf,inf,inf,inf,inf,inf,inf,inf,inf,inf,inf,inf,inf,inf,inf,5.863929271697998,5.879524230957031,5.905022621154785,5.9325666427612305,5.9622015953063965,1.735799789428711,1.6442971229553223,1.5624133348464966,1.4887319803237915,1.4221022129058838,1.3615801334381104,1.3063827753067017,1.2558554410934448,1.2094477415084839,1.166691780090332,1.1271885633468628,1.0905953645706177,1.056617021560669,1.0249961614608765,0.9955084919929504,0.9679579734802246,0.9421718120574951,0.9179974794387817,0.8952997922897339,0.8739582896232605,0.866127610206604,0.8780259490013123,0.8905315399169922,0.903679609298706,0.9175066351890564,0.9320525527000427,0.9473624229431152,0.9634830355644226,0.9804665446281433,0.9983711242675781,1.0172584056854248,1.0371979475021362,1.058264970779419,1.080543041229248,1.104124665260315,1.1291110515594482,1.1556169986724854,1.1837677955627441,1.2137055397033691,1.2455873489379883,1.279591679573059,1.3159188032150269,1.3547953367233276,1.3964790105819702,1.4412647485733032,1.4894883632659912,1.5415395498275757,1.597866415977478,1.6589922904968262,inf,inf,inf,inf,inf,inf,inf,inf,inf,inf,inf,inf,inf,inf,inf,inf,inf,inf,inf,inf,inf,inf,inf,inf,inf,inf,inf,inf,inf,inf,inf,inf,inf,inf,inf,inf,inf,inf,inf,inf,inf,inf,inf,inf,inf,inf,inf,inf,inf,inf,inf,inf,inf,inf,inf,inf,inf,inf,inf,inf,inf,inf,inf,inf,inf,inf,inf,inf,inf,inf,inf,inf,inf,inf,inf,inf,inf,inf,inf,inf,inf,inf,inf,inf,inf,inf,inf,inf,inf,inf,inf,inf,inf,inf,inf,inf,inf,inf,inf,inf,1.770107626914978,1.76311194896698,1.756706953048706,1.7508821487426758,1.7456282377243042,1.7409366369247437,1.7368006706237793,1.733212947845459,1.7301684617996216,1.727662444114685,1.7256909608840942,1.7242507934570312,1.723340392112732,1.7229578495025635,1.72310209274292,1.7237743139266968,1.7249751091003418,1.7267063856124878,1.7289702892303467,1.7317709922790527,1.7351125478744507,1.7390000820159912,1.7434401512145996,1.7484393119812012,1.7540054321289062,1.7601470947265625,1.7668744325637817,1.7741987705230713,1.7821314334869385,1.790686011314392,1.7998764514923096,1.809718132019043,inf,inf,inf,inf,inf,inf,inf,9.48184871673584,9.15255355834961,8.86279582977295,8.946808815002441,9.035219192504883,9.128216743469238,9.226000785827637,9.328787803649902,inf,inf,inf,inf,inf,inf,inf,inf,inf,inf,inf,inf,inf,inf,inf,10.624650001525879,10.466456413269043,10.316014289855957,10.172906875610352,10.036744117736816,9.846330642700195,9.723771095275879,9.607129096984863,9.496124267578125,9.390495300292969,9.513198852539062,9.798928260803223,10.105541229248047,inf,inf,inf,inf,inf,inf,inf,inf,inf,inf,inf,inf,inf,inf,inf,inf,inf,9.081643104553223,9.052109718322754,9.025520324707031,9.00183391571045,8.981012344360352,8.96302318572998,9.595094680786133,inf,inf,inf,inf,inf,5.368326187133789,4.845714092254639,4.849392414093018,4.8545637130737305,4.861235618591309,4.869417667388916,4.879123687744141,4.890366077423096,4.903165340423584,4.917540073394775,4.93351411819458,4.951111793518066,inf,inf,inf,inf,inf,inf
1771970282520094979,-3.140000104904175,0.01749303564429283,inf,inf,inf,inf,inf,inf,inf,inf,inf,inf,inf,inf,inf,inf,inf,inf,inf,inf,inf,inf,inf,inf,inf,4.53132963180542,4.443390846252441,4.360108852386475,4.281177997589111,4.20631742477417,4.135274410247803,4.06781530380249,4.003726482391357,3.942814350128174,3.884899139404297,3.850977897644043,3.937476396560669,4.029210567474365,4.126613616943359,4.230169296264648,4.340419292449951,4.457968711853027,4.583506107330322,inf,inf,inf,inf,inf,inf,inf,inf,inf,inf,inf,inf,inf,inf,inf,inf,inf,inf,inf,inf,inf,inf,inf,inf,inf,inf,inf,inf,inf,inf,inf,inf,inf,inf,inf,inf,inf,inf,inf,inf,inf,inf,6.004289627075195,5.872539043426514,5.896097183227539,5.921664714813232,5.949283599853516,1.6638442277908325,1.5707365274429321,1.4879282712936401,1.4138246774673462,1.347145438194275,1.2868480682373047,1.232077956199646,1.1821271181106567,1.1364024877548218,1.094406008720398,1.0557143688201904,1.0199666023254395,0.9868524074554443,0.9561043381690979,0.9274895787239075,0.9008055329322815,0.8758743405342102,0.852540135383606,0.8533561825752258,0.8638510704040527,0.874878466129303,0.8864655494689941,0.8986427187919617,0.9114417433738708,0.924897313117981,0.9390480518341064,0.9539352059364319,0.9696030616760254,0.986101508140564,1.0034832954406738,1.0218065977096558,1.0411367416381836,1.0615429878234863,1.0831035375595093,1.1059032678604126,1.130036473274231,1.1556084156036377,1.182734727859497,1.2115449905395508,1.242182731628418,1.2748113870620728,1.309611201286316,1.3467884063720703,1.386574149131775,1.4292335510253906,1.475066065788269,1.5244182348251343,1.5776859521865845,inf,inf,inf,inf,inf,inf,inf,inf,inf,inf,inf,inf,inf,inf,inf,inf,inf,inf,inf,inf,inf,inf,inf,inf,inf,inf,inf,inf,inf,inf,inf,inf,inf,inf,inf,inf,inf,inf,inf,inf,inf,inf,inf,inf,inf,inf,inf,inf,inf,inf,inf,inf,inf,inf,inf,inf,inf,inf,inf,inf,inf,inf,inf,inf,inf,inf,inf,inf,inf,inf,inf,inf,inf,inf,inf,inf,inf,inf,inf,inf,inf,inf,inf,inf,inf,inf,inf,inf,inf,inf,inf,inf,inf,inf,inf,inf,inf,inf,inf,inf,inf,inf,inf,1.7465851306915283,1.7402392625808716,1.7344682216644287,1.7292627096176147,1.7246142625808716,1.7205160856246948,1.716961145401001,1.713944673538208,1.7114613056182861,1.709507703781128,1.7080802917480469,1.7071772813796997,1.706797480583191,1.706939935684204,1.707605004310608,1.7087936401367188,1.7105076313018799,1.7127498388290405,1.715523362159729,1.718833088874817,1.7226835489273071,1.7270809412002563,1.7320318222045898,1.7375448942184448,1.7436282634735107,1.7502918243408203,1.7575466632843018,1.7654041051864624,1.7738773822784424,1.7829805612564087,1.7927289009094238,1.8031394481658936,1.814229965209961,inf,inf,inf,inf,inf,9.595766067504883,9.262494087219238,8.954243659973145,8.928232192993164,9.01645278930664,9.109251022338867,9.206826210021973,9.309393882751465,inf,inf,inf,inf,inf,inf,inf,inf,inf,inf,inf,inf,inf,inf,inf,inf,10.531298637390137,10.379918098449707,10.235916137695312,10.098901748657227,9.907678604125977,9.784347534179688,9.666972160339355,9.555270195007324,9.44897747039795,9.481494903564453,9.766253471374512,10.07182502746582,inf,inf,inf,inf,inf,inf,inf,inf,inf,inf,inf,inf,inf,inf,inf,inf,inf,9.132036209106445,9.102334976196289,9.075593948364258,9.051772117614746,9.030830383300781,9.012737274169922,9.408191680908203,11.740120887756348,inf,inf,inf,inf,inf,4.895151615142822,4.898866176605225,4.904088497161865,4.910825252532959,4.919088840484619,4.928890705108643,4.94024658203125,4.953174114227295,4.967693328857422,4.983827590942383,5.001601696014404,inf,inf,inf,inf,inf,inf
1771970282697539242,-3.140000104904175,0.01749303564429283,inf,inf,inf,inf,inf,inf,inf,inf,inf,inf,inf,inf,inf,inf,inf,inf,inf,inf,inf,inf,inf,inf,inf,4.554076194763184,4.465691566467285,4.381988048553467,4.302656650543213,4.227417469024658,4.156014442443848,4.0882134437561035,4.023800373077393,3.9625799655914307,3.9043710231781006,3.9237725734710693,4.01190185546875,4.105364799499512,4.204604148864746,4.3101115226745605,4.422439098358154,4.542203426361084,4.670105934143066,inf,inf,inf,inf,inf,inf,inf,inf,inf,inf,inf,inf,inf,inf,inf,inf,inf,inf,inf,inf,inf,inf,inf,inf,inf,inf,inf,inf,inf,inf,inf,inf,inf,inf,inf,inf,inf,inf,inf,inf,inf,inf,5.872035026550293,5.887777328491211,5.9113945960998535,1.7062616348266602,1.5976248979568481,1.5024261474609375,1.4183443784713745,1.3435643911361694,1.2766458988189697,1.2164313793182373,1.1619808673858643,1.112522006034851,1.0674149990081787,1.0261249542236328,0.9882014393806458,0.953262209892273,0.9209818243980408,0.8910796642303467,0.8633140921592712,0.8374750018119812,0.8422896862030029,0.8515236377716064,0.8612291812896729,0.871428370475769,0.8821450471878052,0.8934049010276794,0.9052371978759766,0.9176714420318604,0.9307406544685364,0.944480836391449,0.9589303731918335,0.9741321206092834,0.9901310801506042,1.0069776773452759,1.024726390838623,1.043436884880066,1.0631753206253052,1.0840122699737549,1.1060283184051514,1.1293091773986816,1.1539523601531982,1.1800639629364014,1.2077629566192627,1.2371811866760254,1.2684657573699951,1.3017827272415161,1.3373169898986816,1.3752788305282593,1.4159040451049805,1.4594626426696777,1.5062623023986816,1.5566548109054565,inf,inf,inf,inf,inf,inf,inf,inf,inf,inf,inf,inf,inf,inf,inf,inf,inf,inf,inf,inf,inf,inf,inf,inf,inf,inf,inf,inf,inf,inf,inf,inf,inf,inf,inf,inf,inf,inf,inf,inf,inf,inf,inf,inf,inf,inf,inf,inf,inf,inf,inf,inf,inf,inf,inf,inf,inf,inf,inf,inf,inf,inf,inf,inf,inf,inf,inf,inf,inf,inf,inf,inf,inf,inf,inf,inf,inf,inf,inf,inf,inf,inf,inf,inf,inf,inf,inf,inf,inf,inf,inf,inf,inf,inf,inf,inf,inf,inf,inf,inf,inf,inf,inf,inf,inf,inf,1.7193177938461304,1.714156985282898,1.7095485925674438,1.7054853439331055,1.7019606828689575,1.6989697217941284,1.696507453918457,1.6945701837539673,1.6931545734405518,1.6922590732574463,1.691881537437439,1.6920222043991089,1.6926804780960083,1.693858027458191,1.695556402206421,1.6977782249450684,1.7005270719528198,1.703806757926941,1.707622766494751,1.7119810581207275,1.7168883085250854,1.722352385520935,1.7283815145492554,1.7349861860275269,1.7421765327453613,1.7499645948410034,1.7583630084991455,1.767385721206665,1.7770483493804932,1.7873667478561401,1.7983592748641968,1.8100452423095703,inf,inf,inf,inf,9.700931549072266,9.36398696899414,9.05234146118164,8.91108512878418,8.999134063720703,9.09174633026123,9.189130783081055,9.291494369506836,inf,inf,inf,inf,inf,inf,inf,inf,inf,inf,inf,inf,inf,inf,inf,inf,10.591156005859375,10.438907623291016,10.29408073425293,10.156280517578125,9.964308738708496,9.840267181396484,9.722216606140137,9.609868049621582,9.502963066101074,9.45223331451416,9.736096382141113,10.040708541870117,inf,inf,inf,inf,inf,inf,inf,inf,inf,inf,inf,inf,inf,inf,inf,inf,inf,9.17855453491211,9.148697853088379,9.121816635131836,9.097868919372559,9.076817512512207,9.05862808227539,9.235780715942383,11.524187088012695,inf,inf,inf,inf,inf,4.9407877922058105,4.944533824920654,4.949802875518799,4.956601142883301,4.964939117431641,4.97482967376709,4.986289978027344,4.999335765838623,5.0139875411987305,5.030269622802734,5.048208236694336,inf,inf,inf,inf,inf,inf
1771970283313694958,-3.140000104904175,0.01749303564429283,inf,inf,inf,inf,inf,inf,inf,inf,inf,inf,inf,inf,inf,inf,inf,inf,inf,inf,inf,inf,inf,inf,inf,4.579678535461426,4.490792751312256,4.406614303588867,4.3268327713012695,4.251166820526123,4.17935848236084,4.111173152923584,4.0463948249816895,3.9848268032073975,3.92628812789917,4.005702018737793,4.09566593170166,4.191075325012207,4.292380332946777,4.400084018707275,4.514749050140381,4.637007236480713,inf,inf,inf,inf,inf,inf,inf,inf,inf,inf,inf,inf,inf,inf,inf,inf,inf,inf,inf,inf,inf,inf,inf,inf,inf,inf,inf,inf,inf,inf,inf,inf,inf,inf,inf,inf,inf,inf,inf,inf,inf,inf,6.040249347686768,5.88321590423584,1.7378393411636353,1.609886884689331,1.4999116659164429,1.4044029712677002,1.3207097053527832,1.2467900514602661,1.1810492277145386,1.1222193241119385,1.0692845582962036,1.0214166641235352,0.977937638759613,0.9382845759391785,0.9019867777824402,0.8686485886573792,0.8379343748092651,0.8285722732543945,0.8362904787063599,0.8444147706031799,0.8529618382453918,0.8619499206542969,0.8713992834091187,0.8813306093215942,0.8917670845985413,0.9027331471443176,0.9142555594444275,0.9263631105422974,0.9390866756439209,0.9524602890014648,0.9665201306343079,0.9813064932823181,0.9968615174293518,1.013232946395874,1.0304715633392334,1.0486334562301636,1.067779541015625,1.0879768133163452,1.1092993021011353,1.1318272352218628,1.1556501388549805,1.1808669567108154,1.2075856924057007,1.235929250717163,1.2660313844680786,1.2980440855026245,1.3321356773376465,1.3684965372085571,1.4073406457901,1.4489104747772217,1.4934816360473633,1.5413694381713867,inf,inf,inf,inf,inf,inf,inf,inf,inf,inf,inf,inf,inf,inf,inf,inf,inf,inf,inf,inf,inf,inf,inf,inf,inf,inf,inf,inf,inf,inf,inf,inf,inf,inf,inf,inf,inf,inf,inf,inf,inf,inf,inf,inf,inf,inf,inf,inf,inf,inf,inf,inf,inf,inf,inf,inf,inf,inf,inf,inf,inf,inf,inf,inf,inf,inf,inf,inf,inf,inf,inf,inf,inf,inf,inf,inf,inf,inf,inf,inf,inf,inf,inf,inf,inf,inf,inf,inf,inf,inf,inf,inf,inf,inf,inf,inf,inf,inf,inf,inf,inf,inf,inf,inf,inf,inf,inf,inf,1.6971558332443237,1.6925925016403198,1.6885687112808228,1.685078501701355,1.6821162700653076,1.6796776056289673,1.6777582168579102,1.6763561964035034,1.6754686832427979,1.6750943660736084,1.6752326488494873,1.6758835315704346,1.677048683166504,1.6787296533584595,1.6809282302856445,1.683648943901062,1.6868953704833984,1.6906726360321045,1.6949868202209473,1.6998447179794312,1.7052536010742188,1.7112222909927368,1.7177603244781494,1.724878191947937,1.7325881719589233,1.740902304649353,1.7498345375061035,1.7593998908996582,1.7696152925491333,1.7804979085922241,1.7920664548873901,1.80434250831604,1.8173478841781616,inf,inf,inf,9.478240013122559,9.16277027130127,8.891786575317383,8.979637145996094,9.072047233581543,9.169212341308594,9.27134895324707,9.37868881225586,inf,inf,inf,inf,inf,inf,inf,inf,inf,inf,inf,inf,inf,inf,inf,10.658536911010742,10.50531005859375,10.359551429748535,10.220868110656738,10.09616756439209,9.90321159362793,9.784398078918457,9.671326637268066,9.563730239868164,9.461365699768066,9.702157974243164,10.00568675994873,inf,inf,inf,inf,inf,inf,inf,inf,inf,inf,inf,inf,inf,inf,inf,inf,inf,9.230914115905762,9.200882911682129,9.173844337463379,9.149755477905273,9.128579139709473,9.110281944274902,9.094834327697754,11.281306266784668,inf,inf,inf,inf,inf,4.992153167724609,4.995936393737793,5.001257419586182,5.008124351501465,5.016546726226807,5.026537895202637,5.038114070892334,5.051292896270752,5.066095352172852,5.082543849945068,5.100666046142578,inf,inf,inf,inf,inf,inf
1771970283471475513,-3.140000104904175,0.01749303564429283,inf,inf,inf,inf,inf,inf,inf,inf,inf,inf,inf,inf,inf,inf,inf,inf,inf,inf,inf,inf,inf,inf,inf,4.602424144744873,4.513092517852783,4.428491115570068,4.348310470581055,4.27226448059082,4.200096607208252,4.131570339202881,4.06646728515625,4.0045905113220215,3.9920284748077393,4.078489303588867,4.170083522796631,4.267221450805664,4.370361804962158,4.480016231536865,4.5967583656311035,4.7212300300598145,inf,inf,inf,inf,inf,inf,inf,inf,inf,inf,inf,inf,inf,inf,inf,inf,inf,inf,inf,inf,inf,inf,inf,inf,inf,inf,inf,inf,inf,inf,inf,inf,inf,inf,inf,inf,inf,inf,inf,inf,inf,inf,5.884078025817871,1.6576772928237915,1.5254042148590088,1.4130803346633911,1.3165398836135864,1.2326998710632324,1.159232258796692,1.0943450927734375,1.036637783050537,0.9849974513053894,0.9385318756103516,0.8965146541595459,0.8583493232727051,0.823543131351471,0.8240708708763123,0.8307943940162659,0.8378874659538269,0.8453635573387146,0.8532377481460571,0.8615260720252991,0.8702454566955566,0.8794155120849609,0.8890557289123535,0.8991878628730774,0.9098351001739502,0.9210228323936462,0.9327779412269592,0.9451302886009216,0.9581108093261719,0.971754789352417,0.9860989451408386,1.0011835098266602,1.017053246498108,1.0337554216384888,1.0513423681259155,1.069871425628662,1.0894044637680054,1.1100094318389893,1.1317627429962158,1.1547455787658691,1.1790497303009033,1.2047755718231201,1.23203444480896,1.2609500885009766,1.2916603088378906,1.3243190050125122,1.35909903049469,1.3961938619613647,1.4358216524124146,1.4782311916351318,1.5237019062042236,inf,inf,inf,inf,inf,inf,inf,inf,inf,inf,inf,inf,inf,inf,inf,inf,inf,inf,inf,inf,inf,inf,inf,inf,inf,inf,inf,inf,inf,inf,inf,inf,inf,inf,inf,inf,inf,inf,inf,inf,inf,inf,inf,inf,inf,inf,inf,inf,inf,inf,inf,inf,inf,inf,inf,inf,inf,inf,inf,inf,inf,inf,inf,inf,inf,inf,inf,inf,inf,inf,inf,inf,inf,inf,inf,inf,inf,inf,inf,inf,inf,inf,inf,inf,inf,inf,inf,inf,inf,inf,inf,inf,inf,inf,inf,inf,inf,inf,inf,inf,inf,inf,inf,inf,inf,inf,inf,inf,inf,inf,inf,1.6735399961471558,1.6700801849365234,1.667143702507019,1.6647260189056396,1.6628233194351196,1.6614326238632202,1.6605522632598877,1.6601805686950684,1.660317063331604,1.660961627960205,1.6621155738830566,1.6637805700302124,1.665959358215332,1.6686551570892334,1.6718720197677612,1.6756147146224976,1.6798897981643677,1.6847033500671387,1.6900635957717896,1.695978045463562,1.7024574279785156,1.709511160850525,1.7171518802642822,1.7253906726837158,1.7342426776885986,1.7437220811843872,1.753845453262329,1.7646301984786987,1.7760955095291138,1.7882609367370605,1.801149606704712,1.8147845268249512,1.8291914463043213,inf,9.579753875732422,9.260887145996094,8.965219497680664,8.962322235107422,9.054546356201172,9.151518821716309,9.253454208374023,9.360579490661621,inf,inf,inf,inf,inf,inf,inf,inf,inf,inf,inf,inf,inf,inf,inf,10.718400001525879,10.564305305480957,10.417720794677734,10.278252601623535,10.145530700683594,9.959136009216309,9.839646339416504,9.72592830657959,9.617720603942871,9.514771461486816,9.672013282775879,9.974581718444824,10.299945831298828,inf,inf,inf,inf,inf,inf,inf,inf,inf,inf,inf,inf,inf,inf,inf,inf,9.277434349060059,9.247246742248535,9.220179557800293,9.197749137878418,9.176457405090332,9.158060073852539,9.14252758026123,11.056905746459961,inf,inf,inf,inf,inf,5.039665222167969,5.043482303619385,5.04885196685791,5.055781841278076,5.064282417297363,5.074366092681885,5.086050510406494,5.09935188293457,5.114293098449707,5.130896091461182,5.14918851852417,inf,inf,inf,inf,inf,inf
1771970283709013534,-3.140000104904175,0.01749303564429283,inf,inf,inf,inf,inf,inf,inf,inf,inf,inf,inf,inf,inf,inf,inf,inf,inf,inf,inf,inf,inf,inf,inf,4.6270647048950195,4.537249565124512,4.4521918296813965,4.371577262878418,4.295120716094971,4.222562789916992,4.153666019439697,4.088211536407471,4.0260009765625,4.069210052490234,4.1573381423950195,4.250697612762451,4.349708080291748,4.454835891723633,4.566604137420654,4.685595512390137,4.812465667724609,inf,inf,inf,inf,inf,inf,inf,inf,inf,inf,inf,inf,inf,inf,inf,inf,inf,inf,inf,inf,inf,inf,inf,inf,inf,inf,inf,inf,inf,inf,inf,inf,inf,inf,inf,inf,inf,inf,inf,inf,inf,1.7047467231750488,1.5417160987854004,1.4075382947921753,1.295210599899292,1.1998271942138672,1.1178463697433472,1.0466525554656982,0.9842672348022461,0.9291686415672302,0.8801667094230652,0.836317777633667,0.8178497552871704,0.8233329653739929,0.8291454315185547,0.8352982997894287,0.8418025374412537,0.8486707210540771,0.8559157252311707,0.8635518550872803,0.8715948462486267,0.8800610303878784,0.8889678716659546,0.8983345627784729,0.9081814289093018,0.918531060218811,0.9294068813323975,0.9408345222473145,0.9528416395187378,0.9654588103294373,0.9787182211875916,0.9926547408103943,1.007306456565857,1.0227150917053223,1.0389248132705688,1.0559853315353394,1.0739496946334839,1.0928759574890137,1.112828016281128,1.1338756084442139,1.1560947895050049,1.1795710325241089,1.2043956518173218,1.2306731939315796,1.2585163116455078,1.288051962852478,1.3194210529327393,1.352779746055603,1.3883050680160522,1.4261945486068726,1.4666721820831299,inf,inf,inf,inf,inf,inf,inf,inf,inf,inf,inf,inf,inf,inf,inf,inf,inf,inf,inf,inf,inf,inf,inf,inf,inf,inf,inf,inf,inf,inf,inf,inf,inf,inf,inf,inf,inf,inf,inf,inf,inf,inf,inf,inf,inf,inf,inf,inf,inf,inf,inf,inf,inf,inf,inf,inf,inf,inf,inf,inf,inf,inf,inf,inf,inf,inf,inf,inf,inf,inf,inf,inf,inf,inf,inf,inf,inf,inf,inf,inf,inf,inf,inf,inf,inf,inf,inf,inf,inf,inf,inf,inf,inf,inf,inf,inf,inf,inf,inf,inf,inf,inf,inf,inf,inf,inf,inf,inf,inf,inf,inf,inf,inf,inf,inf,1.6509242057800293,1.6485294103622437,1.6466445922851562,1.6452668905258179,1.6443943977355957,1.6440255641937256,1.6441599130630493,1.6447972059249878,1.6459394693374634,1.6475874185562134,1.6497441530227661,1.6524126529693604,1.6555973291397095,1.6593031883239746,1.6635358333587646,1.668302059173584,1.6736090183258057,1.6794650554656982,1.685880422592163,1.692865014076233,1.700430154800415,1.7085883617401123,1.7173532247543335,1.726739525794983,1.73676335811615,1.7474418878555298,1.7587944269180298,1.7708407640457153,1.7836028337478638,1.797104001045227,1.811369776725769,1.8264268636703491,9.689740180969238,9.367192268371582,9.068111419677734,8.943564414978027,9.035591125488281,9.132354736328125,9.23406982421875,9.34096622467041,inf,inf,inf,inf,inf,inf,inf,inf,inf,inf,inf,inf,inf,inf,inf,inf,10.62822151184082,10.480742454528809,10.340422630310059,10.206890106201172,10.019723892211914,9.89949893951416,9.785083770751953,9.676210403442383,9.572629928588867,9.639362335205078,9.94089126586914,10.26513671875,inf,inf,inf,inf,inf,inf,inf,inf,inf,inf,inf,inf,inf,inf,inf,inf,inf,9.297475814819336,9.270145416259766,9.245795249938965,9.224388122558594,9.205890655517578,9.19027328491211,10.83237361907959,inf,inf,inf,inf,inf,5.087229251861572,5.091080188751221,5.096497535705566,5.103490829467773,5.1120686531066895,5.122245788574219,5.134037971496582,5.147462368011475,5.16254186630249,5.179299831390381,5.1977620124816895,inf,inf,inf,inf,inf,inf
1771970284183208925,-3.140000104904175,0.01749303564429283,inf,inf,inf,inf,inf,inf,inf,inf,inf,inf,inf,inf,inf,inf,inf,inf,inf,inf,inf,inf,inf,inf,4.746148586273193,4.650742530822754,4.5604634284973145,4.474966049194336,4.393935203552246,4.317084312438965,4.244151592254639,4.174899101257324,4.10910701751709,4.058591842651367,4.143380641937256,4.233110427856445,4.328166961669922,4.428976058959961,4.536015033721924,4.649813652038574,4.77096700668335,inf,inf,inf,inf,inf,inf,inf,inf,inf,inf,inf,inf,inf,inf,inf,inf,inf,inf,inf,inf,inf,inf,inf,inf,inf,inf,inf,inf,inf,inf,inf,inf,inf,inf,inf,inf,inf,inf,inf,inf,1.7947914600372314,1.581282138824463,1.413557529449463,1.278354525566101,1.1670832633972168,1.0739344358444214,0.9948375821113586,0.9268565773963928,0.867820680141449,0.8160895109176636,0.8195438981056213,0.8241867423057556,0.8291378617286682,0.8344057202339172,0.8399996161460876,0.8459294438362122,0.8522059917449951,0.8588416576385498,0.865848183631897,0.8732395768165588,0.8810301423072815,0.8892350196838379,0.8978721499443054,0.9069585800170898,0.9165144562721252,0.9265599250793457,0.9371181726455688,0.9482136368751526,0.9598720073699951,0.9721215963363647,0.9849932193756104,0.9985203742980957,1.0127376317977905,1.027685523033142,1.0434048175811768,1.0599421262741089,1.077346682548523,1.0956734418869019,1.1149812936782837,1.1353360414505005,1.1568080186843872,1.1794755458831787,1.203425407409668,1.2287509441375732,1.255558729171753,1.2839635610580444,1.3140944242477417,1.3460958003997803,1.3801270723342896,1.4163689613342285,1.455021858215332,inf,inf,inf,inf,inf,inf,inf,inf,inf,inf,inf,inf,inf,inf,inf,inf,inf,inf,inf,inf,inf,inf,inf,inf,inf,inf,inf,inf,inf,inf,inf,inf,inf,inf,inf,inf,inf,inf,inf,inf,inf,inf,inf,inf,inf,inf,inf,inf,inf,inf,inf,inf,inf,inf,inf,inf,inf,inf,inf,inf,inf,inf,inf,inf,inf,inf,inf,inf,inf,inf,inf,inf,inf,inf,inf,inf,inf,inf,inf,inf,inf,inf,inf,inf,inf,inf,inf,inf,inf,inf,inf,inf,inf,inf,inf,inf,inf,inf,inf,inf,inf,inf,inf,inf,inf,inf,inf,inf,inf,inf,inf,inf,inf,inf,inf,inf,inf,1.6329656839370728,1.631097674369812,1.6297321319580078,1.628867268562317,1.6285011768341064,1.6286333799362183,1.6292644739151,1.630394697189331,1.6320266723632812,1.6341623067855835,1.6368048191070557,1.6399588584899902,1.6436290740966797,1.6478208303451538,1.6525412797927856,1.6577973365783691,1.6635974645614624,1.6699514389038086,1.6768690347671509,1.6843619346618652,1.6924421787261963,1.7011234760284424,1.7104204893112183,1.720348596572876,1.730925440788269,1.7421698570251465,1.7541011571884155,1.7667418718338013,1.7801146507263184,1.7942441701889038,1.8091583251953125,1.8248852491378784,1.8414567708969116,9.166998863220215,8.925540924072266,9.017375946044922,9.113940238952637,9.215444564819336,9.32211971282959,9.43421459197998,inf,inf,inf,inf,inf,inf,inf,inf,inf,inf,inf,inf,inf,inf,inf,10.689644813537598,10.54130744934082,10.400168418884277,10.265859603881836,10.077950477600098,9.957019805908203,9.841935157775879,9.732423782348633,9.62823486328125,9.607992172241211,9.908523559570312,10.231691360473633,inf,inf,inf,inf,inf,inf,inf,inf,inf,inf,inf,inf,inf,inf,inf,inf,inf,9.345746994018555,9.318270683288574,9.293789863586426,9.27226734161377,9.253669738769531,9.237967491149902,10.608330726623535,inf,inf,inf,inf,inf,5.408969402313232,5.138627529144287,5.144093036651611,5.151149272918701,5.159804821014404,5.170074462890625,5.1819748878479,5.195522785186768,5.210740566253662,5.227652072906494,5.246284008026123,5.266666412353516,inf,inf,inf,inf,inf
1771970284595917205,-3.140000104904175,0.01749303564429283,inf,inf,inf,inf,inf,inf,inf,inf,inf,inf,inf,inf,inf,inf,inf,inf,inf,inf,inf,inf,inf,inf,4.770345687866211,4.674448013305664,4.583703994750977,4.497766971588135,4.416318893432617,4.339072227478027,4.2657647132873535,4.196156024932861,4.130025386810303,4.131321430206299,4.217625141143799,4.308958053588867,4.405712127685547,4.508322238922119,4.61727237701416,4.7331037521362305,4.856420040130615,inf,inf,inf,inf,inf,inf,inf,inf,inf,inf,inf,inf,inf,inf,inf,inf,inf,inf,inf,inf,inf,inf,inf,inf,inf,inf,inf,inf,inf,inf,inf,inf,inf,inf,inf,inf,inf,inf,inf,1.6476417779922485,1.424623727798462,1.2551209926605225,1.1219706535339355,1.0146417617797852,0.9263139367103577,0.8523719906806946,0.8198707699775696,0.8234243392944336,0.8272631168365479,0.8313934206962585,0.8358218669891357,0.8405566811561584,0.8456056118011475,0.8509774804115295,0.8566821813583374,0.8627292513847351,0.8691300749778748,0.8758969306945801,0.8830423355102539,0.8905798196792603,0.8985247611999512,0.9068921208381653,0.9156998991966248,0.9249666333198547,0.9347115159034729,0.9449561834335327,0.9557231664657593,0.9670380353927612,0.9789273738861084,0.99141925573349,1.00454580783844,1.0183405876159668,1.0328401327133179,1.0480833053588867,1.064113736152649,1.080978512763977,1.0987274646759033,1.1174169778823853,1.137107491493225,1.1578645706176758,1.1797620058059692,1.2028778791427612,1.2273014783859253,1.2531287670135498,1.2804663181304932,1.309433102607727,1.3401602506637573,1.3727946281433105,1.407498836517334,inf,inf,inf,inf,inf,inf,inf,inf,inf,inf,inf,inf,inf,inf,inf,inf,inf,inf,inf,inf,inf,inf,inf,inf,inf,inf,inf,inf,inf,inf,inf,inf,inf,inf,inf,inf,inf,inf,inf,inf,inf,inf,inf,inf,inf,inf,inf,inf,inf,inf,inf,inf,inf,inf,inf,inf,inf,inf,inf,inf,inf,inf,inf,inf,inf,inf,inf,inf,inf,inf,inf,inf,inf,inf,inf,inf,inf,inf,inf,inf,inf,inf,inf,inf,inf,inf,inf,inf,inf,inf,inf,inf,inf,inf,inf,inf,inf,inf,inf,inf,inf,inf,inf,inf,inf,inf,inf,inf,inf,inf,inf,inf,inf,inf,inf,inf,inf,inf,inf,inf,inf,1.6141822338104248,1.613324761390686,1.6129616498947144,1.6130915880203247,1.613715648651123,1.6148347854614258,1.616450309753418,1.6185647249221802,1.621181845664978,1.6243047714233398,1.627938985824585,1.6320902109146118,1.6367647647857666,1.6419696807861328,1.6477140188217163,1.6540064811706543,1.6608574390411377,1.6682777404785156,1.67628014087677,1.684877634048462,1.694084644317627,1.7039175033569336,1.7143926620483398,1.7255287170410156,1.7373453378677368,1.7498643398284912,1.7631081342697144,1.7771018743515015,1.791872501373291,1.8074482679367065,1.8238604068756104,1.8411418199539185,8.981945037841797,8.99914264678955,9.095504760742188,9.196799278259277,9.303252220153809,9.41511344909668,inf,inf,inf,inf,inf,inf,inf,inf,inf,inf,inf,inf,inf,inf,inf,10.751143455505371,10.601943969726562,10.45998477935791,10.324895858764648,10.236351013183594,10.014609336853027,9.89885139465332,9.78869915008545,9.683903694152832,9.584228515625,9.876117706298828,10.198210716247559,inf,inf,inf,inf,inf,inf,inf,inf,inf,inf,inf,inf,inf,inf,inf,inf,inf,9.394072532653809,9.366449356079102,9.341837882995605,9.320199966430664,9.301502227783203,9.285715103149414,10.38415813446045,inf,inf,inf,inf,inf,5.864312171936035,5.186224937438965,5.191739082336426,5.19885778427124,5.207592010498047,5.217954635620117,5.229962348937988,5.243633270263672,5.258989334106445,5.276055812835693,5.294857501983643,5.315426826477051,inf,inf,inf,inf,inf
1771970284753706453,-3.140000104904175,0.01749303564429283,inf,inf,inf,inf,inf,inf,inf,inf,inf,inf,inf,inf,inf,inf,inf,inf,inf,inf,inf,inf,inf,inf,4.79451322555542,4.698124408721924,4.606916427612305,4.520540237426758,4.438676357269287,4.361034393310547,4.287352561950684,4.217388153076172,4.150919437408447,4.203971862792969,4.291788101196289,4.384722709655762,4.48317289352417,4.587581634521484,4.698441982269287,4.81630277633667,inf,inf,inf,inf,inf,inf,inf,inf,inf,inf,inf,inf,inf,inf,inf,inf,inf,inf,inf,inf,inf,inf,inf,inf,inf,inf,inf,inf,inf,inf,inf,inf,inf,inf,inf,inf,inf,inf,1.7782784700393677,1.4468319416046143,1.2198452949523926,1.0546990633010864,0.9291882514953613,0.8305988907814026,0.8266417384147644,0.8294254541397095,0.8324837684631348,0.8358213901519775,0.8394435048103333,0.8433564901351929,0.8475668430328369,0.8520811796188354,0.8569076061248779,0.8620544672012329,0.8675302863121033,0.8733453750610352,0.8795097470283508,0.8860350251197815,0.8929325938224792,0.9002163410186768,0.9079000353813171,0.9159988760948181,0.9245288968086243,0.9335073232650757,0.9429535269737244,0.9528871774673462,0.9633306264877319,0.9743064641952515,0.985840916633606,0.99796062707901,1.0106950998306274,1.0240758657455444,1.0381381511688232,1.052918553352356,1.0684571266174316,1.084798812866211,1.1019903421401978,1.1200835704803467,1.1391352415084839,1.1592074632644653,1.180367112159729,1.2026883363723755,1.2262529134750366,1.2511495351791382,1.2774773836135864,1.3053447008132935,1.3348726034164429,1.3661953210830688,inf,inf,inf,inf,inf,inf,inf,inf,inf,inf,inf,inf,inf,inf,inf,inf,inf,inf,inf,inf,inf,inf,inf,inf,inf,inf,inf,inf,inf,inf,inf,inf,inf,inf,inf,inf,inf,inf,inf,inf,inf,inf,inf,inf,inf,inf,inf,inf,inf,inf,inf,inf,inf,inf,inf,inf,inf,inf,inf,inf,inf,inf,inf,inf,inf,inf,inf,inf,inf,inf,inf,inf,inf,inf,inf,inf,inf,inf,inf,inf,inf,inf,inf,inf,inf,inf,inf,inf,inf,inf,inf,inf,inf,inf,inf,inf,inf,inf,inf,inf,inf,inf,inf,inf,inf,inf,inf,inf,inf,inf,inf,inf,inf,inf,inf,inf,inf,inf,inf,inf,inf,inf,inf,inf,1.5978000164031982,1.5974396467208862,1.5975676774978638,1.5981850624084473,1.5992926359176636,1.6008919477462769,1.6029855012893677,1.6055766344070435,1.6086686849594116,1.612267255783081,1.6163779497146606,1.6210064888000488,1.626160740852356,1.6318490505218506,1.6380800008773804,1.6448642015457153,1.6522125005722046,1.6601371765136719,1.6686509847640991,1.677768588066101,1.687505841255188,1.6978790760040283,1.708907127380371,1.720609188079834,1.7330067157745361,1.7461217641830444,1.7599799633026123,1.7746074199676514,1.7900320291519165,1.8062849044799805,1.8233985900878906,1.8414088487625122,1.8603529930114746,9.077095031738281,9.178177833557129,9.28441047668457,9.396038055419922,inf,inf,inf,inf,inf,inf,inf,inf,inf,inf,inf,inf,inf,inf,inf,10.812572479248047,10.66251277923584,10.51973819732666,10.383870124816895,10.25456428527832,10.072134971618652,9.955706596374512,9.844916343688965,9.739511489868164,9.639259338378906,9.843759536743164,10.164779663085938,inf,inf,inf,inf,inf,inf,inf,inf,inf,inf,inf,inf,inf,inf,inf,inf,inf,9.44234561920166,9.414575576782227,9.3898344039917,9.368081092834473,9.349283218383789,9.333410263061523,10.160470008850098,inf,inf,inf,inf,inf,inf,5.233772277832031,5.239335536956787,5.246517181396484,5.25532865524292,5.265783309936523,5.277898788452148,5.291693210601807,5.307188034057617,5.324408054351807,5.343379497528076,5.364135265350342,inf,inf,inf,inf,inf
1771970285111696499,-3.140000104904175,0.01749303564429283,inf,inf,inf,inf,inf,inf,inf,inf,inf,inf,inf,inf,inf,inf,inf,inf,inf,inf,inf,inf,inf,inf,4.820643424987793,4.723724365234375,4.632014274597168,4.545162200927734,4.462847709655762,4.384779453277588,4.31069278717041,4.240342140197754,4.197901725769043,4.282508850097656,4.3719611167907715,4.466625690460205,4.566909313201904,4.673262596130371,4.7861857414245605,4.906240940093994,inf,inf,inf,inf,inf,inf,inf,inf,inf,inf,inf,inf,inf,inf,inf,inf,inf,inf,inf,inf,inf,inf,inf,inf,inf,inf,inf,inf,inf,inf,inf,inf,inf,inf,inf,inf,inf,1.432613492012024,1.1038691997528076,0.8980630040168762,0.8350505232810974,0.8368116617202759,0.8388373851776123,0.8411312103271484,0.8436962366104126,0.8465371131896973,0.8496579527854919,0.8530639410018921,0.856760561466217,0.8607539534568787,0.8650500774383545,0.8696575164794922,0.8745828866958618,0.8798355460166931,0.8854239583015442,0.8913583755493164,0.897649347782135,0.9043083786964417,0.9113480448722839,0.9187816381454468,0.9266234636306763,0.9348883032798767,0.9435935616493225,0.9527568221092224,0.9623970985412598,0.9725351333618164,0.9831929206848145,0.9943947196006775,1.0061661005020142,1.0185348987579346,1.0315310955047607,1.04518723487854,1.05953848361969,1.0746225118637085,1.0904808044433594,1.1071581840515137,1.1247029304504395,1.143168330192566,1.1626118421554565,1.183096170425415,1.2046908140182495,1.2274712324142456,1.2515193223953247,1.2769280672073364,1.3037962913513184,1.3322362899780273,1.3623709678649902,inf,inf,inf,inf,inf,inf,inf,inf,inf,inf,inf,inf,inf,inf,inf,inf,inf,inf,inf,inf,inf,inf,inf,inf,inf,inf,inf,inf,inf,inf,inf,inf,inf,inf,inf,inf,inf,inf,inf,inf,inf,inf,inf,inf,inf,inf,inf,inf,inf,inf,inf,inf,inf,inf,inf,inf,inf,inf,inf,inf,inf,inf,inf,inf,inf,inf,inf,inf,inf,inf,inf,inf,inf,inf,inf,inf,inf,inf,inf,inf,inf,inf,inf,inf,inf,inf,inf,inf,inf,inf,inf,inf,inf,inf,inf,inf,inf,inf,inf,inf,inf,inf,inf,inf,inf,inf,inf,inf,inf,inf,inf,inf,inf,inf,inf,inf,inf,inf,inf,inf,inf,inf,inf,inf,inf,inf,inf,1.580786108970642,1.5813963413238525,1.582491159439087,1.5840728282928467,1.5861438512802124,1.5887068510055542,1.5917658805847168,1.5953257083892822,1.599392294883728,1.6039716005325317,1.6090710163116455,1.6146984100341797,1.6208631992340088,1.627575397491455,1.634845495223999,1.642685890197754,1.6511095762252808,1.6601306200027466,1.669764518737793,1.6800276041030884,1.6909387111663818,1.702517032623291,1.714782953262329,1.7277597188949585,1.7414708137512207,1.7559435367584229,1.7712047100067139,1.7872858047485352,1.8042185306549072,1.8220375776290894,1.8407812118530273,1.860490083694458,9.158044815063477,9.264039039611816,9.37541675567627,9.492444038391113,inf,inf,inf,inf,inf,inf,inf,inf,inf,inf,inf,inf,inf,inf,inf,10.728004455566406,10.584343910217285,10.447632789611816,10.317526817321777,10.134332656860352,10.017178535461426,9.9056978225708,9.799636840820312,9.69875717163086,9.80877685546875,10.128633499145508,10.473366737365723,inf,inf,inf,inf,inf,inf,inf,inf,inf,inf,inf,inf,inf,inf,inf,inf,9.494536399841309,9.466608047485352,9.441725730895996,9.41984748840332,9.400940895080566,9.384976387023926,9.918769836425781,inf,inf,inf,inf,inf,inf,5.2851762771606445,5.2907915115356445,5.298040866851807,5.306936264038086,5.317492961883545,5.329724311828613,5.343650817871094,5.35929536819458,5.376681327819824,5.395837306976318,5.416793346405029,inf,inf,inf,inf,inf
1771970285241295807,-3.140000104904175,0.01749303564429283,inf,inf,inf,inf,inf,inf,inf,inf,inf,inf,inf,inf,inf,inf,inf,inf,inf,inf,inf,inf,inf,4.948849678039551,4.845790863037109,4.748361587524414,4.6561689376831055,4.568859100341797,4.486111164093018,4.407631874084473,4.333154201507568,4.262434959411621,4.272000789642334,4.358096122741699,4.449122905731201,4.545453071594238,4.647500991821289,4.755724906921387,4.87063455581665,4.992801189422607,inf,inf,inf,inf,inf,inf,inf,inf,inf,inf,inf,inf,inf,inf,inf,inf,inf,inf,inf,inf,inf,inf,inf,inf,inf,inf,inf,inf,inf,inf,inf,inf,inf,inf,inf,1.4621083736419678,0.8467649221420288,0.8475045561790466,0.8485053777694702,0.8497686982154846,0.8512969017028809,0.8530921339988708,0.8551570177078247,0.8574952483177185,0.8601099252700806,0.8630052804946899,0.8661863207817078,0.8696582317352295,0.8734261989593506,0.8774967789649963,0.8818764090538025,0.8865729570388794,0.8915938138961792,0.8969478011131287,0.9026446342468262,0.9086938500404358,0.9151067733764648,0.9218952059745789,0.9290708899497986,0.9366483688354492,0.9446420073509216,0.9530674815177917,0.9619415998458862,0.9712820649147034,0.9811091423034668,0.9914436936378479,1.0023081302642822,1.0137273073196411,1.0257264375686646,1.0383353233337402,1.0515836477279663,1.0655040740966797,1.0801336765289307,1.0955102443695068,1.1116758584976196,1.1286762952804565,1.1465612649917603,1.1653845310211182,1.1852045059204102,1.206086277961731,1.2280992269515991,1.2513208389282227,1.275835394859314,1.3017358779907227,1.3291250467300415,inf,inf,inf,inf,inf,inf,inf,inf,inf,inf,inf,inf,inf,inf,inf,inf,inf,inf,inf,inf,inf,inf,inf,inf,inf,inf,inf,inf,inf,inf,inf,inf,inf,inf,inf,inf,inf,inf,inf,inf,inf,inf,inf,inf,inf,inf,inf,inf,inf,inf,inf,inf,inf,inf,inf,inf,inf,inf,inf,inf,inf,inf,inf,inf,inf,inf,inf,inf,inf,inf,inf,inf,inf,inf,inf,inf,inf,inf,inf,inf,inf,inf,inf,inf,inf,inf,inf,inf,inf,inf,inf,inf,inf,inf,inf,inf,inf,inf,inf,inf,inf,inf,inf,inf,inf,inf,inf,inf,inf,inf,inf,inf,inf,inf,inf,inf,inf,inf,inf,inf,inf,inf,inf,inf,inf,inf,inf,inf,inf,inf,2.0697877407073975,1.566321611404419,1.567886471748352,1.5699354410171509,1.572471261024475,1.5754985809326172,1.5790212154388428,1.5830453634262085,1.587577223777771,1.5926235914230347,1.598192811012268,1.6042940616607666,1.6109367609024048,1.6181318759918213,1.6258913278579712,1.6342276334762573,1.6431556940078735,1.6526905298233032,1.6628479957580566,1.6736468076705933,1.6851054430007935,1.6972448825836182,1.7100878953933716,1.7236580848693848,1.7379816770553589,1.753085970878601,1.7690011262893677,1.785759449005127,1.8033958673477173,1.8219467401504517,1.8414525985717773,1.8619564771652222,1.8835052251815796,9.355570793151855,9.472345352172852,inf,inf,inf,inf,inf,inf,inf,inf,inf,inf,inf,inf,inf,inf,inf,10.791038513183594,10.646527290344238,10.50900650024414,10.378128051757812,10.194198608398438,10.07634449005127,9.964200019836426,9.857504844665527,9.756027221679688,9.775116920471191,10.093854904174805,10.437381744384766,inf,inf,inf,inf,inf,inf,inf,inf,inf,inf,inf,inf,inf,inf,inf,inf,9.544769287109375,9.51668930053711,9.491670608520508,9.469672203063965,9.450661659240723,9.43460750579834,9.686362266540527,inf,inf,inf,inf,inf,inf,5.334652900695801,5.340318202972412,5.347633361816406,5.356609344482422,5.36726188659668,5.379604816436768,5.393659591674805,5.40944766998291,5.426994323730469,5.446326732635498,5.467476844787598,inf,inf,inf,inf,inf
1771970285438140463,-3.140000104904175,0.01749303564429283,inf,inf,inf,inf,inf,inf,inf,inf,inf,inf,inf,inf,inf,inf,inf,inf,inf,inf,inf,inf,inf,4.974536895751953,4.870939254760742,4.772997856140137,4.680322170257568,4.592555522918701,4.509374141693115,4.430483818054199,4.355616092681885,4.284526348114014,4.346096038818359,4.433680057525635,4.526280403137207,4.624276161193848,4.728087902069092,4.83818244934082,4.955078601837158,inf,inf,inf,inf,inf,inf,inf,inf,inf,inf,inf,inf,inf,inf,inf,inf,inf,inf,inf,inf,inf,inf,inf,inf,inf,inf,inf,inf,inf,inf,inf,inf,inf,inf,0.8622527718544006,0.8622130155563354,0.8624370694160461,0.8629253506660461,0.8636788129806519,0.8646982908248901,0.8659855127334595,0.867542028427124,0.8693710565567017,0.871475100517273,0.8738573789596558,0.876521646976471,0.879472017288208,0.8827134370803833,0.8862510919570923,0.8900905251502991,0.8942380547523499,0.8987010717391968,0.9034865498542786,0.9086028933525085,0.9140587449073792,0.9198635816574097,0.9260276556015015,0.932562530040741,0.939479649066925,0.9467920660972595,0.954513669013977,0.9626591205596924,0.9712445139884949,0.9802871942520142,0.9898056387901306,0.9998196363449097,1.010350227355957,1.0214214324951172,1.033057451248169,1.0452852249145508,1.0581330060958862,1.0716333389282227,1.0858187675476074,1.1007262468338013,1.116395115852356,1.1328681707382202,1.1501920223236084,1.1684167385101318,1.1875977516174316,1.2077946662902832,1.2290728092193604,1.25150465965271,1.2751669883728027,1.3001478910446167,inf,inf,inf,inf,inf,inf,inf,inf,inf,inf,inf,inf,inf,inf,inf,inf,inf,inf,inf,inf,inf,inf,inf,inf,inf,inf,inf,inf,inf,inf,inf,inf,inf,inf,inf,inf,inf,inf,inf,inf,inf,inf,inf,inf,inf,inf,inf,inf,inf,inf,inf,inf,inf,inf,inf,inf,inf,inf,inf,inf,inf,inf,inf,inf,inf,inf,inf,inf,inf,inf,inf,inf,inf,inf,inf,inf,inf,inf,inf,inf,inf,inf,inf,inf,inf,inf,inf,inf,inf,inf,inf,inf,inf,inf,inf,inf,inf,inf,inf,inf,inf,inf,inf,inf,inf,inf,inf,inf,inf,inf,inf,inf,inf,inf,inf,inf,inf,inf,inf,inf,inf,inf,inf,inf,inf,inf,inf,inf,inf,inf,inf,inf,inf,2.3454113006591797,1.7218834161758423,1.5537278652191162,1.5562371015548706,1.5592323541641235,1.5627180337905884,1.5666999816894531,1.5711842775344849,1.576177954673767,1.5816891193389893,1.5877264738082886,1.5942994356155396,1.6014196872711182,1.609097957611084,1.6173477172851562,1.6261827945709229,1.635617971420288,1.645669937133789,1.656355857849121,1.66769540309906,1.6797089576721191,1.6924182176589966,1.7058475017547607,1.7200216054916382,1.7349690198898315,1.7507188320159912,1.7673029899597168,1.7847559452056885,1.8031136989593506,1.8224167823791504,1.8427077531814575,1.864032506942749,1.8864401578903198,9.452248573303223,inf,inf,inf,inf,inf,inf,inf,inf,inf,inf,inf,inf,inf,inf,inf,10.854077339172363,10.708712577819824,10.570381164550781,10.43873119354248,10.382370948791504,10.135514259338379,10.022705078125,9.915377616882324,9.8132963180542,9.741460800170898,10.059081077575684,10.401403427124023,inf,inf,inf,inf,inf,inf,inf,inf,inf,inf,inf,inf,inf,inf,inf,inf,inf,9.566771507263184,9.54161548614502,9.519497871398926,9.500382423400879,9.484240531921387,9.47104549407959,inf,inf,inf,inf,inf,inf,5.384129524230957,5.389843940734863,5.397225379943848,5.406282901763916,5.417030334472656,5.429486274719238,5.443668842315674,5.45959997177124,5.477307319641113,5.496816158294678,5.51815938949585,inf,inf,inf,inf,inf
1771970285956748134,-3.140000104904175,0.01749303564429283,inf,inf,inf,inf,inf,inf,inf,inf,inf,inf,inf,inf,inf,inf,inf,inf,inf,inf,inf,inf,inf,4.9992218017578125,4.89510440826416,4.796672344207764,4.703532695770264,4.615326404571533,4.531728267669678,4.452442646026611,4.377201080322266,4.333035469055176,4.417301177978516,4.5063157081604,4.600428581237793,4.700024127960205,4.805531024932861,4.917422771453857,5.036227703094482,inf,inf,inf,inf,inf,inf,inf,inf,inf,inf,inf,inf,inf,inf,inf,inf,inf,inf,inf,inf,inf,inf,inf,inf,inf,inf,inf,inf,inf,inf,inf,0.8795084953308105,0.878659725189209,0.8780808448791504,0.8777711391448975,0.8777303695678711,0.8779580593109131,0.8784546852111816,0.8792214393615723,0.8802587389945984,0.8815689086914062,0.8831532001495361,0.8850145936012268,0.8871559500694275,0.8895805478096008,0.8922923803329468,0.8952955007553101,0.8985949754714966,0.9021956920623779,0.9061039090156555,0.9103255867958069,0.9148685932159424,0.9197396039962769,0.9249474406242371,0.9305010437965393,0.9364100098609924,0.9426846504211426,0.9493362307548523,0.9563773274421692,0.9638209342956543,0.971680760383606,0.9799723029136658,0.9887114763259888,0.9979161024093628,1.0076053142547607,1.0177985429763794,1.0285183191299438,1.0397875308990479,1.0516324043273926,1.0640792846679688,1.077157974243164,1.0908998250961304,1.1053396463394165,1.1205142736434937,1.13646399974823,1.153232216835022,1.1708667278289795,1.189417839050293,1.2089428901672363,1.2295019626617432,1.2511614561080933,1.273995041847229,inf,inf,inf,inf,inf,inf,inf,inf,inf,inf,inf,inf,inf,inf,inf,inf,inf,inf,inf,inf,inf,inf,inf,inf,inf,inf,inf,inf,inf,inf,inf,inf,inf,inf,inf,inf,inf,inf,inf,inf,inf,inf,inf,inf,inf,inf,inf,inf,inf,inf,inf,inf,inf,inf,inf,inf,inf,inf,inf,inf,inf,inf,inf,inf,inf,inf,inf,inf,inf,inf,inf,inf,inf,inf,inf,inf,inf,inf,inf,inf,inf,inf,inf,inf,inf,inf,inf,inf,inf,inf,inf,inf,inf,inf,inf,inf,inf,inf,inf,inf,inf,inf,inf,inf,inf,inf,inf,inf,inf,inf,inf,inf,inf,inf,inf,inf,inf,inf,inf,inf,inf,inf,inf,inf,inf,inf,inf,inf,inf,inf,inf,inf,inf,inf,inf,inf,2.4457387924194336,1.9324089288711548,1.5975834131240845,1.543601632118225,1.5470517873764038,1.5509932041168213,1.5554317235946655,1.5603747367858887,1.5658297538757324,1.5718058347702026,1.5783122777938843,1.5853601694107056,1.5929609537124634,1.60112726688385,1.609872817993164,1.6192128658294678,1.6291627883911133,1.639741063117981,1.650965929031372,1.662858009338379,1.6754390001296997,1.6887325048446655,1.7027636766433716,1.717560052871704,1.7331509590148926,1.7495677471160889,1.766844630241394,1.7850172519683838,1.804125428199768,1.8242117166519165,1.8453210592269897,1.8675026893615723,1.8908100128173828,1.9153000116348267,inf,inf,inf,inf,inf,inf,inf,inf,inf,inf,inf,inf,inf,inf,10.914658546447754,10.768475532531738,10.629365921020508,10.49697494506836,10.370975494384766,10.192378044128418,10.078930854797363,9.97099494934082,9.868335723876953,9.770729064941406,10.025675773620605,10.366839408874512,inf,inf,inf,inf,inf,inf,inf,inf,inf,inf,inf,inf,inf,inf,inf,inf,inf,9.614901542663574,9.589614868164062,9.567381858825684,9.548166275024414,9.531938552856445,9.518672943115234,inf,inf,inf,inf,inf,inf,5.446770191192627,5.437441349029541,5.444884777069092,5.454019069671631,5.464859962463379,5.477422714233398,5.49172830581665,5.50779914855957,5.52565860748291,5.545337200164795,5.566866397857666,inf,inf,inf,inf,inf
1771970286092560902,-3.140000104904175,0.01749303564429283,inf,inf,inf,inf,inf,inf,inf,inf,inf,inf,inf,inf,inf,inf,inf,inf,inf,inf,inf,inf,inf,5.024909019470215,4.920250415802002,4.8213090896606445,4.727685451507568,4.639021396636963,4.554990291595459,4.4752936363220215,4.399661540985107,4.405714988708496,4.491390228271484,4.581892490386963,4.677578449249268,4.778838634490967,4.886109352111816,4.999870777130127,5.120660781860352,inf,inf,inf,inf,inf,inf,inf,inf,inf,inf,inf,inf,inf,inf,inf,inf,inf,inf,inf,inf,inf,inf,inf,inf,inf,inf,inf,inf,0.8999484777450562,0.8982487916946411,0.8968293070793152,0.8956882953643799,0.8948233127593994,0.8942334651947021,0.8939178586006165,0.8938758373260498,0.8941074013710022,0.8946124315261841,0.8953927159309387,0.8964488506317139,0.897782564163208,0.8993957042694092,0.9012910723686218,0.9034716486930847,0.9059402942657471,0.9087013602256775,0.9117592573165894,0.9151188731193542,0.9187855124473572,0.9227652549743652,0.9270642399787903,0.9316901564598083,0.9366503953933716,0.9419531226158142,0.9476083517074585,0.9536256194114685,0.9600151777267456,0.9667887091636658,0.9739588499069214,0.9815383553504944,0.9895420670509338,0.9979855418205261,1.0068849325180054,1.0162582397460938,1.0261245965957642,1.0365046262741089,1.0474207401275635,1.058896780014038,1.070958137512207,1.0836329460144043,1.0969512462615967,1.1109453439712524,1.125649333000183,1.1411019563674927,1.1573439836502075,1.1744192838668823,1.1923768520355225,1.211268424987793,1.2311503887176514,1.2520859241485596,inf,inf,inf,inf,inf,inf,inf,inf,inf,inf,inf,inf,inf,inf,inf,inf,inf,inf,inf,inf,inf,inf,inf,inf,inf,inf,inf,inf,inf,inf,inf,inf,inf,inf,inf,inf,inf,inf,inf,inf,inf,inf,inf,inf,inf,inf,inf,inf,inf,inf,inf,inf,inf,inf,inf,inf,inf,inf,inf,inf,inf,inf,inf,inf,inf,inf,inf,inf,inf,inf,inf,inf,inf,inf,inf,inf,inf,inf,inf,inf,inf,inf,inf,inf,inf,inf,inf,inf,inf,inf,inf,inf,inf,inf,inf,inf,inf,inf,inf,inf,inf,inf,inf,inf,inf,inf,inf,inf,inf,inf,inf,inf,inf,inf,inf,inf,inf,inf,inf,inf,inf,inf,inf,inf,inf,inf,inf,inf,inf,inf,inf,inf,inf,inf,inf,inf,inf,inf,inf,inf,2.089689254760742,1.7814809083938599,1.5529156923294067,1.5346503257751465,1.539041519165039,1.5439316034317017,1.5493285655975342,1.5552409887313843,1.5616780519485474,1.5686513185501099,1.5761710405349731,1.5842500925064087,1.5929028987884521,1.6021435260772705,1.6119880676269531,1.6224539279937744,1.6335597038269043,1.6453251838684082,1.6577727794647217,1.6709251403808594,1.6848078966140747,1.6994470357894897,1.7148725986480713,1.7311149835586548,1.7482082843780518,1.7661885023117065,1.7850942611694336,1.8049671649932861,1.8258527517318726,1.8477991819381714,1.8708595037460327,1.8950895071029663,1.92055082321167,inf,inf,inf,inf,inf,inf,inf,inf,inf,inf,inf,inf,inf,10.977702140808105,10.830666542053223,10.69074535369873,10.557581901550293,10.430849075317383,10.251554489135742,10.137439727783203,10.028870582580566,9.925609588623047,9.827430725097656,9.990915298461914,10.330875396728516,inf,inf,inf,inf,inf,inf,inf,inf,inf,inf,inf,inf,inf,inf,inf,inf,inf,9.664984703063965,9.639562606811523,9.617208480834961,9.597888946533203,9.581571578979492,9.568233489990234,11.95273494720459,inf,inf,inf,inf,inf,5.761477947235107,5.486968517303467,5.494477272033691,5.503693103790283,5.514628887176514,5.527304172515869,5.541737079620361,5.5579514503479,5.5759711265563965,5.595826625823975,5.617549419403076,inf,inf,inf,inf,inf
1771970286225216670,-3.140000104904175,0.01749303564429283,inf,inf,inf,inf,inf,inf,inf,inf,inf,inf,inf,inf,inf,inf,inf,inf,inf,inf,inf,inf,inf,5.048619270324707,4.943462371826172,4.844048976898193,4.749979496002197,4.660893440246582,4.576461315155029,4.49638557434082,4.420393466949463,4.472800254821777,4.5597758293151855,4.651651859283447,4.7487897872924805,4.851586818695068,4.960485458374023,5.075972080230713,inf,inf,inf,inf,inf,inf,inf,inf,inf,inf,inf,inf,inf,inf,inf,inf,inf,inf,inf,inf,inf,inf,inf,inf,inf,inf,0.9218788743019104,0.919277548789978,0.9169707298278809,0.9149545431137085,0.9132262468338013,0.9117828607559204,0.9106222987174988,0.9097424149513245,0.9091424942016602,0.9088208675384521,0.9087778925895691,0.9090127944946289,0.9095262885093689,0.9103190898895264,0.9113925695419312,0.9127479791641235,0.9143878221511841,0.9163142442703247,0.9185305833816528,0.9210402369499207,0.9238470196723938,0.92695552110672,0.9303706288337708,0.9340978860855103,0.9381433725357056,0.9425137639045715,0.9472159147262573,0.9522585272789001,0.9576495885848999,0.9633986949920654,0.969515323638916,0.9760110378265381,0.9828971028327942,0.9901857972145081,0.9978914856910706,1.006028175354004,1.0146117210388184,1.0236586332321167,1.0331873893737793,1.0432175397872925,1.0537701845169067,1.064867615699768,1.0765336751937866,1.088795781135559,1.1016812324523926,1.1152204275131226,1.129446268081665,1.144394874572754,1.1601042747497559,1.1766157150268555,1.1939746141433716,1.2122302055358887,1.2314350605010986,inf,inf,inf,inf,inf,inf,inf,inf,inf,inf,inf,inf,inf,inf,inf,inf,inf,inf,inf,inf,inf,inf,inf,inf,inf,inf,inf,inf,inf,inf,inf,inf,inf,inf,inf,inf,inf,inf,inf,inf,inf,inf,inf,inf,inf,inf,inf,inf,inf,inf,inf,inf,inf,inf,inf,inf,inf,inf,inf,inf,inf,inf,inf,inf,inf,inf,inf,inf,inf,inf,inf,inf,inf,inf,inf,inf,inf,inf,inf,inf,inf,inf,inf,inf,inf,inf,inf,inf,inf,inf,inf,inf,inf,inf,inf,inf,inf,inf,inf,inf,inf,inf,inf,inf,inf,inf,inf,inf,inf,inf,inf,inf,inf,inf,inf,inf,inf,inf,inf,inf,inf,inf,inf,inf,inf,inf,inf,inf,inf,inf,inf,inf,inf,inf,inf,inf,inf,inf,inf,inf,inf,inf,inf,2.1688525676727295,1.8905397653579712,1.6759827136993408,1.5239135026931763,1.528754711151123,1.5340981483459473,1.5399515628814697,1.5463249683380127,1.553228735923767,1.5606739521026611,1.568673014640808,1.5772398710250854,1.5863887071609497,1.5961356163024902,1.606497883796692,1.6174935102462769,1.6291428804397583,1.6414670944213867,1.654489278793335,1.6682343482971191,1.6827291250228882,1.6980018615722656,1.7140836715698242,1.7310075759887695,1.7488099336624146,1.7675285339355469,1.7872048616409302,1.807883858680725,1.8296133279800415,1.8524452447891235,1.87643563747406,1.9016451835632324,1.928139090538025,1.9559890031814575,inf,inf,inf,inf,inf,inf,inf,inf,inf,inf,inf,inf,10.888077735900879,10.747406959533691,10.613532066345215,10.486120223999023,10.306178092956543,10.191450119018555,10.082297325134277,9.978480339050293,9.87977123260498,9.95883560180664,10.297682762145996,10.663778305053711,inf,inf,inf,inf,inf,inf,inf,inf,inf,inf,inf,inf,inf,inf,inf,inf,9.71121597290039,9.685667991638184,9.663203239440918,9.643787384033203,9.627388000488281,9.613982200622559,11.667415618896484,inf,inf,inf,inf,inf,6.05224084854126,5.53268575668335,5.540255069732666,5.549544811248779,5.56057071685791,5.573348522186279,5.587899684906006,5.604246139526367,5.622414588928223,5.64243221282959,5.664332389831543,inf,inf,inf,inf,inf
1771970286350978723,-3.140000104904175,0.01749303564429283,inf,inf,inf,inf,inf,inf,inf,inf,inf,inf,inf,inf,inf,inf,inf,inf,inf,inf,inf,inf,5.185224533081055,5.073332786560059,4.967655181884766,4.86775016784668,4.7732157707214355,4.683688640594482,4.598840236663818,4.518368721008301,4.459029674530029,4.542715072631836,4.631044864654541,4.72435188293457,4.823002815246582,4.927401065826416,5.037995338439941,5.155281066894531,inf,inf,inf,inf,inf,inf,inf,inf,inf,inf,inf,inf,inf,inf,inf,inf,inf,inf,inf,inf,inf,inf,inf,inf,0.9438456892967224,0.9405875205993652,0.9376376271247864,0.9349910020828247,0.9326444268226624,0.9305933117866516,0.9288349747657776,0.9273666143417358,0.926185667514801,0.9252905249595642,0.9246798157691956,0.9243527054786682,0.9243082404136658,0.9245465993881226,0.9250685572624207,0.925874650478363,0.9269660115242004,0.9283440113067627,0.9300115704536438,0.931970477104187,0.9342243075370789,0.9367762207984924,0.9396305680274963,0.9427916407585144,0.9462648034095764,0.9500553011894226,0.9541696310043335,0.9586141705513,0.9633966088294983,0.9685244560241699,0.9740070104598999,0.9798536896705627,0.9860745072364807,0.992680549621582,0.9996837973594666,1.0070966482162476,1.0149332284927368,1.0232081413269043,1.0319377183914185,1.0411388874053955,1.050829529762268,1.061030626296997,1.0717625617980957,1.083048939704895,1.0949137210845947,1.1073839664459229,1.1204888820648193,1.1342586278915405,1.1487269401550293,1.1639293432235718,1.179905891418457,1.1966986656188965,1.2143529653549194,inf,inf,inf,inf,inf,inf,inf,inf,inf,inf,inf,inf,inf,inf,inf,inf,inf,inf,inf,inf,inf,inf,inf,inf,inf,inf,inf,inf,inf,inf,inf,inf,inf,inf,inf,inf,inf,inf,inf,inf,inf,inf,inf,inf,inf,inf,inf,inf,inf,inf,inf,inf,inf,inf,inf,inf,inf,inf,inf,inf,inf,inf,inf,inf,inf,inf,inf,inf,inf,inf,inf,inf,inf,inf,inf,inf,inf,inf,inf,inf,inf,inf,inf,inf,inf,inf,inf,inf,inf,inf,inf,inf,inf,inf,inf,inf,inf,inf,inf,inf,inf,inf,inf,inf,inf,inf,inf,inf,inf,inf,inf,inf,inf,inf,inf,inf,inf,inf,inf,inf,inf,inf,inf,inf,inf,inf,inf,inf,inf,inf,inf,inf,inf,inf,inf,inf,inf,inf,inf,inf,inf,inf,inf,inf,inf,inf,2.2425482273101807,1.9880014657974243,1.7858399152755737,1.621450424194336,1.5182256698608398,1.5240180492401123,1.5303246974945068,1.537156105041504,1.5445237159729004,1.552439570426941,1.560916781425476,1.5699702501296997,1.579615831375122,1.5898698568344116,1.6007509231567383,1.6122788190841675,1.6244741678237915,1.63736093044281,1.6509627103805542,1.6653063297271729,1.6804202795028687,1.6963344812393188,1.7130823135375977,1.7306993007659912,1.749222993850708,1.7686946392059326,1.7891579866409302,1.8106615543365479,1.8332555294036865,1.856995940208435,1.8819429874420166,1.9081616401672363,1.9357212781906128,1.9646985530853271,inf,inf,inf,inf,inf,inf,inf,inf,inf,inf,inf,10.947916030883789,10.806465148925781,10.671847343444824,10.543729782104492,10.363113403320312,10.247743606567383,10.137983322143555,10.033586502075195,9.934327125549316,9.92540168762207,10.263089179992676,10.627934455871582,inf,inf,inf,inf,inf,inf,inf,inf,inf,inf,inf,inf,inf,inf,inf,inf,9.759401321411133,9.733721733093262,9.711141586303711,9.691624641418457,9.675139427185059,9.661663055419922,11.370296478271484,inf,inf,inf,inf,inf,6.355562210083008,5.580333709716797,5.587965965270996,5.597333908081055,5.6084513664245605,5.621336460113525,5.636010646820068,5.652495861053467,5.6708173751831055,5.691005229949951,5.713091850280762,inf,inf,inf,inf,inf
1771970286555385284,-3.140000104904175,0.01749303564429283,inf,inf,inf,inf,inf,inf,inf,inf,inf,inf,inf,inf,inf,inf,inf,inf,inf,inf,inf,inf,5.212478160858154,5.0999908447265625,4.993752956390381,4.893317699432373,4.798281669616699,4.708280086517334,4.622981071472168,4.542083263397217,4.533074378967285,4.618143558502197,4.707934856414795,4.802786350250244,4.903069972991943,5.009195327758789,5.121618747711182,5.2408447265625,inf,inf,inf,inf,inf,inf,inf,inf,inf,inf,inf,inf,inf,inf,inf,inf,inf,inf,inf,inf,inf,0.9728525280952454,0.968558669090271,0.9645966291427612,0.9609596133232117,0.9576416015625,0.9546376466751099,0.9519429802894592,0.9495533108711243,0.9474647045135498,0.9456738829612732,0.9441784620285034,0.9429756999015808,0.9420637488365173,0.941441535949707,0.9411078691482544,0.9410622715950012,0.9413048028945923,0.941835880279541,0.9426558017730713,0.9437665343284607,0.9451693296432495,0.9468662738800049,0.9488604068756104,0.9511545300483704,0.9537523984909058,0.9566580653190613,0.9598758816719055,0.9634116888046265,0.9672703742980957,0.9714586138725281,0.9759830236434937,0.9808514714241028,0.9860719442367554,0.9916534423828125,0.9976056814193726,1.0039385557174683,1.0106638669967651,1.01779305934906,1.0253396034240723,1.0333175659179688,1.041742205619812,1.0506290197372437,1.0599958896636963,1.0698620080947876,1.080246925354004,1.0911728143692017,1.1026626825332642,1.114741563796997,1.1274372339248657,1.1407781839370728,1.1547967195510864,1.1695257425308228,1.1850030422210693,inf,inf,inf,inf,inf,inf,inf,inf,inf,inf,inf,inf,inf,inf,inf,inf,inf,inf,inf,inf,inf,inf,inf,inf,inf,inf,inf,inf,inf,inf,inf,inf,inf,inf,inf,inf,inf,inf,inf,inf,inf,inf,inf,inf,inf,inf,inf,inf,inf,inf,inf,inf,inf,inf,inf,inf,inf,inf,inf,inf,inf,inf,inf,inf,inf,inf,inf,inf,inf,inf,inf,inf,inf,inf,inf,inf,inf,inf,inf,inf,inf,inf,inf,inf,inf,inf,inf,inf,inf,inf,inf,inf,inf,inf,inf,inf,inf,inf,inf,inf,inf,inf,inf,inf,inf,inf,inf,inf,inf,inf,inf,inf,inf,inf,inf,inf,inf,inf,inf,inf,inf,inf,inf,inf,inf,inf,inf,inf,inf,inf,inf,inf,inf,inf,inf,inf,inf,inf,inf,inf,inf,inf,inf,inf,inf,inf,inf,inf,inf,inf,2.324744939804077,2.088303804397583,1.8960429430007935,1.736687421798706,1.6024925708770752,1.5130640268325806,1.519817590713501,1.5271011590957642,1.5349271297454834,1.543308138847351,1.5522584915161133,1.5617939233779907,1.5719317197799683,1.5826891660690308,1.5940861701965332,1.6061433553695679,1.618883728981018,1.6323310136795044,1.6465116739273071,1.6614538431167603,1.6771878004074097,1.693745493888855,1.7111624479293823,1.7294758558273315,1.7487266063690186,1.7689582109451294,1.7902172803878784,1.8125550746917725,1.8360260725021362,1.8606899976730347,1.886610746383667,1.9138576984405518,1.9425067901611328,1.972638487815857,inf,inf,inf,inf,inf,inf,inf,inf,inf,inf,11.012474060058594,10.8701810836792,10.734762191772461,10.605880737304688,10.512863159179688,10.308479309082031,10.1980619430542,10.093039512634277,9.993185997009277,9.898287773132324,10.225785255432129,10.589277267456055,inf,inf,inf,inf,inf,inf,inf,inf,inf,inf,inf,inf,inf,inf,inf,inf,9.811387062072754,9.785566329956055,9.762861251831055,9.74323558807373,9.726658821105957,9.713105201721191,11.050176620483398,inf,inf,inf,inf,inf,inf,5.631741523742676,5.639441013336182,5.648891448974609,5.660109996795654,5.673111438751221,5.687917232513428,5.704552173614502,5.723039150238037,5.743410110473633,5.765697956085205,inf,inf,inf,inf,inf
1771970286730184400,-3.140000104904175,0.01749303564429283,inf,inf,inf,inf,inf,inf,inf,inf,inf,inf,inf,inf,inf,inf,inf,inf,inf,inf,inf,inf,5.237740993499756,5.124703407287598,5.017945289611816,4.917018413543701,4.821516513824463,4.731075286865234,4.645359039306641,4.564065456390381,4.60169792175293,4.688050746917725,4.779196739196777,4.875479698181152,4.9772748947143555,5.085001468658447,5.199120044708252,inf,inf,inf,inf,inf,inf,inf,inf,inf,inf,inf,inf,inf,inf,inf,inf,inf,inf,inf,inf,0.99868243932724,0.9936210513114929,0.9889115691184998,0.9845465421676636,0.9805185198783875,0.9768209457397461,0.9734477996826172,0.970393717288971,0.9676542282104492,0.9652246832847595,0.9631010293960571,0.9612804055213928,0.9597598910331726,0.9585366249084473,0.9576095342636108,0.9569764733314514,0.9566368460655212,0.9565902352333069,0.9568361639976501,0.9573754668235779,0.9582086205482483,0.9593372344970703,0.9607627987861633,0.9624874591827393,0.9645141363143921,0.9668453931808472,0.9694858193397522,0.9724388718605042,0.9757094383239746,0.9793029427528381,0.9832249879837036,0.9874817132949829,0.9920805096626282,0.9970285892486572,1.0023348331451416,1.0080077648162842,1.0140575170516968,1.0204944610595703,1.0273300409317017,1.034576416015625,1.0422468185424805,1.0503557920455933,1.0589187145233154,1.0679516792297363,1.0774728059768677,1.0875004529953003,1.0980560779571533,1.109161376953125,1.1208398342132568,1.1331171989440918,1.1460212469100952,1.1595816612243652,1.1738301515579224,inf,inf,inf,inf,inf,inf,inf,inf,inf,inf,inf,inf,inf,inf,inf,inf,inf,inf,inf,inf,inf,inf,inf,inf,inf,inf,inf,inf,inf,inf,inf,inf,inf,inf,inf,inf,inf,inf,inf,inf,inf,inf,inf,inf,inf,inf,inf,inf,inf,inf,inf,inf,inf,inf,inf,inf,inf,inf,inf,inf,inf,inf,inf,inf,inf,inf,inf,inf,inf,inf,inf,inf,inf,inf,inf,inf,inf,inf,inf,inf,inf,inf,inf,inf,inf,inf,inf,inf,inf,inf,inf,inf,inf,inf,inf,inf,inf,inf,inf,inf,inf,inf,inf,inf,inf,inf,inf,inf,inf,inf,inf,inf,inf,inf,inf,inf,inf,inf,inf,inf,inf,inf,inf,inf,inf,inf,inf,inf,inf,inf,inf,inf,inf,inf,inf,inf,inf,inf,inf,inf,inf,inf,inf,inf,inf,inf,inf,inf,inf,inf,inf,inf,inf,2.368741035461426,2.1506333351135254,1.9698556661605835,1.8176259994506836,1.687717318534851,1.5755901336669922,1.5109542608261108,1.518696665763855,1.5269880294799805,1.5358428955078125,1.5452773571014404,1.5553067922592163,1.56594979763031,1.5772253274917603,1.5891544818878174,1.601758599281311,1.6150630712509155,1.6290929317474365,1.6438761949539185,1.6594427824020386,1.6758240461349487,1.6930558681488037,1.711174488067627,1.7302204370498657,1.7502363920211792,1.7712697982788086,1.793370008468628,1.816591501235962,1.84099280834198,1.8666377067565918,1.8935949802398682,1.9219387769699097,1.95175039768219,1.9831180572509766,2.0161373615264893,inf,inf,inf,inf,inf,inf,inf,inf,11.072319030761719,10.929244995117188,10.793083190917969,10.663495063781738,10.540168762207031,10.364778518676758,10.253751754760742,10.148150444030762,10.047745704650879,9.952322959899902,10.191205978393555,10.553445816040039,inf,inf,inf,inf,inf,inf,inf,inf,inf,inf,inf,inf,inf,inf,inf,inf,9.859574317932129,9.833621978759766,9.810800552368164,9.7910737991333,9.77441120147705,9.760787010192871,10.753686904907227,inf,inf,inf,inf,inf,inf,5.679390907287598,5.68715238571167,5.696681022644043,5.707990646362305,5.721099853515625,5.736029148101807,5.752800464630127,5.771442413330078,5.791983127593994,5.814456939697266,inf,inf,inf,inf,inf
1771970286952753340,-3.140000104904175,0.01749303564429283,inf,inf,inf,inf,inf,inf,inf,inf,inf,inf,inf,inf,inf,inf,inf,inf,inf,inf,inf,inf,5.262973308563232,5.149385929107666,5.042107582092285,4.940689563751221,4.844724178314209,4.753842353820801,4.6677093505859375,4.587161540985107,4.6702470779418945,4.757882118225098,4.850381851196289,4.948093414306641,5.051400184631348,5.160725116729736,5.2765374183654785,inf,inf,inf,inf,inf,inf,inf,inf,inf,inf,inf,inf,inf,inf,inf,inf,inf,1.0325528383255005,1.026280164718628,1.0203934907913208,1.0148825645446777,1.0097386837005615,1.0049521923065186,1.0005158185958862,0.9964222311973572,0.9926642179489136,0.9892361760139465,0.9861319661140442,0.9833475947380066,0.9808779954910278,0.9787195920944214,0.9768691062927246,0.9753232002258301,0.9740800857543945,0.9731371998786926,0.9724938273429871,0.9721483588218689,0.9721002578735352,0.9723498821258545,0.9728974103927612,0.9737437963485718,0.9748901724815369,0.9763383269309998,0.9780906438827515,0.9801495671272278,0.9825185537338257,0.9852010011672974,0.9882016181945801,0.9915246963500977,0.9951758980751038,0.9991611838340759,1.0034866333007812,1.0081592798233032,1.013187050819397,1.0185787677764893,1.0243433713912964,1.030490517616272,1.0370314121246338,1.04397714138031,1.0513404607772827,1.059134602546692,1.067374587059021,1.0760754346847534,1.0852543115615845,1.0949289798736572,1.1051183938980103,1.115844488143921,1.1271288394927979,1.1389960050582886,1.151471734046936,1.1645839214324951,inf,inf,inf,inf,inf,inf,inf,inf,inf,inf,inf,inf,inf,inf,inf,inf,inf,inf,inf,inf,inf,inf,inf,inf,inf,inf,inf,inf,inf,inf,inf,inf,inf,inf,inf,inf,inf,inf,inf,inf,inf,inf,inf,inf,inf,inf,inf,inf,inf,inf,inf,inf,inf,inf,inf,inf,inf,inf,inf,inf,inf,inf,inf,inf,inf,inf,inf,inf,inf,inf,inf,inf,inf,inf,inf,inf,inf,inf,inf,inf,inf,inf,inf,inf,inf,inf,inf,inf,inf,inf,inf,inf,inf,inf,inf,inf,inf,inf,inf,inf,inf,inf,inf,inf,inf,inf,inf,inf,inf,inf,inf,inf,inf,inf,inf,inf,inf,inf,inf,inf,inf,inf,inf,inf,inf,inf,inf,inf,inf,inf,inf,inf,inf,inf,inf,inf,inf,inf,inf,inf,inf,inf,inf,inf,inf,inf,inf,inf,inf,inf,inf,inf,inf,inf,inf,inf,2.4050145149230957,2.2028303146362305,2.032578468322754,1.887290596961975,1.7618905305862427,1.6525905132293701,1.5565080642700195,1.510687232017517,1.5194469690322876,1.5287797451019287,1.5387016534805298,1.5492300987243652,1.5603846311569214,1.5721853971481323,1.5846543312072754,1.5978158712387085,1.6116948127746582,1.626319408416748,1.6417183876037598,1.6579240560531616,1.6749707460403442,1.6928950548171997,1.7117364406585693,1.7315373420715332,1.7523449659347534,1.7742079496383667,1.7971802949905396,1.8213194608688354,1.8466891050338745,1.8733570575714111,1.9013965129852295,1.930888056755066,1.961918830871582,1.9945831298828125,2.028985023498535,inf,inf,inf,inf,inf,inf,inf,inf,10.988245010375977,10.851341247558594,10.721047401428223,10.597047805786133,10.421016693115234,10.309381484985352,10.203200340270996,10.102246284484863,10.006300926208496,10.156679153442383,10.517669677734375,inf,inf,inf,inf,inf,inf,inf,inf,inf,inf,inf,inf,inf,inf,inf,inf,inf,9.88162612915039,9.858688354492188,9.838861465454102,9.822113037109375,9.808418273925781,10.457904815673828,inf,inf,inf,inf,inf,inf,5.726988792419434,5.734813690185547,5.744419574737549,5.755821704864502,5.769038200378418,5.784089088439941,5.800998687744141,5.819794178009033,5.8405046463012695,5.863162994384766,inf,inf,inf,inf,inf
1771970287138318022,-3.140000104904175,0.01749303564429283,inf,inf,inf,inf,inf,inf,inf,inf,inf,inf,inf,inf,inf,inf,inf,inf,inf,inf,inf,inf,5.289229869842529,5.175069808959961,5.067251205444336,4.965322494506836,4.868873596191406,4.777534008026123,4.690967559814453,4.657222270965576,4.741573810577393,4.830541610717773,4.924449443817139,5.023647308349609,5.128525257110596,5.239513874053955,5.357089042663574,inf,inf,inf,inf,inf,inf,inf,inf,inf,inf,inf,inf,inf,inf,inf,1.0636823177337646,1.0564850568771362,1.0497039556503296,1.043326497077942,1.037341833114624,1.0317391157150269,1.0265089273452759,1.0216429233551025,1.0171319246292114,1.012969732284546,1.0091487169265747,1.0056633949279785,1.0025073289871216,0.9996764063835144,0.9971655011177063,0.9949707388877869,0.9930887222290039,0.9915167689323425,0.9902524352073669,0.98929363489151,0.9886390566825867,0.9882872104644775,0.9882382154464722,0.9884914755821228,0.9890477657318115,0.9899073839187622,0.9910724759101868,0.9925441145896912,0.9943250417709351,0.9964178204536438,0.9988255500793457,1.0015524625778198,1.0046021938323975,1.0079801082611084,1.0116913318634033,1.0157418251037598,1.0201387405395508,1.0248886346817017,1.0299993753433228,1.03548002243042,1.0413399934768677,1.0475882291793823,1.0542371273040771,1.0612974166870117,1.0687825679779053,1.0767054557800293,1.0850814580917358,1.0939260721206665,1.1032562255859375,1.113090991973877,1.1234492063522339,1.134352445602417,1.1458230018615723,inf,inf,inf,inf,inf,inf,inf,inf,inf,inf,inf,inf,inf,inf,inf,inf,inf,inf,inf,inf,inf,inf,inf,inf,inf,inf,inf,inf,inf,inf,inf,inf,inf,inf,inf,inf,inf,inf,inf,inf,inf,inf,inf,inf,inf,inf,inf,inf,inf,inf,inf,inf,inf,inf,inf,inf,inf,inf,inf,inf,inf,inf,inf,inf,inf,inf,inf,inf,inf,inf,inf,inf,inf,inf,inf,inf,inf,inf,inf,inf,inf,inf,inf,inf,inf,inf,inf,inf,inf,inf,inf,inf,inf,inf,inf,inf,inf,inf,inf,inf,inf,inf,inf,inf,inf,inf,inf,inf,inf,inf,inf,inf,inf,inf,inf,inf,inf,inf,inf,inf,inf,inf,inf,inf,inf,inf,inf,inf,inf,inf,inf,inf,inf,inf,inf,inf,inf,inf,inf,inf,inf,inf,inf,inf,inf,inf,inf,inf,inf,inf,inf,inf,inf,inf,inf,inf,inf,inf,inf,inf,2.4453163146972656,2.2562994956970215,2.0950024127960205,1.955785870552063,1.8344454765319824,1.7277806997299194,1.6333101987838745,1.5490838289260864,1.5116147994995117,1.521424412727356,1.5318338871002197,1.5428619384765625,1.5545294284820557,1.5668576955795288,1.579870581626892,1.5935930013656616,1.608052134513855,1.6232774257659912,1.6393002271652222,1.6561543941497803,1.6738758087158203,1.6925045251846313,1.7120822668075562,1.7326546907424927,1.7542705535888672,1.776983380317688,1.8008503913879395,1.8259339332580566,1.8523001670837402,1.8800232410430908,1.9091815948486328,1.9398618936538696,1.9721574783325195,2.0061709880828857,2.0420143604278564,inf,inf,inf,inf,inf,inf,inf,11.049642562866211,10.911965370178223,10.780936241149902,10.656237602233887,10.479538917541504,10.367270469665527,10.260488510131836,10.15895938873291,10.062471389770508,10.120752334594727,10.48044204711914,10.870087623596191,inf,inf,inf,inf,inf,inf,inf,inf,inf,inf,inf,inf,inf,inf,inf,inf,9.931577682495117,9.908519744873047,9.888587951660156,9.871750831604004,9.857982635498047,10.150396347045898,inf,inf,inf,inf,inf,inf,5.776516914367676,5.784406661987305,5.794093132019043,5.805591583251953,5.818918704986572,5.8340983390808105,5.851151466369629,5.870106220245361,5.890992164611816,5.913844108581543,inf,inf,inf,inf,inf
1771970287242303769,-3.140000104904175,0.01749303564429283,inf,inf,inf,inf,inf,inf,inf,inf,inf,inf,inf,inf,inf,inf,inf,inf,inf,inf,inf,5.439164161682129,5.317506790161133,5.20272970199585,5.094328880310059,4.991848945617676,4.8948798179626465,4.803047180175781,4.716013431549072,4.732669830322266,4.818382263183594,4.908786296844482,5.004209518432617,5.105009078979492,5.2115797996521,5.324359893798828,inf,inf,inf,inf,inf,inf,inf,inf,inf,inf,inf,inf,inf,inf,1.0983703136444092,1.0901591777801514,1.0823988914489746,1.0750747919082642,1.0681735277175903,1.0616834163665771,1.055592656135559,1.0498907566070557,1.0445681810379028,1.0396158695220947,1.0350251197814941,1.0307890176773071,1.0269005298614502,1.0233529806137085,1.0201412439346313,1.0172597169876099,1.0147042274475098,1.0124703645706177,1.0105550289154053,1.008954644203186,1.0076675415039062,1.0066914558410645,1.006024718284607,1.0056664943695068,1.0056160688400269,1.0058733224868774,1.006438970565796,1.0073132514953613,1.0084980726242065,1.0099951028823853,1.0118070840835571,1.0139356851577759,1.0163854360580444,1.0191596746444702,1.022262692451477,1.0256993770599365,1.0294755697250366,1.0335965156555176,1.0380700826644897,1.0429030656814575,1.0481033325195312,1.0536797046661377,1.0596418380737305,1.0659997463226318,1.0727643966674805,1.0799484252929688,1.087564468383789,1.0956261157989502,1.104148507118225,1.1131477355957031,1.1226414442062378,1.13264799118042,1.143187403678894,inf,inf,inf,inf,inf,inf,inf,inf,inf,inf,inf,inf,inf,inf,inf,inf,inf,inf,inf,inf,inf,inf,inf,inf,inf,inf,inf,inf,inf,inf,inf,inf,inf,inf,inf,inf,inf,inf,inf,inf,inf,inf,inf,inf,inf,inf,inf,inf,inf,inf,inf,inf,inf,inf,inf,inf,inf,inf,inf,inf,inf,inf,inf,inf,inf,inf,inf,inf,inf,inf,inf,inf,inf,inf,inf,inf,inf,inf,inf,inf,inf,inf,inf,inf,inf,inf,inf,inf,inf,inf,inf,inf,inf,inf,inf,inf,inf,inf,inf,inf,inf,inf,inf,inf,inf,inf,inf,inf,inf,inf,inf,inf,inf,inf,inf,inf,inf,inf,inf,inf,inf,inf,inf,inf,inf,inf,inf,inf,inf,inf,inf,inf,inf,inf,inf,inf,inf,inf,inf,inf,inf,inf,inf,inf,inf,inf,inf,inf,inf,inf,inf,inf,inf,inf,inf,inf,inf,inf,inf,inf,inf,inf,inf,inf,2.318742513656616,2.164641857147217,2.0303306579589844,1.9122625589370728,1.8076952695846558,1.7144678831100464,1.6308600902557373,1.555481195449829,1.51310133934021,1.5239938497543335,1.535517692565918,1.547694206237793,1.5605472326278687,1.5741004943847656,1.5883818864822388,1.6034198999404907,1.619246006011963,1.6358927488327026,1.6533962488174438,1.6717958450317383,1.6911330223083496,1.7114524841308594,1.7328025102615356,1.755236029624939,1.778809666633606,1.803584337234497,1.8296269178390503,1.8570088148117065,1.8858088254928589,1.9161114692687988,1.9480102062225342,1.981605052947998,2.0170071125030518,2.054337501525879,inf,inf,inf,inf,inf,inf,11.115764617919922,10.977255821228027,10.845434188842773,10.719983100891113,10.681024551391602,10.42961597442627,10.322184562683105,10.220039367675781,10.122962951660156,10.082069396972656,10.440359115600586,10.82848834991455,inf,inf,inf,inf,inf,inf,inf,inf,inf,inf,inf,inf,inf,inf,inf,inf,9.985373497009277,9.962185859680176,9.942140579223633,9.925207138061523,9.911359786987305,9.900575637817383,inf,inf,inf,inf,inf,inf,5.937778949737549,5.83781623840332,5.847588539123535,5.859190464019775,5.87263822555542,5.8879547119140625,5.905162811279297,5.924288749694824,5.9453654289245605,5.9684247970581055,inf,inf,inf,inf,inf
1771970287404007872,-3.140000104904175,0.01749303564429283,inf,inf,inf,inf,inf,inf,inf,inf,inf,inf,inf,inf,inf,inf,inf,inf,inf,inf,inf,5.463961601257324,5.341743469238281,5.226437568664551,5.117537498474121,5.014586448669434,4.917169570922852,4.824915409088135,4.737481594085693,4.797335624694824,4.884215354919434,4.975851058959961,5.072572231292725,5.174744129180908,5.2827653884887695,5.397079944610596,inf,inf,inf,inf,inf,inf,inf,inf,inf,inf,inf,inf,1.1327522993087769,1.123456358909607,1.1146501302719116,1.1063168048858643,1.0984406471252441,1.0910073518753052,1.0840035676956177,1.0774165391921997,1.071235179901123,1.065448522567749,1.0600464344024658,1.0550198554992676,1.0503610372543335,1.046061635017395,1.0421152114868164,1.0385147333145142,1.035254955291748,1.0323302745819092,1.0297365188598633,1.0274688005447388,1.025524616241455,1.0239005088806152,1.0225937366485596,1.0216026306152344,1.020925760269165,1.020561695098877,1.020510196685791,1.020770788192749,1.0213438272476196,1.0222312211990356,1.0234332084655762,1.0249519348144531,1.0267900228500366,1.0289502143859863,1.0314357280731201,1.0342504978179932,1.0373989343643188,1.0408858060836792,1.04471755027771,1.0488992929458618,1.053438663482666,1.0583425760269165,1.0636193752288818,1.0692778825759888,1.0753273963928223,1.0817790031433105,1.0886436700820923,1.095933437347412,1.1036614179611206,1.1118420362472534,1.1204898357391357,1.1296218633651733,inf,inf,inf,inf,inf,inf,inf,inf,inf,inf,inf,inf,inf,inf,inf,inf,inf,inf,inf,inf,inf,inf,inf,inf,inf,inf,inf,inf,inf,inf,inf,inf,inf,inf,inf,inf,inf,inf,inf,inf,inf,inf,inf,inf,inf,inf,inf,inf,inf,inf,inf,inf,inf,inf,inf,inf,inf,inf,inf,inf,inf,inf,inf,inf,inf,inf,inf,inf,inf,inf,inf,inf,inf,inf,inf,inf,inf,inf,inf,inf,inf,inf,inf,inf,inf,inf,inf,inf,inf,inf,inf,inf,inf,inf,inf,inf,inf,inf,inf,inf,inf,inf,inf,inf,inf,inf,inf,inf,inf,inf,inf,inf,inf,inf,inf,inf,inf,inf,inf,inf,inf,inf,inf,inf,inf,inf,inf,inf,inf,inf,inf,inf,inf,inf,inf,inf,inf,inf,inf,inf,inf,inf,inf,inf,inf,inf,inf,inf,inf,inf,inf,inf,inf,inf,inf,inf,inf,inf,inf,inf,inf,inf,inf,inf,inf,inf,inf,inf,2.3436975479125977,2.1982624530792236,2.070417881011963,1.9571930170059204,1.8562486171722412,1.7657194137573242,1.684100866317749,1.6101661920547485,1.542901873588562,1.5192234516143799,1.5312702655792236,1.5439857244491577,1.5573947429656982,1.5715234279632568,1.5864008665084839,1.6020580530166626,1.6185271739959717,1.6358442306518555,1.6540474891662598,1.6731783151626587,1.6932810544967651,1.7144036293029785,1.7365975379943848,1.7599196434020996,1.7844303846359253,1.810194492340088,1.8372844457626343,1.8657773733139038,1.895756483078003,1.9273148775100708,1.9605512619018555,1.9955759048461914,2.0325076580047607,2.0714781284332275,2.112631320953369,inf,inf,inf,inf,11.172444343566895,11.033222198486328,10.900721549987793,10.774624824523926,10.654633522033691,10.483057022094727,10.375068664550781,10.272394180297852,10.17481517791748,10.082128524780273,10.406009674072266,10.792837142944336,inf,inf,inf,inf,inf,inf,inf,inf,inf,inf,inf,inf,inf,inf,inf,inf,10.03148365020752,10.008185386657715,9.988043785095215,9.971028327941895,9.957111358642578,9.946273803710938,inf,inf,inf,inf,inf,inf,6.155655384063721,5.883594989776611,5.893441677093506,5.905131816864014,5.918683052062988,5.934116840362549,5.951456546783447,5.970731258392334,5.991969108581543,6.015207290649414,inf,inf,inf,inf,inf
1771970287648545957,-3.140000104904175,0.01749303564429283,inf,inf,inf,inf,inf,inf,inf,inf,inf,inf,inf,inf,inf,inf,inf,inf,inf,inf,inf,5.48980712890625,5.367004871368408,5.251147747039795,5.141727447509766,5.038283824920654,4.940402507781982,4.8477067947387695,4.781148433685303,4.864728927612305,4.952824115753174,5.045742034912109,5.143817901611328,5.2474188804626465,5.35695219039917,5.472864627838135,inf,inf,inf,inf,inf,inf,inf,inf,inf,inf,1.1704373359680176,1.159948706626892,1.14999520778656,1.1405574083328247,1.1316165924072266,1.1231557130813599,1.1151591539382935,1.1076120138168335,1.1005010604858398,1.0938135385513306,1.087537407875061,1.0816619396209717,1.0761773586273193,1.0710738897323608,1.0663435459136963,1.0619783401489258,1.0579712390899658,1.054315447807312,1.0510053634643555,1.048035979270935,1.0454020500183105,1.0430996417999268,1.0411252975463867,1.0394760370254517,1.038149118423462,1.0371423959732056,1.036454677581787,1.036084771156311,1.03603196144104,1.0362961292266846,1.0368778705596924,1.0377776622772217,1.0389975309371948,1.040539026260376,1.0424046516418457,1.0445971488952637,1.0471199750900269,1.04997718334198,1.0531729459762573,1.0567127466201782,1.060601830482483,1.0648468732833862,1.0694544315338135,1.0744324922561646,1.0797890424728394,1.0855329036712646,1.0916743278503418,1.098223090171814,1.105191707611084,1.1125916242599487,1.120436668395996,1.128740906715393,inf,inf,inf,inf,inf,inf,inf,inf,inf,inf,inf,inf,inf,inf,inf,inf,inf,inf,inf,inf,inf,inf,inf,inf,inf,inf,inf,inf,inf,inf,inf,inf,inf,inf,inf,inf,inf,inf,inf,inf,inf,inf,inf,inf,inf,inf,inf,inf,inf,inf,inf,inf,inf,inf,inf,inf,inf,inf,inf,inf,inf,inf,inf,inf,inf,inf,inf,inf,inf,inf,inf,inf,inf,inf,inf,inf,inf,inf,inf,inf,inf,inf,inf,inf,inf,inf,inf,inf,inf,inf,inf,inf,inf,inf,inf,inf,inf,inf,inf,inf,inf,inf,inf,inf,inf,inf,inf,inf,inf,inf,inf,inf,inf,inf,inf,inf,inf,inf,inf,inf,inf,inf,inf,inf,inf,inf,inf,inf,inf,inf,inf,inf,inf,inf,inf,inf,inf,inf,inf,inf,inf,inf,inf,inf,inf,inf,inf,inf,inf,inf,inf,inf,inf,inf,inf,inf,inf,inf,inf,inf,inf,inf,inf,inf,inf,inf,inf,inf,inf,inf,inf,2.3733179569244385,2.235281229019165,2.113030195236206,2.004038095474243,1.9062933921813965,1.8181718587875366,1.7383443117141724,1.6657203435897827,1.5993914604187012,1.5385949611663818,1.5267267227172852,1.539984941482544,1.5539549589157104,1.5686651468276978,1.5841461420059204,1.6004303693771362,1.617552638053894,1.6355515718460083,1.6544673442840576,1.6743441820144653,1.6952292919158936,1.7171739339828491,1.7402338981628418,1.764469027519226,1.789943814277649,1.8167294263839722,1.8449020385742188,1.8745445013046265,1.9057477712631226,1.9386109113693237,1.9732413291931152,2.009758472442627,2.048290252685547,2.0889809131622314,2.131986618041992,inf,inf,inf,11.231521606445312,11.09155559539795,10.958348274230957,10.83157730102539,10.710945129394531,10.53875732421875,10.430190086364746,10.326963424682617,10.228859901428223,10.135675430297852,10.370210647583008,10.755681991577148,inf,inf,inf,inf,inf,inf,inf,inf,inf,inf,inf,inf,inf,inf,inf,inf,10.079543113708496,10.05612850189209,10.03588581085205,10.018783569335938,10.004796981811523,9.993902206420898,inf,inf,inf,inf,inf,inf,6.382896423339844,5.931306838989258,5.9412312507629395,5.953013896942139,5.966672420501709,5.9822282791137695,5.999705791473389,6.019133567810059,6.040542125701904,6.06396484375,inf,inf,inf,inf,inf
1771970287790312895,-3.140000104904175,0.01749303564429283,inf,inf,inf,inf,inf,inf,inf,inf,inf,inf,inf,inf,inf,inf,inf,inf,inf,inf,inf,5.519753932952881,5.396275043487549,5.279778480529785,5.169755935668945,5.065742492675781,4.967321872711182,4.87411642074585,4.857908725738525,4.9428253173828125,5.032330513000488,5.126734256744385,5.226377964019775,5.331635475158691,5.442920207977295,5.560687065124512,inf,inf,inf,inf,inf,inf,inf,inf,1.2138383388519287,1.2020119428634644,1.1907745599746704,1.1801029443740845,1.169975996017456,1.1603730916976929,1.1512762308120728,1.1426678895950317,1.134531855583191,1.126853108406067,1.1196180582046509,1.1128133535385132,1.106427788734436,1.100449562072754,1.0948690176010132,1.0896764993667603,1.0848636627197266,1.080421805381775,1.0763442516326904,1.0726245641708374,1.0692566633224487,1.066235065460205,1.0635550022125244,1.061212182044983,1.0592029094696045,1.057524561882019,1.0561741590499878,1.0551490783691406,1.0544490814208984,1.0540720224380493,1.0540176630020142,1.0542858839035034,1.0548772811889648,1.0557925701141357,1.0570330619812012,1.058600664138794,1.0604979991912842,1.062727928161621,1.0652939081192017,1.0682001113891602,1.0714508295059204,1.0750515460968018,1.079007625579834,1.083325982093811,1.0880130529403687,1.0930765867233276,1.0985254049301147,1.1043684482574463,1.1106157302856445,1.1172778606414795,1.1243664026260376,inf,inf,inf,inf,inf,inf,inf,inf,inf,inf,inf,inf,inf,inf,inf,inf,inf,inf,inf,inf,inf,inf,inf,inf,inf,inf,inf,inf,inf,inf,inf,inf,inf,inf,inf,inf,inf,inf,inf,inf,inf,inf,inf,inf,inf,inf,inf,inf,inf,inf,inf,inf,inf,inf,inf,inf,inf,inf,inf,inf,inf,inf,inf,inf,inf,inf,inf,inf,inf,inf,inf,inf,inf,inf,inf,inf,inf,inf,inf,inf,inf,inf,inf,inf,inf,inf,inf,inf,inf,inf,inf,inf,inf,inf,inf,inf,inf,inf,inf,inf,inf,inf,inf,inf,inf,inf,inf,inf,inf,inf,inf,inf,inf,inf,inf,inf,inf,inf,inf,inf,inf,inf,inf,inf,inf,inf,inf,inf,inf,inf,inf,inf,inf,inf,inf,inf,inf,inf,inf,inf,inf,inf,inf,inf,inf,inf,inf,inf,inf,inf,inf,inf,inf,inf,inf,inf,inf,inf,inf,inf,inf,inf,inf,inf,inf,inf,inf,inf,inf,inf,inf,inf,inf,8.947744369506836,inf,2.426365375518799,2.293649911880493,2.1753311157226562,2.0692219734191895,1.973559856414795,1.8869036436080933,1.8080666065216064,1.7360639572143555,1.6700674295425415,1.6093794107437134,1.5534063577651978,1.5335984230041504,1.5481151342391968,1.5633922815322876,1.579461693763733,1.5963587760925293,1.614120602607727,1.6327872276306152,1.6524021625518799,1.673012614250183,1.6946685314178467,1.7174252271652222,1.7413406372070312,1.7664804458618164,1.7929133176803589,1.8207147121429443,1.8499668836593628,1.8807597160339355,1.9131898880004883,1.9473644495010376,1.9833998680114746,2.0214247703552246,2.0615792274475098,2.104017972946167,2.148912191390991,inf,inf,inf,11.159154891967773,11.025126457214355,10.897575378417969,10.776201248168945,10.60330581665039,10.494065284729004,10.3902006149292,10.291491508483887,10.197728157043457,10.32874584197998,10.712645530700684,inf,inf,inf,inf,inf,inf,inf,inf,inf,inf,inf,inf,inf,inf,inf,inf,10.135235786437988,10.111686706542969,10.091326713562012,10.074126243591309,10.060056686401367,10.049097061157227,inf,inf,inf,inf,inf,inf,6.646374225616455,5.986598968505859,5.996612548828125,6.0085015296936035,6.022284507751465,6.03798246383667,6.055619716644287,6.075226306915283,6.096829891204834,6.1204681396484375,inf,inf,inf,inf,inf
1771970287920999252,-3.140000104904175,0.01749303564429283,inf,inf,inf,inf,inf,inf,inf,inf,inf,inf,inf,inf,inf,inf,inf,inf,inf,inf,inf,5.54455041885376,5.4205098152160645,5.303485870361328,5.192963123321533,5.088478088378906,4.9896111488342285,4.89598274230957,4.921459197998047,5.007483005523682,5.098154544830322,5.193788528442383,5.294731140136719,5.401360511779785,5.514094352722168,inf,inf,inf,inf,inf,inf,inf,inf,1.2436206340789795,1.231003761291504,1.2190093994140625,1.2076125144958496,1.1967895030975342,1.1865184307098389,1.1767793893814087,1.167553424835205,1.1588226556777954,1.1505708694458008,1.1427831649780273,1.1354448795318604,1.1285438537597656,1.1220673322677612,1.1160043478012085,1.110344409942627,1.1050779819488525,1.1001962423324585,1.0956913232803345,1.0915560722351074,1.0877830982208252,1.0843671560287476,1.0813024044036865,1.078583836555481,1.0762073993682861,1.074169635772705,1.0724667310714722,1.071096658706665,1.0700571537017822,1.06934654712677,1.068963885307312,1.0689082145690918,1.069179892539978,1.0697791576385498,1.0707067251205444,1.0719642639160156,1.0735536813735962,1.0754774808883667,1.0777382850646973,1.0803402662277222,1.0832871198654175,1.0865832567214966,1.0902341604232788,1.0942457914352417,1.0986241102218628,1.103376865386963,1.1085118055343628,1.1140371561050415,1.1199620962142944,inf,inf,inf,inf,inf,inf,inf,inf,inf,inf,inf,inf,inf,inf,inf,inf,inf,inf,inf,inf,inf,inf,inf,inf,inf,inf,inf,inf,inf,inf,inf,inf,inf,inf,inf,inf,inf,inf,inf,inf,inf,inf,inf,inf,inf,inf,inf,inf,inf,inf,inf,inf,inf,inf,inf,inf,inf,inf,inf,inf,inf,inf,inf,inf,inf,inf,inf,inf,inf,inf,inf,inf,inf,inf,inf,inf,inf,inf,inf,inf,inf,inf,inf,inf,inf,inf,inf,inf,inf,inf,inf,inf,inf,inf,inf,inf,inf,inf,inf,inf,inf,inf,inf,inf,inf,inf,inf,inf,inf,inf,inf,inf,inf,inf,inf,inf,inf,inf,inf,inf,inf,inf,inf,inf,inf,inf,inf,inf,inf,inf,inf,inf,inf,inf,inf,inf,inf,inf,inf,inf,inf,inf,inf,inf,inf,inf,inf,inf,inf,inf,inf,inf,inf,inf,inf,inf,inf,inf,inf,inf,inf,inf,inf,inf,inf,inf,inf,inf,inf,inf,inf,inf,inf,inf,inf,inf,inf,inf,inf,2.4432239532470703,2.3171794414520264,2.204143762588501,2.102236270904541,2.009922981262207,1.9259412288665771,1.8492391109466553,1.7789363861083984,1.7142878770828247,1.6546623706817627,1.5995181798934937,1.5483893156051636,1.5462101697921753,1.5621024370193481,1.578812599182129,1.5963783264160156,1.614838719367981,1.6342374086380005,1.654619574546814,1.6760367155075073,1.6985417604446411,1.7221934795379639,1.7470556497573853,1.7731963396072388,1.800690770149231,1.8296200037002563,1.860072374343872,1.892143964767456,1.9259415864944458,1.9615789651870728,1.9991835355758667,2.0388941764831543,2.0808639526367188,2.1252615451812744,2.1722748279571533,inf,inf,11.215127944946289,11.080421447753906,10.95222282409668,10.83023452758789,10.656752586364746,10.546957015991211,10.442562103271484,10.343348503112793,10.249109268188477,10.294413566589355,10.67701530456543,inf,inf,inf,inf,inf,inf,inf,inf,inf,inf,inf,inf,inf,inf,inf,inf,10.18134880065918,10.15768814086914,10.137231826782227,10.119948387145996,10.105810165405273,10.094797134399414,inf,inf,inf,inf,inf,inf,6.864693641662598,6.032378673553467,6.042466163635254,6.054443836212158,6.068328857421875,6.084144592285156,6.101914405822754,6.121667861938477,6.143434524536133,6.167251110076904,inf,inf,inf,inf,inf
1771970288058441928,-3.140000104904175,0.01749303564429283,inf,inf,inf,inf,inf,inf,inf,inf,inf,inf,inf,inf,inf,inf,inf,inf,inf,inf,inf,5.571412563323975,5.446764945983887,5.329166889190674,5.218103885650635,5.113107681274414,5.01375675201416,4.919671058654785,4.990303993225098,5.077526092529297,5.169460773468018,5.266428470611572,5.368776798248291,5.476891040802002,5.591195583343506,inf,inf,inf,inf,inf,inf,inf,1.275875449180603,1.2624071836471558,1.249598741531372,1.2374221086502075,1.2258524894714355,1.2148654460906982,1.20443856716156,1.1945520639419556,1.1851855516433716,1.176322340965271,1.1679455041885376,1.1600396633148193,1.1525901556015015,1.145584225654602,1.1390092372894287,1.1328539848327637,1.1271083354949951,1.1217617988586426,1.116805911064148,1.1122324466705322,1.1080340147018433,1.1042038202285767,1.1007355451583862,1.0976239442825317,1.0948638916015625,1.0924510955810547,1.0903819799423218,1.0886530876159668,1.0872620344161987,1.0862064361572266,1.0854846239089966,1.0850952863693237,1.0850383043289185,1.0853135585784912,1.085921287536621,1.086862564086914,1.088138461112976,1.0897514820098877,1.0917037725448608,1.0939984321594238,1.096638798713684,1.099629521369934,1.1029748916625977,1.1066806316375732,1.1107521057128906,1.1151961088180542,1.1200201511383057,1.1252317428588867,inf,inf,inf,inf,inf,inf,inf,inf,inf,inf,inf,inf,inf,inf,inf,inf,inf,inf,inf,inf,inf,inf,inf,inf,inf,inf,inf,inf,inf,inf,inf,inf,inf,inf,inf,inf,inf,inf,inf,inf,inf,inf,inf,inf,inf,inf,inf,inf,inf,inf,inf,inf,inf,inf,inf,inf,inf,inf,inf,inf,inf,inf,inf,inf,inf,inf,inf,inf,inf,inf,inf,inf,inf,inf,inf,inf,inf,inf,inf,inf,inf,inf,inf,inf,inf,inf,inf,inf,inf,inf,inf,inf,inf,inf,inf,inf,inf,inf,inf,inf,inf,inf,inf,inf,inf,inf,inf,inf,inf,inf,inf,inf,inf,inf,inf,inf,inf,inf,inf,inf,inf,inf,inf,inf,inf,inf,inf,inf,inf,inf,inf,inf,inf,inf,inf,inf,inf,inf,inf,inf,inf,inf,inf,inf,inf,inf,inf,inf,inf,inf,inf,inf,inf,inf,inf,inf,inf,inf,inf,inf,inf,inf,inf,inf,inf,inf,inf,inf,inf,inf,inf,inf,inf,inf,inf,inf,inf,inf,inf,inf,inf,6.310279369354248,5.984707832336426,2.3503289222717285,2.241654396057129,2.1432125568389893,2.053654432296753,1.9718605279922485,1.8968905210494995,1.827951192855835,1.7643687725067139,1.7055643796920776,1.6510424613952637,1.6003731489181519,1.553181767463684,1.5598064661026,1.5771596431732178,1.5953965187072754,1.6145603656768799,1.6346967220306396,1.6558547019958496,1.6780871152877808,1.7014530897140503,1.726014494895935,1.7518388032913208,1.7790008783340454,1.8075802326202393,1.837664008140564,1.8693478107452393,1.9027363061904907,1.9379421472549438,1.9750919342041016,2.0143215656280518,2.055783748626709,2.099644184112549,2.146088123321533,2.1953201293945312,inf,11.275769233703613,11.140325546264648,11.01142692565918,10.888772010803223,10.832897186279297,10.604255676269531,10.499288558959961,10.399530410766602,10.304771423339844,10.25722885131836,10.638422966003418,11.052556037902832,inf,inf,inf,inf,inf,inf,inf,inf,inf,inf,inf,inf,inf,inf,inf,10.231306076049805,10.207524299621582,10.186963081359863,10.16958999633789,10.155377388000488,10.144305229187012,inf,inf,inf,inf,inf,inf,inf,6.081973552703857,6.092141628265381,6.104214191436768,6.118211269378662,6.134153842926025,6.152067184448242,6.1719794273376465,6.19392204284668,6.217932224273682,inf,inf,inf,inf,inf
1771970288254978576,-3.140000104904175,0.01749303564429283,inf,inf,inf,inf,inf,inf,inf,inf,inf,inf,inf,inf,inf,inf,inf,inf,inf,inf,inf,5.597257137298584,5.472024917602539,5.353876113891602,5.2422919273376465,5.13680362701416,5.0369873046875,4.972638130187988,5.05653190612793,5.144907474517822,5.238057613372803,5.336306095123291,5.44000768661499,5.549550533294678,5.665366172790527,inf,inf,inf,inf,inf,1.3235960006713867,1.3085025548934937,1.2941417694091797,1.2804797887802124,1.2674875259399414,1.2551358938217163,1.2433996200561523,1.2322546243667603,1.2216780185699463,1.2116491794586182,1.202148199081421,1.1931575536727905,1.1846600770950317,1.176640510559082,1.1690839529037476,1.161976933479309,1.155307412147522,1.1490634679794312,1.1432348489761353,1.1378114223480225,1.1327840089797974,1.1281447410583496,1.1238858699798584,1.1200003623962402,1.1164820194244385,1.1133251190185547,1.110525131225586,1.1080775260925293,1.10597825050354,1.1042240858078003,1.102812647819519,1.1017413139343262,1.1010087728500366,1.1006134748458862,1.1005553007125854,1.100833773612976,1.1014498472213745,1.1024038791656494,1.1036977767944336,1.1053334474563599,1.1073129177093506,1.1096400022506714,1.1123180389404297,1.115350604057312,1.1187433004379272,1.1225014925003052,1.1266305446624756,inf,inf,inf,inf,inf,inf,inf,inf,inf,inf,inf,inf,inf,inf,inf,inf,inf,inf,inf,inf,inf,inf,inf,inf,inf,inf,inf,inf,inf,inf,inf,inf,inf,inf,inf,inf,inf,inf,inf,inf,inf,inf,inf,inf,inf,inf,inf,inf,inf,inf,inf,inf,inf,inf,inf,inf,inf,inf,inf,inf,inf,inf,inf,inf,inf,inf,inf,inf,inf,inf,inf,inf,inf,inf,inf,inf,inf,inf,inf,inf,inf,inf,inf,inf,inf,inf,inf,inf,inf,inf,inf,inf,inf,inf,inf,inf,inf,inf,inf,inf,inf,inf,inf,inf,inf,inf,inf,inf,inf,inf,inf,inf,inf,inf,inf,inf,inf,inf,inf,inf,inf,inf,inf,inf,inf,inf,inf,inf,inf,inf,inf,inf,inf,inf,inf,inf,inf,inf,inf,inf,inf,inf,inf,inf,inf,inf,inf,inf,inf,inf,inf,inf,inf,inf,inf,inf,inf,inf,inf,inf,inf,inf,inf,inf,inf,inf,inf,inf,inf,inf,inf,inf,inf,inf,inf,inf,inf,inf,inf,inf,inf,inf,8.941739082336426,inf,inf,6.132852554321289,5.8336334228515625,2.375802516937256,2.2714617252349854,2.1765382289886475,2.089843988418579,2.010382890701294,1.9373146295547485,1.8699229955673218,1.807597041130066,1.7498105764389038,1.6961067914962769,1.6460901498794556,1.5994137525558472,1.5586719512939453,1.576694369316101,1.5956323146820068,1.61553156375885,1.6364401578903198,1.6584111452102661,1.6815017461776733,1.705773949623108,1.7312942743301392,1.7581361532211304,1.7863788604736328,1.816108226776123,1.847419023513794,1.8804142475128174,1.9152051210403442,1.951917052268982,1.9906847476959229,2.031658172607422,2.0750017166137695,2.1208980083465576,2.1695497035980225,2.2211811542510986,11.334112167358398,11.19796085357666,11.068388938903809,10.94509220123291,10.827789306640625,10.65938663482666,10.553865432739258,10.453583717346191,10.35832691192627,10.267906188964844,10.601297378540039,11.013956069946289,inf,inf,inf,inf,inf,inf,inf,inf,inf,inf,inf,inf,inf,inf,inf,inf,10.255470275878906,10.234807014465332,10.217348098754883,10.203064918518066,10.191936492919922,11.904618263244629,inf,inf,inf,inf,inf,inf,6.1296868324279785,6.139931678771973,6.152096271514893,6.166200637817383,6.182265281677246,6.200316905975342,6.220382213592529,6.242494106292725,6.266688346862793,inf,inf,inf,inf,inf
1771970288479451401,-3.140000104904175,0.01749303564429283,inf,inf,inf,inf,inf,inf,inf,inf,inf,inf,inf,inf,inf,inf,inf,inf,inf,inf,5.757657527923584,5.624118804931641,5.498279094696045,5.379557132720947,5.267431735992432,5.161431312561035,5.061131954193115,5.04033899307251,5.125370979309082,5.214943885803223,5.309357643127441,5.408938407897949,5.514045238494873,5.6250739097595215,inf,inf,inf,inf,inf,1.3591089248657227,1.343015432357788,1.3277002573013306,1.3131273984909058,1.2992641925811768,1.286080241203308,1.2735472917556763,1.2616379261016846,1.250328779220581,1.2395962476730347,1.2294193506240845,1.2197786569595337,1.210655689239502,1.2020329236984253,1.1938947439193726,1.186226725578308,1.179015040397644,1.1722474098205566,1.165911316871643,1.159996509552002,1.1544930934906006,1.149391531944275,1.144683599472046,1.1403616666793823,1.1364185810089111,1.1328481435775757,1.129644751548767,1.1268031597137451,1.124935269355774,1.1228034496307373,1.1210222244262695,1.1195886135101318,1.1185004711151123,1.1177561283111572,1.1173546314239502,1.1172949075698853,1.1175774335861206,1.1182022094726562,1.1191701889038086,1.120483160018921,1.122143030166626,1.1241521835327148,1.126513957977295,1.1292320489883423,1.1323106288909912,inf,inf,inf,inf,inf,inf,inf,inf,inf,inf,inf,inf,inf,inf,inf,inf,inf,inf,inf,inf,inf,inf,inf,inf,inf,inf,inf,inf,inf,inf,inf,inf,inf,inf,inf,inf,inf,inf,inf,inf,inf,inf,inf,inf,inf,inf,inf,inf,inf,inf,inf,inf,inf,inf,inf,inf,inf,inf,inf,inf,inf,inf,inf,inf,inf,inf,inf,inf,inf,inf,inf,inf,inf,inf,inf,inf,inf,inf,inf,inf,inf,inf,inf,inf,inf,inf,inf,inf,inf,inf,inf,inf,inf,inf,inf,inf,inf,inf,inf,inf,inf,inf,inf,inf,inf,inf,inf,inf,inf,inf,inf,inf,inf,inf,inf,inf,inf,inf,inf,inf,inf,inf,inf,inf,inf,inf,inf,inf,inf,inf,inf,inf,inf,inf,inf,inf,inf,inf,inf,inf,inf,inf,inf,inf,inf,inf,inf,inf,inf,inf,inf,inf,inf,inf,inf,inf,inf,inf,inf,inf,inf,inf,inf,inf,inf,inf,inf,inf,inf,inf,inf,inf,inf,inf,inf,inf,inf,inf,inf,inf,inf,inf,inf,inf,inf,inf,inf,inf,6.2927021980285645,5.985659122467041,5.708850383758545,2.4098455905914307,2.309131622314453,2.217149496078491,2.1328418254852295,2.0553178787231445,1.9838167428970337,1.9176905155181885,1.8563802242279053,1.799401879310608,1.7463361024856567,1.6968145370483398,1.6505159139633179,1.6071547269821167,1.57521390914917,1.5948572158813477,1.615497350692749,1.6371855735778809,1.6599794626235962,1.6839395761489868,1.709132432937622,1.7356290817260742,1.7635084390640259,1.792856216430664,1.8237637281417847,1.8563345670700073,1.8906786441802979,1.9269181489944458,1.9651875495910645,2.005633592605591,2.048419952392578,2.0937256813049316,2.141751289367676,2.192718029022217,2.246875047683716,11.260143280029297,11.129844665527344,11.005854606628418,10.887894630432129,10.718863487243652,10.612748146057129,10.511899948120117,10.416106224060059,10.325175285339355,10.561259269714355,10.972332954406738,inf,inf,inf,inf,inf,inf,inf,inf,inf,inf,inf,inf,inf,inf,inf,inf,10.307198524475098,10.286426544189453,10.268874168395996,10.254514694213867,10.243325233459473,11.431987762451172,inf,inf,inf,inf,inf,inf,6.181164741516113,6.191492557525635,6.203756332397461,6.217976093292236,6.234172821044922,6.252371788024902,6.272602558135986,6.294898509979248,6.3192925453186035,inf,inf,inf,inf,inf
1771970288706243594,-3.140000104904175,0.01749303564429283,inf,inf,inf,inf,inf,inf,inf,inf,inf,inf,inf,inf,inf,inf,inf,inf,inf,inf,5.785163879394531,5.650979995727539,5.524532318115234,5.405237674713135,5.292571067810059,5.186059951782227,5.085276126861572,5.108036994934082,5.194206714630127,5.284977912902832,5.380654811859131,5.4815673828125,5.588080883026123,5.700594425201416,inf,inf,inf,inf,1.3959169387817383,1.3787615299224854,1.3624341487884521,1.3468962907791138,1.3321123123168945,1.3180478811264038,1.3046727180480957,1.2919570207595825,1.2798752784729004,1.2684017419815063,1.2575135231018066,1.2471891641616821,1.237407922744751,1.2281522750854492,1.2194045782089233,1.2111482620239258,1.2033687829971313,1.1960525512695312,1.1891860961914062,1.1827579736709595,1.1767570972442627,1.1711736917495728,1.1659977436065674,1.1612212657928467,1.1568365097045898,1.1528356075286865,1.149213194847107,1.1459629535675049,1.1430798768997192,1.140559196472168,1.138397455215454,1.1365909576416016,1.1351369619369507,1.134033203125,1.1332777738571167,1.1328701972961426,1.1328092813491821,1.1330952644348145,1.1337281465530396,1.134709119796753,1.1360399723052979,1.1377222537994385,1.1397589445114136,1.142153024673462,inf,inf,inf,inf,inf,inf,inf,inf,inf,inf,inf,inf,inf,inf,inf,inf,inf,inf,inf,inf,inf,inf,inf,inf,inf,inf,inf,inf,inf,inf,inf,inf,inf,inf,inf,inf,inf,inf,inf,inf,inf,inf,inf,inf,inf,inf,inf,inf,inf,inf,inf,inf,inf,inf,inf,inf,inf,inf,inf,inf,inf,inf,inf,inf,inf,inf,inf,inf,inf,inf,inf,inf,inf,inf,inf,inf,inf,inf,inf,inf,inf,inf,inf,inf,inf,inf,inf,inf,inf,inf,inf,inf,inf,inf,inf,inf,inf,inf,inf,inf,inf,inf,inf,inf,inf,inf,inf,inf,inf,inf,inf,inf,inf,inf,inf,inf,inf,inf,inf,inf,inf,inf,inf,inf,inf,inf,inf,inf,inf,inf,inf,inf,inf,inf,inf,inf,inf,inf,inf,inf,inf,inf,inf,inf,inf,inf,inf,inf,inf,inf,inf,inf,inf,inf,inf,inf,inf,inf,inf,inf,inf,inf,inf,inf,inf,inf,inf,inf,inf,inf,inf,inf,inf,inf,inf,inf,inf,inf,inf,inf,inf,inf,inf,inf,inf,inf,inf,inf,inf,inf,inf,6.1265950202941895,5.843247890472412,5.586585521697998,2.4320480823516846,2.335162401199341,2.2463624477386475,2.164705991744995,2.0893948078155518,2.019745349884033,1.9551680088043213,1.8951553106307983,1.839261770248413,1.787102460861206,1.7383370399475098,1.6926666498184204,1.6498262882232666,1.6095819473266602,1.5960873365402222,1.6175141334533691,1.6400331258773804,1.6637040376663208,1.6885921955108643,1.7147694826126099,1.7423126697540283,1.771305799484253,1.801840901374817,1.834018349647522,1.8679476976394653,1.9037498235702515,1.9415571689605713,1.981514811515808,2.0237843990325928,2.068542718887329,2.115988254547119,2.166339635848999,2.219841718673706,2.2767677307128906,11.186810493469238,11.062179565429688,10.943609237670898,10.77399730682373,10.667330741882324,10.565956115722656,10.469664573669434,10.378259658813477,10.524147987365723,10.933748245239258,inf,inf,inf,inf,inf,inf,inf,inf,inf,inf,inf,inf,inf,inf,inf,inf,10.355145454406738,10.334272384643555,10.316634178161621,10.302203178405762,10.290956497192383,10.994441032409668,inf,inf,inf,inf,inf,inf,6.228878021240234,6.239282608032227,6.251638412475586,6.265964984893799,6.282283782958984,6.300621032714844,6.321005821228027,6.343469619750977,6.3680500984191895,inf,inf,inf,inf,inf
1771970288802842070,-3.140000104904175,0.01749303564429283,inf,inf,inf,inf,inf,inf,inf,inf,inf,inf,inf,inf,inf,inf,inf,inf,inf,inf,5.811596393585205,5.676792621612549,5.549761772155762,5.429915428161621,5.3167290687561035,5.209726333618164,5.108477592468262,5.173094749450684,5.26035737991333,5.3522820472717285,5.449171543121338,5.551363945007324,5.65922737121582,5.773167610168457,inf,inf,1.4525145292282104,1.4333118200302124,1.4150381088256836,1.3976469039916992,1.3810949325561523,1.365343451499939,1.3503559827804565,1.336098313331604,1.3225390911102295,1.309648871421814,1.2974005937576294,1.2857693433761597,1.2747315168380737,1.2642649412155151,1.2543493509292603,1.2449663877487183,1.2360979318618774,1.227728247642517,1.219841718673706,1.212424635887146,1.2054636478424072,1.1989469528198242,1.1928633451461792,1.1872029304504395,1.1819558143615723,1.1771132946014404,1.1726678609848022,1.168612003326416,1.164939284324646,1.1616441011428833,1.1587209701538086,1.1561654806137085,1.1539734601974487,1.152141809463501,1.150667428970337,1.1495479345321655,1.1487821340560913,1.1483681201934814,1.148305892944336,1.1485952138900757,1.1492363214492798,1.1502304077148438,1.1515787839889526,1.1532838344573975,inf,inf,inf,inf,inf,inf,inf,inf,inf,inf,inf,inf,inf,inf,inf,inf,inf,inf,inf,inf,inf,inf,inf,inf,inf,inf,inf,inf,inf,inf,inf,inf,inf,inf,inf,inf,inf,inf,inf,inf,inf,inf,inf,inf,inf,inf,inf,inf,inf,inf,inf,inf,inf,inf,inf,inf,inf,inf,inf,inf,inf,inf,inf,inf,inf,inf,inf,inf,inf,inf,inf,inf,inf,inf,inf,inf,inf,inf,inf,inf,inf,inf,inf,inf,inf,inf,inf,inf,inf,inf,inf,inf,inf,inf,inf,inf,inf,inf,inf,inf,inf,inf,inf,inf,inf,inf,inf,inf,inf,inf,inf,inf,inf,inf,inf,inf,inf,inf,inf,inf,inf,inf,inf,inf,inf,inf,inf,inf,inf,inf,inf,inf,inf,inf,inf,inf,inf,inf,inf,inf,inf,inf,inf,inf,inf,inf,inf,inf,inf,inf,inf,inf,inf,inf,inf,inf,inf,inf,inf,inf,inf,inf,inf,inf,inf,inf,inf,inf,inf,inf,inf,inf,inf,inf,inf,inf,inf,inf,inf,inf,inf,inf,inf,inf,inf,inf,inf,inf,inf,inf,8.937439918518066,inf,inf,6.26739501953125,5.97751522064209,5.714935779571533,5.476059913635254,2.4530625343322754,2.3597726821899414,2.2739882469177246,2.1948704719543457,2.1217002868652344,2.0538599491119385,1.9908134937286377,1.9320961236953735,1.8773008584976196,1.8260713815689087,1.7780935764312744,1.7330886125564575,1.6908106803894043,1.6510393619537354,1.6135785579681396,1.6201107501983643,1.6434929370880127,1.6680777072906494,1.6939356327056885,1.7211426496505737,1.7497819662094116,1.7799445390701294,1.8117296695709229,1.8452447652816772,1.8806102275848389,1.9179555177688599,1.9574259519577026,1.9991793632507324,2.043391466140747,2.0902581214904785,2.1399943828582764,2.192843198776245,2.2490735054016113,2.3089892864227295,11.11844539642334,10.999263763427734,10.829070091247559,10.72185230255127,10.619955062866211,10.523164749145508,10.43128776550293,10.487093925476074,10.895223617553711,inf,inf,inf,inf,inf,inf,inf,inf,inf,inf,inf,inf,inf,inf,inf,inf,10.403040885925293,10.382067680358887,10.36434268951416,10.34984016418457,10.33853816986084,10.55813217163086,inf,inf,inf,inf,inf,inf,6.407235622406006,6.287022590637207,6.299470901489258,6.31390380859375,6.330344200134277,6.348819255828857,6.369356632232666,6.391989707946777,6.416754722595215,inf,inf,inf,inf,inf
1771970288949477861,-3.140000104904175,0.01749303564429283,inf,inf,inf,inf,inf,inf,inf,inf,inf,inf,inf,inf,inf,inf,inf,inf,inf,inf,5.840176582336426,5.704702377319336,5.57703971862793,5.456597328186035,5.342848777770996,5.235314846038818,5.159420013427734,5.243425369262695,5.331870079040527,5.425037860870361,5.523239612579346,5.626815319061279,5.736139297485352,5.851621150970459,inf,1.4942123889923096,1.4737358093261719,1.454251766204834,1.435709834098816,1.4180634021759033,1.4012686014175415,1.385286569595337,1.3700791597366333,1.3556125164031982,1.3418538570404053,1.3287748098373413,1.3163470029830933,1.3045450448989868,1.2933450937271118,1.2827247381210327,1.2726640701293945,1.2631434202194214,1.2541449069976807,1.2456523180007935,1.2376500368118286,1.230123519897461,1.2230604887008667,1.216448187828064,1.2102751731872559,1.2045315504074097,1.199207067489624,1.19429349899292,1.1897821426391602,1.185666561126709,1.181939959526062,1.178596019744873,1.1756298542022705,1.1730363368988037,1.1708118915557861,1.1689529418945312,1.1674563884735107,1.1663199663162231,1.1655423641204834,1.1651220321655273,1.1650582551956177,1.165351152420044,1.1660012006759644,6.207432746887207,inf,inf,inf,inf,inf,inf,inf,inf,inf,inf,inf,inf,inf,inf,inf,inf,inf,inf,inf,inf,inf,inf,inf,inf,inf,inf,inf,inf,inf,inf,inf,inf,inf,inf,inf,inf,inf,inf,inf,inf,inf,inf,inf,inf,inf,inf,inf,inf,inf,inf,inf,inf,inf,inf,inf,inf,inf,inf,inf,inf,inf,inf,inf,inf,inf,inf,inf,inf,inf,inf,inf,inf,inf,inf,inf,inf,inf,inf,inf,inf,inf,inf,inf,inf,inf,inf,inf,inf,inf,inf,inf,inf,inf,inf,inf,inf,inf,inf,inf,inf,inf,inf,inf,inf,inf,inf,inf,inf,inf,inf,inf,inf,inf,inf,inf,inf,inf,inf,inf,inf,inf,inf,inf,inf,inf,inf,inf,inf,inf,inf,inf,inf,inf,inf,inf,inf,inf,inf,inf,inf,inf,inf,inf,inf,inf,inf,inf,inf,inf,inf,inf,inf,inf,inf,inf,inf,inf,inf,inf,inf,inf,inf,inf,inf,inf,inf,inf,inf,inf,inf,inf,inf,inf,inf,inf,inf,inf,inf,inf,inf,inf,inf,inf,inf,inf,inf,inf,inf,inf,inf,inf,inf,inf,inf,inf,inf,6.122700214385986,5.853721618652344,5.6090264320373535,5.46954870223999,5.512892723083496,2.3921499252319336,2.308915615081787,2.2319388389587402,2.1605687141418457,2.094242572784424,2.032470941543579,1.9748252630233765,1.9209314584732056,1.8704581260681152,1.823113203048706,1.7786363363265991,1.7367968559265137,1.6973878145217896,1.660224199295044,1.6251400709152222,1.6459012031555176,1.671413779258728,1.6982578039169312,1.7265151739120483,1.7562744617462158,1.7876352071762085,1.8207029104232788,1.8555960655212402,1.892443060874939,1.9313857555389404,1.972581386566162,2.0162031650543213,2.0624427795410156,2.1115145683288574,2.1636571884155273,2.2191359996795654,2.2782504558563232,2.341336488723755,11.059436798095703,10.995919227600098,10.780802726745605,10.678337097167969,10.581009864807129,10.48862075805664,10.447029113769531,10.853571891784668,11.29662799835205,inf,inf,inf,inf,inf,inf,inf,inf,inf,inf,inf,inf,inf,inf,inf,10.45482349395752,10.433740615844727,10.415923118591309,10.40134334564209,10.389979362487793,10.381814002990723,inf,inf,inf,inf,inf,inf,6.603543281555176,6.338634490966797,6.351181983947754,6.365730285644531,6.382302284240723,6.400925636291504,6.421628475189209,6.44444465637207,6.469409465789795,6.4965643882751465,inf,inf,inf,inf
1771970289230951299,-3.140000104904175,0.01749303564429283,inf,inf,inf,inf,inf,inf,inf,inf,inf,inf,inf,inf,inf,inf,inf,inf,inf,inf,5.867682456970215,5.731563091278076,5.6032915115356445,5.4822773933410645,5.367986679077148,5.259941101074219,5.2260308265686035,5.311115264892578,5.400696754455566,5.495062351226807,5.594527244567871,5.699434280395508,5.8101630210876465,inf,1.5367449522018433,1.5149216651916504,1.4941602945327759,1.47440505027771,1.455604910850525,1.4377131462097168,1.420685052871704,1.4044804573059082,1.3890610933303833,1.374393105506897,1.3604434728622437,1.3471823930740356,1.3345814943313599,1.322615146636963,1.3112595081329346,1.3004915714263916,1.2902907133102417,1.280637264251709,1.2715133428573608,1.2629023790359497,1.2547887563705444,1.2471579313278198,1.239996314048767,1.233291745185852,1.2270324230194092,1.2212085723876953,1.215809941291809,1.2108277082443237,1.2062537670135498,1.2020807266235352,1.1983016729354858,1.1949106454849243,1.191902756690979,1.1892729997634888,1.1870170831680298,1.1851316690444946,1.1836141347885132,1.1824618577957153,1.1816729307174683,1.181246042251587,1.1811808347702026,6.214741230010986,6.218201160430908,6.2312798500061035,inf,inf,inf,inf,inf,inf,inf,inf,inf,inf,inf,inf,inf,inf,inf,inf,inf,inf,inf,inf,inf,inf,inf,inf,inf,inf,inf,inf,inf,inf,inf,inf,inf,inf,inf,inf,inf,inf,inf,inf,inf,inf,inf,inf,inf,inf,inf,inf,inf,inf,inf,inf,inf,inf,inf,inf,inf,inf,inf,inf,inf,inf,inf,inf,inf,inf,inf,inf,inf,inf,inf,inf,inf,inf,inf,inf,inf,inf,inf,inf,inf,inf,inf,inf,inf,inf,inf,inf,inf,inf,inf,inf,inf,inf,inf,inf,inf,inf,inf,inf,inf,inf,inf,inf,inf,inf,inf,inf,inf,inf,inf,inf,inf,inf,inf,inf,inf,inf,inf,inf,inf,inf,inf,inf,inf,inf,inf,inf,inf,inf,inf,inf,inf,inf,inf,inf,inf,inf,inf,inf,inf,inf,inf,inf,inf,inf,inf,inf,inf,inf,inf,inf,inf,inf,inf,inf,inf,inf,inf,inf,inf,inf,inf,inf,inf,inf,inf,inf,inf,inf,inf,inf,inf,inf,inf,inf,inf,inf,inf,inf,inf,inf,inf,inf,inf,inf,inf,inf,inf,inf,inf,inf,inf,inf,inf,inf,6.262455463409424,5.9873175621032715,5.737020492553711,5.508427143096924,5.495068073272705,5.54066801071167,2.418694019317627,2.338052749633789,2.263284683227539,2.193800449371338,2.1290886402130127,2.068699359893799,2.0122406482696533,1.9593653678894043,1.9097670316696167,1.8631736040115356,1.8193432092666626,1.7780590057373047,1.739127278327942,1.70237398147583,1.667641043663025,1.6497399806976318,1.676234483718872,1.704123616218567,1.7334959506988525,1.7644481658935547,1.7970852851867676,1.8315242528915405,1.8678908348083496,1.9063266515731812,1.946985125541687,1.9900389909744263,2.0356764793395996,2.084108591079712,2.1355714797973633,2.1903271675109863,2.248671054840088,2.310934066772461,2.3774921894073486,11.002765655517578,10.837542533874512,10.73453140258789,10.636685371398926,10.543803215026855,10.45570182800293,10.813493728637695,11.254884719848633,inf,inf,inf,inf,inf,inf,inf,inf,inf,inf,inf,inf,inf,inf,inf,10.504664421081543,10.483475685119629,10.465567588806152,10.45091438293457,10.439491271972656,10.431282043457031,inf,inf,inf,inf,inf,inf,6.792569637298584,6.38831090927124,6.400953769683838,6.415612697601318,6.432312965393066,6.45107889175415,6.471940517425537,6.494931221008301,6.520089149475098,6.5474534034729,inf,inf,inf,inf
1771970289589115641,-3.140000104904175,0.01749303564429283,inf,inf,inf,inf,inf,inf,inf,inf,inf,inf,inf,inf,inf,inf,inf,inf,inf,inf,5.896230220794678,5.759440898895264,5.630539417266846,5.508929252624512,5.394077301025391,5.285500526428223,5.295166015625,5.381372928619385,5.472134113311768,5.567742347717285,5.668517112731934,5.774806022644043,5.886992931365967,1.581822156906128,1.5585496425628662,1.536415457725525,1.515358567237854,1.4953218698501587,1.4762541055679321,1.4581074714660645,1.440837025642395,1.4244009256362915,1.4087624549865723,1.3938857316970825,1.3797372579574585,1.3662868738174438,1.3535066843032837,1.3413702249526978,1.3298527002334595,1.3189311027526855,1.3085848093032837,1.2987937927246094,1.2895400524139404,1.2808064222335815,1.2725768089294434,1.2648372650146484,1.2575732469558716,1.2507729530334473,1.244424819946289,1.2385176420211792,1.233041763305664,1.227988362312317,1.2233489751815796,1.2191157341003418,1.2152825593948364,1.2118432521820068,1.2087923288345337,1.2061246633529663,1.2038363218307495,1.2019236087799072,1.2003840208053589,1.1992146968841553,1.4690659046173096,6.230294227600098,6.229943752288818,6.231499671936035,6.234964847564697,inf,inf,inf,inf,inf,inf,inf,inf,inf,inf,inf,inf,inf,inf,inf,inf,inf,inf,inf,inf,inf,inf,inf,inf,inf,inf,inf,inf,inf,inf,inf,inf,inf,inf,inf,inf,inf,inf,inf,inf,inf,inf,inf,inf,inf,inf,inf,inf,inf,inf,inf,inf,inf,inf,inf,inf,inf,inf,inf,inf,inf,inf,inf,inf,inf,inf,inf,inf,inf,inf,inf,inf,inf,inf,inf,inf,inf,inf,inf,inf,inf,inf,inf,inf,inf,inf,inf,inf,inf,inf,inf,inf,inf,inf,inf,inf,inf,inf,inf,inf,inf,inf,inf,inf,inf,inf,inf,inf,inf,inf,inf,inf,inf,inf,inf,inf,inf,inf,inf,inf,inf,inf,inf,inf,inf,inf,inf,inf,inf,inf,inf,inf,inf,inf,inf,inf,inf,inf,inf,inf,inf,inf,inf,inf,inf,inf,inf,inf,inf,inf,inf,inf,inf,inf,inf,inf,inf,inf,inf,inf,inf,inf,inf,inf,inf,inf,inf,inf,inf,inf,inf,inf,inf,inf,inf,inf,inf,inf,inf,inf,inf,inf,inf,inf,inf,inf,inf,inf,inf,inf,inf,inf,inf,inf,8.933860778808594,inf,inf,inf,6.125999927520752,5.869884967803955,5.635981559753418,5.4765706062316895,5.522013187408447,5.5699357986450195,2.4482038021087646,2.369908571243286,2.297147274017334,2.2293825149536133,2.166145086288452,2.107023000717163,2.0516538619995117,1.9997162818908691,1.9509263038635254,1.9050287008285522,1.8617979288101196,1.8210302591323853,1.7825441360473633,1.746173620223999,1.7117712497711182,1.6792020797729492,1.6808862686157227,1.7098562717437744,1.740384817123413,1.7725754976272583,1.8065422773361206,1.8424116373062134,1.8803205490112305,1.9204226732254028,1.962886095046997,2.0078985691070557,2.0556674003601074,2.1064248085021973,2.1604301929473877,2.2179739475250244,2.279383659362793,2.34502911567688,2.41532826423645,10.896434783935547,10.792859077453613,10.694474220275879,10.601080894470215,10.512495994567871,10.7719087600708,11.21157169342041,inf,inf,inf,inf,inf,inf,inf,inf,inf,inf,inf,inf,inf,inf,inf,10.556396484375,10.5350980758667,10.517097473144531,10.50236701965332,10.490882873535156,10.482627868652344,inf,inf,inf,inf,inf,inf,6.988856792449951,6.439872741699219,6.452613353729248,6.467389106750488,6.484220027923584,6.503133773803711,6.524161338806152,6.547335624694824,6.572692394256592,6.600274562835693,inf,inf,inf,inf
1771970289813397417,-3.140000104904175,0.01749303564429283,inf,inf,inf,inf,inf,inf,inf,inf,inf,inf,inf,inf,inf,inf,inf,inf,inf,6.067591190338135,5.921619892120361,5.784234523773193,5.65477180480957,5.532632350921631,5.417280673980713,5.308231353759766,5.3566484451293945,5.443850517272949,5.535661220550537,5.632375240325928,5.734314918518066,5.841832637786865,1.6262871026992798,1.6015039682388306,1.5779410600662231,1.5555304288864136,1.534209966659546,1.5139232873916626,1.4946177005767822,1.4762442111968994,1.4587574005126953,1.4421167373657227,1.4262827634811401,1.4112200736999512,1.3968946933746338,1.3832768201828003,1.3703370094299316,1.3580485582351685,1.346387267112732,1.3353290557861328,1.324853539466858,1.3149404525756836,1.3055708408355713,1.2967277765274048,1.2883954048156738,1.2805585861206055,1.2732043266296387,1.266318917274475,1.2598910331726074,1.2539100646972656,1.2483656406402588,1.2432485818862915,1.2385509014129639,1.2342649698257446,1.2303838729858398,1.2269010543823242,1.2238115072250366,1.221110463142395,1.2187930345535278,1.2168561220169067,1.3797845840454102,1.893436312675476,6.247441291809082,6.245175361633301,6.244821071624756,6.246378421783447,6.255773067474365,inf,inf,inf,inf,inf,inf,inf,inf,inf,inf,inf,inf,inf,inf,inf,inf,inf,inf,inf,inf,inf,inf,inf,inf,inf,inf,inf,inf,inf,inf,inf,inf,inf,inf,inf,inf,inf,inf,inf,inf,inf,inf,inf,inf,inf,inf,inf,inf,inf,inf,inf,inf,inf,inf,inf,inf,inf,inf,inf,inf,inf,inf,inf,inf,inf,inf,inf,inf,inf,inf,inf,inf,inf,inf,inf,inf,inf,inf,inf,inf,inf,inf,inf,inf,inf,inf,inf,inf,inf,inf,inf,inf,inf,inf,inf,inf,inf,inf,inf,inf,inf,inf,inf,inf,inf,inf,inf,inf,inf,inf,inf,inf,inf,inf,inf,inf,inf,inf,inf,inf,inf,inf,inf,inf,inf,inf,inf,inf,inf,inf,inf,inf,inf,inf,inf,inf,inf,inf,inf,inf,inf,inf,inf,inf,inf,inf,inf,inf,inf,inf,inf,inf,inf,inf,inf,inf,inf,inf,inf,inf,inf,inf,inf,inf,inf,inf,inf,inf,inf,inf,inf,inf,inf,inf,inf,inf,inf,inf,inf,inf,inf,inf,inf,inf,inf,inf,inf,inf,inf,inf,inf,inf,inf,inf,inf,inf,inf,inf,6.249352931976318,5.988063812255859,5.749435901641846,5.530725955963135,5.505424499511719,5.553199291229248,5.603541851043701,2.464742660522461,2.3890655040740967,2.3185853958129883,2.252814292907715,2.1913230419158936,2.1337363719940186,2.0797181129455566,2.02897310256958,1.9812370538711548,1.9362744092941284,1.8938744068145752,1.8538461923599243,1.8160196542739868,1.780239224433899,1.7463659048080444,1.7142724990844727,1.6888353824615479,1.7189873456954956,1.750780701637268,1.7843279838562012,1.8197544813156128,1.8571953773498535,1.896802544593811,1.9387418031692505,1.9831979274749756,2.03037691116333,2.080507516860962,2.133845806121826,2.190678119659424,2.2513296604156494,2.316162586212158,2.3855926990509033,2.460090398788452,10.844734191894531,10.745869636535645,10.652023315429688,10.563006401062012,10.734929084777832,11.173052787780762,inf,inf,inf,inf,inf,inf,inf,inf,inf,inf,inf,inf,inf,inf,inf,10.60240364074707,10.581008911132812,10.562925338745117,10.548126220703125,10.536587715148926,10.528292655944824,inf,inf,inf,inf,inf,inf,7.163523197174072,6.485727787017822,6.498556613922119,6.513434410095215,6.5303826332092285,6.549429416656494,6.570602893829346,6.593938827514648,6.619473934173584,6.647248268127441,inf,inf,inf,inf
1771970290428223636,-3.140000104904175,0.01749303564429283,inf,inf,inf,inf,inf,inf,inf,inf,inf,inf,inf,inf,inf,inf,inf,inf,inf,6.09578275680542,5.949124336242676,5.811094284057617,5.681023597717285,5.5583109855651855,5.442417621612549,5.339359760284424,5.423250675201416,5.511533260345459,5.604480266571045,5.702392101287842,5.8055925369262695,1.674363136291504,1.647939682006836,1.6228256225585938,1.598947286605835,1.5762369632720947,1.5546319484710693,1.5340744256973267,1.514510154724121,1.4958910942077637,1.4781712293624878,1.4613076448440552,1.4452623128890991,1.4299981594085693,1.4154818058013916,1.401681661605835,1.3885685205459595,1.3761159181594849,1.3642985820770264,1.353092908859253,1.3424773216247559,1.3324310779571533,1.3229362964630127,1.3139750957489014,1.30553138256073,1.2975897789001465,1.2901368141174316,1.2831591367721558,1.2766450643539429,1.2705838680267334,1.2649651765823364,1.2597798109054565,1.2550190687179565,1.2506754398345947,1.2467422485351562,1.243212342262268,1.2400811910629272,1.2373433113098145,1.3927075862884521,1.6891136169433594,2.1466352939605713,6.267765045166016,6.2635698318481445,6.261295318603516,6.260937213897705,6.262495517730713,inf,inf,inf,inf,inf,inf,inf,inf,inf,inf,inf,inf,inf,inf,inf,inf,inf,inf,inf,inf,inf,inf,inf,inf,inf,inf,inf,inf,inf,inf,inf,inf,inf,inf,inf,inf,inf,inf,inf,inf,inf,inf,inf,inf,inf,inf,inf,inf,inf,inf,inf,inf,inf,inf,inf,inf,inf,inf,inf,inf,inf,inf,inf,inf,inf,inf,inf,inf,inf,inf,inf,inf,inf,inf,inf,inf,inf,inf,inf,inf,inf,inf,inf,inf,inf,inf,inf,inf,inf,inf,inf,inf,inf,inf,inf,inf,inf,inf,inf,inf,inf,inf,inf,inf,inf,inf,inf,inf,inf,inf,inf,inf,inf,inf,inf,inf,inf,inf,inf,inf,inf,inf,inf,inf,inf,inf,inf,inf,inf,inf,inf,inf,inf,inf,inf,inf,inf,inf,inf,inf,inf,inf,inf,inf,inf,inf,inf,inf,inf,inf,inf,inf,inf,inf,inf,inf,inf,inf,inf,inf,inf,inf,inf,inf,inf,inf,inf,inf,inf,inf,inf,inf,inf,inf,inf,inf,inf,inf,inf,inf,inf,inf,inf,inf,inf,inf,inf,inf,inf,inf,inf,inf,inf,inf,inf,inf,inf,inf,inf,6.383002758026123,6.1161065101623535,5.872358798980713,5.6489577293396,5.487454891204834,5.53507137298584,5.5852460861206055,5.638078212738037,2.4886527061462402,2.4152307510375977,2.3467137813568115,2.2826569080352783,2.222665548324585,2.166393280029297,2.113530397415161,2.063802480697632,2.0169639587402344,1.9727944135665894,1.931096076965332,1.891690969467163,1.854418158531189,1.8191313743591309,1.7856987714767456,1.7539998292922974,1.7239253520965576,1.7271722555160522,1.7602659463882446,1.7952123880386353,1.8321467638015747,1.871217131614685,1.9125889539718628,1.956443190574646,2.0029828548431396,2.052434206008911,2.1050496101379395,2.161112070083618,2.2209413051605225,2.284895896911621,2.3533847332000732,2.4268715381622314,2.5058882236480713,10.801551818847656,10.7072114944458,10.617728233337402,10.69487476348877,11.131333351135254,inf,inf,inf,inf,inf,inf,inf,inf,inf,inf,inf,inf,inf,inf,inf,inf,10.630745887756348,10.61257266998291,10.597698211669922,10.586101531982422,10.577762603759766,inf,inf,inf,inf,inf,inf,7.352836608886719,6.535404682159424,6.548327922821045,6.563316822052002,6.580391883850098,6.599580764770508,6.620913982391357,6.644425868988037,6.6701531410217285,6.698137283325195,inf,inf,inf,inf
1771970290552631163,-3.140000104904175,0.01749303564429283,inf,inf,inf,inf,inf,inf,inf,inf,inf,inf,inf,inf,inf,inf,inf,inf,inf,6.122905254364014,5.975588321685791,5.836936950683594,5.70628023147583,5.5830159187316895,5.466601848602295,5.402445316314697,5.487321853637695,5.576642990112305,5.670683860778809,5.76974630355835,5.874161243438721,1.6955294609069824,1.66877019405365,1.643337368965149,1.6191563606262207,1.5961575508117676,1.5742785930633545,1.553459882736206,1.5336476564407349,1.5147922039031982,1.49684739112854,1.4797700643539429,1.463520884513855,1.4480630159378052,1.433362603187561,1.4193871021270752,1.4061076641082764,1.3934968709945679,1.3815295696258545,1.3701814413070679,1.3594310283660889,1.3492577075958252,1.33964204788208,1.3305670022964478,1.3220161199569702,1.3139734268188477,1.306425929069519,1.2993595600128174,1.2927626371383667,1.2866241931915283,1.2809338569641113,1.2756824493408203,1.270861268043518,1.2664620876312256,1.2624785900115967,1.2589036226272583,1.386194109916687,1.5923547744750977,1.871224045753479,inf,6.289397716522217,6.283259391784668,6.279052734375,6.276771545410156,6.276411533355713,6.27797269821167,inf,inf,inf,inf,inf,inf,inf,inf,inf,inf,inf,inf,inf,inf,inf,inf,inf,inf,inf,inf,inf,inf,inf,inf,inf,inf,inf,inf,inf,inf,inf,inf,inf,inf,inf,inf,inf,inf,inf,inf,inf,inf,inf,inf,inf,inf,inf,inf,inf,inf,inf,inf,inf,inf,inf,inf,inf,inf,inf,inf,inf,inf,inf,inf,inf,inf,inf,inf,inf,inf,inf,inf,inf,inf,inf,inf,inf,inf,inf,inf,inf,inf,inf,inf,inf,inf,inf,inf,inf,inf,inf,inf,inf,inf,inf,inf,inf,inf,inf,inf,inf,inf,inf,inf,inf,inf,inf,inf,inf,inf,inf,inf,inf,inf,inf,inf,inf,inf,inf,inf,inf,inf,inf,inf,inf,inf,inf,inf,inf,inf,inf,inf,inf,inf,inf,inf,inf,inf,inf,inf,inf,inf,inf,inf,inf,inf,inf,inf,inf,inf,inf,inf,inf,inf,inf,inf,inf,inf,inf,inf,inf,inf,inf,inf,inf,inf,inf,inf,inf,inf,inf,inf,inf,inf,inf,inf,inf,inf,inf,inf,inf,inf,inf,inf,inf,inf,inf,inf,inf,inf,inf,inf,inf,inf,inf,inf,8.936258316040039,inf,inf,inf,6.239309310913086,5.990634441375732,5.762719631195068,5.553146839141846,5.517632484436035,5.567645072937012,5.6203083992004395,5.6757307052612305,2.5082178115844727,2.437058925628662,2.3705320358276367,2.3082287311553955,2.249786853790283,2.1948862075805664,2.1432411670684814,2.094597339630127,2.048725128173828,2.005420207977295,1.9644960165023804,1.9257866144180298,1.8891406059265137,1.8544193506240845,1.8214988708496094,1.7902650833129883,1.760614037513733,1.737119197845459,1.7716044187545776,1.808051586151123,1.8466060161590576,1.8874313831329346,1.930706262588501,1.9766314029693604,2.0254299640655518,2.077349901199341,2.132672071456909,2.1917099952697754,2.25481915473938,2.3224029541015625,2.394918203353882,2.4728896617889404,2.5569164752960205,10.760311126708984,10.670376777648926,10.656342506408691,11.091198921203613,inf,inf,inf,inf,inf,inf,inf,inf,inf,inf,inf,inf,inf,inf,inf,inf,10.678596496582031,10.6603364944458,10.645391464233398,10.633736610412598,10.62535572052002,inf,inf,inf,inf,inf,inf,7.5350823402404785,6.583195209503174,6.596211910247803,6.611307144165039,6.628503322601318,6.647830486297607,6.669316291809082,6.692996025085449,6.718908309936523,6.747094631195068,inf,inf,inf,inf
1771970290748635396,-3.140000104904175,0.01749303564429283,inf,inf,inf,inf,inf,inf,inf,inf,inf,inf,inf,inf,inf,inf,inf,inf,inf,6.151097297668457,6.0030927658081055,5.863796234130859,5.7325310707092285,5.6086931228637695,5.4917378425598145,5.468016624450684,5.553920269012451,5.644319534301758,5.73949670791626,5.839756488800049,1.7460635900497437,1.7175291776657104,1.6904213428497314,1.664657473564148,1.6401610374450684,1.6168631315231323,1.5946986675262451,1.5736089944839478,1.5535390377044678,1.534437894821167,1.5162590742111206,1.4989596605300903,1.4824986457824707,1.4668396711349487,1.4519469738006592,1.4377896785736084,1.4243377447128296,1.4115626811981201,1.3994389772415161,1.3879433870315552,1.377052664756775,1.3667466640472412,1.3570059537887573,1.3478126525878906,1.3391494750976562,1.3310024738311768,1.323356032371521,1.3161976337432861,1.3095146417617798,1.3032962083816528,1.2975317239761353,1.2922112941741943,1.2873268127441406,1.2828702926635742,1.3948286771774292,1.5539263486862183,1.7545982599258423,2.0154917240142822,inf,inf,6.305555820465088,6.299398899078369,6.2951788902282715,6.292888641357422,6.292524814605713,inf,inf,inf,inf,inf,inf,inf,inf,inf,inf,inf,inf,inf,inf,inf,inf,inf,inf,inf,inf,inf,inf,inf,inf,inf,inf,inf,inf,inf,inf,inf,inf,inf,inf,inf,inf,inf,inf,inf,inf,inf,inf,inf,inf,inf,inf,inf,inf,inf,inf,inf,inf,inf,inf,inf,inf,inf,inf,inf,inf,inf,inf,inf,inf,inf,inf,inf,inf,inf,inf,inf,inf,inf,inf,inf,inf,inf,inf,inf,inf,inf,inf,inf,inf,inf,inf,inf,inf,inf,inf,inf,inf,inf,inf,inf,inf,inf,inf,inf,inf,inf,inf,inf,inf,inf,inf,inf,inf,inf,inf,inf,inf,inf,inf,inf,inf,inf,inf,inf,inf,inf,inf,inf,inf,inf,inf,inf,inf,inf,inf,inf,inf,inf,inf,inf,inf,inf,inf,inf,inf,inf,inf,inf,inf,inf,inf,inf,inf,inf,inf,inf,inf,inf,inf,inf,inf,inf,inf,inf,inf,inf,inf,inf,inf,inf,inf,inf,inf,inf,inf,inf,inf,inf,inf,inf,inf,inf,inf,inf,inf,inf,inf,inf,inf,inf,inf,inf,inf,inf,inf,inf,inf,inf,inf,inf,inf,inf,inf,inf,inf,inf,6.367385387420654,6.113588809967041,5.880979537963867,5.667092323303223,5.499507427215576,5.549352645874023,5.601840019226074,5.657076835632324,5.715179443359375,5.77627420425415,2.461881160736084,2.3971729278564453,2.3364760875701904,2.279456615447998,2.2258191108703613,2.1752982139587402,2.1276564598083496,2.0826804637908936,2.040177822113037,1.9999750852584839,1.961915135383606,1.9258544445037842,1.8916641473770142,1.859225869178772,1.8284310102462769,1.7991814613342285,1.771386742591858,1.7830092906951904,1.8210283517837524,1.86128568649292,1.903959035873413,1.949245572090149,1.9973649978637695,2.048563241958618,2.1031150817871094,2.161332130432129,2.223562717437744,2.290205478668213,2.361711263656616,2.438595771789551,2.521453380584717,10.815503120422363,10.725102424621582,10.639427185058594,11.049494743347168,11.52321720123291,inf,inf,inf,inf,inf,inf,inf,inf,inf,inf,inf,inf,inf,inf,inf,10.728334426879883,10.70998477935791,10.694965362548828,10.683252334594727,10.674826622009277,inf,inf,inf,inf,inf,inf,inf,6.632872581481934,6.645984172821045,6.661189556121826,6.678513526916504,6.697982311248779,6.719627380371094,6.74348258972168,6.76958703994751,6.797983646392822,inf,inf,inf,inf
1771970290931735661,-3.140000104904175,0.01749303564429283,inf,inf,inf,inf,inf,inf,inf,inf,inf,inf,inf,inf,inf,inf,6.229931354522705,6.077757835388184,5.934613227844238,5.799790859222412,5.672654151916504,5.5526347160339355,5.472117900848389,5.556838035583496,5.64597749710083,5.739807605743408,5.838626384735107,1.7703465223312378,1.7409987449645996,1.7131229639053345,1.6866345405578613,1.661453366279602,1.6375062465667725,1.6147271394729614,1.593053936958313,1.5724291801452637,1.5528008937835693,1.5341205596923828,1.5163425207138062,1.4994252920150757,1.4833307266235352,1.468022108078003,1.4534664154052734,1.439632773399353,1.42649245262146,1.4140183925628662,1.402186393737793,1.39097261428833,1.380355715751648,1.370315670967102,1.3608343601226807,1.3518940210342407,1.343478798866272,1.3355741500854492,1.3281656503677368,1.321240782737732,1.3147883415222168,1.3087972402572632,1.3032573461532593,1.2981598377227783,1.3692107200622559,1.5031602382659912,1.666724443435669,1.870873212814331,2.132758378982544,inf,inf,6.317258834838867,6.310295581817627,6.3052754402160645,6.302189826965332,6.301034450531006,inf,inf,inf,inf,inf,inf,inf,inf,inf,inf,inf,inf,inf,inf,inf,inf,inf,inf,inf,inf,inf,inf,inf,inf,inf,inf,inf,inf,inf,inf,inf,inf,inf,inf,inf,inf,inf,inf,inf,inf,inf,inf,inf,inf,inf,inf,inf,inf,inf,inf,inf,inf,inf,inf,inf,inf,inf,inf,inf,inf,inf,inf,inf,inf,inf,inf,inf,inf,inf,inf,inf,inf,inf,inf,inf,inf,inf,inf,inf,inf,inf,inf,inf,inf,inf,inf,inf,inf,inf,inf,inf,inf,inf,inf,inf,inf,inf,inf,inf,inf,inf,inf,inf,inf,inf,inf,inf,inf,inf,inf,inf,inf,inf,inf,inf,inf,inf,inf,inf,inf,inf,inf,inf,inf,inf,inf,inf,inf,inf,inf,inf,inf,inf,inf,inf,inf,inf,inf,inf,inf,inf,inf,inf,inf,inf,inf,inf,inf,inf,inf,inf,inf,inf,inf,inf,inf,inf,inf,inf,inf,inf,inf,inf,inf,inf,inf,inf,inf,inf,inf,inf,inf,inf,inf,inf,inf,inf,inf,inf,inf,inf,inf,inf,inf,inf,inf,inf,inf,inf,inf,inf,inf,inf,inf,inf,inf,inf,inf,8.941736221313477,inf,inf,inf,6.288288116455078,6.04445219039917,5.820533275604248,5.614269256591797,5.518751621246338,5.570047855377197,5.624043941497803,5.680851936340332,5.740593910217285,5.803400993347168,2.4758780002593994,2.4122204780578613,2.3524563312530518,2.296267509460449,2.243370532989502,2.193511962890625,2.1464643478393555,2.1020219326019287,2.059999942779541,2.0202317237854004,1.9825645685195923,1.9468612670898438,1.9129962921142578,1.8808552026748657,1.8503323793411255,1.8213335275650024,1.7937699556350708,1.7914990186691284,1.8305177688598633,1.871860146522522,1.9157121181488037,1.9622831344604492,2.0118062496185303,2.0645415782928467,2.120781660079956,2.180858850479126,2.245145797729492,2.3140668869018555,2.388108015060425,2.4678239822387695,2.5538530349731445,10.793795585632324,10.70593547821045,10.844852447509766,11.300337791442871,inf,inf,inf,inf,inf,inf,inf,inf,inf,inf,inf,inf,inf,inf,inf,10.765982627868652,10.746200561523438,10.729768753051758,10.71666145324707,10.70685863494873,10.700345039367676,inf,inf,inf,inf,inf,inf,6.992623329162598,6.669456481933594,6.6838603019714355,6.700380802154541,6.719045639038086,6.739882946014404,6.762923240661621,6.788208484649658,6.8157758712768555,inf,inf,inf,inf,inf,inf,inf
1771970291414449394,-3.140000104904175,0.01749303564429283,inf,inf,inf,inf,inf,inf,9.987652778625488,10.056608200073242,10.124741554260254,inf,inf,6.11098051071167,5.966119766235352,5.829710006713867,5.701104164123535,5.5797200202941895,5.469005584716797,5.553152084350586,5.6416826248168945,5.734864234924316,5.8329901695251465,1.7812068462371826,1.7514952421188354,1.7232778072357178,1.696465015411377,1.67097806930542,1.6467418670654297,1.6236878633499146,1.6017546653747559,1.5808831453323364,1.5610196590423584,1.5421156883239746,1.5241245031356812,1.5070043802261353,1.4907156229019165,1.475221872329712,1.46048903465271,1.4464858770370483,1.433183193206787,1.42055344581604,1.408571720123291,1.397214412689209,1.3864597082138062,1.3762871026992798,1.3666776418685913,1.3576143980026245,1.3490805625915527,1.3410608768463135,1.333541989326477,1.3265105485916138,1.3199542760849,1.313862919807434,1.3082257509231567,1.3030339479446411,1.3905583620071411,1.5242280960083008,1.6869006156921387,1.889090657234192,2.147094964981079,inf,inf,6.325220584869385,6.317819118499756,6.312364101409912,6.308847904205322,6.3072638511657715,6.316211223602295,inf,inf,inf,inf,inf,inf,inf,inf,inf,inf,inf,inf,inf,inf,inf,inf,inf,inf,inf,inf,inf,inf,inf,inf,inf,inf,inf,inf,inf,inf,inf,inf,inf,inf,inf,inf,inf,inf,inf,inf,inf,inf,inf,inf,inf,inf,inf,inf,inf,inf,inf,inf,inf,inf,inf,inf,inf,inf,inf,inf,inf,inf,inf,inf,inf,inf,inf,inf,inf,inf,inf,inf,inf,inf,inf,inf,inf,inf,inf,inf,inf,inf,inf,inf,inf,inf,inf,inf,inf,inf,inf,inf,inf,inf,inf,inf,inf,inf,inf,inf,inf,inf,inf,inf,inf,inf,inf,inf,inf,inf,inf,inf,inf,inf,inf,inf,inf,inf,inf,inf,inf,inf,inf,inf,inf,inf,inf,inf,inf,inf,inf,inf,inf,inf,inf,inf,inf,inf,inf,inf,inf,inf,inf,inf,inf,inf,inf,inf,inf,inf,inf,inf,inf,inf,inf,inf,inf,inf,inf,inf,inf,inf,inf,inf,inf,inf,inf,inf,inf,inf,inf,inf,inf,inf,inf,inf,inf,inf,inf,inf,inf,inf,inf,inf,inf,inf,inf,inf,inf,inf,inf,inf,inf,inf,inf,inf,inf,inf,inf,inf,inf,6.354593276977539,6.106175422668457,5.878179550170898,5.66826868057251,5.505585670471191,5.556372165679932,5.609836101531982,5.666090488433838,5.725254058837891,5.7874555587768555,2.502704620361328,2.4379360675811768,2.3771440982818604,2.320002794265747,2.266221284866333,2.2155399322509766,2.167724132537842,2.1225645542144775,2.079871654510498,2.0394740104675293,2.0012166500091553,1.9649580717086792,1.930570125579834,1.8979359865188599,1.8669483661651611,1.8375099897384644,1.8095309734344482,1.7829278707504272,1.8172086477279663,1.8579844236373901,1.9012271165847778,1.9471406936645508,1.9959529638290405,2.047917604446411,2.1033217906951904,2.1624865531921387,2.2257776260375977,2.2936079502105713,2.3664493560791016,2.4448416233062744,2.529406785964966,2.620861530303955,10.73078441619873,10.758269309997559,11.20615291595459,inf,inf,inf,inf,inf,8.574868202209473,inf,inf,inf,inf,inf,inf,inf,inf,inf,10.778841018676758,10.758453369140625,10.741423606872559,10.7277250289917,10.717336654663086,10.710243225097656,inf,inf,inf,inf,inf,inf,7.267447471618652,6.6759257316589355,6.689980506896973,6.706151485443115,6.724462985992432,6.744943618774414,6.767626762390137,6.792550086975098,6.81974983215332,11.035201072692871,10.33122444152832,9.758135795593262,9.810057640075684,9.865571022033691,9.924769401550293,9.987757682800293,10.054647445678711,10.125557899475098,10.200618743896484,10.279970169067383
1771970291569271537,-3.140000104904175,0.01749303564429283,inf,inf,inf,inf,inf,inf,inf,inf,inf,inf,inf,6.1665263175964355,6.019526481628418,5.881129741668701,5.750673294067383,5.627564907073975,5.511266231536865,5.594601631164551,5.683294296264648,5.776640892028809,5.874933242797852,1.8123289346694946,1.7819362878799438,1.7530732154846191,1.7256500720977783,1.699583649635315,1.6747978925704956,1.651222825050354,1.6287935972213745,1.6074508428573608,1.5871392488479614,1.5678088665008545,1.5494118928909302,1.531904935836792,1.5152474641799927,1.4994025230407715,1.484334945678711,1.4700124263763428,1.4564051628112793,1.443485140800476,1.4312266111373901,1.4196052551269531,1.4085983037948608,1.3981854915618896,1.3883471488952637,1.3790653944015503,1.3703234195709229,1.3621060848236084,1.354398250579834,1.3471875190734863,1.3404605388641357,1.3342070579528809,1.348575472831726,1.4551268815994263,1.580485224723816,1.7300589084625244,1.9115471839904785,2.1363072395324707,inf,inf,inf,6.342846870422363,6.335206508636475,6.3295183181762695,6.325774669647217,6.32396936416626,inf,inf,inf,inf,inf,inf,inf,inf,inf,inf,inf,inf,inf,inf,inf,inf,inf,inf,inf,inf,inf,inf,inf,inf,inf,inf,inf,inf,inf,inf,inf,inf,inf,inf,inf,inf,inf,inf,inf,inf,inf,inf,inf,inf,inf,inf,inf,inf,inf,inf,inf,inf,inf,inf,inf,inf,inf,inf,inf,inf,inf,inf,inf,inf,inf,inf,inf,inf,inf,inf,inf,inf,inf,inf,inf,inf,inf,inf,inf,inf,inf,inf,inf,inf,inf,inf,inf,inf,inf,inf,inf,inf,inf,inf,inf,inf,inf,inf,inf,inf,inf,inf,inf,inf,inf,inf,inf,inf,inf,inf,inf,inf,inf,inf,inf,inf,inf,inf,inf,inf,inf,inf,inf,inf,inf,inf,inf,inf,inf,inf,inf,inf,inf,inf,inf,inf,inf,inf,inf,inf,inf,inf,inf,inf,inf,inf,inf,inf,inf,inf,inf,inf,inf,inf,inf,inf,inf,inf,inf,inf,inf,inf,inf,inf,inf,inf,inf,inf,inf,inf,inf,inf,inf,inf,inf,inf,inf,inf,inf,inf,inf,inf,inf,inf,inf,inf,inf,inf,inf,inf,inf,inf,inf,inf,inf,inf,inf,inf,inf,inf,inf,inf,inf,6.245478630065918,6.010606288909912,5.794468879699707,5.594987869262695,5.526943206787109,5.579782485961914,5.635383129119873,5.693862438201904,5.755348205566406,5.819976329803467,2.5218489170074463,2.4585964679718018,2.399156093597412,2.343221664428711,2.2905216217041016,2.240809917449951,2.1938672065734863,2.1494953632354736,2.1075148582458496,2.067763328552246,2.0300934314727783,1.9943708181381226,1.9604730606079102,1.9282886981964111,1.897715449333191,1.8686587810516357,1.8410340547561646,1.8147611618041992,1.8208494186401367,1.862988829612732,1.9077221155166626,1.955269455909729,2.0058770179748535,2.059821605682373,2.1174123287200928,2.1790037155151367,2.2449915409088135,2.3158328533172607,2.392045736312866,2.474229097366333,2.563072443008423,10.789512634277344,10.704336166381836,11.085772514343262,11.56723403930664,inf,inf,inf,inf,inf,inf,inf,inf,inf,inf,inf,inf,inf,inf,inf,10.802449226379395,10.784825325012207,10.770547866821289,10.759596824645996,10.751955032348633,inf,inf,inf,inf,inf,inf,7.691230297088623,6.715204238891602,6.7290120124816895,6.744945049285889,6.763027667999268,6.783289432525635,6.805760383605957,6.830479621887207,6.857484340667725,6.8868184089660645,inf,inf,inf,inf,inf,inf,inf,inf,inf,inf
1771970291960392620,-3.140000104904175,0.01749303564429283,inf,inf,inf,inf,inf,inf,inf,inf,inf,inf,inf,6.206847190856934,6.058739185333252,5.919302463531494,5.787871360778809,5.663845539093018,5.569020748138428,5.6541428565979,5.743692874908447,5.837939739227295,1.8751864433288574,1.84259831905365,1.8116685152053833,1.7822953462600708,1.754388689994812,1.7278627157211304,1.702640175819397,1.67864990234375,1.6558257341384888,1.6341071128845215,1.6134382486343384,1.5937674045562744,1.5750465393066406,1.5572314262390137,1.5402805805206299,1.5241564512252808,1.5088233947753906,1.4942485094070435,1.4804004430770874,1.467252254486084,1.4547767639160156,1.4429491758346558,1.431747317314148,1.4211491346359253,1.4111353158950806,1.4016880989074707,1.392789363861084,1.384424090385437,1.3765774965286255,1.3692355155944824,1.3623864650726318,1.440078616142273,1.544865369796753,1.6666483879089355,1.8098760843276978,1.9806987047195435,2.1878671646118164,inf,inf,inf,6.373819351196289,6.364127159118652,6.356406211853027,6.350645542144775,6.346835136413574,6.344969749450684,inf,inf,inf,inf,inf,inf,inf,inf,inf,inf,inf,inf,inf,inf,inf,inf,inf,inf,inf,inf,inf,inf,inf,inf,inf,inf,inf,inf,inf,inf,inf,inf,inf,inf,inf,inf,inf,inf,inf,inf,inf,inf,inf,inf,inf,inf,inf,inf,inf,inf,inf,inf,inf,inf,inf,inf,inf,inf,inf,inf,inf,inf,inf,inf,inf,inf,inf,inf,inf,inf,inf,inf,inf,inf,inf,inf,inf,inf,inf,inf,inf,inf,inf,inf,inf,inf,inf,inf,inf,inf,inf,inf,inf,inf,inf,inf,inf,inf,inf,inf,inf,inf,inf,inf,inf,inf,inf,inf,inf,inf,inf,inf,inf,inf,inf,inf,inf,inf,inf,inf,inf,inf,inf,inf,inf,inf,inf,inf,inf,inf,inf,inf,inf,inf,inf,inf,inf,inf,inf,inf,inf,inf,inf,inf,inf,inf,inf,inf,inf,inf,inf,inf,inf,inf,inf,inf,inf,inf,inf,inf,inf,inf,inf,inf,inf,inf,inf,inf,inf,inf,inf,inf,inf,inf,inf,inf,inf,inf,inf,inf,inf,inf,inf,inf,inf,inf,inf,inf,inf,inf,inf,inf,inf,inf,inf,inf,inf,inf,inf,8.931114196777344,inf,inf,inf,6.366305828094482,6.126591205596924,5.906015872955322,5.702455520629883,5.514090061187744,5.554332256317139,5.609617710113525,5.667765140533447,5.728903293609619,5.793165683746338,5.8607001304626465,2.5411460399627686,2.4796481132507324,2.4217801094055176,2.3672587871551514,2.3158321380615234,2.267270803451538,2.2213704586029053,2.1779446601867676,2.1368255615234375,2.097860336303711,2.0609099864959717,2.025848150253296,1.9925590753555298,1.9609360694885254,1.9308832883834839,1.902310848236084,1.8751369714736938,1.8492865562438965,1.8269191980361938,1.870741844177246,1.917319893836975,1.9668933153152466,2.019733428955078,2.076143264770508,2.136467695236206,2.2010953426361084,2.270472764968872,2.3451054096221924,2.425579786300659,2.5125696659088135,2.6068577766418457,10.757380485534668,11.01932430267334,11.497232437133789,inf,inf,inf,inf,inf,inf,inf,inf,inf,inf,inf,inf,inf,inf,inf,10.849642753601074,10.831849098205566,10.817419052124023,10.806328773498535,10.798563003540039,inf,inf,inf,inf,inf,inf,inf,6.761542797088623,6.775388717651367,6.791373252868652,6.809523105621338,6.829864501953125,6.852430820465088,6.877257823944092,6.904386520385742,6.933860778808594,inf,inf,inf,inf,inf,inf,inf,inf,inf,inf
1771970292135683871,-3.140000104904175,0.01749303564429283,inf,inf,inf,inf,inf,inf,inf,inf,inf,inf,6.401843070983887,6.243403434753418,6.094437122344971,5.954193115234375,5.822000026702881,5.6972551345825195,5.6315789222717285,5.7176666259765625,5.808230400085449,5.90354585647583,1.9056975841522217,1.8725817203521729,1.8411515951156616,1.811303734779358,1.7829452753067017,1.7559901475906372,1.7303595542907715,1.7059805393218994,1.6827871799468994,1.660717248916626,1.6397138833999634,1.6197247505187988,1.6007009744644165,1.5825974941253662,1.5653724670410156,1.5489870309829712,1.5334060192108154,1.5185953378677368,1.5045232772827148,1.4911624193191528,1.4784849882125854,1.4664663076400757,1.4550831317901611,1.4443135261535645,1.4341381788253784,1.4245378971099854,1.4154958724975586,1.406995415687561,1.3990219831466675,1.4364303350448608,1.5268645286560059,1.6299822330474854,1.7486118078231812,1.8864879608154297,2.0486485958099365,2.2420570850372314,inf,inf,inf,inf,6.395312786102295,6.385593414306641,6.377851963043213,6.372076511383057,6.368258476257324,6.3775763511657715,inf,inf,inf,inf,inf,inf,inf,inf,inf,inf,inf,inf,inf,inf,inf,inf,inf,inf,inf,inf,inf,inf,inf,inf,inf,inf,inf,inf,inf,inf,inf,inf,inf,inf,inf,inf,inf,inf,inf,inf,inf,inf,inf,inf,inf,inf,inf,inf,inf,inf,inf,inf,inf,inf,inf,inf,inf,inf,inf,inf,inf,inf,inf,inf,inf,inf,inf,inf,inf,inf,inf,inf,inf,inf,inf,inf,inf,inf,inf,inf,inf,inf,inf,inf,inf,inf,inf,inf,inf,inf,inf,inf,inf,inf,inf,inf,inf,inf,inf,inf,inf,inf,inf,inf,inf,inf,inf,inf,inf,inf,inf,inf,inf,inf,inf,inf,inf,inf,inf,inf,inf,inf,inf,inf,inf,inf,inf,inf,inf,inf,inf,inf,inf,inf,inf,inf,inf,inf,inf,inf,inf,inf,inf,inf,inf,inf,inf,inf,inf,inf,inf,inf,inf,inf,inf,inf,inf,inf,inf,inf,inf,inf,inf,inf,inf,inf,inf,inf,inf,inf,inf,inf,inf,inf,inf,inf,inf,inf,inf,inf,inf,inf,inf,inf,inf,inf,inf,inf,inf,inf,inf,inf,inf,inf,inf,inf,inf,inf,inf,inf,inf,inf,inf,inf,6.23820161819458,6.01363468170166,5.806389331817627,5.6146135330200195,5.5299763679504395,5.585024356842041,5.642924785614014,5.703800678253174,5.767788887023926,5.835034370422363,5.905695915222168,2.560142755508423,2.5004024505615234,2.4441168308258057,2.3910253047943115,2.3408923149108887,2.2935056686401367,2.248673915863037,2.206223487854004,2.165996789932251,2.127850294113159,2.0916528701782227,2.0572853088378906,2.0246386528015137,1.9936119318008423,1.9641144275665283,1.9360604286193848,1.9093724489212036,1.8839792013168335,1.8598144054412842,1.8800227642059326,1.9286365509033203,1.9804542064666748,2.0357730388641357,2.094930410385132,2.158308982849121,2.2263450622558594,2.2995364665985107,2.3784561157226562,2.463765859603882,2.556234359741211,2.656759738922119,10.965484619140625,11.441123962402344,inf,inf,inf,inf,inf,inf,inf,inf,inf,inf,inf,inf,inf,inf,inf,10.897287368774414,10.879425048828125,10.864940643310547,10.853811264038086,10.846019744873047,inf,inf,inf,inf,inf,inf,inf,6.870847225189209,6.823251724243164,6.839354991912842,6.857637405395508,6.878128528594971,6.900860786437988,6.925869464874268,6.953196048736572,6.982883930206299,inf,inf,inf,inf,inf,inf,inf,inf,inf,inf
1771970292421652285,-3.140000104904175,0.01749303564429283,inf,inf,inf,inf,inf,inf,inf,inf,inf,inf,6.436933517456055,6.277620792388916,6.127832889556885,5.986815929412842,5.853894233703613,5.728462219238281,5.688968181610107,5.775929927825928,5.867414951324463,1.9693690538406372,1.9339382648468018,1.9003310203552246,1.868433952331543,1.8381428718566895,1.8093634843826294,1.7820078134536743,1.7559967041015625,1.7312562465667725,1.7077178955078125,1.6853203773498535,1.6640055179595947,1.6437193155288696,1.6244128942489624,1.6060407161712646,1.5885601043701172,1.5719318389892578,1.5561188459396362,1.5410879850387573,1.5268075466156006,1.5132482051849365,1.5003823041915894,1.488184928894043,1.476632833480835,1.4657034873962402,1.4553769826889038,1.445634365081787,1.4364575147628784,1.4278305768966675,1.501919150352478,1.590410590171814,1.690533995628357,1.8046990633010864,1.9360356330871582,2.0886778831481934,2.268203020095825,inf,inf,inf,inf,6.433498859405518,6.415163516998291,6.405412197113037,6.397644996643066,6.391849994659424,6.388018608093262,inf,inf,inf,inf,inf,inf,inf,inf,inf,inf,inf,inf,inf,inf,inf,inf,inf,inf,inf,inf,inf,inf,inf,inf,inf,inf,inf,inf,inf,inf,inf,inf,inf,inf,inf,inf,inf,inf,inf,inf,inf,inf,inf,inf,inf,inf,inf,inf,inf,inf,inf,inf,inf,inf,inf,inf,inf,inf,inf,inf,inf,inf,inf,inf,inf,inf,inf,inf,inf,inf,inf,inf,inf,inf,inf,inf,inf,inf,inf,inf,inf,inf,inf,inf,inf,inf,inf,inf,inf,inf,inf,inf,inf,inf,inf,inf,inf,inf,inf,inf,inf,inf,inf,inf,inf,inf,inf,inf,inf,inf,inf,inf,inf,inf,inf,inf,inf,inf,inf,inf,inf,inf,inf,inf,inf,inf,inf,inf,inf,inf,inf,inf,inf,inf,inf,inf,inf,inf,inf,inf,inf,inf,inf,inf,inf,inf,inf,inf,inf,inf,inf,inf,inf,inf,inf,inf,inf,inf,inf,inf,inf,inf,inf,inf,inf,inf,inf,inf,inf,inf,inf,inf,inf,inf,inf,inf,inf,inf,inf,inf,inf,inf,inf,inf,inf,inf,inf,inf,inf,inf,inf,inf,inf,inf,inf,inf,inf,inf,inf,inf,inf,inf,inf,inf,inf,6.341874122619629,6.113565921783447,5.902868747711182,5.7078986167907715,5.52703332901001,5.562162399291992,5.619823455810547,5.680448532104492,5.744172096252441,5.811140537261963,5.881509304046631,5.955448150634766,2.5730743408203125,2.515151262283325,2.460515260696411,2.4089231491088867,2.3601579666137695,2.3140220642089844,2.270336866378784,2.2289397716522217,2.189682960510254,2.152432680130005,2.117065668106079,2.0834689140319824,2.0515403747558594,2.0211844444274902,1.992314100265503,1.9648501873016357,1.938718557357788,1.91385018825531,1.8901830911636353,1.8931976556777954,1.9440613985061646,1.9983618259429932,2.056429862976074,2.1186418533325195,2.1854248046875,2.257268190383911,2.334733724594116,2.4184722900390625,2.509237289428711,2.607909679412842,2.7155258655548096,11.387716293334961,inf,inf,inf,inf,inf,inf,inf,inf,inf,inf,inf,inf,inf,inf,inf,10.941276550292969,10.923338890075684,10.908792495727539,10.897615432739258,10.889789581298828,11.87416934967041,inf,inf,inf,inf,inf,inf,7.055597305297852,6.867323875427246,6.8835296630859375,6.901927947998047,6.922549247741699,6.945426940917969,6.9705963134765625,6.998095989227295,7.0279741287231445,inf,inf,inf,inf,inf,inf,inf,inf,inf,inf
1771970292636261546,-3.140000104904175,0.01749303564429283,inf,inf,inf,inf,inf,inf,inf,inf,inf,inf,6.456235885620117,6.297084808349609,6.147426605224609,6.006512641906738,5.873671054840088,5.7482991218566895,5.760058403015137,5.848449230194092,2.0337164402008057,1.9959779977798462,1.9602038860321045,1.9262690544128418,1.894058108329773,1.8634682893753052,1.8344030380249023,1.8067744970321655,1.7805031538009644,1.7555140256881714,1.7317390441894531,1.709115743637085,1.687585711479187,1.6670950651168823,1.6475940942764282,1.6290369033813477,1.6113805770874023,1.5945854187011719,1.5786149501800537,1.5634351968765259,1.5490138530731201,1.535321593284607,1.5223309993743896,1.5100163221359253,1.498354434967041,1.4873229265213013,1.4769012928009033,1.467070460319519,1.501481533050537,1.5802500247955322,1.668280839920044,1.7672686576843262,1.879357099533081,2.007281541824341,2.1546010971069336,2.3260281085968018,inf,inf,inf,inf,inf,6.4466047286987305,6.4350385665893555,6.425476551055908,6.417903900146484,6.412308692932129,6.414041042327881,inf,inf,inf,inf,inf,inf,inf,inf,inf,inf,inf,inf,inf,inf,inf,inf,inf,inf,inf,inf,inf,inf,inf,inf,inf,inf,inf,inf,inf,inf,inf,inf,inf,inf,inf,inf,inf,inf,inf,inf,inf,inf,inf,inf,inf,inf,inf,inf,inf,inf,inf,inf,inf,inf,inf,inf,inf,inf,inf,inf,inf,inf,inf,inf,inf,inf,inf,inf,inf,inf,inf,inf,inf,inf,inf,inf,inf,inf,inf,inf,inf,inf,inf,inf,inf,inf,inf,inf,inf,inf,inf,inf,inf,inf,inf,inf,inf,inf,inf,inf,inf,inf,inf,inf,inf,inf,inf,inf,inf,inf,inf,inf,inf,inf,inf,inf,inf,inf,inf,inf,inf,inf,inf,inf,inf,inf,inf,inf,inf,inf,inf,inf,inf,inf,inf,inf,inf,inf,inf,inf,inf,inf,inf,inf,inf,inf,inf,inf,inf,inf,inf,inf,inf,inf,inf,inf,inf,inf,inf,inf,inf,inf,inf,inf,inf,inf,inf,inf,inf,inf,inf,inf,inf,inf,inf,inf,inf,inf,inf,inf,inf,inf,inf,inf,inf,inf,inf,inf,inf,inf,inf,inf,inf,inf,inf,inf,inf,inf,inf,inf,inf,8.929708480834961,inf,inf,inf,inf,6.196506500244141,5.983947277069092,5.787200927734375,5.604640483856201,5.543962001800537,5.601685523986816,5.662374973297119,5.726165294647217,5.793201446533203,5.863642692565918,5.937656879425049,6.015427112579346,2.585106372833252,2.5291664600372314,2.476339101791382,2.4264001846313477,2.3791496753692627,2.334404230117798,2.291999578475952,2.2517850399017334,2.213622570037842,2.1773874759674072,2.142965078353882,2.1102490425109863,2.079144239425659,2.049560546875,2.0214169025421143,1.9946380853652954,1.9691541194915771,1.9449007511138916,1.9218182563781738,1.9109479188919067,1.9645520448684692,2.0218868255615234,2.0833258628845215,2.1492931842803955,2.2202773094177246,2.2968363761901855,2.3796186447143555,2.469374895095825,2.566983461380005,2.6734790802001953,2.7900824546813965,inf,inf,inf,inf,inf,inf,inf,inf,inf,inf,inf,inf,inf,inf,inf,10.986380577087402,10.968738555908203,10.954499244689941,10.94364070892334,10.936147689819336,11.996561050415039,inf,inf,inf,inf,inf,inf,7.125863075256348,6.916351318359375,6.932907581329346,6.951675891876221,6.972686290740967,6.995970249176025,7.021565914154053,7.049515724182129,7.079862594604492,inf,inf,inf,inf,inf,inf,inf,inf,inf,inf
1771970292804565254,-3.140000104904175,0.01749303564429283,inf,inf,inf,inf,inf,inf,inf,6.384513854980469,6.2302069664001465,6.085000991821289,5.948188781738281,5.819133758544922,5.746176719665527,5.832916736602783,5.924156188964844,2.0259604454040527,1.9890633821487427,1.954073429107666,1.9208707809448242,1.8893457651138306,1.8593993186950684,1.8309381008148193,1.8038791418075562,1.7781442403793335,1.7536627054214478,1.7303683757781982,1.7082003355026245,1.687103033065796,1.6670242547988892,1.647916316986084,1.6297346353530884,1.6124374866485596,1.5959868431091309,1.5803472995758057,1.5654857158660889,1.551371693611145,1.5379760265350342,1.525272250175476,1.5132356882095337,1.501844048500061,1.4910755157470703,1.480909824371338,1.5251262187957764,1.6030247211456299,1.6898529529571533,1.7872041463851929,1.8970743417739868,2.021998643875122,2.1652424335479736,2.3310980796813965,inf,inf,inf,inf,inf,6.46181583404541,6.449290752410889,6.438780307769775,6.43026876449585,6.423742771148682,6.419192314147949,inf,inf,inf,inf,inf,inf,inf,inf,inf,inf,inf,inf,inf,inf,inf,inf,inf,inf,inf,inf,inf,inf,inf,inf,inf,inf,inf,inf,inf,inf,inf,inf,inf,inf,inf,inf,inf,inf,inf,inf,inf,inf,inf,inf,inf,inf,inf,inf,inf,inf,inf,inf,inf,inf,inf,inf,inf,inf,inf,inf,inf,inf,inf,inf,inf,inf,inf,inf,inf,inf,inf,inf,inf,inf,inf,inf,inf,inf,inf,inf,inf,inf,inf,inf,inf,inf,inf,inf,inf,inf,inf,inf,inf,inf,inf,inf,inf,inf,inf,inf,inf,inf,inf,inf,inf,inf,inf,inf,inf,inf,inf,inf,inf,inf,inf,inf,inf,inf,inf,inf,inf,inf,inf,inf,inf,inf,inf,inf,inf,inf,inf,inf,inf,inf,inf,inf,inf,inf,inf,inf,inf,inf,inf,inf,inf,inf,inf,inf,inf,inf,inf,inf,inf,inf,inf,inf,inf,inf,inf,inf,inf,inf,inf,inf,inf,inf,inf,inf,inf,inf,inf,inf,inf,inf,inf,inf,inf,inf,inf,inf,inf,inf,inf,inf,inf,inf,inf,inf,inf,inf,inf,inf,inf,inf,inf,inf,inf,inf,inf,inf,inf,inf,inf,inf,inf,inf,6.345280647277832,6.123241424560547,5.917965412139893,5.727702617645264,5.550939083099365,5.564513683319092,5.623710632324219,5.685938835144043,5.751340389251709,5.820065021514893,5.892275333404541,5.968151092529297,6.04788064956665,2.5856688022613525,2.5307748317718506,2.4789059162139893,2.4298484325408936,2.383410930633545,2.3394172191619873,2.297708511352539,2.2581400871276855,2.220578670501709,2.1849048137664795,2.1510066986083984,2.1187822818756104,2.088139295578003,2.058990955352783,2.0312578678131104,2.0048673152923584,1.9797520637512207,1.9558488130569458,1.9331010580062866,1.9229727983474731,1.9780728816986084,2.0370659828186035,2.100348472595215,2.1683731079101562,2.2416608333587646,2.320810079574585,2.406517267227173,2.499591827392578,2.6009833812713623,2.7118124961853027,11.636592864990234,inf,inf,inf,inf,inf,inf,inf,inf,inf,inf,inf,inf,inf,inf,inf,10.995972633361816,10.980138778686523,10.96770191192627,10.95864200592041,10.952945709228516,inf,inf,inf,inf,inf,inf,7.77641487121582,6.929032802581787,6.944622039794922,6.962416172027588,6.982445240020752,7.004739284515381,7.029334545135498,7.056268215179443,7.0855865478515625,inf,inf,inf,inf,inf,inf,inf,inf,inf,inf,inf,inf,inf,inf
1771970293030526413,-3.140000104904175,0.01749303564429283,inf,inf,10.235103607177734,10.29698371887207,10.396400451660156,inf,6.486436367034912,6.326940536499023,6.176944255828857,6.035699367523193,5.902535915374756,5.776850700378418,5.827942848205566,5.917611598968506,2.065660238265991,2.0274195671081543,1.9911679029464722,1.9567779302597046,1.9241342544555664,1.893131971359253,1.8636741638183594,1.8356720209121704,1.8090442419052124,1.7837159633636475,1.7596180438995361,1.7366870641708374,1.7148643732070923,1.6940948963165283,1.6743286848068237,1.6555190086364746,1.6376233100891113,1.6206005811691284,1.6044139862060547,1.58902907371521,1.574413537979126,1.5605376958847046,1.547373652458191,1.5348951816558838,1.5230791568756104,1.5119028091430664,1.5013450384140015,1.5688670873641968,1.6469131708145142,1.7336889505386353,1.8307108879089355,1.9398623704910278,2.0635271072387695,2.2047529220581055,2.367508888244629,inf,inf,inf,inf,inf,inf,6.473315715789795,6.461732387542725,6.4521613121032715,6.444587230682373,6.438999176025391,inf,inf,inf,inf,inf,inf,inf,inf,inf,inf,inf,inf,inf,inf,inf,inf,inf,inf,inf,inf,inf,inf,inf,inf,inf,inf,inf,inf,inf,inf,inf,inf,inf,inf,inf,inf,inf,inf,inf,inf,inf,inf,inf,inf,inf,inf,inf,inf,inf,inf,inf,inf,inf,inf,inf,inf,inf,inf,inf,inf,inf,inf,inf,inf,inf,inf,inf,inf,inf,inf,inf,inf,inf,inf,inf,inf,inf,inf,inf,inf,inf,inf,inf,inf,inf,inf,inf,inf,inf,inf,inf,inf,inf,inf,inf,inf,inf,inf,inf,inf,inf,inf,inf,inf,inf,inf,inf,inf,inf,inf,inf,inf,inf,inf,inf,inf,inf,inf,inf,inf,inf,inf,inf,inf,inf,inf,inf,inf,inf,inf,inf,inf,inf,inf,inf,inf,inf,inf,inf,inf,inf,inf,inf,inf,inf,inf,inf,inf,inf,inf,inf,inf,inf,inf,inf,inf,inf,inf,inf,inf,inf,inf,inf,inf,inf,inf,inf,inf,inf,inf,inf,inf,inf,inf,inf,inf,inf,inf,inf,inf,inf,inf,inf,inf,inf,inf,inf,inf,inf,inf,inf,inf,inf,inf,inf,inf,inf,inf,inf,inf,inf,inf,8.923858642578125,inf,inf,inf,inf,6.285444736480713,6.070521831512451,5.871549129486084,5.686890125274658,5.5209269523620605,5.578567981719971,5.639169216156006,5.702865123748779,5.769803047180176,5.8401384353637695,5.9140424728393555,5.991697788238525,6.073302268981934,9.79874324798584,2.544344425201416,2.4931671619415283,2.444742202758789,2.3988823890686035,2.3554184436798096,2.314197063446045,2.275078296661377,2.237933397293091,2.2026448249816895,2.1691055297851562,2.137216567993164,2.106886863708496,2.078032970428467,2.0505776405334473,2.0244498252868652,1.9995836019515991,1.975918173789978,1.9533969163894653,1.931968092918396,1.9802708625793457,2.0406124591827393,2.1054112911224365,2.175147771835327,2.2503750324249268,2.3317301273345947,2.419957160949707,2.515923023223877,2.620650291442871,2.7353477478027344,inf,inf,inf,inf,8.740524291992188,8.696215629577637,inf,inf,inf,inf,inf,inf,inf,inf,inf,11.032506942749023,11.015043258666992,11.000995635986328,10.990342140197754,10.98306655883789,11.2210054397583,inf,inf,inf,inf,inf,inf,7.261159420013428,6.964805603027344,6.981639862060547,7.000703811645508,7.022025108337402,7.045640468597412,7.071587085723877,7.099904537200928,7.130640983581543,10.806462287902832,10.161222457885742,10.09575366973877,10.15288257598877,10.213805198669434,10.278627395629883,10.347464561462402,10.420439720153809,10.497686386108398,10.57934856414795,inf,inf,inf,inf
1771970293154860224,-3.140000104904175,0.01749303564429283,inf,inf,inf,inf,inf,inf,6.5549445152282715,6.3931145668029785,6.240945816040039,6.09767484664917,5.962618827819824,5.835161209106445,5.886993885040283,5.977199554443359,2.112347364425659,2.0730936527252197,2.0358846187591553,2.0005886554718018,1.9670870304107666,1.935271978378296,1.905043125152588,1.8763093948364258,1.8489869832992554,1.8229985237121582,1.7982732057571411,1.7747455835342407,1.7523549795150757,1.731044888496399,1.7107644081115723,1.6914654970169067,1.6731030941009521,1.6556363105773926,1.6390268802642822,1.6232391595840454,1.6082403659820557,1.5939991474151611,1.5804872512817383,1.5676782131195068,1.5555477142333984,1.565985918045044,1.635506272315979,1.7120343446731567,1.79665207862854,1.8906779289245605,1.9957339763641357,2.1138358116149902,2.247525691986084,2.4000513553619385,inf,inf,inf,inf,inf,inf,6.513387203216553,6.499599933624268,6.487852096557617,6.478124618530273,6.470404148101807,6.464677333831787,inf,inf,inf,inf,inf,inf,inf,inf,inf,inf,inf,inf,inf,inf,inf,inf,inf,inf,inf,inf,inf,inf,inf,inf,inf,inf,inf,inf,inf,inf,inf,inf,inf,inf,inf,inf,inf,inf,inf,inf,inf,inf,inf,inf,inf,inf,inf,inf,inf,inf,inf,inf,inf,inf,inf,inf,inf,inf,inf,inf,inf,inf,inf,inf,inf,inf,inf,inf,inf,inf,inf,inf,inf,inf,inf,inf,inf,inf,inf,inf,inf,inf,inf,inf,inf,inf,inf,inf,inf,inf,inf,inf,inf,inf,inf,inf,inf,inf,inf,inf,inf,inf,inf,inf,inf,inf,inf,inf,inf,inf,inf,inf,inf,inf,inf,inf,inf,inf,inf,inf,inf,inf,inf,inf,inf,inf,inf,inf,inf,inf,inf,inf,inf,inf,inf,inf,inf,inf,inf,inf,inf,inf,inf,inf,inf,inf,inf,inf,inf,inf,inf,inf,inf,inf,inf,inf,inf,inf,inf,inf,inf,inf,inf,inf,inf,inf,inf,inf,inf,inf,inf,inf,inf,inf,inf,inf,inf,inf,inf,inf,inf,inf,inf,inf,inf,inf,inf,inf,inf,inf,inf,inf,inf,inf,inf,inf,inf,inf,inf,inf,inf,inf,inf,inf,inf,inf,inf,inf,6.2103800773620605,6.005835056304932,5.816056251525879,5.6395769119262695,5.538471221923828,5.598378658294678,5.661346912384033,5.727520942687988,5.797054767608643,5.870114803314209,5.946884632110596,6.027556419372559,9.906173706054688,9.698958396911621,2.579322338104248,2.5290212631225586,2.4813895225524902,2.4362497329711914,2.3934431076049805,2.3528215885162354,2.3142523765563965,2.277613401412964,2.2427916526794434,2.2096848487854004,2.1781980991363525,2.1482441425323486,2.1197421550750732,2.0926194190979004,2.0668060779571533,2.042238712310791,2.018859386444092,1.996613621711731,1.9754502773284912,1.9761234521865845,2.0385894775390625,2.1057987213134766,2.1782798767089844,2.256643533706665,2.341599464416504,2.4339759349823,2.534747838973999,2.645068883895874,2.766315221786499,inf,inf,inf,inf,inf,inf,inf,inf,inf,inf,inf,inf,inf,inf,inf,11.068978309631348,11.054468154907227,11.043371200561523,11.035670280456543,11.031352043151855,inf,inf,inf,inf,inf,inf,7.651925086975098,7.015742301940918,7.032446384429932,7.0513916015625,7.0726118087768555,7.096137046813965,7.122005462646484,7.150259017944336,7.180943489074707,inf,inf,inf,inf,inf,inf,inf,inf,inf,inf,inf,inf,inf,inf
1771970293295881642,-3.140000104904175,0.01749303564429283,inf,inf,inf,inf,inf,inf,6.596501350402832,6.433661460876465,6.280542850494385,6.13637638092041,6.000476360321045,5.872222423553467,5.945127964019775,2.1895666122436523,2.1474416255950928,2.1075398921966553,2.0697152614593506,2.0338363647460938,1.9997814893722534,1.9674403667449951,1.9367122650146484,1.907503604888916,1.8797295093536377,1.8533114194869995,1.8281776905059814,1.8042610883712769,1.7814998626708984,1.7598381042480469,1.7392224073410034,1.7196041345596313,1.70093834400177,1.6831830739974976,1.6662988662719727,1.6502501964569092,1.6350033283233643,1.6205270290374756,1.6067919731140137,1.5937714576721191,1.6134123802185059,1.6815086603164673,1.7561675310134888,1.8383541107177734,1.929228663444519,2.0302093029022217,2.1430366039276123,2.2698771953582764,2.4134621620178223,inf,inf,inf,inf,inf,inf,inf,6.537388801574707,6.523554801940918,6.5117669105529785,6.502007961273193,6.4942626953125,6.699277877807617,inf,inf,inf,inf,inf,inf,inf,inf,inf,inf,inf,inf,inf,inf,inf,inf,inf,inf,inf,inf,inf,inf,inf,inf,inf,inf,inf,inf,inf,inf,inf,inf,inf,inf,inf,inf,inf,inf,inf,inf,inf,inf,inf,inf,inf,inf,inf,inf,inf,inf,inf,inf,inf,inf,inf,inf,inf,inf,inf,inf,inf,inf,inf,inf,inf,inf,inf,inf,inf,inf,inf,inf,inf,inf,inf,inf,inf,inf,inf,inf,inf,inf,inf,inf,inf,inf,inf,inf,inf,inf,inf,inf,inf,inf,inf,inf,inf,inf,inf,inf,inf,inf,inf,inf,inf,inf,inf,inf,inf,inf,inf,inf,inf,inf,inf,inf,inf,inf,inf,inf,inf,inf,inf,inf,inf,inf,inf,inf,inf,inf,inf,inf,inf,inf,inf,inf,inf,inf,inf,inf,inf,inf,inf,inf,inf,inf,inf,inf,inf,inf,inf,inf,inf,inf,inf,inf,inf,inf,inf,inf,inf,inf,inf,inf,inf,inf,inf,inf,inf,inf,inf,inf,inf,inf,inf,inf,inf,inf,inf,inf,inf,inf,inf,inf,inf,inf,inf,inf,inf,inf,inf,inf,inf,inf,inf,inf,inf,inf,inf,inf,inf,inf,inf,8.907513618469238,inf,inf,inf,inf,6.306503772735596,6.098816394805908,5.906120300292969,5.726928234100342,5.559939384460449,5.570468425750732,5.633129119873047,5.698979377746582,5.768173694610596,5.840878009796143,5.917272090911865,5.997550964355469,6.0819244384765625,9.766744613647461,9.569517135620117,2.594533920288086,2.54567289352417,2.4993677139282227,2.455455780029297,2.413785696029663,2.3742215633392334,2.3366363048553467,2.300915479660034,2.266954183578491,2.234654426574707,2.2039265632629395,2.1746890544891357,2.1468658447265625,2.1203861236572266,2.095184326171875,2.0712013244628906,2.0483813285827637,2.0266716480255127,2.0060243606567383,1.989452838897705,2.0550498962402344,2.1257927417755127,2.202277421951294,2.2851967811584473,2.3753597736358643,2.4737179279327393,2.581397294998169,2.699742317199707,2.830366611480713,inf,inf,inf,inf,inf,inf,inf,inf,inf,inf,inf,inf,inf,inf,11.113114356994629,11.098555564880371,11.087423324584961,11.079700469970703,11.075374603271484,inf,inf,inf,inf,inf,inf,7.867428302764893,7.060162544250488,7.07697868347168,7.096051216125488,7.117410182952881,7.141089916229248,7.1671295166015625,7.195567607879639,7.22645378112793,inf,inf,inf,inf,inf,inf,inf,inf,inf,inf,inf,inf,inf,inf
1771970293556907295,-3.140000104904175,0.01749303564429283,inf,inf,inf,inf,inf,inf,6.638617038726807,6.474732875823975,6.320631980895996,6.17554235458374,6.038771152496338,5.915468215942383,6.0029377937316895,2.2254793643951416,2.1826627254486084,2.1421051025390625,2.1036598682403564,2.0671913623809814,2.0325772762298584,1.9997050762176514,1.9684720039367676,1.9387832880020142,1.9105530977249146,1.8837015628814697,1.8581544160842896,1.8338450193405151,1.8107106685638428,1.788692593574524,1.7677384614944458,1.7477980852127075,1.7288256883621216,1.7107782363891602,1.6936172246932983,1.6773051023483276,1.661807656288147,1.647093653678894,1.6331324577331543,1.6573835611343384,1.7239936590194702,1.7967545986175537,1.8765275478363037,1.9643431901931763,2.0614421367645264,2.169337511062622,2.2898917198181152,2.4254186153411865,inf,inf,inf,inf,inf,inf,inf,6.586380958557129,6.561316967010498,6.547431945800781,6.5356011390686035,6.525806427001953,6.518032550811768,inf,inf,inf,inf,inf,inf,inf,inf,inf,inf,inf,inf,inf,inf,inf,inf,inf,inf,inf,inf,inf,inf,inf,inf,inf,inf,inf,inf,inf,inf,inf,inf,inf,inf,inf,inf,inf,inf,inf,inf,inf,inf,inf,inf,inf,inf,inf,inf,inf,inf,inf,inf,inf,inf,inf,inf,inf,inf,inf,inf,inf,inf,inf,inf,inf,inf,inf,inf,inf,inf,inf,inf,inf,inf,inf,inf,inf,inf,inf,inf,inf,inf,inf,inf,inf,inf,inf,inf,inf,inf,inf,inf,inf,inf,inf,inf,inf,inf,inf,inf,inf,inf,inf,inf,inf,inf,inf,inf,inf,inf,inf,inf,inf,inf,inf,inf,inf,inf,inf,inf,inf,inf,inf,inf,inf,inf,inf,inf,inf,inf,inf,inf,inf,inf,inf,inf,inf,inf,inf,inf,inf,inf,inf,inf,inf,inf,inf,inf,inf,inf,inf,inf,inf,inf,inf,inf,inf,inf,inf,inf,inf,inf,inf,inf,inf,inf,inf,inf,inf,inf,inf,inf,inf,inf,inf,inf,inf,inf,inf,inf,inf,inf,inf,inf,inf,inf,inf,inf,inf,inf,inf,inf,inf,inf,inf,inf,inf,inf,inf,inf,inf,inf,inf,inf,inf,inf,inf,inf,inf,inf,6.192441463470459,5.996781826019287,5.814833641052246,5.64527702331543,5.542357921600342,5.604700088500977,5.6702165603637695,5.7390594482421875,5.811395168304443,5.887402057647705,5.967273235321045,6.0512189865112305,9.835198402404785,9.636584281921387,9.5042724609375,2.6100919246673584,2.562614679336548,2.517590284347534,2.4748647212982178,2.434298515319824,2.395761251449585,2.359135389328003,2.3243134021759033,2.291195869445801,2.259690284729004,2.22971248626709,2.2011842727661133,2.1740331649780273,2.148193359375,2.123603105545044,2.1002047061920166,2.0779449939727783,2.0567750930786133,2.036649465560913,2.0175251960754395,2.073068380355835,2.147653818130493,2.2285139560699463,2.316437244415283,2.4123520851135254,2.5173568725585938,2.632761001586914,2.760138988494873,2.9014034271240234,inf,inf,inf,inf,inf,inf,inf,inf,inf,inf,inf,inf,inf,11.1572904586792,11.142670631408691,11.131491661071777,11.123735427856445,11.119390487670898,inf,inf,inf,inf,inf,inf,8.087100982666016,7.104514122009277,7.121433734893799,7.140624046325684,7.162116050720215,7.185943603515625,7.212143898010254,7.240759372711182,7.2718377113342285,inf,inf,inf,inf,inf,inf,inf,inf,inf,inf,inf,inf,inf,inf
1771970293742863527,-3.140000104904175,0.01749303564429283,inf,inf,inf,inf,inf,inf,6.6824445724487305,6.517471790313721,6.3623480796813965,6.216296195983887,6.078616619110107,5.974648952484131,6.062990665435791,2.262819528579712,2.219282865524292,2.1780433654785156,2.138951539993286,2.101869583129883,2.0666732788085938,2.0332486629486084,2.001490354537964,1.97130286693573,1.94259774684906,1.9152946472167969,1.8893183469772339,1.8646003007888794,1.8410768508911133,1.8186886310577393,1.7973822355270386,1.777106761932373,1.7578151226043701,1.7394647598266602,1.7220149040222168,1.7054284811019897,1.6896705627441406,1.6747087240219116,1.7025891542434692,1.7678477764129639,1.8388937711715698,1.9164999723434448,2.001584768295288,2.0952467918395996,2.198810577392578,2.3138887882232666,2.4424664974212646,2.5870137214660645,inf,inf,inf,inf,inf,inf,inf,6.6022748947143555,6.586251258850098,6.572310924530029,6.560433387756348,6.550599098205566,6.548401832580566,inf,inf,inf,inf,inf,inf,inf,inf,inf,inf,inf,inf,inf,inf,inf,inf,inf,inf,inf,inf,inf,inf,inf,inf,inf,inf,inf,inf,inf,inf,inf,inf,inf,inf,inf,inf,inf,inf,inf,inf,inf,inf,inf,inf,inf,inf,inf,inf,inf,inf,inf,inf,inf,inf,inf,inf,inf,inf,inf,inf,inf,inf,inf,inf,inf,inf,inf,inf,inf,inf,inf,inf,inf,inf,inf,inf,inf,inf,inf,inf,inf,inf,inf,inf,inf,inf,inf,inf,inf,inf,inf,inf,inf,inf,inf,inf,inf,inf,inf,inf,inf,inf,inf,inf,inf,inf,inf,inf,inf,inf,inf,inf,inf,inf,inf,inf,inf,inf,inf,inf,inf,inf,inf,inf,inf,inf,inf,inf,inf,inf,inf,inf,inf,inf,inf,inf,inf,inf,inf,inf,inf,inf,inf,inf,inf,inf,inf,inf,inf,inf,inf,inf,inf,inf,inf,inf,inf,inf,inf,inf,inf,inf,inf,inf,inf,inf,inf,inf,inf,inf,inf,inf,inf,inf,inf,inf,inf,inf,inf,inf,inf,inf,inf,inf,inf,inf,inf,inf,inf,inf,inf,inf,inf,inf,inf,inf,inf,inf,inf,inf,inf,inf,inf,inf,inf,inf,inf,inf,inf,inf,6.289822101593018,6.091076850891113,5.906259059906006,5.734029769897461,5.573216915130615,5.57513427734375,5.640303134918213,5.708779811859131,5.780730724334717,5.856333255767822,5.935780048370361,6.0192790031433105,6.107056617736816,9.706354141235352,9.517068862915039,9.624472618103027,2.628366708755493,2.582185745239258,2.538362503051758,2.496753215789795,2.4572253227233887,2.419659376144409,2.3839426040649414,2.3499739170074463,2.3176584243774414,2.2869105339050293,2.2576494216918945,2.2298009395599365,2.2032973766326904,2.178074836730957,2.1540756225585938,2.131243944168091,2.109529972076416,2.0888867378234863,2.0692710876464844,2.0506417751312256,2.090862274169922,2.1695799827575684,2.255173921585083,2.3485474586486816,2.4507687091827393,2.5631139278411865,2.687115430831909,2.8246331214904785,inf,inf,inf,inf,inf,inf,inf,inf,inf,inf,inf,inf,inf,11.203208923339844,11.188526153564453,11.17729663848877,11.16950511932373,11.165138244628906,inf,inf,inf,inf,inf,inf,inf,7.16977596282959,7.16763162612915,7.186943531036377,7.208573341369629,7.232552528381348,7.2589192390441895,7.287718296051025,7.318995952606201,inf,inf,inf,inf,inf,inf,inf,inf,inf,inf,inf,inf,inf,inf
1771970294036123202,-3.140000104904175,0.01749303564429283,inf,inf,inf,inf,inf,inf,6.726277828216553,6.560215950012207,6.404068470001221,6.257051944732666,6.118464469909668,6.03382682800293,6.123040199279785,2.300161123275757,2.255903720855713,2.213982105255127,2.174243927001953,2.1365487575531006,2.1007704734802246,2.0667924880981445,2.0345094203948975,2.0038225650787354,1.9746429920196533,1.9468882083892822,1.9204825162887573,1.8953557014465332,1.8714429140090942,1.8486849069595337,1.8270260095596313,1.8064154386520386,1.7868046760559082,1.7681509256362915,1.7504127025604248,1.7335518598556519,1.717532992362976,1.7450873851776123,1.808969259262085,1.878301739692688,1.9537826776504517,2.0362331867218018,2.1266286373138428,2.22613525390625,2.3361618518829346,2.458420753479004,2.5950210094451904,inf,inf,inf,inf,inf,inf,inf,inf,6.6272711753845215,6.611184597015381,6.597189426422119,6.585264205932617,6.575390815734863,inf,inf,inf,inf,inf,inf,inf,inf,inf,inf,inf,inf,inf,inf,inf,inf,inf,inf,inf,inf,inf,inf,inf,inf,inf,inf,inf,inf,inf,inf,inf,inf,inf,inf,inf,inf,inf,inf,inf,inf,inf,inf,inf,inf,inf,inf,inf,inf,inf,inf,inf,inf,inf,inf,inf,inf,inf,inf,inf,inf,inf,inf,inf,inf,inf,inf,inf,inf,inf,inf,inf,inf,inf,inf,inf,inf,inf,inf,inf,inf,inf,inf,inf,inf,inf,inf,inf,inf,inf,inf,inf,inf,inf,inf,inf,inf,inf,inf,inf,inf,inf,inf,inf,inf,inf,inf,inf,inf,inf,inf,inf,inf,inf,inf,inf,inf,inf,inf,inf,inf,inf,inf,inf,inf,inf,inf,inf,inf,inf,inf,inf,inf,inf,inf,inf,inf,inf,inf,inf,inf,inf,inf,inf,inf,inf,inf,inf,inf,inf,inf,inf,inf,inf,inf,inf,inf,inf,inf,inf,inf,inf,inf,inf,inf,inf,inf,inf,inf,inf,inf,inf,inf,inf,inf,inf,inf,inf,inf,inf,inf,inf,inf,inf,inf,inf,inf,inf,inf,inf,inf,inf,inf,inf,inf,inf,inf,inf,inf,inf,inf,inf,inf,inf,inf,inf,inf,8.891749382019043,inf,inf,inf,inf,6.390908241271973,6.188960075378418,6.001163482666016,5.82615852355957,5.662755489349365,5.544448375701904,5.609254360198975,5.677351474761963,5.748903274536133,5.824086666107178,5.903092384338379,5.986128330230713,6.073418140411377,9.778777122497559,9.588072776794434,9.589157104492188,9.750345230102539,2.649235486984253,2.6042726039886475,2.5615811347961426,2.521026134490967,2.482482433319092,2.4458372592926025,2.410984754562378,2.3778295516967773,2.3462812900543213,2.3162596225738525,2.287687063217163,2.2604944705963135,2.234616279602051,2.2099924087524414,2.186567544937134,2.1642889976501465,2.1431093215942383,2.122982978820801,2.1038691997528076,2.085728883743286,2.1084165573120117,2.1915929317474365,2.2823286056518555,2.381661891937256,2.490832805633545,2.611330032348633,2.7449605464935303,2.8939387798309326,inf,inf,inf,inf,inf,inf,inf,inf,inf,inf,inf,inf,11.250870704650879,11.23612117767334,11.22484016418457,11.217011451721191,11.21262264251709,inf,inf,inf,inf,inf,inf,inf,7.374415397644043,7.21558141708374,7.235020637512207,7.256791591644287,7.280928134918213,7.307470321655273,7.336459159851074,7.3679423332214355,inf,inf,inf,inf,inf,inf,inf,inf,inf,inf,inf,inf,inf,inf
1771970294206185485,-3.140000104904175,0.01749303564429283,inf,inf,inf,inf,6.74501371383667,6.578793525695801,6.422487258911133,6.275311470031738,6.136565208435059,6.07626485824585,2.3682897090911865,2.32118558883667,2.2766010761260986,2.234368324279785,2.194333076477051,2.156355142593384,2.120307683944702,2.086073160171509,2.0535449981689453,2.022625207901001,1.9932234287261963,1.965257167816162,1.9386495351791382,1.9133306741714478,1.889235019683838,1.8663030862808228,1.8444786071777344,1.8237100839614868,1.8039500713348389,1.7851539850234985,1.7672810554504395,1.750292420387268,1.752737045288086,1.8142309188842773,1.8807932138442993,1.9530463218688965,2.031719207763672,2.117671012878418,2.211923360824585,2.3156983852386475,2.4304697513580322,2.558034896850586,inf,inf,inf,inf,inf,inf,inf,inf,6.670975208282471,6.642076015472412,6.626054763793945,6.612128734588623,6.600276947021484,6.590480327606201,inf,inf,inf,inf,inf,inf,inf,inf,inf,inf,inf,inf,inf,inf,inf,inf,inf,inf,inf,inf,inf,inf,inf,inf,inf,inf,inf,inf,inf,inf,inf,inf,inf,inf,inf,inf,inf,inf,inf,inf,inf,inf,inf,inf,inf,inf,inf,inf,inf,inf,inf,inf,inf,inf,inf,inf,inf,inf,inf,inf,inf,inf,inf,inf,inf,inf,inf,inf,inf,inf,inf,inf,inf,inf,inf,inf,inf,inf,inf,inf,inf,inf,inf,inf,inf,inf,inf,inf,inf,inf,inf,inf,inf,inf,inf,inf,inf,inf,inf,inf,inf,inf,inf,inf,inf,inf,inf,inf,inf,inf,inf,inf,inf,inf,inf,inf,inf,inf,inf,inf,inf,inf,inf,inf,inf,inf,inf,inf,inf,inf,inf,inf,inf,inf,inf,inf,inf,inf,inf,inf,inf,inf,inf,inf,inf,inf,inf,inf,inf,inf,inf,inf,inf,inf,inf,inf,inf,inf,inf,inf,inf,inf,inf,inf,inf,inf,inf,inf,inf,inf,inf,inf,inf,inf,inf,inf,inf,inf,inf,inf,inf,inf,inf,inf,inf,inf,inf,inf,inf,inf,inf,inf,inf,inf,inf,inf,inf,inf,inf,inf,inf,inf,inf,inf,inf,inf,8.879279136657715,inf,inf,inf,inf,inf,6.236080169677734,6.047231197357178,5.871228218078613,5.706875801086426,5.553128719329834,5.595036506652832,5.663088798522949,5.734592914581299,5.809725761413574,5.8886799812316895,5.971662521362305,6.058897018432617,9.811043739318848,9.620040893554688,9.577094078063965,9.738364219665527,9.90824031829834,2.6404197216033936,2.597210168838501,2.556161880493164,2.5171499252319336,2.480057716369629,2.444780111312866,2.4112188816070557,2.379286050796509,2.3488962650299072,2.319974660873413,2.2924489974975586,2.2662549018859863,2.241330146789551,2.2176191806793213,2.1950690746307373,2.173631429672241,2.1532609462738037,2.133915662765503,2.1155569553375244,2.098147392272949,2.1599488258361816,2.2495927810668945,2.347750186920166,2.4556498527526855,2.57477068901062,2.7069084644317627,2.854262590408325,3.0195610523223877,inf,inf,inf,inf,inf,inf,inf,inf,inf,inf,inf,11.27779769897461,11.263185501098633,11.252049446105957,11.244373321533203,11.240144729614258,inf,inf,inf,inf,inf,inf,inf,7.438546657562256,7.244434356689453,7.264065265655518,7.286037445068359,7.310387134552002,7.33715295791626,7.366377353668213,7.39810848236084,inf,inf,inf,inf,inf,inf,inf,inf,inf,inf,inf,inf,inf,inf,inf,inf
1771970294466192771,-3.140000104904175,0.01749303564429283,11.207282066345215,11.209297180175781,6.7602715492248535,6.593827724456787,6.4373064041137695,6.28992223739624,6.150976657867432,6.102017402648926,2.3839094638824463,2.3365354537963867,2.2916953563690186,2.2492194175720215,2.2089526653289795,2.170754909515381,2.134497880935669,2.100064277648926,2.0673465728759766,2.0362462997436523,2.0066721439361572,1.9785420894622803,1.951778531074524,1.9263112545013428,1.9020742177963257,1.8790074586868286,1.8570551872253418,1.8361648321151733,1.8162890672683716,1.7973833084106445,1.779405951499939,1.7623181343078613,1.7915939092636108,1.8545496463775635,1.9226999282836914,1.9966847896575928,2.0772531032562256,2.16528582572937,2.261833667755127,2.368152379989624,2.4857568740844727,2.61649489402771,inf,inf,inf,inf,inf,inf,inf,inf,6.682553768157959,6.658435821533203,6.642303466796875,6.62827205657959,6.616320610046387,6.6064300537109375,inf,inf,inf,inf,inf,inf,inf,inf,inf,inf,inf,inf,inf,inf,inf,inf,inf,inf,inf,inf,inf,inf,inf,inf,inf,inf,inf,inf,inf,inf,inf,inf,inf,inf,inf,inf,inf,inf,inf,inf,inf,inf,inf,inf,inf,inf,inf,inf,inf,inf,inf,inf,inf,inf,inf,inf,inf,inf,inf,inf,inf,inf,inf,inf,inf,inf,inf,inf,inf,inf,inf,inf,inf,inf,inf,inf,inf,inf,inf,inf,inf,inf,inf,inf,inf,inf,inf,inf,inf,inf,inf,inf,inf,inf,inf,inf,inf,inf,inf,inf,inf,inf,inf,inf,inf,inf,inf,inf,inf,inf,inf,inf,inf,inf,inf,inf,inf,inf,inf,inf,inf,inf,inf,inf,inf,inf,inf,inf,inf,inf,inf,inf,inf,inf,inf,inf,inf,inf,inf,inf,inf,inf,inf,inf,inf,inf,inf,inf,inf,inf,inf,inf,inf,inf,inf,inf,inf,inf,inf,inf,inf,inf,inf,inf,inf,inf,inf,inf,inf,inf,inf,inf,inf,inf,inf,inf,inf,inf,inf,inf,inf,inf,inf,inf,inf,inf,inf,inf,inf,inf,inf,inf,inf,inf,inf,inf,inf,inf,inf,inf,inf,inf,inf,inf,inf,inf,8.909152030944824,inf,inf,inf,inf,inf,6.264498710632324,6.075058937072754,5.898489952087402,5.733601093292236,5.579340934753418,5.583898067474365,5.651878356933594,5.723306655883789,5.798360824584961,5.877232074737549,5.960127353668213,6.047272205352783,6.138908386230469,9.639843940734863,9.566680908203125,9.727916717529297,9.897762298583984,2.662482500076294,2.6189658641815186,2.577625036239624,2.5383341312408447,2.5009758472442627,2.4654452800750732,2.431643486022949,2.399480104446411,2.368872880935669,2.33974289894104,2.3120195865631104,2.285637140274048,2.260533571243286,2.236652374267578,2.2139410972595215,2.192350387573242,2.171834707260132,2.1523518562316895,2.1338629722595215,2.1163313388824463,2.1352694034576416,2.2239980697631836,2.3211615085601807,2.4279801845550537,2.5459206104278564,2.6767654418945312,2.8226990699768066,2.9864282608032227,9.166035652160645,9.04399299621582,8.907525062561035,inf,inf,inf,inf,inf,inf,inf,inf,11.29568099975586,11.281167984008789,11.270136833190918,11.26257038116455,11.258456230163574,inf,inf,inf,inf,inf,inf,inf,7.4989705085754395,7.26309061050415,7.282851219177246,7.304962635040283,7.329458236694336,7.356375694274902,7.38576078414917,7.417661190032959,11.40560245513916,10.723048210144043,10.38650131225586,10.445167541503906,10.507733345031738,10.574307441711426,10.645009994506836,10.719965934753418,10.79931354522705,10.883198738098145,11.294132232666016,11.271262168884277,11.251920700073242,11.236078262329102,11.223709106445312,10.60224723815918,10.586466789245605,10.702275276184082
1771970294690010250,-3.140000104904175,0.01749303564429283,inf,inf,6.8487548828125,6.678872108459473,6.519160270690918,6.368811130523682,6.227104663848877,6.144624710083008,2.44065260887146,2.3918068408966064,2.345580816268921,2.3017990589141846,2.260301351547241,2.220939874649048,2.1835832595825195,2.148108720779419,2.114405393600464,2.0823705196380615,2.051910400390625,2.0229384899139404,1.995375633239746,1.96914803981781,1.944188117980957,1.9204334020614624,1.897826075553894,1.8763118982315063,1.855841875076294,1.8363696336746216,1.8178521394729614,1.8216257095336914,1.882348895072937,1.9478758573532104,2.018770456314087,2.0956859588623047,2.1793878078460693,2.270777702331543,2.370924234390259,2.481107473373413,2.6028647422790527,inf,inf,inf,inf,inf,inf,inf,inf,inf,6.7054548263549805,6.686818599700928,6.670321464538574,6.655937671661377,6.643643856048584,6.638813018798828,inf,inf,inf,inf,inf,inf,inf,inf,inf,inf,inf,inf,inf,inf,inf,inf,inf,inf,inf,inf,inf,inf,inf,inf,inf,inf,inf,inf,inf,inf,inf,inf,inf,inf,inf,inf,inf,inf,inf,inf,inf,inf,inf,inf,inf,inf,inf,inf,inf,inf,inf,inf,inf,inf,inf,inf,inf,inf,inf,inf,inf,inf,inf,inf,inf,inf,inf,inf,inf,inf,inf,inf,inf,inf,inf,inf,inf,inf,inf,inf,inf,inf,inf,inf,inf,inf,inf,inf,inf,inf,inf,inf,inf,inf,inf,inf,inf,inf,inf,inf,inf,inf,inf,inf,inf,inf,inf,inf,inf,inf,inf,inf,inf,inf,inf,inf,inf,inf,inf,inf,inf,inf,inf,inf,inf,inf,inf,inf,inf,inf,inf,inf,inf,inf,inf,inf,inf,inf,inf,inf,inf,inf,inf,inf,inf,inf,inf,inf,inf,inf,inf,inf,inf,inf,inf,inf,inf,inf,inf,inf,inf,inf,inf,inf,inf,inf,inf,inf,inf,inf,inf,inf,inf,inf,inf,inf,inf,inf,inf,inf,inf,inf,inf,inf,inf,inf,inf,inf,inf,inf,inf,inf,inf,inf,inf,inf,inf,inf,inf,inf,inf,inf,inf,inf,inf,inf,inf,inf,inf,inf,inf,inf,inf,6.209600448608398,6.027604103088379,5.857712745666504,5.6988325119018555,5.549996852874756,5.600393772125244,5.670640468597412,5.744452476501465,5.82201623916626,5.903534412384033,5.989226818084717,6.079331398010254,9.750097274780273,9.565642356872559,9.651759147644043,9.819075584411621,9.995406150817871,10.18135929107666,2.650538921356201,2.6098334789276123,2.5711350440979004,2.5343313217163086,2.4993202686309814,2.466007709503174,2.434307098388672,2.4041366577148438,2.3754231929779053,2.348097801208496,2.322096586227417,2.2973594665527344,2.2738327980041504,2.25146484375,2.2302086353302,2.210020065307617,2.1908576488494873,2.1726841926574707,2.155463695526123,2.1391642093658447,2.219252347946167,2.320296049118042,2.431759834289551,2.5552937984466553,2.6929192543029785,2.8471341133117676,3.0210649967193604,inf,inf,inf,inf,inf,inf,inf,inf,inf,inf,inf,11.330513954162598,11.318694114685059,11.310357093811035,11.305489540100098,11.304083824157715,inf,inf,inf,inf,inf,inf,7.956973552703857,7.306684494018555,7.326076507568359,7.34782600402832,7.371967315673828,7.3985395431518555,7.427584648132324,7.4591498374938965,7.493287563323975,inf,inf,inf,inf,inf,inf,inf,inf,inf,inf,inf,inf,inf,inf,inf,inf,inf
1771970294891760480,-3.140000104904175,0.01749303564429283,inf,inf,6.894876956939697,6.72390079498291,6.563159465789795,6.411840915679932,6.269217491149902,6.200331211090088,2.4816699028015137,2.4320173263549805,2.385028123855591,2.340522289276123,2.298337697982788,2.2583258152008057,2.220350742340088,2.1842894554138184,2.1500279903411865,2.117462635040283,2.0864980220794678,2.0570459365844727,2.029026508331299,2.0023646354675293,1.9769912958145142,1.9528427124023438,1.929861068725586,1.90799081325531,1.8871815204620361,1.8673863410949707,1.851784110069275,1.9109746217727661,1.9746978282928467,2.0434648990631104,2.1178650856018066,2.198586940765381,2.2864325046539307,2.3823487758636475,2.4874610900878906,2.6031086444854736,2.7309112548828125,inf,inf,inf,inf,inf,inf,inf,inf,inf,6.732574939727783,6.713879585266113,6.697330951690674,6.68290376663208,6.6705756187438965,7.002991676330566,inf,inf,inf,inf,inf,inf,inf,inf,inf,inf,inf,inf,inf,inf,inf,inf,inf,inf,inf,inf,inf,inf,inf,inf,inf,inf,inf,inf,inf,inf,inf,inf,inf,inf,inf,inf,inf,inf,inf,inf,inf,inf,inf,inf,inf,inf,inf,inf,inf,inf,inf,inf,inf,inf,inf,inf,inf,inf,inf,inf,inf,inf,inf,inf,inf,inf,inf,inf,inf,inf,inf,inf,inf,inf,inf,inf,inf,inf,inf,inf,inf,inf,inf,inf,inf,inf,inf,inf,inf,inf,inf,inf,inf,inf,inf,inf,inf,inf,inf,inf,inf,inf,inf,inf,inf,inf,inf,inf,inf,inf,inf,inf,inf,inf,inf,inf,inf,inf,inf,inf,inf,inf,inf,inf,inf,inf,inf,inf,inf,inf,inf,inf,inf,inf,inf,inf,inf,inf,inf,inf,inf,inf,inf,inf,inf,inf,inf,inf,inf,inf,inf,inf,inf,inf,inf,inf,inf,inf,inf,inf,inf,inf,inf,inf,inf,inf,inf,inf,inf,inf,inf,inf,inf,inf,inf,inf,inf,inf,inf,inf,inf,inf,inf,inf,inf,inf,inf,inf,inf,inf,inf,inf,inf,inf,inf,inf,inf,inf,inf,inf,inf,inf,inf,inf,inf,inf,inf,8.861127853393555,inf,inf,inf,inf,inf,6.293172359466553,6.108785152435303,5.936660289764404,5.775688171386719,5.624891757965088,5.568197727203369,5.638061046600342,5.7114715576171875,5.788612365722656,5.869687557220459,5.9549126625061035,6.04452657699585,6.1387858390808105,9.626519203186035,9.615775108337402,9.782515525817871,9.958240509033203,10.1435546875,inf,2.6658270359039307,2.6263091564178467,2.588726758956909,2.552974224090576,2.5189566612243652,2.486584424972534,2.4557759761810303,2.426454544067383,2.398550033569336,2.3719985485076904,2.346738338470459,2.322713613510132,2.299872636795044,2.2781665325164795,2.2575504779815674,2.237983226776123,2.219425678253174,2.2018415927886963,2.185196876525879,2.169461250305176,2.246079921722412,2.3540260791778564,2.4736669063568115,2.6069607734680176,2.75632905960083,2.9248037338256836,3.1162302494049072,inf,inf,inf,inf,inf,inf,inf,inf,inf,inf,11.373011589050293,11.361176490783691,11.352836608886719,11.347978591918945,11.346595764160156,inf,inf,inf,inf,inf,inf,8.164437294006348,7.349771976470947,7.369296550750732,7.391193389892578,7.415495872497559,7.442244052886963,7.471480846405029,7.503252983093262,7.537611484527588,inf,inf,inf,inf,inf,inf,inf,inf,inf,inf,inf,inf,inf,inf,inf,inf,inf
1771970295170149984,-3.140000104904175,0.01749303564429283,inf,inf,6.9439921379089355,6.771801471710205,6.609917640686035,6.457522869110107,6.313885688781738,6.257265090942383,2.5245108604431152,2.474001407623291,2.426201343536377,2.3809282779693604,2.3380160331726074,2.297314405441284,2.2586843967437744,2.2220005989074707,2.187148094177246,2.1540212631225586,2.1225223541259766,2.092562675476074,2.0640597343444824,2.036937713623047,2.011126756668091,1.986561894416809,1.9631832838058472,1.9409358501434326,1.9197677373886108,1.8996315002441406,1.940910816192627,2.002951145172119,2.0697431564331055,2.1418216228485107,2.2198050022125244,2.304413080215454,2.3964884281158447,2.49702525138855,2.60719895362854,2.728416681289673,inf,inf,inf,inf,inf,inf,inf,inf,inf,inf,6.760722637176514,6.741949558258057,6.725332736968994,6.710845947265625,6.698467254638672,inf,inf,inf,inf,inf,inf,inf,inf,inf,inf,inf,inf,inf,inf,inf,inf,inf,inf,inf,inf,inf,inf,inf,inf,inf,inf,inf,inf,inf,inf,inf,inf,inf,inf,inf,inf,inf,inf,inf,inf,inf,inf,inf,inf,inf,inf,inf,inf,inf,inf,inf,inf,inf,inf,inf,inf,inf,inf,inf,inf,inf,inf,inf,inf,inf,inf,inf,inf,inf,inf,inf,inf,inf,inf,inf,inf,inf,inf,inf,inf,inf,inf,inf,inf,inf,inf,inf,inf,inf,inf,inf,inf,inf,inf,inf,inf,inf,inf,inf,inf,inf,inf,inf,inf,inf,inf,inf,inf,inf,inf,inf,inf,inf,inf,inf,inf,inf,inf,inf,inf,inf,inf,inf,inf,inf,inf,inf,inf,inf,inf,inf,inf,inf,inf,inf,inf,inf,inf,inf,inf,inf,inf,inf,inf,inf,inf,inf,inf,inf,inf,inf,inf,inf,inf,inf,inf,inf,inf,inf,inf,inf,inf,inf,inf,inf,inf,inf,inf,inf,inf,inf,inf,inf,inf,inf,inf,inf,inf,inf,inf,inf,inf,inf,inf,inf,inf,inf,inf,inf,inf,inf,inf,inf,inf,inf,inf,inf,inf,inf,inf,inf,inf,inf,inf,inf,inf,inf,inf,inf,inf,inf,inf,inf,inf,6.381129264831543,6.1941680908203125,6.0196404457092285,5.85642147064209,5.703518867492676,5.560056209564209,5.60377836227417,5.6767425537109375,5.753416061401367,5.833998680114746,5.918707847595215,6.007779121398926,6.101466178894043,9.690925598144531,9.577245712280273,9.74332046508789,9.918344497680664,10.102919578552246,inf,inf,2.6836907863616943,2.645286798477173,2.6087546348571777,2.5739941596984863,2.5409154891967773,2.5094337463378906,2.4794728755950928,2.4509596824645996,2.4238274097442627,2.3980154991149902,2.373466968536377,2.3501272201538086,2.327946662902832,2.3068811893463135,2.286886692047119,2.2679238319396973,2.249955892562866,2.232947826385498,2.2168686389923096,2.201688528060913,2.272657632827759,2.3881659507751465,2.5168559551239014,2.6610655784606934,2.8237223625183105,3.0085391998291016,inf,inf,inf,inf,inf,inf,inf,inf,inf,inf,11.41708755493164,11.405208587646484,11.396838188171387,11.391962051391602,11.390575408935547,inf,inf,inf,inf,inf,inf,inf,7.394204139709473,7.413848400115967,7.435878276824951,7.460329055786133,7.487239837646484,7.5166544914245605,7.548619270324707,7.583188056945801,inf,inf,inf,inf,inf,inf,inf,inf,inf,inf,inf,inf,inf,inf,inf,inf,inf
1771970295473335102,-3.140000104904175,0.01749303564429283,inf,inf,6.9933180809021,6.8198981285095215,6.656859874725342,6.503378391265869,6.358715534210205,6.314056873321533,2.5673999786376953,2.516031265258789,2.4674174785614014,2.4213740825653076,2.377732038497925,2.336336851119995,2.2970495223999023,2.259742259979248,2.2242963314056396,2.190606117248535,2.158571243286133,2.1281015872955322,2.0991134643554688,2.071530342102051,2.0452802181243896,2.0202972888946533,1.9965211153030396,1.9738950729370117,1.9523664712905884,1.969521164894104,2.0299205780029297,2.094804286956787,2.1646568775177,2.240037202835083,2.321593761444092,2.4100778102874756,2.5063724517822266,2.611513376235962,2.726733684539795,inf,inf,inf,inf,inf,inf,inf,inf,inf,inf,6.809930801391602,6.788883209228516,6.7700300216674805,6.753342151641846,6.738793849945068,6.734322547912598,inf,inf,inf,inf,inf,inf,inf,inf,inf,inf,inf,inf,inf,inf,inf,inf,inf,inf,inf,inf,inf,inf,inf,inf,inf,inf,inf,inf,inf,inf,inf,inf,inf,inf,inf,inf,inf,inf,inf,inf,inf,inf,inf,inf,inf,inf,inf,inf,inf,inf,inf,inf,inf,inf,inf,inf,inf,inf,inf,inf,inf,inf,inf,inf,inf,inf,inf,inf,inf,inf,inf,inf,inf,inf,inf,inf,inf,inf,inf,inf,inf,inf,inf,inf,inf,inf,inf,inf,inf,inf,inf,inf,inf,inf,inf,inf,inf,inf,inf,inf,inf,inf,inf,inf,inf,inf,inf,inf,inf,inf,inf,inf,inf,inf,inf,inf,inf,inf,inf,inf,inf,inf,inf,inf,inf,inf,inf,inf,inf,inf,inf,inf,inf,inf,inf,inf,inf,inf,inf,inf,inf,inf,inf,inf,inf,inf,inf,inf,inf,inf,inf,inf,inf,inf,inf,inf,inf,inf,inf,inf,inf,inf,inf,inf,inf,inf,inf,inf,inf,inf,inf,inf,inf,inf,inf,inf,inf,inf,inf,inf,inf,inf,inf,inf,inf,inf,inf,inf,inf,inf,inf,inf,inf,inf,inf,inf,inf,inf,inf,inf,inf,inf,inf,inf,inf,inf,inf,inf,inf,inf,inf,inf,inf,inf,inf,6.279751300811768,6.102806091308594,5.937326431274414,5.782306671142578,5.636857032775879,5.569417953491211,5.641932964324951,5.718132972717285,5.798220157623291,5.882406234741211,5.970928192138672,6.06403923034668,6.162014007568359,9.577336311340332,9.7039213180542,9.878232955932617,10.062055587768555,10.256047248840332,inf,inf,2.701873540878296,2.664558172225952,2.6290533542633057,2.5952658653259277,2.5631096363067627,2.5325067043304443,2.503382682800293,2.4756691455841064,2.4493045806884766,2.424229860305786,2.4003899097442627,2.377734899520874,2.356217384338379,2.335794687271118,2.3164255619049072,2.298072338104248,2.280700445175171,2.2642767429351807,2.2487709522247314,2.2341551780700684,2.3025460243225098,2.4266157150268555,2.5656473636627197,2.7224628925323486,2.900641441345215,3.1047921180725098,inf,inf,inf,inf,inf,inf,inf,inf,inf,11.461163520812988,11.449234962463379,11.440829277038574,11.435932159423828,11.43453598022461,inf,inf,inf,inf,inf,inf,inf,7.5558929443359375,7.4583539962768555,7.480514049530029,7.505110263824463,7.532180309295654,7.561769008636475,7.593923091888428,7.628697872161865,inf,inf,inf,inf,inf,inf,inf,inf,inf,inf,inf,inf,inf,inf,inf,inf,inf
1771970295709219067,-3.140000104904175,0.01749303564429283,inf,inf,7.040787696838379,6.866186141967773,6.702035903930664,6.547508239746094,6.401859283447266,6.368682384490967,2.6086666584014893,2.5564703941345215,2.5070741176605225,2.4602890014648438,2.4159438610076904,2.373882532119751,2.3339624404907227,2.2960541248321533,2.260037899017334,2.225804567337036,2.193253993988037,2.1622941493988037,2.1328389644622803,2.104811906814575,2.078139305114746,2.0527539253234863,2.028594970703125,2.0056047439575195,1.9938794374465942,2.0525951385498047,2.1155405044555664,2.1831581592559814,2.255953788757324,2.3345108032226562,2.4195027351379395,2.5117151737213135,2.612065553665161,2.721635580062866,2.8417086601257324,inf,inf,inf,inf,inf,inf,inf,inf,inf,inf,6.837038040161133,6.815906047821045,6.796977519989014,6.7802228927612305,6.765615940093994,7.085824966430664,inf,inf,inf,inf,inf,inf,inf,inf,inf,inf,inf,inf,inf,inf,inf,inf,inf,inf,inf,inf,inf,inf,inf,inf,inf,inf,inf,inf,inf,inf,inf,inf,inf,inf,inf,inf,inf,inf,inf,inf,inf,inf,inf,inf,inf,inf,inf,inf,inf,inf,inf,inf,inf,inf,inf,inf,inf,inf,inf,inf,inf,inf,inf,inf,inf,inf,inf,inf,inf,inf,inf,inf,inf,inf,inf,inf,inf,inf,inf,inf,inf,inf,inf,inf,inf,inf,inf,inf,inf,inf,inf,inf,inf,inf,inf,inf,inf,inf,inf,inf,inf,inf,inf,inf,inf,inf,inf,inf,inf,inf,inf,inf,inf,inf,inf,inf,inf,inf,inf,inf,inf,inf,inf,inf,inf,inf,inf,inf,inf,inf,inf,inf,inf,inf,inf,inf,inf,inf,inf,inf,inf,inf,inf,inf,inf,inf,inf,inf,inf,inf,inf,inf,inf,inf,inf,inf,inf,inf,inf,inf,inf,inf,inf,inf,inf,inf,inf,inf,inf,inf,inf,inf,inf,inf,inf,inf,inf,inf,inf,inf,inf,inf,inf,inf,inf,inf,inf,inf,inf,inf,inf,inf,inf,inf,inf,inf,inf,inf,inf,inf,inf,inf,inf,inf,inf,inf,inf,inf,inf,8.841116905212402,inf,inf,inf,inf,inf,6.362107276916504,6.182835578918457,6.015179634094238,5.858122825622559,5.710760116577148,5.572293758392334,5.608438491821289,5.6841840744018555,5.763792037963867,5.847476482391357,5.935469627380371,6.028023719787598,6.125414848327637,9.63837718963623,9.66600227355957,9.839627265930176,10.022725105285645,10.21595287322998,inf,inf,inf,2.718247890472412,2.682025671005249,2.6475565433502197,2.6147518157958984,2.583530902862549,2.553818941116333,2.5255465507507324,2.498649835586548,2.473068952560425,2.448747396469116,2.4256350994110107,2.403683662414551,2.3828487396240234,2.363088607788086,2.344364881515503,2.326641798019409,2.3098866939544678,2.294067621231079,2.2791569232940674,2.265127182006836,2.339799165725708,2.4738495349884033,2.625044822692871,2.7968363761901855,2.993666887283325,3.2213611602783203,inf,inf,inf,inf,inf,inf,inf,inf,11.50356674194336,11.491591453552246,11.483150482177734,11.478232383728027,11.476828575134277,inf,inf,inf,inf,inf,inf,inf,7.745763778686523,7.5011677742004395,7.5234527587890625,7.548187255859375,7.57541036605835,7.605167865753174,7.6375041007995605,7.672475337982178,inf,inf,inf,inf,inf,inf,inf,inf,inf,inf,inf,inf,inf,inf,inf,inf,inf
1771970295962830006,-3.140000104904175,0.01749303564429283,inf,inf,7.0863356590271,6.910597801208496,6.745381832122803,6.58984899520874,6.443253993988037,6.4210944175720215,2.648261308670044,2.595271587371826,2.54512357711792,2.497627019882202,2.4526076316833496,2.4099063873291016,2.3693792819976807,2.330894708633423,2.2943308353424072,2.2595770359039307,2.226531744003296,2.195100784301758,2.16519832611084,2.136744976043701,2.109666585922241,2.083895683288574,2.0593690872192383,2.03602933883667,2.0713071823120117,2.132300853729248,2.197688341140747,2.2679288387298584,2.34354829788208,2.4251515865325928,2.5134406089782715,2.609229326248169,2.7134716510772705,2.8272900581359863,inf,inf,inf,inf,inf,inf,inf,inf,inf,inf,inf,6.863114833831787,6.841899871826172,6.822897434234619,6.806077003479004,6.791412353515625,inf,inf,inf,inf,inf,inf,inf,inf,inf,inf,inf,inf,inf,inf,inf,inf,inf,inf,inf,inf,inf,inf,inf,inf,inf,inf,inf,inf,inf,inf,inf,inf,inf,inf,inf,inf,inf,inf,inf,inf,inf,inf,inf,inf,inf,inf,inf,inf,inf,inf,inf,inf,inf,inf,inf,inf,inf,inf,inf,inf,inf,inf,inf,inf,inf,inf,inf,inf,inf,inf,inf,inf,inf,inf,inf,inf,inf,inf,inf,inf,inf,inf,inf,inf,inf,inf,inf,inf,inf,inf,inf,inf,inf,inf,inf,inf,inf,inf,inf,inf,inf,inf,inf,inf,inf,inf,inf,inf,inf,inf,inf,inf,inf,inf,inf,inf,inf,inf,inf,inf,inf,inf,inf,inf,inf,inf,inf,inf,inf,inf,inf,inf,inf,inf,inf,inf,inf,inf,inf,inf,inf,inf,inf,inf,inf,inf,inf,inf,inf,inf,inf,inf,inf,inf,inf,inf,inf,inf,inf,inf,inf,inf,inf,inf,inf,inf,inf,inf,inf,inf,inf,inf,inf,inf,inf,inf,inf,inf,inf,inf,inf,inf,inf,inf,inf,inf,inf,inf,inf,inf,inf,inf,inf,inf,inf,inf,inf,inf,inf,inf,inf,inf,inf,inf,inf,inf,inf,inf,inf,inf,inf,inf,inf,inf,inf,inf,inf,6.259625434875488,6.0898823738098145,5.930869102478027,5.781672477722168,5.641481876373291,5.576303482055664,5.651612758636475,5.730762004852295,5.813964366912842,5.901449680328369,5.993470668792725,6.090301036834717,6.192235946655273,9.629624366760254,9.802590370178223,9.984992980957031,10.17748737335205,inf,inf,inf,inf,2.732854127883911,2.697730541229248,2.6643025875091553,2.6324892044067383,2.6022133827209473,2.5734047889709473,2.54599666595459,2.519930124282837,2.4951469898223877,2.4715962409973145,2.449227809906006,2.42799711227417,2.4078619480133057,2.3887827396392822,2.3707234859466553,2.353649854660034,2.3375306129455566,2.322335958480835,2.308039903640747,2.29461669921875,2.3857829570770264,2.5315871238708496,2.6972525119781494,2.8870620727539062,3.1066324710845947,inf,inf,inf,inf,inf,inf,inf,inf,11.544252395629883,11.532231330871582,11.523757934570312,11.518818855285645,11.517407417297363,inf,inf,inf,inf,inf,inf,inf,7.9279680252075195,7.542247295379639,7.564652919769287,7.589519500732422,7.616890907287598,7.6468071937561035,7.679319381713867,7.714479923248291,inf,inf,inf,inf,inf,inf,inf,inf,inf,inf,inf,inf,inf,inf,inf,inf,inf
1771970296397988136,-3.140000104904175,0.01749303564429283,inf,inf,7.133755207061768,6.95683479309082,6.7905073165893555,6.63392972946167,6.486349582672119,2.746401309967041,2.689483404159546,2.635666847229004,2.5847370624542236,2.5364997386932373,2.4907777309417725,2.447411298751831,2.406252384185791,2.3671677112579346,2.330033540725708,2.2947378158569336,2.2611770629882812,2.2292561531066895,2.198887348175049,2.169990301132202,2.1424896717071533,2.1163170337677,2.0914080142974854,2.0926976203918457,2.1519157886505127,2.215280055999756,2.2832107543945312,2.3561811447143555,2.4347403049468994,2.5195162296295166,2.611236333847046,2.7107479572296143,2.8190417289733887,2.9372825622558594,inf,inf,inf,inf,inf,inf,inf,inf,inf,inf,6.9243974685668945,6.890334606170654,6.869032382965088,6.849950790405273,6.833060264587402,6.824751853942871,inf,inf,inf,inf,inf,inf,inf,inf,inf,inf,inf,inf,inf,inf,inf,inf,inf,inf,inf,inf,inf,inf,inf,inf,inf,inf,inf,inf,inf,inf,inf,inf,inf,inf,inf,inf,inf,inf,inf,inf,inf,inf,inf,inf,inf,inf,inf,inf,inf,inf,inf,inf,inf,inf,inf,inf,inf,inf,inf,inf,inf,inf,inf,inf,inf,inf,inf,inf,inf,inf,inf,inf,inf,inf,inf,inf,inf,inf,inf,inf,inf,inf,inf,inf,inf,inf,inf,inf,inf,inf,inf,inf,inf,inf,inf,inf,inf,inf,inf,inf,inf,inf,inf,inf,inf,inf,inf,inf,inf,inf,inf,inf,inf,inf,inf,inf,inf,inf,inf,inf,inf,inf,inf,inf,inf,inf,inf,inf,inf,inf,inf,inf,inf,inf,inf,inf,inf,inf,inf,inf,inf,inf,inf,inf,inf,inf,inf,inf,inf,inf,inf,inf,inf,inf,inf,inf,inf,inf,inf,inf,inf,inf,inf,inf,inf,inf,inf,inf,inf,inf,inf,inf,inf,inf,inf,inf,inf,inf,inf,inf,inf,inf,inf,inf,inf,inf,inf,inf,inf,inf,inf,inf,inf,inf,inf,inf,inf,inf,inf,inf,inf,inf,inf,inf,inf,inf,inf,inf,inf,inf,inf,inf,inf,inf,inf,inf,inf,6.339575290679932,6.167657852172852,6.006608486175537,5.855501651763916,5.7135162353515625,5.579920291900635,5.61770486831665,5.696376800537109,5.779077053070068,5.866034984588623,5.957501411437988,6.053746223449707,6.15506649017334,9.591754913330078,9.76403522491455,9.945714950561523,10.137445449829102,inf,inf,inf,inf,inf,2.7499687671661377,2.7158925533294678,2.683461904525757,2.6525983810424805,2.623230457305908,2.5952916145324707,2.5687193870544434,2.5434558391571045,2.5194473266601562,2.496645212173462,2.4750030040740967,2.454476833343506,2.4350273609161377,2.4166176319122314,2.399212598800659,2.3827805519104004,2.3672919273376465,2.352717876434326,2.339034080505371,2.3262155055999756,2.434302806854248,2.5935919284820557,2.776094675064087,2.9872095584869385,3.2341480255126953,inf,inf,inf,inf,inf,inf,inf,inf,11.574542999267578,11.566035270690918,11.561075210571289,11.559654235839844,inf,inf,inf,inf,inf,inf,inf,8.117684364318848,7.585015296936035,7.607545375823975,7.632551670074463,7.660075664520264,7.690160274505615,7.7228546142578125,7.758212089538574,inf,inf,inf,inf,inf,inf,inf,inf,inf,inf,inf,inf,inf,inf,inf,inf,inf
1771970296628570114,-3.140000104904175,0.01749303564429283,inf,inf,7.183099269866943,7.004950523376465,6.837466239929199,6.679800033569336,6.531195163726807,2.7902066707611084,2.7323789596557617,2.677701950073242,2.6259584426879883,2.5769500732421875,2.5304977893829346,2.4864377975463867,2.4446210861206055,2.404911756515503,2.3671841621398926,2.331324577331543,2.2972278594970703,2.264796733856201,2.233942985534668,2.2045838832855225,2.1766440868377686,2.150053024291992,2.124746799468994,2.174265146255493,2.235788583755493,2.3016204833984375,2.372194528579712,2.448007583618164,2.5296244621276855,2.6177010536193848,2.7129909992218018,2.816375970840454,2.928884267807007,inf,inf,inf,inf,inf,inf,inf,inf,inf,inf,inf,6.942239284515381,6.918583393096924,6.897191524505615,6.878029823303223,6.861068248748779,7.114442348480225,inf,inf,inf,inf,inf,inf,inf,inf,inf,inf,inf,inf,inf,inf,inf,inf,inf,inf,inf,inf,inf,inf,inf,inf,inf,inf,inf,inf,inf,inf,inf,inf,inf,inf,inf,inf,inf,inf,inf,inf,inf,inf,inf,inf,inf,inf,inf,inf,inf,inf,inf,inf,inf,inf,inf,inf,inf,inf,inf,inf,inf,inf,inf,inf,inf,inf,inf,inf,inf,inf,inf,inf,inf,inf,inf,inf,inf,inf,inf,inf,inf,inf,inf,inf,inf,inf,inf,inf,inf,inf,inf,inf,inf,inf,inf,inf,inf,inf,inf,inf,inf,inf,inf,inf,inf,inf,inf,inf,inf,inf,inf,inf,inf,inf,inf,inf,inf,inf,inf,inf,inf,inf,inf,inf,inf,inf,inf,inf,inf,inf,inf,inf,inf,inf,inf,inf,inf,inf,inf,inf,inf,inf,inf,inf,inf,inf,inf,inf,inf,inf,inf,inf,inf,inf,inf,inf,inf,inf,inf,inf,inf,inf,inf,inf,inf,inf,inf,inf,inf,inf,inf,inf,inf,inf,inf,inf,inf,inf,inf,inf,inf,inf,inf,inf,inf,inf,inf,inf,inf,inf,inf,inf,inf,inf,inf,inf,inf,inf,inf,inf,inf,inf,inf,inf,inf,inf,inf,inf,inf,inf,inf,8.825820922851562,inf,inf,inf,inf,inf,inf,6.248594760894775,6.085425853729248,5.932331562042236,5.788477420806885,5.653125286102295,5.582422256469727,5.660598278045654,5.7427754402160645,5.8291850090026855,5.920073509216309,6.015710353851318,6.116390705108643,6.2224345207214355,9.723916053771973,9.9048433303833,10.095779418945312,10.29743480682373,inf,inf,inf,inf,inf,2.769575834274292,2.7365033626556396,2.705029010772705,2.675079822540283,2.6465871334075928,2.6194887161254883,2.5937247276306152,2.5692412853240967,2.545987606048584,2.523916482925415,2.502983570098877,2.4831490516662598,2.4643747806549072,2.446625232696533,2.4298670291900635,2.414071559906006,2.3992087841033936,2.38525390625,2.3721821308135986,2.3599700927734375,2.4857401847839355,2.66064190864563,2.862962245941162,3.099609851837158,inf,inf,inf,inf,inf,inf,inf,inf,11.618570327758789,11.610027313232422,11.6050443649292,11.603615760803223,11.605737686157227,inf,inf,inf,inf,inf,inf,8.315150260925293,7.629518508911133,7.6521782875061035,7.677330017089844,7.705012321472168,7.735271453857422,7.768155097961426,7.803717136383057,inf,inf,inf,inf,inf,inf,inf,inf,inf,inf,inf,inf,inf,inf,inf,inf,inf
1771970296847933429,-3.140000104904175,0.01749303564429283,inf,inf,7.230576038360596,7.051242828369141,6.882646083831787,6.723933219909668,6.5743408203125,2.832350492477417,2.7736477851867676,2.7181434631347656,2.665616273880005,2.6158664226531982,2.568711042404175,2.523984432220459,2.4815351963043213,2.4412240982055664,2.402926206588745,2.3665242195129395,2.331911087036133,2.298989772796631,2.2676687240600586,2.237865447998047,2.209502696990967,2.182509422302246,2.193058490753174,2.2527337074279785,2.3164753913879395,2.3846805095672607,2.457798957824707,2.536343812942505,2.620903730392456,2.712153911590576,2.810877799987793,2.9179885387420654,3.0345499515533447,inf,inf,inf,inf,inf,inf,inf,inf,inf,inf,inf,6.969436168670654,6.945687294006348,6.924211025238037,6.904973983764648,6.887945175170898,inf,inf,inf,inf,inf,inf,inf,inf,inf,inf,inf,inf,inf,inf,inf,inf,inf,inf,inf,inf,inf,inf,inf,inf,inf,inf,inf,inf,inf,inf,inf,inf,inf,inf,inf,inf,inf,inf,inf,inf,inf,inf,inf,inf,inf,inf,inf,inf,inf,inf,inf,inf,inf,inf,inf,inf,inf,inf,inf,inf,inf,inf,inf,inf,inf,inf,inf,inf,inf,inf,inf,inf,inf,inf,inf,inf,inf,inf,inf,inf,inf,inf,inf,inf,inf,inf,inf,inf,inf,inf,inf,inf,inf,inf,inf,inf,inf,inf,inf,inf,inf,inf,inf,inf,inf,inf,inf,inf,inf,inf,inf,inf,inf,inf,inf,inf,inf,inf,inf,inf,inf,inf,inf,inf,inf,inf,inf,inf,inf,inf,inf,inf,inf,inf,inf,inf,inf,inf,inf,inf,inf,inf,inf,inf,inf,inf,inf,inf,inf,inf,inf,inf,inf,inf,inf,inf,inf,inf,inf,inf,inf,inf,inf,inf,inf,inf,inf,inf,inf,inf,inf,inf,inf,inf,inf,inf,inf,inf,inf,inf,inf,inf,inf,inf,inf,inf,inf,inf,inf,inf,inf,inf,inf,inf,inf,inf,inf,inf,inf,inf,inf,inf,inf,inf,inf,inf,inf,inf,inf,inf,inf,inf,inf,inf,inf,inf,inf,inf,inf,6.326467514038086,6.161258697509766,6.006251335144043,5.860599994659424,5.723556041717529,5.594448089599609,5.626177787780762,5.707852840423584,5.793733596801758,5.884066104888916,5.979118824005127,6.079183578491211,6.184579372406006,9.685319900512695,9.865523338317871,10.055695533752441,10.25654411315918,inf,inf,inf,inf,inf,inf,2.787534236907959,2.7554714679718018,2.7249627113342285,2.6959385871887207,2.668332815170288,2.642087697982788,2.6171469688415527,2.593458890914917,2.5709753036499023,2.5496511459350586,2.5294458866119385,2.5103206634521484,2.492239236831665,2.475168228149414,2.4590775966644287,2.443936347961426,2.429720640182495,2.4164040088653564,2.4039642810821533,2.392380475997925,2.5495858192443848,2.743446111679077,2.9701967239379883,3.238888740539551,inf,inf,inf,inf,inf,inf,inf,11.660928726196289,11.652351379394531,11.647347450256348,11.645909309387207,11.648036003112793,inf,inf,inf,inf,inf,inf,8.505171775817871,7.672333717346191,7.695118427276611,7.7204084396362305,7.748244285583496,7.778669834136963,7.8117356300354,7.8474955558776855,7.886007308959961,inf,inf,inf,inf,inf,inf,inf,inf,inf,inf,inf,inf,inf,inf,inf,inf
1771970297129078710,-3.140000104904175,0.01749303564429283,inf,inf,7.279922962188721,7.099359512329102,6.929605960845947,6.769805431365967,6.619187355041504,2.8761565685272217,2.8165440559387207,2.7601795196533203,2.706838369369507,2.6563172340393066,2.608430862426758,2.563011407852173,2.519904136657715,2.4789693355560303,2.440077781677246,2.403111457824707,2.36796236038208,2.3345303535461426,2.3027243614196777,2.2724597454071045,2.243657112121582,2.2162458896636963,2.2724609375,2.334293842315674,2.400341033935547,2.4710140228271484,2.546776533126831,2.628161668777466,2.715778112411499,2.8103277683258057,2.9126222133636475,3.023604154586792,inf,inf,inf,inf,inf,inf,inf,inf,inf,inf,inf,7.029461860656738,6.997781753540039,6.973934173583984,6.952369213104248,6.933051586151123,6.921863555908203,inf,inf,inf,inf,inf,inf,inf,inf,inf,inf,inf,inf,inf,inf,inf,inf,inf,inf,inf,inf,inf,inf,inf,inf,inf,inf,inf,inf,inf,inf,inf,inf,inf,inf,inf,inf,inf,inf,inf,inf,inf,inf,inf,inf,inf,inf,inf,inf,inf,inf,inf,inf,inf,inf,inf,inf,inf,inf,inf,inf,inf,inf,inf,inf,inf,inf,inf,inf,inf,inf,inf,inf,inf,inf,inf,inf,inf,inf,inf,inf,inf,inf,inf,inf,inf,inf,inf,inf,inf,inf,inf,inf,inf,inf,inf,inf,inf,inf,inf,inf,inf,inf,inf,inf,inf,inf,inf,inf,inf,inf,inf,inf,inf,inf,inf,inf,inf,inf,inf,inf,inf,inf,inf,inf,inf,inf,inf,inf,inf,inf,inf,inf,inf,inf,inf,inf,inf,inf,inf,inf,inf,inf,inf,inf,inf,inf,inf,inf,inf,inf,inf,inf,inf,inf,inf,inf,inf,inf,inf,inf,inf,inf,inf,inf,inf,inf,inf,inf,inf,inf,inf,inf,inf,inf,inf,inf,inf,inf,inf,inf,inf,inf,inf,inf,inf,inf,inf,inf,inf,inf,inf,inf,inf,inf,inf,inf,inf,inf,inf,inf,inf,inf,inf,inf,inf,inf,inf,inf,inf,inf,inf,inf,inf,inf,inf,inf,inf,inf,inf,inf,6.240085124969482,6.083089351654053,5.935570240020752,5.796767711639404,5.6660027503967285,5.590402603149414,5.671555519104004,5.756886959075928,5.84664249420166,5.941087245941162,6.0405120849609375,6.14523458480835,9.6452054977417,9.824657440185547,10.014036178588867,10.214045524597168,inf,inf,inf,inf,inf,inf,inf,2.807905673980713,2.7768146991729736,2.747236490249634,2.7191059589385986,2.692359447479248,2.666943073272705,2.642803192138672,2.6198911666870117,2.598160743713379,2.5775697231292725,2.558079481124878,2.5396535396575928,2.5222573280334473,2.505859136581421,2.4904301166534424,2.475942373275757,2.462371587753296,2.4496941566467285,2.437889337539673,2.4341695308685303,2.6192400455474854,2.835707187652588,3.0922093391418457,3.4008736610412598,inf,inf,inf,inf,inf,inf,11.704957962036133,11.696344375610352,11.69131851196289,11.689871788024902,11.69200325012207,inf,inf,inf,inf,inf,inf,8.702713966369629,7.7529730796813965,7.73975133895874,7.765186309814453,7.793180465698242,7.8237810134887695,7.857035160064697,7.89300012588501,7.931734085083008,inf,inf,inf,inf,inf,inf,inf,inf,inf,inf,inf,inf,inf,inf,inf,inf
1771970297331375891,-3.140000104904175,0.01749303564429283,inf,inf,7.329270362854004,7.147477149963379,6.97656774520874,6.815677165985107,6.664034366607666,2.9199635982513428,2.859440803527832,2.802215576171875,2.748060941696167,2.6967685222625732,2.6481518745422363,2.602038621902466,2.5582737922668457,2.516713857650757,2.4772286415100098,2.4396984577178955,2.404013156890869,2.3700711727142334,2.3377797603607178,2.307053327560425,2.2778115272521973,2.2918553352355957,2.351860761642456,2.4158527851104736,2.484204053878784,2.557342290878296,2.635749101638794,2.719974994659424,2.810647964477539,2.908496379852295,3.014359712600708,3.1292130947113037,inf,inf,inf,inf,inf,inf,inf,inf,inf,inf,inf,7.052403450012207,7.026127338409424,7.002181053161621,6.980526447296143,6.961128234863281,7.16239595413208,inf,inf,inf,inf,inf,inf,inf,inf,inf,inf,inf,inf,inf,inf,inf,inf,inf,inf,inf,inf,inf,inf,inf,inf,inf,inf,inf,inf,inf,inf,inf,inf,inf,inf,inf,inf,inf,inf,inf,inf,inf,inf,inf,inf,inf,inf,inf,inf,inf,inf,inf,inf,inf,inf,inf,inf,inf,inf,inf,inf,inf,inf,inf,inf,inf,inf,inf,inf,inf,inf,inf,inf,inf,inf,inf,inf,inf,inf,inf,inf,inf,inf,inf,inf,inf,inf,inf,inf,inf,inf,inf,inf,inf,inf,inf,inf,inf,inf,inf,inf,inf,inf,inf,inf,inf,inf,inf,inf,inf,inf,inf,inf,inf,inf,inf,inf,inf,inf,inf,inf,inf,inf,inf,inf,inf,inf,inf,inf,inf,inf,inf,inf,inf,inf,inf,inf,inf,inf,inf,inf,inf,inf,inf,inf,inf,inf,inf,inf,inf,inf,inf,inf,inf,inf,inf,inf,inf,inf,inf,inf,inf,inf,inf,inf,inf,inf,inf,inf,inf,inf,inf,inf,inf,inf,inf,inf,inf,inf,inf,inf,inf,inf,inf,inf,inf,inf,inf,inf,inf,inf,inf,inf,inf,inf,inf,inf,inf,inf,inf,inf,inf,inf,inf,inf,inf,inf,inf,inf,inf,inf,inf,inf,inf,8.810544967651367,inf,inf,inf,inf,inf,inf,6.318916320800781,6.15993070602417,6.010543346405029,5.869983196258545,5.73756217956543,5.612663745880127,5.635260581970215,5.720043659210205,5.809221267700195,5.9030585289001465,6.001843452453613,6.105891227722168,6.215545654296875,9.783794403076172,9.972378730773926,10.171550750732422,inf,inf,inf,inf,inf,inf,inf,2.8603410720825195,2.8286688327789307,2.798536777496338,2.7698793411254883,2.742633104324341,2.7167410850524902,2.6921494007110596,2.6688082218170166,2.6466705799102783,2.62569522857666,2.6058402061462402,2.587069272994995,2.5693469047546387,2.5526421070098877,2.536923885345459,2.5221645832061768,2.508340358734131,2.4954254627227783,2.4833996295928955,2.4722414016723633,2.4950547218322754,2.701242446899414,2.9455599784851074,3.2395572662353516,inf,inf,inf,inf,inf,inf,11.748987197875977,11.740338325500488,11.735289573669434,11.733834266662598,11.735970497131348,inf,inf,inf,inf,inf,inf,inf,7.928889751434326,7.784386157989502,7.809963703155518,7.838118553161621,7.868892669677734,7.902336597442627,7.938506126403809,7.9774603843688965,inf,inf,inf,inf,inf,inf,inf,inf,inf,inf,inf,inf,inf,inf,inf,inf
1771970297485106893,-3.140000104904175,0.01749303564429283,inf,inf,7.378620147705078,7.1955952644348145,7.023529052734375,6.861551284790039,6.708881378173828,2.963771104812622,2.9023385047912598,2.844252824783325,2.789283275604248,2.737220287322998,2.6878724098205566,2.641066312789917,2.5966436862945557,2.5544590950012207,2.51438045501709,2.476285934448242,2.4400641918182373,2.405611991882324,2.372835397720337,2.341647148132324,2.3119657039642334,2.3692281246185303,2.4312572479248047,2.497406482696533,2.5680646896362305,2.6436679363250732,2.7247183322906494,2.8117830753326416,2.9055137634277344,3.0066606998443604,3.11609148979187,inf,inf,inf,inf,inf,inf,inf,inf,inf,inf,inf,inf,7.0808563232421875,7.054471969604492,7.030426979064941,7.008682727813721,6.9892048835754395,inf,inf,inf,inf,inf,inf,inf,inf,inf,inf,inf,inf,inf,inf,inf,inf,inf,inf,inf,inf,inf,inf,inf,inf,inf,inf,inf,inf,inf,inf,inf,inf,inf,inf,inf,inf,inf,inf,inf,inf,inf,inf,inf,inf,inf,inf,inf,inf,inf,inf,inf,inf,inf,inf,inf,inf,inf,inf,inf,inf,inf,inf,inf,inf,inf,inf,inf,inf,inf,inf,inf,inf,inf,inf,inf,inf,inf,inf,inf,inf,inf,inf,inf,inf,inf,inf,inf,inf,inf,inf,inf,inf,inf,inf,inf,inf,inf,inf,inf,inf,inf,inf,inf,inf,inf,inf,inf,inf,inf,inf,inf,inf,inf,inf,inf,inf,inf,inf,inf,inf,inf,inf,inf,inf,inf,inf,inf,inf,inf,inf,inf,inf,inf,inf,inf,inf,inf,inf,inf,inf,inf,inf,inf,inf,inf,inf,inf,inf,inf,inf,inf,inf,inf,inf,inf,inf,inf,inf,inf,inf,inf,inf,inf,inf,inf,inf,inf,inf,inf,inf,inf,inf,inf,inf,inf,inf,inf,inf,inf,inf,inf,inf,inf,inf,inf,inf,inf,inf,inf,inf,inf,inf,inf,inf,inf,inf,inf,inf,inf,inf,inf,inf,inf,inf,inf,inf,inf,inf,inf,inf,inf,inf,inf,inf,inf,inf,inf,inf,inf,inf,inf,inf,6.236777305603027,6.0855207443237305,5.943202495574951,5.8091254234313965,5.68266487121582,5.598967552185059,5.683200836181641,5.771801471710205,5.8650312423706055,5.963176250457764,6.066551208496094,6.175495147705078,9.742934226989746,9.93072509765625,10.129055976867676,10.338701248168945,inf,inf,inf,inf,inf,inf,inf,2.880523443222046,2.849838972091675,2.8206543922424316,2.792907953262329,2.766540288925171,2.7414963245391846,2.717726707458496,2.6951825618743896,2.6738216876983643,2.65360164642334,2.6344854831695557,2.6164376735687256,2.599425792694092,2.583418846130371,2.5683884620666504,2.554309606552124,2.5411577224731445,2.528909683227539,2.5175468921661377,2.507049083709717,2.566802501678467,2.7989392280578613,3.078275203704834,3.4207122325897217,inf,inf,inf,inf,inf,11.793017387390137,11.784332275390625,11.779261589050293,11.77779769897461,11.779938697814941,inf,inf,inf,inf,inf,inf,inf,8.104836463928223,7.829019546508789,7.854743003845215,7.883055210113525,7.914003849029541,7.947637557983398,7.984012126922607,8.023186683654785,inf,inf,inf,inf,inf,inf,inf,inf,inf,inf,inf,inf,inf,inf,inf,inf
1771970297892079762,-3.140000104904175,0.01749303564429283,inf,inf,7.431765556335449,7.2474164962768555,7.074103832244873,6.910953044891357,6.7571797370910645,3.01094913482666,2.9485361576080322,2.889524221420288,2.8336782455444336,2.7807838916778564,2.730648994445801,2.683096408843994,2.637964963912964,2.5951075553894043,2.554389715194702,2.515687942504883,2.4788882732391357,2.4438867568969727,2.4105875492095947,2.378901958465576,2.392249822616577,2.4525492191314697,2.516758680343628,2.585231304168701,2.658369541168213,2.7366294860839844,2.820526599884033,2.910648822784424,3.0076711177825928,3.1123695373535156,3.2256429195404053,inf,inf,inf,inf,inf,inf,inf,inf,inf,inf,inf,inf,7.111497402191162,7.084996700286865,7.060845375061035,7.039004802703857,7.025272369384766,inf,inf,inf,inf,inf,inf,inf,inf,inf,inf,inf,inf,inf,inf,inf,inf,inf,inf,inf,inf,inf,inf,inf,inf,inf,inf,inf,inf,inf,inf,inf,inf,inf,inf,inf,inf,inf,inf,inf,inf,inf,inf,inf,inf,inf,inf,inf,inf,inf,inf,inf,inf,inf,inf,inf,inf,inf,inf,inf,inf,inf,inf,inf,inf,inf,inf,inf,inf,inf,inf,inf,inf,inf,inf,inf,inf,inf,inf,inf,inf,inf,inf,inf,inf,inf,inf,inf,inf,inf,inf,inf,inf,inf,inf,inf,inf,inf,inf,inf,inf,inf,inf,inf,inf,inf,inf,inf,inf,inf,inf,inf,inf,inf,inf,inf,inf,inf,inf,inf,inf,inf,inf,inf,inf,inf,inf,inf,inf,inf,inf,inf,inf,inf,inf,inf,inf,inf,inf,inf,inf,inf,inf,inf,inf,inf,inf,inf,inf,inf,inf,inf,inf,inf,inf,inf,inf,inf,inf,inf,inf,inf,inf,inf,inf,inf,inf,inf,inf,inf,inf,inf,inf,inf,inf,inf,inf,inf,inf,inf,inf,inf,inf,inf,inf,inf,inf,inf,inf,inf,inf,inf,inf,inf,inf,inf,inf,inf,inf,inf,inf,inf,inf,inf,inf,inf,inf,inf,inf,inf,inf,inf,inf,inf,inf,inf,inf,inf,inf,inf,inf,inf,inf,6.3195390701293945,6.1662702560424805,6.022058486938477,5.886197090148926,5.758053779602051,5.63706111907959,5.643527030944824,5.731506824493408,5.8240814208984375,5.92153787612915,6.024187088012695,6.132367134094238,6.246449947357178,9.885869979858398,10.083298683166504,10.291987419128418,inf,inf,inf,inf,inf,inf,inf,inf,2.905088424682617,2.8753373622894287,2.8470516204833984,2.8201711177825928,2.7946412563323975,2.770409107208252,2.7474277019500732,2.725651502609253,2.705038547515869,2.6855509281158447,2.6671524047851562,2.6498098373413086,2.633491277694702,2.618168830871582,2.603816032409668,2.5904085636138916,2.57792329788208,2.566338300704956,2.555636405944824,2.5457990169525146,2.6410727500915527,2.90462589263916,3.2277069091796875,inf,inf,inf,inf,inf,11.840435028076172,11.831711769104004,11.826616287231445,11.825142860412598,11.827288627624512,inf,inf,inf,inf,inf,inf,inf,8.294352531433105,7.877087593078613,7.902965068817139,7.931450366973877,7.962585926055908,7.996423244476318,8.033018112182617,8.072430610656738,inf,inf,inf,inf,inf,inf,inf,inf,inf,inf,inf,inf,inf,inf,inf,inf
1771970298096558031,-3.140000104904175,0.01749303564429283,inf,inf,7.479189395904541,7.29365873336792,7.119235038757324,6.955038070678711,6.800278186798096,3.0530498027801514,2.9897618293762207,2.929922580718994,2.873293876647949,2.819659471511841,2.7688217163085938,2.7206027507781982,2.6748385429382324,2.6313812732696533,2.5900931358337402,2.550848960876465,2.5135343074798584,2.4780421257019043,2.4442765712738037,2.412146806716919,2.4647769927978516,2.526902675628662,2.5930545330047607,2.6636016368865967,2.73895525932312,2.8195838928222656,2.9060211181640625,2.9988718032836914,3.0988314151763916,3.2066986560821533,inf,inf,inf,inf,inf,inf,inf,inf,inf,inf,inf,inf,7.16792631149292,7.138917922973633,7.112311363220215,7.0880632400512695,7.066134929656982,7.224468231201172,inf,inf,inf,inf,inf,inf,inf,inf,inf,inf,inf,inf,inf,inf,inf,inf,inf,inf,inf,inf,inf,inf,inf,inf,inf,inf,inf,inf,inf,inf,inf,inf,inf,inf,inf,inf,inf,inf,inf,inf,inf,inf,inf,inf,inf,inf,inf,inf,inf,inf,inf,inf,inf,inf,inf,inf,inf,inf,inf,inf,inf,inf,inf,inf,inf,inf,inf,inf,inf,inf,inf,inf,inf,inf,inf,inf,inf,inf,inf,inf,inf,inf,inf,inf,inf,inf,inf,inf,inf,inf,inf,inf,inf,inf,inf,inf,inf,inf,inf,inf,inf,inf,inf,inf,inf,inf,inf,inf,inf,inf,inf,inf,inf,inf,inf,inf,inf,inf,inf,inf,inf,inf,inf,inf,inf,inf,inf,inf,inf,inf,inf,inf,inf,inf,inf,inf,inf,inf,inf,inf,inf,inf,inf,inf,inf,inf,inf,inf,inf,inf,inf,inf,inf,inf,inf,inf,inf,inf,inf,inf,inf,inf,inf,inf,inf,inf,inf,inf,inf,inf,inf,inf,inf,inf,inf,inf,inf,inf,inf,inf,inf,inf,inf,inf,inf,inf,inf,inf,inf,inf,inf,inf,inf,inf,inf,inf,inf,inf,inf,inf,inf,inf,inf,inf,inf,inf,inf,inf,inf,inf,inf,inf,inf,inf,inf,8.795321464538574,inf,inf,inf,inf,inf,inf,inf,6.238331317901611,6.092429161071777,5.954976558685303,5.8253326416015625,5.7029218673706055,5.608125686645508,5.695550441741943,5.78754186630249,5.8843841552734375,5.986386775970459,6.093884468078613,6.207246780395508,9.845847129821777,10.04246997833252,10.250307083129883,inf,inf,inf,inf,inf,inf,inf,inf,inf,2.924135684967041,2.895369291305542,2.8680315017700195,2.8420677185058594,2.8174235820770264,2.794050455093384,2.771904230117798,2.7509405612945557,2.731121778488159,2.712409734725952,2.6947717666625977,2.678176164627075,2.662592887878418,2.647995948791504,2.63435959815979,2.621661424636841,2.609879493713379,2.5989952087402344,2.588989734649658,2.579848051071167,2.7497024536132812,3.055520534515381,3.4390604496002197,inf,inf,inf,inf,inf,11.873991966247559,11.868875503540039,11.867393493652344,11.86954402923584,inf,inf,inf,inf,inf,inf,inf,8.46349048614502,7.919982433319092,7.945999622344971,7.974636554718018,8.005940437316895,8.039958953857422,8.076751708984375,8.116375923156738,inf,inf,inf,inf,inf,inf,inf,inf,inf,inf,inf,inf,inf,inf,inf,inf
1771970298242896042,-3.140000104904175,0.01749303564429283,inf,inf,7.524744987487793,7.338077068328857,7.162585735321045,6.997384548187256,6.841676712036133,3.093488931655884,3.0293610095977783,2.9687273502349854,2.9113471508026123,2.8569998741149902,2.805487871170044,2.7566287517547607,2.7102577686309814,2.6662232875823975,2.62438702583313,2.5846221446990967,2.546811580657959,2.5108489990234375,2.476634979248047,2.4743618965148926,2.534437417984009,2.5983169078826904,2.6663360595703125,2.7388734817504883,2.8163540363311768,2.899259090423584,2.9881348609924316,3.083604574203491,3.1863858699798584,3.297297239303589,inf,inf,inf,inf,inf,inf,inf,inf,inf,inf,inf,inf,7.194297790527344,7.1651811599731445,7.138474464416504,7.114135265350342,7.0921244621276855,inf,inf,inf,inf,inf,inf,inf,inf,inf,inf,inf,inf,inf,inf,inf,inf,inf,inf,inf,inf,inf,inf,inf,inf,inf,inf,inf,inf,inf,inf,inf,inf,inf,inf,inf,inf,inf,inf,inf,inf,inf,inf,inf,inf,inf,inf,inf,inf,inf,inf,inf,inf,inf,inf,inf,inf,inf,inf,inf,inf,inf,inf,inf,inf,inf,inf,inf,inf,inf,inf,inf,inf,inf,inf,inf,inf,inf,inf,inf,inf,inf,inf,inf,inf,inf,inf,inf,inf,inf,inf,inf,inf,inf,inf,inf,inf,inf,inf,inf,inf,inf,inf,inf,inf,inf,inf,inf,inf,inf,inf,inf,inf,inf,inf,inf,inf,inf,inf,inf,inf,inf,inf,inf,inf,inf,inf,inf,inf,inf,inf,inf,inf,inf,inf,inf,inf,inf,inf,inf,inf,inf,inf,inf,inf,inf,inf,inf,inf,inf,inf,inf,inf,inf,inf,inf,inf,inf,inf,inf,inf,inf,inf,inf,inf,inf,inf,inf,inf,inf,inf,inf,inf,inf,inf,inf,inf,inf,inf,inf,inf,inf,inf,inf,inf,inf,inf,inf,inf,inf,inf,inf,inf,inf,inf,inf,inf,inf,inf,inf,inf,inf,inf,inf,inf,inf,inf,inf,inf,inf,inf,inf,inf,inf,inf,inf,inf,inf,inf,inf,inf,inf,inf,inf,inf,6.307551860809326,6.160027027130127,6.021044731140137,5.889958381652832,5.7661848068237305,5.649199962615967,5.661015510559082,5.752446174621582,5.848698139190674,5.950079441070557,6.056921005249023,6.169592380523682,6.288496971130371,10.003253936767578,10.210272789001465,10.429300308227539,inf,inf,inf,inf,inf,inf,inf,inf,inf,2.9417805671691895,2.914003849029541,2.887622833251953,2.8625829219818115,2.838834285736084,2.8163318634033203,2.795031785964966,2.7748935222625732,2.7558813095092773,2.73796010017395,2.721097469329834,2.705263376235962,2.6904313564300537,2.676576852798462,2.6636736392974854,2.651702642440796,2.6406426429748535,2.630476951599121,2.621187210083008,2.612759828567505,2.890164852142334,3.2529077529907227,inf,inf,inf,inf,inf,11.914603233337402,11.909466743469238,11.907976150512695,11.910130500793457,inf,inf,inf,inf,inf,inf,inf,8.625988006591797,7.961184501647949,7.987333297729492,8.016117095947266,8.047581672668457,8.081775665283203,8.118757247924805,8.158585548400879,inf,inf,inf,inf,inf,inf,inf,inf,inf,inf,inf,inf,inf,inf,inf,inf
1771970298428678727,-3.140000104904175,0.01749303564429283,inf,inf,7.576024055480957,7.388077259063721,7.2113847732543945,7.045050144195557,3.2078988552093506,3.139007091522217,3.0739328861236572,3.0124053955078125,2.954178810119629,2.8990302085876465,2.8467586040496826,2.7971792221069336,2.750124216079712,2.7054407596588135,2.662987470626831,2.622636318206787,2.584268569946289,2.5477757453918457,2.513057231903076,2.5509088039398193,2.6128392219543457,2.67869234085083,2.7488138675689697,2.823592185974121,2.903465509414673,2.988931894302368,3.0805537700653076,3.1789724826812744,3.2849268913269043,inf,inf,inf,inf,inf,inf,inf,inf,inf,inf,inf,inf,inf,7.2238993644714355,7.194662570953369,7.167845726013184,7.143405437469482,7.128840923309326,inf,inf,inf,inf,inf,inf,inf,inf,inf,inf,inf,inf,inf,inf,inf,inf,inf,inf,inf,inf,inf,inf,inf,inf,inf,inf,inf,inf,inf,inf,inf,inf,inf,inf,inf,inf,inf,inf,inf,inf,inf,inf,inf,inf,inf,inf,inf,inf,inf,inf,inf,inf,inf,inf,inf,inf,inf,inf,inf,inf,inf,inf,inf,inf,inf,inf,inf,inf,inf,inf,inf,inf,inf,inf,inf,inf,inf,inf,inf,inf,inf,inf,inf,inf,inf,inf,inf,inf,inf,inf,inf,inf,inf,inf,inf,inf,inf,inf,inf,inf,inf,inf,inf,inf,inf,inf,inf,inf,inf,inf,inf,inf,inf,inf,inf,inf,inf,inf,inf,inf,inf,inf,inf,inf,inf,inf,inf,inf,inf,inf,inf,inf,inf,inf,inf,inf,inf,inf,inf,inf,inf,inf,inf,inf,inf,inf,inf,inf,inf,inf,inf,inf,inf,inf,inf,inf,inf,inf,inf,inf,inf,inf,inf,inf,inf,inf,inf,inf,inf,inf,inf,inf,inf,inf,inf,inf,inf,inf,inf,inf,inf,inf,inf,inf,inf,inf,inf,inf,inf,inf,inf,inf,inf,inf,inf,inf,inf,inf,inf,inf,inf,inf,inf,inf,inf,inf,inf,inf,inf,inf,inf,inf,inf,inf,inf,inf,inf,inf,inf,inf,inf,inf,inf,inf,6.385470867156982,6.236117362976074,6.095412731170654,5.962703704833984,5.83739709854126,5.718963146209717,5.622145175933838,5.712944507598877,5.808533191680908,5.909213542938232,6.015318393707275,6.1272125244140625,6.245296001434326,9.959114074707031,10.165212631225586,10.383265495300293,inf,inf,inf,inf,inf,inf,inf,inf,inf,inf,2.965750217437744,2.938899278640747,2.9134130477905273,2.88924241065979,2.8663389682769775,2.8446590900421143,2.8241631984710693,2.804811954498291,2.786571741104126,2.7694084644317627,2.75329327583313,2.738197088241577,2.7240946292877197,2.7109622955322266,2.698777437210083,2.687520980834961,2.677173137664795,2.6677186489105225,2.659140110015869,2.704087018966675,3.04343318939209,3.481390953063965,inf,inf,inf,inf,11.960314750671387,11.955154418945312,11.953655242919922,11.955814361572266,11.961634635925293,inf,inf,inf,inf,inf,inf,8.808931350708008,8.00755786895752,8.033858299255371,8.062807083129883,8.094451904296875,8.1288423538208,8.166035652160645,8.206093788146973,inf,inf,inf,inf,inf,inf,inf,inf,inf,inf,inf,inf,inf,inf,inf,inf
1771970298715269299,-3.140000104904175,0.01749303564429283,inf,inf,7.623450756072998,7.43432092666626,7.256515979766846,7.089136600494385,3.250927209854126,3.1811089515686035,3.1151604652404785,3.0528054237365723,2.993795871734619,2.937906265258789,2.884932041168213,2.834686279296875,2.786998987197876,2.7417147159576416,2.6986911296844482,2.657797336578369,2.6189143657684326,2.581930637359619,2.5617756843566895,2.621711254119873,2.685359239578247,2.753037929534912,2.8251025676727295,2.90195369720459,2.984041929244995,3.071876049041748,3.1660361289978027,3.267183303833008,3.376072406768799,inf,inf,inf,inf,inf,inf,inf,inf,inf,inf,inf,inf,7.288765907287598,7.251434803009033,7.222082614898682,7.195159435272217,7.170622825622559,7.24477481842041,inf,inf,inf,inf,inf,inf,inf,inf,inf,inf,inf,inf,inf,inf,inf,inf,inf,inf,inf,inf,inf,inf,inf,inf,inf,inf,inf,inf,inf,inf,inf,inf,inf,inf,inf,inf,inf,inf,inf,inf,inf,inf,inf,inf,inf,inf,inf,inf,inf,inf,inf,inf,inf,inf,inf,inf,inf,inf,inf,inf,inf,inf,inf,inf,inf,inf,inf,inf,inf,inf,inf,inf,inf,inf,inf,inf,inf,inf,inf,inf,inf,inf,inf,inf,inf,inf,inf,inf,inf,inf,inf,inf,inf,inf,inf,inf,inf,inf,inf,inf,inf,inf,inf,inf,inf,inf,inf,inf,inf,inf,inf,inf,inf,inf,inf,inf,inf,inf,inf,inf,inf,inf,inf,inf,inf,inf,inf,inf,inf,inf,inf,inf,inf,inf,inf,inf,inf,inf,inf,inf,inf,inf,inf,inf,inf,inf,inf,inf,inf,inf,inf,inf,inf,inf,inf,inf,inf,inf,inf,inf,inf,inf,inf,inf,inf,inf,inf,inf,inf,inf,inf,inf,inf,inf,inf,inf,inf,inf,inf,inf,inf,inf,inf,inf,inf,inf,inf,inf,inf,inf,inf,inf,inf,inf,inf,inf,inf,inf,inf,inf,inf,inf,inf,inf,inf,inf,inf,inf,inf,inf,inf,inf,inf,inf,inf,inf,inf,8.786173820495605,inf,inf,inf,inf,inf,inf,inf,6.306499481201172,6.164202690124512,6.029990196228027,5.903266429901123,5.783492565155029,5.670182704925537,5.676412582397461,5.771385669708252,5.871419906616211,5.976842403411865,6.088017463684082,6.205341339111328,6.329251289367676,10.123541831970215,10.340693473815918,inf,inf,inf,inf,inf,inf,inf,inf,inf,inf,inf,2.9863295555114746,2.9604313373565674,2.935868978500366,2.912595510482788,2.8905646800994873,2.869737386703491,2.8500726222991943,2.8315367698669434,2.814096212387085,2.797719717025757,2.782379388809204,2.7680485248565674,2.7547032833099365,2.742321252822876,2.730881929397583,2.7203667163848877,2.7107582092285156,2.7020418643951416,2.694202184677124,2.849734306335449,3.259765625,inf,inf,inf,inf,inf,11.997415542602539,11.995906829833984,11.998069763183594,inf,inf,inf,inf,inf,inf,inf,8.978155136108398,8.096414566040039,8.076891899108887,8.10599422454834,8.137804985046387,8.172377586364746,8.209769248962402,8.250039100646973,inf,inf,inf,inf,inf,inf,inf,inf,inf,inf,inf,inf,inf,inf,inf,inf
1771970298911061931,-3.140000104904175,0.01749303564429283,inf,inf,7.670934677124023,7.480621337890625,7.301703453063965,7.133275508880615,3.294003963470459,3.2232580184936523,3.1564338207244873,3.0932505130767822,3.0334572792053223,2.976825475692749,2.923147678375244,2.872234344482422,2.8239142894744873,2.778028964996338,2.734433889389038,2.692997455596924,2.653597831726074,2.616123676300049,2.6310324668884277,2.6925854682922363,2.7579519748687744,2.827457904815674,2.90146803855896,2.980394124984741,3.0646979808807373,3.154902696609497,3.2516040802001953,3.355480194091797,inf,inf,inf,inf,inf,inf,inf,inf,inf,inf,inf,inf,inf,7.310787677764893,7.278837203979492,7.249373912811279,7.222348690032959,7.197718620300293,7.498660087585449,inf,inf,inf,inf,inf,inf,inf,inf,inf,inf,inf,inf,inf,inf,inf,inf,inf,inf,inf,inf,inf,inf,inf,inf,inf,inf,inf,inf,inf,inf,inf,inf,inf,inf,inf,inf,inf,inf,inf,inf,inf,inf,inf,inf,inf,inf,inf,inf,inf,inf,inf,inf,inf,inf,inf,inf,inf,inf,inf,inf,inf,inf,inf,inf,inf,inf,inf,inf,inf,inf,inf,inf,inf,inf,inf,inf,inf,inf,inf,inf,inf,inf,inf,inf,inf,inf,inf,inf,inf,inf,inf,inf,inf,inf,inf,inf,inf,inf,inf,inf,inf,inf,inf,inf,inf,inf,inf,inf,inf,inf,inf,inf,inf,inf,inf,inf,inf,inf,inf,inf,inf,inf,inf,inf,inf,inf,inf,inf,inf,inf,inf,inf,inf,inf,inf,inf,inf,inf,inf,inf,inf,inf,inf,inf,inf,inf,inf,inf,inf,inf,inf,inf,inf,inf,inf,inf,inf,inf,inf,inf,inf,inf,inf,inf,inf,inf,inf,inf,inf,inf,inf,inf,inf,inf,inf,inf,inf,inf,inf,inf,inf,inf,inf,inf,inf,inf,inf,inf,inf,inf,inf,inf,inf,inf,inf,inf,inf,inf,inf,inf,inf,inf,inf,inf,inf,inf,inf,inf,inf,inf,inf,inf,inf,inf,inf,inf,inf,inf,inf,inf,inf,inf,inf,inf,inf,6.3769636154174805,6.2330732345581055,6.09735631942749,5.969212532043457,5.84809684753418,5.733517169952393,5.6398396492004395,5.734198570251465,5.833584308624268,5.938323974609375,6.048778533935547,6.165343284606934,6.288450717926025,10.081822395324707,10.29807186126709,inf,inf,inf,inf,inf,inf,inf,inf,inf,inf,inf,inf,3.0075008869171143,2.9825472831726074,2.95890212059021,2.93652081489563,2.915360689163208,2.895383358001709,2.876551389694214,2.858832836151123,2.8421947956085205,2.8266093730926514,2.8120508193969727,2.798491954803467,2.7859127521514893,2.7742905616760254,2.7636075019836426,2.75384521484375,2.7449889183044434,2.7370245456695557,2.7299389839172363,3.0379531383514404,3.5497195720672607,inf,inf,inf,inf,inf,inf,inf,inf,inf,inf,inf,inf,inf,inf,inf,8.24914836883545,8.119972229003906,8.149227142333984,8.181206703186035,8.215959548950195,8.253548622131348,8.29403018951416,inf,inf,inf,inf,inf,inf,inf,inf,inf,inf,inf,inf,inf,inf,inf,inf
1771970299148005998,-3.140000104904175,0.01749303564429283,inf,inf,7.7183637619018555,7.526867389678955,7.346837043762207,7.177362442016602,3.337033271789551,3.2653610706329346,3.1976616382598877,3.1336514949798584,3.073075532913208,3.01570200920105,2.9613215923309326,2.909742593765259,2.8607892990112305,2.814302921295166,2.7701375484466553,2.728158473968506,2.6882433891296387,2.6502788066864014,2.7002146244049072,2.763383626937866,2.8304665088653564,2.9017977714538574,2.9777512550354004,3.0587496757507324,3.145266056060791,3.237840414047241,3.337080240249634,3.443682909011841,inf,inf,inf,inf,inf,inf,inf,inf,inf,inf,inf,inf,inf,7.338447570800781,7.306372165679932,7.276793479919434,7.249662399291992,7.224935531616211,inf,inf,inf,inf,inf,inf,inf,inf,inf,inf,inf,inf,inf,inf,inf,inf,inf,inf,inf,inf,inf,inf,inf,inf,inf,inf,inf,inf,inf,inf,inf,inf,inf,inf,inf,inf,inf,inf,inf,inf,inf,inf,inf,inf,inf,inf,inf,inf,inf,inf,inf,inf,inf,inf,inf,inf,inf,inf,inf,inf,inf,inf,inf,inf,inf,inf,inf,inf,inf,inf,inf,inf,inf,inf,inf,inf,inf,inf,inf,inf,inf,inf,inf,inf,inf,inf,inf,inf,inf,inf,inf,inf,inf,inf,inf,inf,inf,inf,inf,inf,inf,inf,inf,inf,inf,inf,inf,inf,inf,inf,inf,inf,inf,inf,inf,inf,inf,inf,inf,inf,inf,inf,inf,inf,inf,inf,inf,inf,inf,inf,inf,inf,inf,inf,inf,inf,inf,inf,inf,inf,inf,inf,inf,inf,inf,inf,inf,inf,inf,inf,inf,inf,inf,inf,inf,inf,inf,inf,inf,inf,inf,inf,inf,inf,inf,inf,inf,inf,inf,inf,inf,inf,inf,inf,inf,inf,inf,inf,inf,inf,inf,inf,inf,inf,inf,inf,inf,inf,inf,inf,inf,inf,inf,inf,inf,inf,inf,inf,inf,inf,inf,inf,inf,inf,inf,inf,inf,inf,inf,inf,inf,inf,inf,inf,inf,inf,inf,inf,inf,inf,inf,inf,inf,inf,inf,inf,inf,6.301868915557861,6.1646504402160645,6.035088062286377,5.912631511688232,5.796784400939941,5.687095642089844,5.697055816650391,5.7957940101623535,5.899852275848389,6.009588241577148,6.125393867492676,6.24769926071167,10.040155410766602,10.255504608154297,10.483573913574219,inf,inf,inf,inf,inf,inf,inf,inf,inf,inf,inf,3.054521083831787,3.0291764736175537,3.0051608085632324,2.982428550720215,2.9609365463256836,2.940645217895508,2.921518564224243,2.90352201461792,2.8866236209869385,2.870793581008911,2.856006383895874,2.8422346115112305,2.8294577598571777,2.817653179168701,2.8068020343780518,2.7968873977661133,2.787891387939453,2.779801845550537,2.772604465484619,2.816453218460083,3.2908332347869873,inf,inf,inf,inf,inf,inf,inf,inf,inf,inf,inf,inf,inf,inf,inf,8.401719093322754,8.163007736206055,8.192414283752441,8.224560737609863,8.259496688842773,8.297281265258789,8.337976455688477,8.3816499710083,inf,inf,inf,inf,inf,inf,inf,inf,inf,inf,inf,inf,inf,inf,inf
1771970299432335885,-3.140000104904175,0.01749303564429283,inf,inf,7.769646644592285,7.576870918273926,7.3956379890441895,7.225031852722168,3.3835556507110596,3.310882091522217,3.2422361373901367,3.1773314476013184,3.1159090995788574,3.057734251022339,3.002593755722046,2.95029354095459,2.9006564617156982,2.8535208702087402,2.8087384700775146,2.7661731243133545,2.7257003784179688,2.713799476623535,2.775002956390381,2.8399205207824707,2.90885853767395,2.9821624755859375,3.060216188430786,3.1434555053710938,3.2323644161224365,3.3274974822998047,3.429481267929077,inf,inf,inf,inf,inf,inf,inf,inf,inf,inf,inf,inf,inf,inf,7.368176460266113,7.335970401763916,7.306271076202393,7.279029846191406,7.287726402282715,inf,inf,inf,inf,inf,inf,inf,inf,inf,inf,inf,inf,inf,inf,inf,inf,inf,inf,inf,inf,inf,inf,inf,inf,inf,inf,inf,inf,inf,inf,inf,inf,inf,inf,inf,inf,inf,inf,inf,inf,inf,inf,inf,inf,inf,inf,inf,inf,inf,inf,inf,inf,inf,inf,inf,inf,inf,inf,inf,inf,inf,inf,inf,inf,inf,inf,inf,inf,inf,inf,inf,inf,inf,inf,inf,inf,inf,inf,inf,inf,inf,inf,inf,inf,inf,inf,inf,inf,inf,inf,inf,inf,inf,inf,inf,inf,inf,inf,inf,inf,inf,inf,inf,inf,inf,inf,inf,inf,inf,inf,inf,inf,inf,inf,inf,inf,inf,inf,inf,inf,inf,inf,inf,inf,inf,inf,inf,inf,inf,inf,inf,inf,inf,inf,inf,inf,inf,inf,inf,inf,inf,inf,inf,inf,inf,inf,inf,inf,inf,inf,inf,inf,inf,inf,inf,inf,inf,inf,inf,inf,inf,inf,inf,inf,inf,inf,inf,inf,inf,inf,inf,inf,inf,inf,inf,inf,inf,inf,inf,inf,inf,inf,inf,inf,inf,inf,inf,inf,inf,inf,inf,inf,inf,inf,inf,inf,inf,inf,inf,inf,inf,inf,inf,inf,inf,inf,inf,inf,inf,inf,inf,inf,inf,inf,inf,inf,inf,inf,inf,8.778303146362305,inf,inf,inf,inf,inf,inf,inf,6.376252174377441,6.237409591674805,6.106313705444336,5.982407569885254,5.865189075469971,5.754202842712402,5.656899452209473,5.75493860244751,5.858260631561279,5.967218399047852,6.0822038650512695,6.203642845153809,6.332006931304932,10.209484100341797,10.436521530151367,inf,inf,inf,inf,inf,inf,inf,inf,inf,inf,inf,inf,3.0795888900756836,3.0551726818084717,3.0320611000061035,3.0102105140686035,2.9895806312561035,2.9701342582702637,2.9518375396728516,2.9346566200256348,2.9185631275177,2.9035279750823975,2.889526844024658,2.8765363693237305,2.8645341396331787,2.8535022735595703,2.8434207439422607,2.8342747688293457,2.826049327850342,2.818732261657715,2.8123106956481934,3.011030912399292,3.622116804122925,inf,inf,inf,inf,inf,inf,inf,inf,inf,inf,inf,inf,inf,inf,8.566715240478516,8.209532737731934,8.239105224609375,8.271431922912598,8.306564331054688,8.344561576843262,8.38548469543457,8.429405212402344,inf,inf,inf,inf,inf,inf,inf,inf,inf,inf,inf,inf,inf,inf,inf
1771970299689446982,-3.140000104904175,0.01749303564429283,inf,inf,7.817078113555908,7.6231184005737305,7.4407734870910645,7.269120216369629,3.426586151123047,3.3529863357543945,3.2834651470184326,3.217733144760132,3.1555275917053223,3.0966110229492188,3.0407676696777344,2.9878013134002686,2.9375319480895996,2.8897953033447266,2.844442129135132,2.8013346195220947,2.7603461742401123,2.7814536094665527,2.8441810607910156,2.9107134342193604,2.98136830329895,3.05649733543396,3.136493444442749,3.221803903579712,3.312927007675171,3.410426616668701,3.5149483680725098,inf,inf,inf,inf,inf,inf,inf,inf,inf,inf,inf,inf,inf,7.439368724822998,7.3958353996276855,7.363504886627197,7.333690166473389,7.306343078613281,7.502747535705566,inf,inf,inf,inf,inf,inf,inf,inf,inf,inf,inf,inf,inf,inf,inf,inf,inf,inf,inf,inf,inf,inf,inf,inf,inf,inf,inf,inf,inf,inf,inf,inf,inf,inf,inf,inf,inf,inf,inf,inf,inf,inf,inf,inf,inf,inf,inf,inf,inf,inf,inf,inf,inf,inf,inf,inf,inf,inf,inf,inf,inf,inf,inf,inf,inf,inf,inf,inf,inf,inf,inf,inf,inf,inf,inf,inf,inf,inf,inf,inf,inf,inf,inf,inf,inf,inf,inf,inf,inf,inf,inf,inf,inf,inf,inf,inf,inf,inf,inf,inf,inf,inf,inf,inf,inf,inf,inf,inf,inf,inf,inf,inf,inf,inf,inf,inf,inf,inf,inf,inf,inf,inf,inf,inf,inf,inf,inf,inf,inf,inf,inf,inf,inf,inf,inf,inf,inf,inf,inf,inf,inf,inf,inf,inf,inf,inf,inf,inf,inf,inf,inf,inf,inf,inf,inf,inf,inf,inf,inf,inf,inf,inf,inf,inf,inf,inf,inf,inf,inf,inf,inf,inf,inf,inf,inf,inf,inf,inf,inf,inf,inf,inf,inf,inf,inf,inf,inf,inf,inf,inf,inf,inf,inf,inf,inf,inf,inf,inf,inf,inf,inf,inf,inf,inf,inf,inf,inf,inf,inf,inf,inf,inf,inf,inf,inf,inf,inf,inf,inf,inf,inf,inf,inf,inf,inf,inf,inf,inf,6.3047099113464355,6.1721954345703125,6.04694938659668,5.928462028503418,5.816274642944336,5.709969520568848,5.717154026031494,5.819793701171875,5.928032398223877,6.0422587394714355,6.162896633148193,6.290413856506348,10.166922569274902,10.39300537109375,inf,inf,inf,inf,inf,inf,inf,inf,inf,inf,inf,inf,inf,3.101433515548706,3.0779709815979004,3.055788040161133,3.0348455905914307,3.015103816986084,2.9965293407440186,2.9790873527526855,2.9627482891082764,2.9474854469299316,2.9332711696624756,2.9200830459594727,2.9078986644744873,2.896698474884033,2.8864638805389404,2.877178430557251,2.868828296661377,2.861398935317993,2.85487961769104,2.849259614944458,3.3107995986938477,inf,inf,inf,inf,inf,inf,inf,inf,inf,inf,inf,inf,inf,inf,8.71933364868164,8.252568244934082,8.282292366027832,8.314787864685059,8.35010051727295,8.388294219970703,8.42943000793457,8.473577499389648,inf,inf,inf,inf,inf,inf,inf,inf,inf,inf,inf,inf,inf,inf,inf
1771970300192713849,-3.140000104904175,0.01749303564429283,inf,inf,7.8664350509643555,7.671245098114014,7.487742900848389,7.315001010894775,3.4713635444641113,3.396799325942993,3.3263676166534424,3.2597742080688477,3.1967544555664062,3.137066125869751,3.080491542816162,3.0268311500549316,2.975903272628784,2.927541971206665,2.8815948963165283,2.837923049926758,2.7963974475860596,2.851848840713501,2.916160821914673,2.9843757152557373,3.0568151473999023,3.133842706680298,3.2158615589141846,3.3033268451690674,3.3967511653900146,3.4967150688171387,3.603877544403076,inf,inf,inf,inf,inf,inf,inf,inf,inf,inf,inf,inf,inf,7.459566116333008,7.4245285987854,7.392070770263672,7.362138271331787,7.334682464599609,inf,inf,inf,inf,inf,inf,inf,inf,inf,inf,inf,inf,inf,inf,inf,inf,inf,inf,inf,inf,inf,inf,inf,inf,inf,inf,inf,inf,inf,inf,inf,inf,inf,inf,inf,inf,inf,inf,inf,inf,inf,inf,inf,inf,inf,inf,inf,inf,inf,inf,inf,inf,inf,inf,inf,inf,inf,inf,inf,inf,inf,inf,inf,inf,inf,inf,inf,inf,inf,inf,inf,inf,inf,inf,inf,inf,inf,inf,inf,inf,inf,inf,inf,inf,inf,inf,inf,inf,inf,inf,inf,inf,inf,inf,inf,inf,inf,inf,inf,inf,inf,inf,inf,inf,inf,inf,inf,inf,inf,inf,inf,inf,inf,inf,inf,inf,inf,inf,inf,inf,inf,inf,inf,inf,inf,inf,inf,inf,inf,inf,inf,inf,inf,inf,inf,inf,inf,inf,inf,inf,inf,inf,inf,inf,inf,inf,inf,inf,inf,inf,inf,inf,inf,inf,inf,inf,inf,inf,inf,inf,inf,inf,inf,inf,inf,inf,inf,inf,inf,inf,inf,inf,inf,inf,inf,inf,inf,inf,inf,inf,inf,inf,inf,inf,inf,inf,inf,inf,inf,inf,inf,inf,inf,inf,inf,inf,inf,inf,inf,inf,inf,inf,inf,inf,inf,inf,inf,inf,inf,inf,inf,inf,inf,inf,inf,inf,inf,inf,inf,inf,inf,inf,inf,inf,inf,inf,inf,inf,inf,6.374745845794678,6.240753650665283,6.11411190032959,5.994305610656738,5.880868911743164,5.773379325866699,5.6778364181518555,5.7797675132751465,5.887258529663086,6.000695705413818,6.120499610900879,6.247135162353516,6.381114482879639,10.347726821899414,inf,inf,inf,inf,inf,inf,inf,inf,inf,inf,inf,inf,inf,inf,3.125743865966797,3.1032159328460693,3.08194637298584,3.0618982315063477,3.0430338382720947,3.025320053100586,3.0087270736694336,2.9932262897491455,2.978790521621704,2.9653966426849365,2.9530224800109863,2.941647529602051,2.9312539100646973,2.921823263168335,2.9133427143096924,2.905797004699707,2.8991754055023193,2.893467664718628,2.9869778156280518,3.7486214637756348,inf,inf,inf,inf,inf,inf,inf,inf,inf,inf,inf,inf,inf,8.87817668914795,8.297348022460938,8.327232360839844,8.35990047454834,8.395403861999512,8.433801651000977,8.47515869140625,8.51954174041748,inf,inf,inf,inf,inf,inf,inf,inf,inf,inf,inf,inf,inf,inf,inf
1771970300386082708,-3.140000104904175,0.01749303564429283,inf,inf,7.911997318267822,7.715671062469482,7.531099796295166,7.3573527336120605,3.512697219848633,3.4372429847717285,3.3659703731536865,3.298582077026367,3.2348101139068604,3.1744093894958496,3.1171600818634033,3.062858819961548,3.0113236904144287,2.9623849391937256,2.9158895015716553,2.871696710586548,2.854743003845215,2.916825771331787,2.9826016426086426,3.052368640899658,3.1264564990997314,3.205235481262207,3.2891201972961426,3.378575086593628,3.4741241931915283,3.5763614177703857,inf,inf,inf,inf,inf,inf,inf,inf,inf,inf,inf,inf,inf,inf,7.486178874969482,7.451014518737793,7.41843843460083,7.388397216796875,7.366329669952393,inf,inf,inf,inf,inf,inf,inf,inf,inf,inf,inf,inf,inf,inf,inf,inf,inf,inf,inf,inf,inf,inf,inf,inf,inf,inf,inf,inf,inf,inf,inf,inf,inf,inf,inf,inf,inf,inf,inf,inf,inf,inf,inf,inf,inf,inf,inf,inf,inf,inf,inf,inf,inf,inf,inf,inf,inf,inf,inf,inf,inf,inf,inf,inf,inf,inf,inf,inf,inf,inf,inf,inf,inf,inf,inf,inf,inf,inf,inf,inf,inf,inf,inf,inf,inf,inf,inf,inf,inf,inf,inf,inf,inf,inf,inf,inf,inf,inf,inf,inf,inf,inf,inf,inf,inf,inf,inf,inf,inf,inf,inf,inf,inf,inf,inf,inf,inf,inf,inf,inf,inf,inf,inf,inf,inf,inf,inf,inf,inf,inf,inf,inf,inf,inf,inf,inf,inf,inf,inf,inf,inf,inf,inf,inf,inf,inf,inf,inf,inf,inf,inf,inf,inf,inf,inf,inf,inf,inf,inf,inf,inf,inf,inf,inf,inf,inf,inf,inf,inf,inf,inf,inf,inf,inf,inf,inf,inf,inf,inf,inf,inf,inf,inf,inf,inf,inf,inf,inf,inf,inf,inf,inf,inf,inf,inf,inf,inf,inf,inf,inf,inf,inf,inf,inf,inf,inf,inf,inf,inf,inf,inf,inf,inf,inf,inf,inf,inf,inf,inf,inf,inf,8.775508880615234,inf,inf,inf,inf,inf,inf,inf,inf,6.304042339324951,6.176112174987793,6.055086612701416,5.940496921539307,5.831913471221924,5.728950500488281,5.74282169342041,5.84962272644043,5.962331295013428,6.08136510848999,6.207187175750732,6.340307235717773,10.30593204498291,10.54360294342041,inf,inf,inf,inf,inf,inf,inf,inf,inf,inf,inf,inf,inf,inf,3.1469967365264893,3.1254258155822754,3.1050939559936523,3.0859618186950684,3.067997694015503,3.0511701107025146,3.0354487895965576,3.0208094120025635,3.00722599029541,2.994676351547241,2.9831395149230957,2.9725985527038574,2.9630343914031982,2.954432725906372,2.9467806816101074,2.9400646686553955,2.9342758655548096,2.929403305053711,3.3734843730926514,inf,inf,inf,inf,inf,inf,inf,inf,inf,inf,inf,inf,inf,9.024824142456055,8.33868408203125,8.3687162399292,8.401542663574219,8.437220573425293,8.475808143615723,8.51736831665039,8.561970710754395,inf,inf,inf,inf,inf,inf,inf,inf,inf,inf,inf,inf,inf,inf,inf
1771970300512268237,-3.140000104904175,0.01749303564429283,inf,inf,7.959486484527588,7.7619757652282715,7.576290607452393,7.40149450302124,3.5557780265808105,3.4793953895568848,3.4072465896606445,3.3390305042266846,3.2744736671447754,3.2133305072784424,3.155377149581909,3.1004092693328857,3.0482399463653564,2.9987001419067383,2.9516332149505615,2.9068965911865234,2.92102313041687,2.984544277191162,3.0518453121185303,3.123229742050171,3.1990346908569336,3.279639720916748,3.3654677867889404,3.4569969177246094,3.554760456085205,3.6593666076660156,inf,inf,inf,inf,inf,inf,inf,inf,inf,inf,inf,inf,inf,inf,7.513827323913574,7.478532791137695,7.445836067199707,7.415683269500732,7.49086332321167,inf,inf,inf,inf,inf,inf,inf,inf,inf,inf,inf,inf,inf,inf,inf,inf,inf,inf,inf,inf,inf,inf,inf,inf,inf,inf,inf,inf,inf,inf,inf,inf,inf,inf,inf,inf,inf,inf,inf,inf,inf,inf,inf,inf,inf,inf,inf,inf,inf,inf,inf,inf,inf,inf,inf,inf,inf,inf,inf,inf,inf,inf,inf,inf,inf,inf,inf,inf,inf,inf,inf,inf,inf,inf,inf,inf,inf,inf,inf,inf,inf,inf,inf,inf,inf,inf,inf,inf,inf,inf,inf,inf,inf,inf,inf,inf,inf,inf,inf,inf,inf,inf,inf,inf,inf,inf,inf,inf,inf,inf,inf,inf,inf,inf,inf,inf,inf,inf,inf,inf,inf,inf,inf,inf,inf,inf,inf,inf,inf,inf,inf,inf,inf,inf,inf,inf,inf,inf,inf,inf,inf,inf,inf,inf,inf,inf,inf,inf,inf,inf,inf,inf,inf,inf,inf,inf,inf,inf,inf,inf,inf,inf,inf,inf,inf,inf,inf,inf,inf,inf,inf,inf,inf,inf,inf,inf,inf,inf,inf,inf,inf,inf,inf,inf,inf,inf,inf,inf,inf,inf,inf,inf,inf,inf,inf,inf,inf,inf,inf,inf,inf,inf,inf,inf,inf,inf,inf,inf,inf,inf,inf,inf,inf,inf,inf,inf,inf,inf,inf,inf,inf,inf,inf,inf,inf,inf,inf,inf,inf,inf,6.370007514953613,6.240734577178955,6.118438243865967,6.002645015716553,5.892923355102539,5.788880348205566,5.704318523406982,5.810400009155273,5.922348499298096,6.040581226348877,6.165555477142334,6.297776699066162,6.437807559967041,10.499032974243164,inf,inf,inf,inf,inf,inf,inf,inf,inf,inf,inf,inf,inf,inf,3.192626953125,3.1707425117492676,3.1501142978668213,3.130704641342163,3.112478494644165,3.0954060554504395,3.079456090927124,3.064602851867676,3.0508220195770264,3.0380890369415283,3.0263848304748535,3.0156898498535156,3.005986452102661,2.9972593784332275,2.989495038986206,2.9826812744140625,2.976806879043579,2.9718637466430664,2.9826810359954834,inf,inf,inf,inf,inf,inf,inf,inf,inf,inf,inf,inf,inf,9.17769718170166,8.381765365600586,8.411948204040527,8.44494342803955,8.480803489685059,8.519587516784668,8.561359405517578,8.60619068145752,inf,inf,inf,inf,inf,inf,inf,inf,inf,inf,inf,inf,inf,inf,inf
1771970300817309948,-3.140000104904175,0.01749303564429283,inf,inf,8.0088472366333,7.810105323791504,7.623262882232666,7.4473772048950195,3.600557565689087,3.5232107639312744,3.450150728225708,3.381072998046875,3.3157012462615967,3.25378680229187,3.195101737976074,3.139439582824707,3.0866122245788574,3.0364468097686768,2.988785982131958,2.9434850215911865,2.989914655685425,3.054933547973633,3.123818874359131,3.196883201599121,3.2744734287261963,3.3569774627685547,3.444826364517212,3.5385091304779053,3.6385738849639893,3.7456440925598145,inf,inf,inf,inf,inf,inf,inf,inf,inf,inf,inf,inf,inf,7.591619968414307,7.542656421661377,7.507224082946777,7.474400043487549,7.44412899017334,7.709711074829102,inf,inf,inf,inf,inf,inf,inf,inf,inf,inf,inf,inf,inf,inf,inf,inf,inf,inf,inf,inf,inf,inf,inf,inf,inf,inf,inf,inf,inf,inf,inf,inf,inf,inf,inf,inf,inf,inf,inf,inf,inf,inf,inf,inf,inf,inf,inf,inf,inf,inf,inf,inf,inf,inf,inf,inf,inf,inf,inf,inf,inf,inf,inf,inf,inf,inf,inf,inf,inf,inf,inf,inf,inf,inf,inf,inf,inf,inf,inf,inf,inf,inf,inf,inf,inf,inf,inf,inf,inf,inf,inf,inf,inf,inf,inf,inf,inf,inf,inf,inf,inf,inf,inf,inf,inf,inf,inf,inf,inf,inf,inf,inf,inf,inf,inf,inf,inf,inf,inf,inf,inf,inf,inf,inf,inf,inf,inf,inf,inf,inf,inf,inf,inf,inf,inf,inf,inf,inf,inf,inf,inf,inf,inf,inf,inf,inf,inf,inf,inf,inf,inf,inf,inf,inf,inf,inf,inf,inf,inf,inf,inf,inf,inf,inf,inf,inf,inf,inf,inf,inf,inf,inf,inf,inf,inf,inf,inf,inf,inf,inf,inf,inf,inf,inf,inf,inf,inf,inf,inf,inf,inf,inf,inf,inf,inf,inf,inf,inf,inf,inf,inf,inf,inf,inf,inf,inf,inf,inf,inf,inf,inf,inf,inf,inf,inf,inf,inf,inf,inf,inf,inf,inf,inf,inf,inf,inf,inf,inf,inf,inf,6.438574314117432,6.307906150817871,6.184290409088135,6.06724739074707,5.95634126663208,5.851174831390381,5.751387596130371,5.7696332931518555,5.880792140960693,5.998190402984619,6.122283458709717,6.253573417663574,6.392617225646973,10.452710151672363,inf,inf,inf,inf,inf,inf,inf,inf,inf,inf,inf,inf,inf,inf,inf,3.2178473472595215,3.196911096572876,3.1772122383117676,3.158715009689331,3.1413867473602295,3.125199794769287,3.1101250648498535,3.0961387157440186,3.0832154750823975,3.071336030960083,3.060481548309326,3.0506327152252197,3.0417754650115967,3.0338947772979736,3.0269792079925537,3.021016836166382,3.0159993171691895,3.011918544769287,3.4591691493988037,inf,inf,inf,inf,inf,inf,inf,inf,inf,inf,inf,inf,9.3366117477417,8.503474235534668,8.456890106201172,8.490056991577148,8.526106834411621,8.565093994140625,8.607087135314941,8.652154922485352,inf,inf,inf,inf,inf,inf,inf,inf,inf,inf,inf,inf,inf,inf,inf
1771970300977645987,-3.140000104904175,0.01749303564429283,inf,inf,8.058209419250488,7.8582353591918945,7.6702351570129395,7.493258953094482,3.6453373432159424,3.567026376724243,3.4930551052093506,3.423116445541382,3.3569297790527344,3.294243097305298,3.2348265647888184,3.1784703731536865,3.1249847412109375,3.0741939544677734,3.0259389877319336,2.9959616661071777,3.0588059425354004,3.125319242477417,3.1957900524139404,3.270535469055176,3.3499104976654053,3.4343113899230957,3.524181842803955,3.6200196743011475,3.7223854064941406,inf,inf,inf,inf,inf,inf,inf,inf,inf,inf,inf,inf,inf,inf,7.609732151031494,7.5714850425720215,7.535915374755859,7.502963066101074,7.472574234008789,inf,inf,inf,inf,inf,inf,inf,inf,inf,inf,inf,inf,inf,inf,inf,inf,inf,inf,inf,inf,inf,inf,inf,inf,inf,inf,inf,inf,inf,inf,inf,inf,inf,inf,inf,inf,inf,inf,inf,inf,inf,inf,inf,inf,inf,inf,inf,inf,inf,inf,inf,inf,inf,inf,inf,inf,inf,inf,inf,inf,inf,inf,inf,inf,inf,inf,inf,inf,inf,inf,inf,inf,inf,inf,inf,inf,inf,inf,inf,inf,inf,inf,inf,inf,inf,inf,inf,inf,inf,inf,inf,inf,inf,inf,inf,inf,inf,inf,inf,inf,inf,inf,inf,inf,inf,inf,inf,inf,inf,inf,inf,inf,inf,inf,inf,inf,inf,inf,inf,inf,inf,inf,inf,inf,inf,inf,inf,inf,inf,inf,inf,inf,inf,inf,inf,inf,inf,inf,inf,inf,inf,inf,inf,inf,inf,inf,inf,inf,inf,inf,inf,inf,inf,inf,inf,inf,inf,inf,inf,inf,inf,inf,inf,inf,inf,inf,inf,inf,inf,inf,inf,inf,inf,inf,inf,inf,inf,inf,inf,inf,inf,inf,inf,inf,inf,inf,inf,inf,inf,inf,inf,inf,inf,inf,inf,inf,inf,inf,inf,inf,inf,inf,inf,inf,inf,inf,inf,inf,inf,inf,inf,inf,inf,inf,inf,inf,inf,inf,inf,inf,inf,inf,inf,8.772805213928223,inf,inf,inf,inf,inf,inf,inf,inf,6.375082015991211,6.250144958496094,6.131852626800537,6.019761562347412,5.9134721755981445,5.812619209289551,5.72886848449707,5.839239120483398,5.955804347991943,6.079017162322998,6.209373950958252,6.3474297523498535,10.406391143798828,inf,inf,inf,inf,inf,inf,inf,inf,inf,inf,inf,inf,inf,inf,inf,inf,3.2437093257904053,3.2237207889556885,3.204951524734497,3.1873691082000732,3.1709439754486084,3.1556479930877686,3.1414549350738525,3.128342866897583,3.116288900375366,3.105273962020874,3.0952799320220947,3.086292266845703,3.0782954692840576,3.071277618408203,3.065227508544922,3.0601353645324707,3.0559940338134766,3.0527966022491455,inf,inf,inf,inf,inf,inf,inf,inf,inf,inf,inf,inf,inf,8.64815902709961,8.50182819366455,8.535172462463379,8.57140827178955,8.610601425170898,8.652814865112305,8.698119163513184,inf,inf,inf,inf,inf,inf,inf,inf,inf,inf,inf,inf,inf,inf,inf
1771970301132578605,-3.140000104904175,0.01749303564429283,inf,inf,8.105646133422852,7.904487609863281,7.715374946594238,7.537352561950684,3.6883718967437744,3.609133720397949,3.534287452697754,3.4635205268859863,3.396550416946411,3.3331220149993896,3.2730023860931396,3.21597957611084,3.161860704421997,3.110469341278076,3.061643600463867,3.060807228088379,3.1250104904174805,3.1929612159729004,3.264954090118408,3.341315746307373,3.4224064350128174,3.5086302757263184,3.6004412174224854,3.6983509063720703,3.8029277324676514,inf,inf,inf,inf,inf,inf,inf,inf,inf,inf,inf,inf,inf,inf,7.637669563293457,7.599277973175049,7.563573360443115,7.530496597290039,7.515621185302734,inf,inf,inf,inf,inf,inf,inf,inf,inf,inf,inf,inf,inf,inf,inf,inf,inf,inf,inf,inf,inf,inf,inf,inf,inf,inf,inf,inf,inf,inf,inf,inf,inf,inf,inf,inf,inf,inf,inf,inf,inf,inf,inf,inf,inf,inf,inf,inf,inf,inf,inf,inf,inf,inf,inf,inf,inf,inf,inf,inf,inf,inf,inf,inf,inf,inf,inf,inf,inf,inf,inf,inf,inf,inf,inf,inf,inf,inf,inf,inf,inf,inf,inf,inf,inf,inf,inf,inf,inf,inf,inf,inf,inf,inf,inf,inf,inf,inf,inf,inf,inf,inf,inf,inf,inf,inf,inf,inf,inf,inf,inf,inf,inf,inf,inf,inf,inf,inf,inf,inf,inf,inf,inf,inf,inf,inf,inf,inf,inf,inf,inf,inf,inf,inf,inf,inf,inf,inf,inf,inf,inf,inf,inf,inf,inf,inf,inf,inf,inf,inf,inf,inf,inf,inf,inf,inf,inf,inf,inf,inf,inf,inf,inf,inf,inf,inf,inf,inf,inf,inf,inf,inf,inf,inf,inf,inf,inf,inf,inf,inf,inf,inf,inf,inf,inf,inf,inf,inf,inf,inf,inf,inf,inf,inf,inf,inf,inf,inf,inf,inf,inf,inf,inf,inf,inf,inf,inf,inf,inf,inf,inf,inf,inf,inf,inf,inf,inf,inf,inf,inf,inf,inf,inf,inf,inf,inf,inf,inf,inf,inf,inf,inf,6.439640998840332,6.313435077667236,6.193940162658691,6.080711364746094,5.973342418670654,5.871464729309082,5.7747416496276855,5.799309730529785,5.915073394775391,6.037439346313477,6.166901111602783,6.304009437561035,6.449368953704834,10.609774589538574,inf,inf,inf,inf,inf,inf,inf,inf,inf,inf,inf,inf,inf,inf,inf,inf,3.268418073654175,3.249387264251709,3.231560468673706,3.2149064540863037,3.199397563934326,3.185006618499756,3.171710729598999,3.159489393234253,3.1483206748962402,3.138188362121582,3.1290745735168457,3.120966672897339,3.1138501167297363,3.107715129852295,3.1025516986846924,3.0983519554138184,3.095109462738037,3.636544704437256,inf,inf,inf,inf,inf,inf,inf,inf,inf,inf,inf,inf,8.787212371826172,8.545018196105957,8.578527450561523,8.614945411682129,8.654335975646973,8.696760177612305,8.742292404174805,inf,inf,inf,inf,inf,inf,inf,inf,inf,inf,inf,inf,inf,inf,inf
1771970301298301554,-3.140000104904175,0.01749303564429283,inf,inf,8.1531400680542,7.950796604156494,7.7605695724487305,3.8164143562316895,3.731454610824585,3.6512885093688965,3.5755655765533447,3.50396990776062,3.436216115951538,3.372044801712036,3.311221122741699,3.253530979156494,3.1987781524658203,3.146784782409668,3.0973875522613525,3.125720500946045,3.19128155708313,3.260671854019165,3.3341894149780273,3.4121668338775635,3.494974136352539,3.583024263381958,3.676779270172119,3.7767586708068848,3.883551597595215,inf,inf,inf,inf,inf,inf,inf,inf,inf,inf,inf,inf,inf,inf,7.665455341339111,7.626923561096191,7.591088771820068,7.557890892028809,7.6926116943359375,inf,inf,inf,inf,inf,inf,inf,inf,inf,inf,inf,inf,inf,inf,inf,inf,inf,inf,inf,inf,inf,inf,inf,inf,inf,inf,inf,inf,inf,inf,inf,inf,inf,inf,inf,inf,inf,inf,inf,inf,inf,inf,inf,inf,inf,inf,inf,inf,inf,inf,inf,inf,inf,inf,inf,inf,inf,inf,inf,inf,inf,inf,inf,inf,inf,inf,inf,inf,inf,inf,inf,inf,inf,inf,inf,inf,inf,inf,inf,inf,inf,inf,inf,inf,inf,inf,inf,inf,inf,inf,inf,inf,inf,inf,inf,inf,inf,inf,inf,inf,inf,inf,inf,inf,inf,inf,inf,inf,inf,inf,inf,inf,inf,inf,inf,inf,inf,inf,inf,inf,inf,inf,inf,inf,inf,inf,inf,inf,inf,inf,inf,inf,inf,inf,inf,inf,inf,inf,inf,inf,inf,inf,inf,inf,inf,inf,inf,inf,inf,inf,inf,inf,inf,inf,inf,inf,inf,inf,inf,inf,inf,inf,inf,inf,inf,inf,inf,inf,inf,inf,inf,inf,inf,inf,inf,inf,inf,inf,inf,inf,inf,inf,inf,inf,inf,inf,inf,inf,inf,inf,inf,inf,inf,inf,inf,inf,inf,inf,inf,inf,inf,inf,inf,inf,inf,inf,inf,inf,inf,inf,inf,inf,inf,inf,inf,inf,inf,inf,inf,inf,inf,inf,inf,inf,inf,inf,inf,inf,inf,inf,inf,inf,inf,6.376798629760742,6.256101131439209,6.141731262207031,6.033281326293945,5.9303789138793945,5.832681655883789,5.759336471557617,5.874299049377441,5.995817184448242,6.124382019042969,6.2605390548706055,6.404892921447754,10.564142227172852,inf,inf,inf,inf,inf,inf,inf,inf,inf,inf,inf,inf,inf,inf,inf,inf,3.313163995742798,3.2938718795776367,3.27579927444458,3.2589168548583984,3.243194103240967,3.2286062240600586,3.2151272296905518,3.202737808227539,3.191415309906006,3.1811423301696777,3.171903610229492,3.1636831760406494,3.156468629837036,3.1502490043640137,3.145014524459839,3.1407556533813477,3.137468099594116,3.135145664215088,inf,inf,inf,inf,inf,inf,inf,inf,inf,inf,inf,inf,8.926453590393066,8.588253021240234,8.621929168701172,8.658529281616211,8.69811725616455,8.740753173828125,8.786511421203613,inf,inf,inf,inf,inf,inf,inf,inf,inf,inf,inf,inf,inf,inf,inf
1771970301553855824,-3.140000104904175,0.01749303564429283,inf,inf,8.198707580566406,7.995226860046387,7.80393123626709,3.8586957454681396,3.7727925777435303,3.6917355060577393,3.615171194076538,3.5427803993225098,3.474273920059204,3.4093902111053467,3.347890615463257,3.289559841156006,3.2341997623443604,3.181629180908203,3.131682872772217,3.188001871109009,3.2548673152923584,3.3256380558013916,3.400618314743042,3.480146646499634,3.5646004676818848,3.654402494430542,3.7500221729278564,3.851990222930908,inf,inf,inf,inf,inf,inf,inf,inf,inf,inf,inf,inf,inf,inf,7.741240501403809,7.692201614379883,7.653533458709717,7.6175713539123535,7.584255695343018,7.878678321838379,inf,inf,inf,inf,inf,inf,inf,inf,inf,inf,inf,inf,inf,inf,inf,inf,inf,inf,inf,inf,inf,inf,inf,inf,inf,inf,inf,inf,inf,inf,inf,inf,inf,inf,inf,inf,inf,inf,inf,inf,inf,inf,inf,inf,inf,inf,inf,inf,inf,inf,inf,inf,inf,inf,inf,inf,inf,inf,inf,inf,inf,inf,inf,inf,inf,inf,inf,inf,inf,inf,inf,inf,inf,inf,inf,inf,inf,inf,inf,inf,inf,inf,inf,inf,inf,inf,inf,inf,inf,inf,inf,inf,inf,inf,inf,inf,inf,inf,inf,inf,inf,inf,inf,inf,inf,inf,inf,inf,inf,inf,inf,inf,inf,inf,inf,inf,inf,inf,inf,inf,inf,inf,inf,inf,inf,inf,inf,inf,inf,inf,inf,inf,inf,inf,inf,inf,inf,inf,inf,inf,inf,inf,inf,inf,inf,inf,inf,inf,inf,inf,inf,inf,inf,inf,inf,inf,inf,inf,inf,inf,inf,inf,inf,inf,inf,inf,inf,inf,inf,inf,inf,inf,inf,inf,inf,inf,inf,inf,inf,inf,inf,inf,inf,inf,inf,inf,inf,inf,inf,inf,inf,inf,inf,inf,inf,inf,inf,inf,inf,inf,inf,inf,inf,inf,inf,inf,inf,inf,inf,inf,inf,inf,inf,inf,inf,inf,inf,inf,inf,inf,inf,inf,inf,inf,8.776592254638672,inf,inf,inf,inf,inf,inf,inf,inf,6.437595367431641,6.315743446350098,6.200280666351318,6.090794086456299,5.986907482147217,5.888275623321533,5.794586658477783,5.835179328918457,5.955885410308838,6.083590030670166,6.218836784362793,6.3622236251831055,6.5144195556640625,inf,inf,inf,inf,inf,inf,inf,inf,inf,inf,inf,inf,inf,inf,inf,inf,inf,3.336554527282715,3.3182473182678223,3.301145076751709,3.285217523574829,3.270439624786377,3.2567853927612305,3.2442338466644287,3.2327640056610107,3.2223572731018066,3.2129979133605957,3.204669952392578,3.197361707687378,3.1910600662231445,3.185756206512451,3.1814427375793457,3.1781110763549805,3.175757884979248,inf,inf,inf,inf,inf,inf,inf,inf,inf,inf,inf,inf,9.06006145477295,8.629735946655273,8.663572311401367,8.700347900390625,8.74012279510498,8.782962799072266,8.828941345214844,inf,inf,inf,inf,inf,inf,inf,inf,inf,inf,inf,inf,inf,inf,inf
1771970301755102091,-3.140000104904175,0.01749303564429283,inf,inf,8.246147155761719,8.041481018066406,7.84907341003418,3.902714729309082,3.815828800201416,3.733844518661499,3.656404733657837,3.5831854343414307,3.5138957500457764,3.448270082473755,3.386068105697632,3.3270695209503174,3.271076202392578,3.217904567718506,3.188321352005005,3.2528433799743652,3.3210670948028564,3.3932743072509766,3.469777822494507,3.550920009613037,3.6370885372161865,3.728713035583496,3.826274871826172,3.9303128719329834,inf,inf,inf,inf,inf,inf,inf,inf,inf,inf,inf,inf,inf,inf,7.761732578277588,7.7201385498046875,7.681325912475586,7.645228862762451,7.6189045906066895,inf,inf,inf,inf,inf,inf,inf,inf,inf,inf,inf,inf,inf,inf,inf,inf,inf,inf,inf,inf,inf,inf,inf,inf,inf,inf,inf,inf,inf,inf,inf,inf,inf,inf,inf,inf,inf,inf,inf,inf,inf,inf,inf,inf,inf,inf,inf,inf,inf,inf,inf,inf,inf,inf,inf,inf,inf,inf,inf,inf,inf,inf,inf,inf,inf,inf,inf,inf,inf,inf,inf,inf,inf,inf,inf,inf,inf,inf,inf,inf,inf,inf,inf,inf,inf,inf,inf,inf,inf,inf,inf,inf,inf,inf,inf,inf,inf,inf,inf,inf,inf,inf,inf,inf,inf,inf,inf,inf,inf,inf,inf,inf,inf,inf,inf,inf,inf,inf,inf,inf,inf,inf,inf,inf,inf,inf,inf,inf,inf,inf,inf,inf,inf,inf,inf,inf,inf,inf,inf,inf,inf,inf,inf,inf,inf,inf,inf,inf,inf,inf,inf,inf,inf,inf,inf,inf,inf,inf,inf,inf,inf,inf,inf,inf,inf,inf,inf,inf,inf,inf,inf,inf,inf,inf,inf,inf,inf,inf,inf,inf,inf,inf,inf,inf,inf,inf,inf,inf,inf,inf,inf,inf,inf,inf,inf,inf,inf,inf,inf,inf,inf,inf,inf,inf,inf,inf,inf,inf,inf,inf,inf,inf,inf,inf,inf,inf,inf,inf,inf,inf,inf,inf,inf,inf,inf,inf,inf,inf,inf,inf,inf,inf,inf,inf,inf,6.377840042114258,6.261237621307373,6.150671482086182,6.045760154724121,5.946156024932861,5.8515424728393555,5.794456958770752,5.914315700531006,6.041125297546387,6.1754231452941895,6.317805290222168,6.468933582305908,inf,inf,inf,inf,inf,inf,inf,inf,inf,inf,inf,inf,inf,inf,inf,inf,inf,3.3809924125671387,3.362440824508667,3.345109701156616,3.3289690017700195,3.313992977142334,3.300157070159912,3.2874364852905273,3.275813341140747,3.2652673721313477,3.255781650543213,3.247342348098755,3.2399353981018066,3.2335498332977295,3.2281739711761475,3.223802328109741,3.220425605773926,3.2180404663085938,3.216641426086426,inf,inf,inf,inf,inf,inf,inf,inf,inf,inf,inf,9.199169158935547,8.672924995422363,8.706928253173828,8.74388599395752,8.783857345581055,8.826908111572266,8.873113632202148,inf,inf,inf,inf,inf,inf,inf,inf,inf,inf,inf,inf,inf,inf,inf
1771970301938184057,-3.140000104904175,0.01749303564429283,inf,inf,8.295514106750488,8.089615821838379,7.8960490226745605,3.9485208988189697,3.860611915588379,3.777662992477417,3.6993112564086914,3.6252312660217285,3.555126190185547,3.4887280464172363,3.4257938861846924,3.3661015033721924,3.3094494342803955,3.25565242767334,3.2544543743133545,3.3203110694885254,3.3899483680725098,3.463650941848755,3.5417373180389404,3.624560832977295,3.712512969970703,3.8060338497161865,3.905614137649536,4.011806964874268,inf,inf,inf,inf,inf,inf,inf,inf,inf,inf,inf,inf,inf,inf,7.790865898132324,7.749113082885742,7.710152626037598,7.673917770385742,7.6741743087768555,inf,inf,inf,inf,inf,inf,inf,inf,inf,inf,inf,inf,inf,inf,inf,inf,inf,inf,inf,inf,inf,inf,inf,inf,inf,inf,inf,inf,inf,inf,inf,inf,inf,inf,inf,inf,inf,inf,inf,inf,inf,inf,inf,inf,inf,inf,inf,inf,inf,inf,inf,inf,inf,inf,inf,inf,inf,inf,inf,inf,inf,inf,inf,inf,inf,inf,inf,inf,inf,inf,inf,inf,inf,inf,inf,inf,inf,inf,inf,inf,inf,inf,inf,inf,inf,inf,inf,inf,inf,inf,inf,inf,inf,inf,inf,inf,inf,inf,inf,inf,inf,inf,inf,inf,inf,inf,inf,inf,inf,inf,inf,inf,inf,inf,inf,inf,inf,inf,inf,inf,inf,inf,inf,inf,inf,inf,inf,inf,inf,inf,inf,inf,inf,inf,inf,inf,inf,inf,inf,inf,inf,inf,inf,inf,inf,inf,inf,inf,inf,inf,inf,inf,inf,inf,inf,inf,inf,inf,inf,inf,inf,inf,inf,inf,inf,inf,inf,inf,inf,inf,inf,inf,inf,inf,inf,inf,inf,inf,inf,inf,inf,inf,inf,inf,inf,inf,inf,inf,inf,inf,inf,inf,inf,inf,inf,inf,inf,inf,inf,inf,inf,inf,inf,inf,inf,inf,inf,inf,inf,inf,inf,inf,inf,inf,inf,inf,inf,inf,inf,inf,inf,inf,inf,inf,inf,inf,inf,inf,inf,inf,inf,inf,inf,inf,inf,6.442458629608154,6.324672222137451,6.212981224060059,6.107003688812256,6.006387710571289,5.910812854766846,5.8199849128723145,5.871060848236084,5.996938705444336,6.130250930786133,6.271585941314697,6.421603679656982,6.581037998199463,inf,inf,inf,inf,inf,inf,inf,inf,inf,inf,inf,inf,inf,inf,inf,inf,inf,3.4084279537200928,3.3908579349517822,3.3744959831237793,3.3593146800994873,3.345287322998047,3.332392930984497,3.3206090927124023,3.3099184036254883,3.300302267074585,3.2917463779449463,3.2842373847961426,3.2777631282806396,3.272313117980957,3.2678799629211426,3.2644569873809814,3.2620372772216797,3.2606189250946045,inf,inf,inf,inf,inf,inf,inf,inf,inf,inf,inf,9.343949317932129,8.717864990234375,8.752042770385742,8.789188385009766,8.829365730285645,8.872637748718262,8.91907787322998,8.968767166137695,inf,inf,inf,inf,inf,inf,inf,inf,inf,inf,inf,inf,inf,inf
1771970302114189715,-3.140000104904175,0.01749303564429283,inf,inf,8.34488296508789,8.137752532958984,7.943027019500732,3.9943273067474365,3.905395984649658,3.821481943130493,3.7422189712524414,3.6672773361206055,3.5963563919067383,3.529186487197876,3.465520143508911,3.4051342010498047,3.34782338142395,3.293400526046753,3.320584774017334,3.387777805328369,3.458827018737793,3.534025192260742,3.613694906234741,3.6981983184814453,3.7879345417022705,3.883352518081665,3.984952449798584,inf,inf,inf,inf,inf,inf,inf,inf,inf,inf,inf,inf,inf,inf,inf,7.819998741149902,7.778087615966797,7.738978385925293,7.702606201171875,7.860208988189697,inf,inf,inf,inf,inf,inf,inf,inf,inf,inf,inf,inf,inf,inf,inf,inf,inf,inf,inf,inf,inf,inf,inf,inf,inf,inf,inf,inf,inf,inf,inf,inf,inf,inf,inf,inf,inf,inf,inf,inf,inf,inf,inf,inf,inf,inf,inf,inf,inf,inf,inf,inf,inf,inf,inf,inf,inf,inf,inf,inf,inf,inf,inf,inf,inf,inf,inf,inf,inf,inf,inf,inf,inf,inf,inf,inf,inf,inf,inf,inf,inf,inf,inf,inf,inf,inf,inf,inf,inf,inf,inf,inf,inf,inf,inf,inf,inf,inf,inf,inf,inf,inf,inf,inf,inf,inf,inf,inf,inf,inf,inf,inf,inf,inf,inf,inf,inf,inf,inf,inf,inf,inf,inf,inf,inf,inf,inf,inf,inf,inf,inf,inf,inf,inf,inf,inf,inf,inf,inf,inf,inf,inf,inf,inf,inf,inf,inf,inf,inf,inf,inf,inf,inf,inf,inf,inf,inf,inf,inf,inf,inf,inf,inf,inf,inf,inf,inf,inf,inf,inf,inf,inf,inf,inf,inf,inf,inf,inf,inf,inf,inf,inf,inf,inf,inf,inf,inf,inf,inf,inf,inf,inf,inf,inf,inf,inf,inf,inf,inf,inf,inf,inf,inf,inf,inf,inf,inf,inf,inf,inf,inf,inf,inf,inf,inf,inf,inf,inf,inf,inf,inf,inf,inf,inf,inf,inf,8.779324531555176,inf,inf,inf,inf,inf,inf,inf,inf,inf,6.3881072998046875,6.275294303894043,6.168249607086182,6.066621780395508,5.970085144042969,5.878343105316162,5.827810287475586,5.952755928039551,6.085081100463867,6.225370407104492,6.374277591705322,6.532531261444092,inf,inf,inf,inf,inf,inf,inf,inf,inf,inf,inf,inf,inf,inf,inf,inf,inf,inf,3.436608076095581,3.4200239181518555,3.4046359062194824,3.3904190063476562,3.377349376678467,3.365406036376953,3.35456919670105,3.344823122024536,3.336150646209717,3.3285396099090576,3.321977138519287,3.3164525032043457,3.3119592666625977,3.308488130569458,3.306035280227661,3.3045966625213623,3.3041698932647705,inf,inf,inf,inf,inf,inf,inf,inf,inf,inf,9.488749504089355,8.762807846069336,8.797157287597656,8.834491729736328,8.874873161315918,8.918365478515625,8.965043067932129,9.014985084533691,inf,inf,inf,inf,inf,inf,inf,inf,inf,inf,inf,inf,inf,inf
1771970302260881184,-3.140000104904175,0.01749303564429283,inf,inf,8.390454292297363,8.182186126708984,7.986391544342041,4.036611080169678,3.9467356204986572,3.8619308471679688,3.7818264961242676,3.7060892581939697,3.634415864944458,3.566532611846924,3.5021913051605225,3.441164255142212,3.3832449913024902,3.328244686126709,3.381627082824707,3.4500529766082764,3.5224058628082275,3.598982572555542,3.6801161766052246,3.7661690711975098,3.8575520515441895,3.9547195434570312,4.058184623718262,inf,inf,inf,inf,inf,inf,inf,inf,inf,inf,inf,inf,inf,inf,7.897547721862793,7.846889972686768,7.804832458496094,7.765586853027344,7.7290873527526855,8.032721519470215,inf,inf,inf,inf,inf,inf,inf,inf,inf,inf,inf,inf,inf,inf,inf,inf,inf,inf,inf,inf,inf,inf,inf,inf,inf,inf,inf,inf,inf,inf,inf,inf,inf,inf,inf,inf,inf,inf,inf,inf,inf,inf,inf,inf,inf,inf,inf,inf,inf,inf,inf,inf,inf,inf,inf,inf,inf,inf,inf,inf,inf,inf,inf,inf,inf,inf,inf,inf,inf,inf,inf,inf,inf,inf,inf,inf,inf,inf,inf,inf,inf,inf,inf,inf,inf,inf,inf,inf,inf,inf,inf,inf,inf,inf,inf,inf,inf,inf,inf,inf,inf,inf,inf,inf,inf,inf,inf,inf,inf,inf,inf,inf,inf,inf,inf,inf,inf,inf,inf,inf,inf,inf,inf,inf,inf,inf,inf,inf,inf,inf,inf,inf,inf,inf,inf,inf,inf,inf,inf,inf,inf,inf,inf,inf,inf,inf,inf,inf,inf,inf,inf,inf,inf,inf,inf,inf,inf,inf,inf,inf,inf,inf,inf,inf,inf,inf,inf,inf,inf,inf,inf,inf,inf,inf,inf,inf,inf,inf,inf,inf,inf,inf,inf,inf,inf,inf,inf,inf,inf,inf,inf,inf,inf,inf,inf,inf,inf,inf,inf,inf,inf,inf,inf,inf,inf,inf,inf,inf,inf,inf,inf,inf,inf,inf,inf,inf,inf,inf,inf,inf,inf,inf,inf,inf,inf,inf,inf,inf,inf,inf,inf,inf,inf,inf,inf,inf,6.446666717529297,6.332815170288086,6.22478723526001,6.122223854064941,6.024799823760986,5.932215213775635,5.844193458557129,5.911974906921387,6.043388843536377,6.182712078094482,6.330594539642334,6.487758636474609,inf,inf,inf,inf,inf,inf,inf,inf,inf,inf,inf,inf,inf,inf,inf,inf,inf,inf,3.4788386821746826,3.462050199508667,3.44647216796875,3.432079553604126,3.4188485145568848,3.406757354736328,3.395787000656128,3.3859198093414307,3.377140522003174,3.369433879852295,3.36279034614563,3.3571972846984863,3.352647542953491,3.349133014678955,3.346649646759033,3.3451926708221436,3.344759702682495,inf,inf,inf,inf,inf,inf,inf,inf,inf,inf,9.622429847717285,8.836133003234863,8.838801383972168,8.876310348510742,8.916879653930664,8.960575103759766,9.007471084594727,9.057647705078125,inf,inf,inf,inf,inf,inf,inf,inf,inf,inf,inf,inf,inf,inf
1771970302479733177,-3.140000104904175,0.01749303564429283,inf,inf,8.43795394897461,8.228499412536621,8.031590461730957,4.080682277679443,3.98982310295105,3.9040892124176025,3.823108196258545,3.7465412616729736,3.6740834712982178,3.6054577827453613,3.5404112339019775,3.4787161350250244,3.420163631439209,3.3792572021484375,3.4452435970306396,3.514955520629883,3.5886664390563965,3.666682243347168,3.7493374347686768,3.8370072841644287,3.930105209350586,4.029097557067871,4.1345038414001465,inf,inf,inf,inf,inf,inf,inf,inf,inf,inf,inf,inf,inf,inf,7.919922828674316,7.874821186065674,7.832613468170166,7.793227672576904,7.782225131988525,inf,inf,inf,inf,inf,inf,inf,inf,inf,inf,inf,inf,inf,inf,inf,inf,inf,inf,inf,inf,inf,inf,inf,inf,inf,inf,inf,inf,inf,inf,inf,inf,inf,inf,inf,inf,inf,inf,inf,inf,inf,inf,inf,inf,inf,inf,inf,inf,inf,inf,inf,inf,inf,inf,inf,inf,inf,inf,inf,inf,inf,inf,inf,inf,inf,inf,inf,inf,inf,inf,inf,inf,inf,inf,inf,inf,inf,inf,inf,inf,inf,inf,inf,inf,inf,inf,inf,inf,inf,inf,inf,inf,inf,inf,inf,inf,inf,inf,inf,inf,inf,inf,inf,inf,inf,inf,inf,inf,inf,inf,inf,inf,inf,inf,inf,inf,inf,inf,inf,inf,inf,inf,inf,inf,inf,inf,inf,inf,inf,inf,inf,inf,inf,inf,inf,inf,inf,inf,inf,inf,inf,inf,inf,inf,inf,inf,inf,inf,inf,inf,inf,inf,inf,inf,inf,inf,inf,inf,inf,inf,inf,inf,inf,inf,inf,inf,inf,inf,inf,inf,inf,inf,inf,inf,inf,inf,inf,inf,inf,inf,inf,inf,inf,inf,inf,inf,inf,inf,inf,inf,inf,inf,inf,inf,inf,inf,inf,inf,inf,inf,inf,inf,inf,inf,inf,inf,inf,inf,inf,inf,inf,inf,inf,inf,inf,inf,inf,inf,inf,inf,inf,inf,inf,inf,inf,inf,inf,inf,inf,inf,inf,inf,inf,inf,inf,inf,inf,6.5077033042907715,6.392769813537598,6.283714294433594,6.180177688598633,6.081828594207764,5.988363265991211,5.899506568908691,5.869472026824951,5.999937057495117,6.138254642486572,6.285068035125732,6.441096305847168,6.607142448425293,inf,inf,inf,inf,inf,inf,inf,inf,inf,inf,inf,inf,inf,inf,inf,inf,inf,inf,3.505852460861206,3.4900765419006348,3.4755003452301025,3.4621007442474365,3.4498555660247803,3.4387457370758057,3.4287521839141846,3.419861078262329,3.4120562076568604,3.405327558517456,3.399662971496582,3.3950541019439697,3.3914945125579834,3.3889784812927246,3.387502431869507,3.3870627880096436,3.387660026550293,inf,inf,inf,inf,inf,inf,inf,inf,inf,9.761786460876465,8.964037895202637,8.882204055786133,8.919894218444824,8.960659980773926,9.004568099975586,9.051691055297852,9.102110862731934,inf,inf,inf,inf,inf,inf,inf,inf,inf,inf,inf,inf,inf,inf
1771970302679323032,-3.140000104904175,0.01749303564429283,inf,inf,8.487324714660645,8.27663803100586,8.078569412231445,4.126492023468018,4.034609317779541,3.9479100704193115,3.8660178184509277,3.788588762283325,3.7153148651123047,3.645916700363159,3.580138683319092,3.517749071121216,3.4585375785827637,3.4441187381744385,3.5113697052001953,3.582416296005249,3.6575403213500977,3.7370498180389404,3.821289300918579,3.910637855529785,4.005520820617676,4.10640811920166,inf,inf,inf,inf,inf,inf,inf,inf,inf,inf,inf,inf,inf,inf,inf,7.949223041534424,7.903952121734619,7.86158561706543,7.822052001953125,7.832594394683838,inf,inf,inf,inf,inf,inf,inf,inf,inf,inf,inf,inf,inf,inf,inf,inf,inf,inf,inf,inf,inf,inf,inf,inf,inf,inf,inf,inf,inf,inf,inf,inf,inf,inf,inf,inf,inf,inf,inf,inf,inf,inf,inf,inf,inf,inf,inf,inf,inf,inf,inf,inf,inf,inf,inf,inf,inf,inf,inf,inf,inf,inf,inf,inf,inf,inf,inf,inf,inf,inf,inf,inf,inf,inf,inf,inf,inf,inf,inf,inf,inf,inf,inf,inf,inf,inf,inf,inf,inf,inf,inf,inf,inf,inf,inf,inf,inf,inf,inf,inf,inf,inf,inf,inf,inf,inf,inf,inf,inf,inf,inf,inf,inf,inf,inf,inf,inf,inf,inf,inf,inf,inf,inf,inf,inf,inf,inf,inf,inf,inf,inf,inf,inf,inf,inf,inf,inf,inf,inf,inf,inf,inf,inf,inf,inf,inf,inf,inf,inf,inf,inf,inf,inf,inf,inf,inf,inf,inf,inf,inf,inf,inf,inf,inf,inf,inf,inf,inf,inf,inf,inf,inf,inf,inf,inf,inf,inf,inf,inf,inf,inf,inf,inf,inf,inf,inf,inf,inf,inf,inf,inf,inf,inf,inf,inf,inf,inf,inf,inf,inf,inf,inf,inf,inf,inf,inf,inf,inf,inf,inf,inf,inf,inf,inf,inf,inf,inf,inf,inf,inf,inf,inf,inf,inf,inf,inf,inf,inf,8.787406921386719,inf,inf,inf,inf,inf,inf,inf,inf,inf,6.455090045928955,6.344968318939209,6.240418434143066,6.141107082366943,6.04672908782959,5.95700216293335,5.871669769287109,5.954775810241699,6.092048645019531,6.2377519607543945,6.392600059509277,6.557389736175537,inf,inf,inf,inf,inf,inf,inf,inf,inf,inf,inf,inf,inf,inf,inf,inf,inf,inf,inf,3.535400867462158,3.520634412765503,3.5070602893829346,3.494654893875122,3.483398675918579,3.473275661468506,3.4642670154571533,3.4563605785369873,3.449542999267578,3.4438040256500244,3.4391348361968994,3.435527801513672,3.4329781532287598,3.43148136138916,3.4310355186462402,3.4316391944885254,inf,inf,inf,inf,inf,inf,inf,inf,inf,inf,9.096994400024414,8.92731761932373,8.965198516845703,9.0061674118042,9.05029582977295,9.097655296325684,9.14832878112793,inf,inf,inf,inf,inf,inf,inf,inf,inf,inf,inf,inf,inf,inf
1771970302892881907,-3.140000104904175,0.01749303564429283,inf,inf,8.55980396270752,8.346315383911133,8.145648002624512,4.180093288421631,4.0865912437438965,3.9983770847320557,3.9150643348693848,3.8363025188446045,3.7617745399475098,3.6911962032318115,3.6243057250976562,3.560866355895996,3.5006625652313232,3.4952025413513184,3.5631418228149414,3.63490891456604,3.7107856273651123,3.7910823822021484,3.87614369392395,3.9663500785827637,4.062128067016602,4.1639533042907715,inf,inf,inf,inf,inf,inf,inf,inf,inf,inf,inf,inf,inf,inf,inf,7.9817891120910645,7.93598747253418,7.8931097984313965,7.85308313369751,7.925168991088867,inf,inf,inf,inf,inf,inf,inf,inf,inf,inf,inf,inf,inf,inf,inf,inf,inf,inf,inf,inf,inf,inf,inf,inf,inf,inf,inf,inf,inf,inf,inf,inf,inf,inf,inf,inf,inf,inf,inf,inf,inf,inf,inf,inf,inf,inf,inf,inf,inf,inf,inf,inf,inf,inf,inf,inf,inf,inf,inf,inf,inf,inf,inf,inf,inf,inf,inf,inf,inf,inf,inf,inf,inf,inf,inf,inf,inf,inf,inf,inf,inf,inf,inf,inf,inf,inf,inf,inf,inf,inf,inf,inf,inf,inf,inf,inf,inf,inf,inf,inf,inf,inf,inf,inf,inf,inf,inf,inf,inf,inf,inf,inf,inf,inf,inf,inf,inf,inf,inf,inf,inf,inf,inf,inf,inf,inf,inf,inf,inf,inf,inf,inf,inf,inf,inf,inf,inf,inf,inf,inf,inf,inf,inf,inf,inf,inf,inf,inf,inf,inf,inf,inf,inf,inf,inf,inf,inf,inf,inf,inf,inf,inf,inf,inf,inf,inf,inf,inf,inf,inf,inf,inf,inf,inf,inf,inf,inf,inf,inf,inf,inf,inf,inf,inf,inf,inf,inf,inf,inf,inf,inf,inf,inf,inf,inf,inf,inf,inf,inf,inf,inf,inf,inf,inf,inf,inf,inf,inf,inf,inf,inf,inf,inf,inf,inf,inf,inf,inf,inf,inf,inf,inf,inf,inf,inf,inf,inf,inf,inf,inf,inf,inf,inf,inf,inf,inf,inf,inf,6.526763439178467,6.414924144744873,6.308752536773682,6.207906246185303,6.112074375152588,6.020970821380615,5.934332370758057,5.897207260131836,6.032517910003662,6.17611837387085,6.328705310821533,6.491060256958008,6.66405725479126,inf,inf,inf,inf,inf,inf,inf,inf,inf,inf,inf,inf,inf,inf,inf,inf,inf,inf,3.578958034515381,3.5638630390167236,3.549975872039795,3.5372753143310547,3.5257396697998047,3.515352249145508,3.506094455718994,3.4979536533355713,3.4909157752990723,3.4849703311920166,3.4801087379455566,3.4763224124908447,3.473607063293457,3.471956253051758,3.471369981765747,3.4718446731567383,inf,inf,inf,inf,inf,inf,inf,inf,inf,inf,9.31364917755127,8.964096069335938,9.001760482788086,9.042518615722656,9.086443901062012,9.133605003356934,9.184082984924316,inf,inf,inf,inf,inf,inf,inf,inf,inf,inf,inf,inf,inf,inf
1771970303073208384,-3.140000104904175,0.01749303564429283,inf,inf,inf,inf,inf,8.636119842529297,8.41846752166748,8.213967323303223,4.220100402832031,4.124744892120361,4.034810543060303,3.949896812438965,3.869643449783325,3.7937238216400146,3.7218430042266846,3.6537327766418457,3.5891494750976562,3.527869939804077,3.495262861251831,3.562525987625122,3.6335623264312744,3.708648681640625,3.7880859375,3.872211217880249,3.961397886276245,4.056061267852783,4.156662464141846,4.263717174530029,inf,inf,inf,inf,inf,inf,inf,inf,inf,inf,inf,inf,inf,inf,8.00355052947998,7.9568586349487305,7.913115978240967,7.872246742248535,7.846912384033203,inf,inf,inf,inf,inf,inf,inf,inf,inf,inf,inf,inf,inf,inf,inf,inf,inf,inf,inf,inf,inf,inf,inf,inf,inf,inf,inf,inf,inf,inf,inf,inf,inf,inf,inf,inf,inf,inf,inf,inf,inf,inf,inf,inf,inf,inf,inf,inf,inf,inf,inf,inf,inf,inf,inf,inf,inf,inf,inf,inf,inf,inf,inf,inf,inf,inf,inf,inf,inf,inf,inf,inf,inf,inf,inf,inf,inf,inf,inf,inf,inf,inf,inf,inf,inf,inf,inf,inf,inf,inf,inf,inf,inf,inf,inf,inf,inf,inf,inf,inf,inf,inf,inf,inf,inf,inf,inf,inf,inf,inf,inf,inf,inf,inf,inf,inf,inf,inf,inf,inf,inf,inf,inf,inf,inf,inf,inf,inf,inf,inf,inf,inf,inf,inf,inf,inf,inf,inf,inf,inf,inf,inf,inf,inf,inf,inf,inf,inf,inf,inf,inf,inf,inf,inf,inf,inf,inf,inf,inf,inf,inf,inf,inf,inf,inf,inf,inf,inf,inf,inf,inf,inf,inf,inf,inf,inf,inf,inf,inf,inf,inf,inf,inf,inf,inf,inf,inf,inf,inf,inf,inf,inf,inf,inf,inf,inf,inf,inf,inf,inf,inf,inf,inf,inf,inf,inf,inf,inf,inf,inf,inf,inf,inf,inf,inf,inf,inf,inf,inf,inf,inf,inf,inf,inf,inf,inf,inf,inf,inf,inf,inf,inf,inf,inf,inf,inf,inf,inf,inf,6.463685989379883,6.355652809143066,6.253053665161133,6.155567646026611,6.062901020050049,5.974785327911377,5.890970706939697,5.981050491333008,6.121949195861816,6.27161169052124,6.430793285369873,6.600337028503418,inf,inf,inf,inf,inf,inf,inf,inf,inf,inf,inf,inf,inf,inf,inf,inf,inf,inf,inf,3.581043004989624,3.566765785217285,3.5536839962005615,3.541778326034546,3.531029224395752,3.521418809890747,3.5129330158233643,3.5055582523345947,3.4992828369140625,3.494096517562866,3.48999285697937,3.486963987350464,3.485006332397461,3.4841156005859375,3.4842917919158936,3.485535144805908,inf,inf,inf,inf,inf,inf,inf,inf,inf,9.573183059692383,8.967018127441406,9.00387191772461,9.043808937072754,9.086894035339355,9.133200645446777,9.182805061340332,inf,inf,inf,inf,inf,inf,inf,inf,inf,inf,inf
1771970303187975858,-3.140000104904175,0.01749303564429283,9.026429176330566,9.028063774108887,9.032464027404785,9.03963565826416,9.049590110778809,9.062342643737793,8.71479320526123,8.493261337280273,8.285186767578125,8.089478492736816,4.169897079467773,4.078226089477539,3.9916937351226807,3.9099292755126953,3.8325963020324707,3.7593910694122314,3.690037965774536,3.624285936355591,3.5619075298309326,3.5212514400482178,3.588496446609497,3.6595001220703125,3.734536647796631,3.8139069080352783,3.8979415893554688,3.9870100021362305,4.0815229415893555,4.181937217712402,4.288761615753174,10.336235046386719,10.439715385437012,10.54854965209961,10.66297435760498,10.783245086669922,10.909635543823242,11.042442321777344,11.181987762451172,11.328615188598633,11.482699394226074,11.644645690917969,11.814892768859863,11.993915557861328,inf,8.039605140686035,7.991863250732422,7.947102069854736,7.905244827270508,7.87684965133667,inf,inf,inf,inf,inf,inf,inf,inf,inf,inf,inf,inf,inf,inf,inf,inf,inf,inf,inf,inf,inf,inf,inf,inf,inf,inf,inf,inf,inf,inf,inf,inf,inf,inf,inf,inf,inf,inf,inf,inf,inf,inf,inf,inf,inf,inf,inf,inf,inf,inf,inf,inf,inf,inf,inf,inf,inf,inf,inf,inf,inf,inf,inf,inf,inf,inf,inf,inf,inf,inf,inf,inf,inf,inf,inf,inf,inf,inf,inf,inf,inf,inf,inf,inf,inf,inf,inf,inf,inf,inf,inf,inf,inf,inf,inf,inf,inf,inf,inf,inf,inf,inf,inf,inf,inf,inf,inf,inf,inf,inf,inf,inf,inf,inf,inf,inf,inf,inf,inf,inf,inf,inf,inf,inf,inf,inf,inf,inf,inf,inf,inf,inf,inf,inf,inf,inf,inf,inf,inf,inf,inf,inf,inf,inf,inf,inf,inf,inf,inf,inf,inf,inf,inf,inf,inf,inf,inf,inf,inf,inf,inf,inf,inf,inf,inf,inf,inf,inf,inf,inf,inf,inf,inf,inf,inf,inf,inf,inf,inf,inf,inf,inf,inf,inf,inf,inf,inf,inf,inf,inf,inf,inf,inf,inf,inf,inf,inf,inf,inf,inf,inf,inf,inf,inf,inf,inf,inf,inf,inf,inf,inf,inf,inf,inf,inf,inf,inf,inf,inf,inf,inf,inf,inf,inf,inf,inf,inf,inf,inf,8.809325218200684,inf,inf,inf,inf,inf,inf,inf,inf,inf,6.527312755584717,6.4173903465271,6.313009262084961,6.213840007781982,6.119582176208496,6.029959201812744,5.9447150230407715,5.926670551300049,6.065103054046631,6.21210241317749,6.368401527404785,6.534821033477783,inf,inf,inf,inf,inf,inf,inf,inf,inf,inf,inf,8.944881439208984,9.04793930053711,9.392290115356445,9.236017227172852,inf,inf,inf,inf,3.612867593765259,3.5982108116149902,3.584765911102295,3.572509527206421,3.5614230632781982,3.551488161087036,3.542689561843872,3.5350143909454346,3.5284483432769775,3.522984027862549,3.518610954284668,3.5153234004974365,3.513115406036377,3.5119848251342773,3.5119290351867676,3.5129480361938477,9.97154712677002,9.891833305358887,9.816363334655762,9.7449951171875,9.677597999572754,9.61404800415039,9.554232597351074,9.49804401397705,9.44538688659668,9.39616870880127,9.056717872619629,9.025481224060059,9.064872741699219,9.107410430908203,9.153162002563477,9.168878555297852,9.141755104064941,9.117572784423828,9.096295356750488,9.077887535095215,9.062321662902832,9.049572944641113,9.039623260498047,9.032455444335938,9.028059959411621,9.026429176330566
1771970303354406223,-3.140000104904175,0.01749303564429283,inf,inf,inf,inf,inf,inf,8.789278984069824,8.564764022827148,8.353924751281738,8.15565299987793,4.222820281982422,4.129551410675049,4.0415239334106445,3.9583568572998047,3.8797061443328857,3.805262327194214,3.7347424030303955,3.667891502380371,3.6044750213623047,3.580435276031494,3.64845871925354,3.720276117324829,3.7961630821228027,3.876420259475708,3.9613845348358154,4.0514235496521,4.14694881439209,4.248419761657715,inf,inf,inf,inf,inf,inf,inf,inf,inf,inf,inf,inf,inf,inf,inf,8.06238842010498,8.014364242553711,7.969332695007324,7.927216529846191,7.928974151611328,inf,inf,inf,inf,inf,inf,inf,inf,inf,inf,inf,inf,inf,inf,inf,inf,inf,inf,inf,inf,inf,inf,inf,inf,inf,inf,inf,inf,inf,inf,inf,inf,inf,inf,inf,inf,inf,inf,inf,inf,inf,inf,inf,inf,inf,inf,inf,inf,inf,inf,inf,inf,inf,inf,inf,inf,inf,inf,inf,inf,inf,inf,inf,inf,inf,inf,inf,inf,inf,inf,inf,inf,inf,inf,inf,inf,inf,inf,inf,inf,inf,inf,inf,inf,inf,inf,inf,inf,inf,inf,inf,inf,inf,inf,inf,inf,inf,inf,inf,inf,inf,inf,inf,inf,inf,inf,inf,inf,inf,inf,inf,inf,inf,inf,inf,inf,inf,inf,inf,inf,inf,inf,inf,inf,inf,inf,inf,inf,inf,inf,inf,inf,inf,inf,inf,inf,inf,inf,inf,inf,inf,inf,inf,inf,inf,inf,inf,inf,inf,inf,inf,inf,inf,inf,inf,inf,inf,inf,inf,inf,inf,inf,inf,inf,inf,inf,inf,inf,inf,inf,inf,inf,inf,inf,inf,inf,inf,inf,inf,inf,inf,inf,inf,inf,inf,inf,inf,inf,inf,inf,inf,inf,inf,inf,inf,inf,inf,inf,inf,inf,inf,inf,inf,inf,inf,inf,inf,inf,inf,inf,inf,inf,inf,inf,inf,inf,inf,inf,inf,inf,inf,inf,inf,inf,inf,inf,inf,inf,inf,inf,inf,inf,inf,inf,inf,inf,inf,inf,inf,inf,6.497668743133545,6.391445159912109,6.290534019470215,6.194624423980713,6.103435039520264,6.016706943511963,5.934198379516602,6.004554271697998,6.149379730224609,6.303341388702393,6.4672393798828125,6.641976833343506,inf,inf,inf,inf,inf,inf,inf,inf,inf,inf,inf,inf,inf,inf,inf,inf,inf,inf,inf,3.6483755111694336,3.6345741748809814,3.6219794750213623,3.6105732917785645,3.600337028503418,3.591254472732544,3.5833115577697754,3.5764946937561035,3.570795774459839,3.5662035942077637,3.5627121925354004,3.5603160858154297,3.559011220932007,3.5587961673736572,3.5596699714660645,3.5616350173950195,inf,inf,inf,inf,inf,inf,inf,inf,inf,9.267491340637207,9.066910743713379,9.106054306030273,9.148346900939941,9.193862915039062,9.242673873901367,9.294866561889648,inf,inf,inf,inf,inf,inf,inf,inf,inf
1771970303565499394,-3.140000104904175,0.01749303564429283,inf,inf,inf,inf,inf,inf,8.831562995910645,8.606077194213867,8.394323348999023,4.362469673156738,4.262652397155762,4.168547630310059,4.0797295570373535,3.9958150386810303,3.9164559841156006,3.841341257095337,3.770185708999634,3.702730894088745,3.6387405395507812,3.6514768600463867,3.7208809852600098,3.794158935546875,3.871589183807373,3.9534807205200195,4.04017448425293,4.132047653198242,4.229520797729492,4.333062648773193,inf,inf,inf,inf,inf,inf,inf,inf,inf,inf,inf,inf,inf,inf,inf,8.088202476501465,8.04006290435791,7.994924545288086,7.952710151672363,8.11758804321289,inf,inf,inf,inf,inf,inf,inf,inf,inf,inf,inf,inf,inf,inf,inf,inf,inf,inf,inf,inf,inf,inf,inf,inf,inf,inf,inf,inf,inf,inf,inf,inf,inf,inf,inf,inf,inf,inf,inf,inf,inf,inf,inf,inf,inf,inf,inf,inf,inf,inf,inf,inf,inf,inf,inf,inf,inf,inf,inf,inf,inf,inf,inf,inf,inf,inf,inf,inf,inf,inf,inf,inf,inf,inf,inf,inf,inf,inf,inf,inf,inf,inf,inf,inf,inf,inf,inf,inf,inf,inf,inf,inf,inf,inf,inf,inf,inf,inf,inf,inf,inf,inf,inf,inf,inf,inf,inf,inf,inf,inf,inf,inf,inf,inf,inf,inf,inf,inf,inf,inf,inf,inf,inf,inf,inf,inf,inf,inf,inf,inf,inf,inf,inf,inf,inf,inf,inf,inf,inf,inf,inf,inf,inf,inf,inf,inf,inf,inf,inf,inf,inf,inf,inf,inf,inf,inf,inf,inf,inf,inf,inf,inf,inf,inf,inf,inf,inf,inf,inf,inf,inf,inf,inf,inf,inf,inf,inf,inf,inf,inf,inf,inf,inf,inf,inf,inf,inf,inf,inf,inf,inf,inf,inf,inf,inf,inf,inf,inf,inf,inf,inf,inf,inf,inf,inf,inf,inf,inf,inf,inf,inf,inf,inf,inf,inf,inf,inf,inf,inf,inf,inf,inf,inf,inf,inf,inf,inf,inf,inf,inf,8.8048734664917,inf,inf,inf,inf,inf,inf,inf,inf,inf,6.563023090362549,6.455780506134033,6.353899002075195,6.257067680358887,6.16500186920166,6.077438831329346,5.994136810302734,5.9645280838012695,6.108458518981934,6.261471271514893,6.424361705780029,6.59802770614624,inf,inf,inf,inf,inf,inf,inf,inf,inf,inf,inf,inf,inf,inf,inf,inf,inf,inf,inf,inf,3.683638095855713,3.670889377593994,3.659344434738159,3.6489851474761963,3.63979434967041,3.6317591667175293,3.6248652935028076,3.619102954864502,3.6144633293151855,3.6109390258789062,3.608525037765503,3.607217311859131,3.6070139408111572,3.6079142093658447,3.6099202632904053,inf,inf,inf,inf,inf,inf,inf,inf,inf,9.375020027160645,9.11695384979248,9.156352996826172,9.198918342590332,9.24472427368164,9.293848037719727,9.3463716506958,inf,inf,inf,inf,inf,inf,inf,inf,inf
1771970303707204165,-3.140000104904175,0.01749303564429283,inf,inf,inf,inf,inf,inf,8.871574401855469,8.645068168640137,8.432355880737305,4.399613380432129,4.298946857452393,4.204041481018066,4.114468097686768,4.029839515686035,3.94980525970459,3.874051570892334,3.8022899627685547,3.7342607975006104,3.6697258949279785,3.7134852409362793,3.784069776535034,3.8585915565490723,3.9373364448547363,4.020618915557861,4.108786106109619,4.2022199630737305,4.301349639892578,4.406650543212891,inf,inf,inf,inf,inf,inf,inf,inf,inf,inf,inf,inf,inf,inf,inf,8.111664772033691,8.063385963439941,8.01811695098877,7.975780010223389,8.278728485107422,inf,inf,inf,inf,inf,inf,inf,inf,inf,inf,inf,inf,inf,inf,inf,inf,inf,inf,inf,inf,inf,inf,inf,inf,inf,inf,inf,inf,inf,inf,inf,inf,inf,inf,inf,inf,inf,inf,inf,inf,inf,inf,inf,inf,inf,inf,inf,inf,inf,inf,inf,inf,inf,inf,inf,inf,inf,inf,inf,inf,inf,inf,inf,inf,inf,inf,inf,inf,inf,inf,inf,inf,inf,inf,inf,inf,inf,inf,inf,inf,inf,inf,inf,inf,inf,inf,inf,inf,inf,inf,inf,inf,inf,inf,inf,inf,inf,inf,inf,inf,inf,inf,inf,inf,inf,inf,inf,inf,inf,inf,inf,inf,inf,inf,inf,inf,inf,inf,inf,inf,inf,inf,inf,inf,inf,inf,inf,inf,inf,inf,inf,inf,inf,inf,inf,inf,inf,inf,inf,inf,inf,inf,inf,inf,inf,inf,inf,inf,inf,inf,inf,inf,inf,inf,inf,inf,inf,inf,inf,inf,inf,inf,inf,inf,inf,inf,inf,inf,inf,inf,inf,inf,inf,inf,inf,inf,inf,inf,inf,inf,inf,inf,inf,inf,inf,inf,inf,inf,inf,inf,inf,inf,inf,inf,inf,inf,inf,inf,inf,inf,inf,inf,inf,inf,inf,inf,inf,inf,inf,inf,inf,inf,inf,inf,inf,inf,inf,inf,inf,inf,inf,inf,inf,inf,inf,inf,inf,inf,inf,inf,inf,inf,inf,inf,inf,inf,inf,inf,inf,inf,inf,6.5138020515441895,6.411006450653076,6.313305377960205,6.220412731170654,6.132062911987305,6.048012733459473,5.968036651611328,6.070590496063232,6.222654342651367,6.3845367431640625,6.557126522064209,6.741426467895508,inf,inf,inf,inf,inf,inf,inf,inf,inf,inf,inf,inf,inf,inf,inf,inf,inf,inf,inf,3.7271385192871094,3.7142386436462402,3.7025578022003174,3.6920762062072754,3.682777166366577,3.6746466159820557,3.6676719188690186,3.661841869354248,3.6571476459503174,3.6535825729370117,3.651139736175537,3.6498162746429443,3.649610757827759,3.650521755218506,3.6525516510009766,inf,inf,inf,inf,inf,inf,inf,inf,inf,9.478506088256836,9.160738945007324,9.200325965881348,9.243096351623535,9.289124488830566,9.338481903076172,9.39125919342041,inf,inf,inf,inf,inf,inf,inf,inf,inf
1771970303903998274,-3.140000104904175,0.01749303564429283,inf,inf,inf,inf,inf,inf,8.916831970214844,8.68916130065918,8.47535514831543,4.441490650177002,4.339861869812012,4.244049549102783,4.15362024307251,4.068182468414307,3.987384557723999,3.9109067916870117,3.8384604454040527,3.7697813510894775,3.7149455547332764,3.7831003665924072,3.855004072189331,3.9309210777282715,4.011138916015625,4.095980167388916,4.185795783996582,4.280977249145508,4.381959915161133,inf,inf,inf,inf,inf,inf,inf,inf,inf,inf,inf,inf,inf,inf,inf,8.189738273620605,8.138191223144531,8.089749336242676,8.044327735900879,8.007417678833008,inf,inf,inf,inf,inf,inf,inf,inf,inf,inf,inf,inf,inf,inf,inf,inf,inf,inf,inf,inf,inf,inf,inf,inf,inf,inf,inf,inf,inf,inf,inf,inf,inf,inf,inf,inf,inf,inf,inf,inf,inf,inf,inf,inf,inf,inf,inf,inf,inf,inf,inf,inf,inf,inf,inf,inf,inf,inf,inf,inf,inf,inf,inf,inf,inf,inf,inf,inf,inf,inf,inf,inf,inf,inf,inf,inf,inf,inf,inf,inf,inf,inf,inf,inf,inf,inf,inf,inf,inf,inf,inf,inf,inf,inf,inf,inf,inf,inf,inf,inf,inf,inf,inf,inf,inf,inf,inf,inf,inf,inf,inf,inf,inf,inf,inf,inf,inf,inf,inf,inf,inf,inf,inf,inf,inf,inf,inf,inf,inf,inf,inf,inf,inf,inf,inf,inf,inf,inf,inf,inf,inf,inf,inf,inf,inf,inf,inf,inf,inf,inf,inf,inf,inf,inf,inf,inf,inf,inf,inf,inf,inf,inf,inf,inf,inf,inf,inf,inf,inf,inf,inf,inf,inf,inf,inf,inf,inf,inf,inf,inf,inf,inf,inf,inf,inf,inf,inf,inf,inf,inf,inf,inf,inf,inf,inf,inf,inf,inf,inf,inf,inf,inf,inf,inf,inf,inf,inf,inf,inf,inf,inf,inf,inf,inf,inf,inf,inf,inf,inf,inf,inf,inf,inf,inf,inf,inf,inf,inf,inf,inf,inf,inf,inf,inf,inf,inf,inf,inf,inf,inf,inf,inf,6.579150199890137,6.475318908691406,6.376633644104004,6.282805442810059,6.193566799163818,6.108670234680176,6.027888774871826,6.027848243713379,6.178835868835449,6.339571952819824,6.51093864440918,6.693933486938477,inf,inf,inf,inf,inf,inf,inf,inf,inf,inf,inf,inf,inf,inf,inf,inf,inf,inf,inf,inf,3.7629799842834473,3.7511444091796875,3.7405240535736084,3.7311017513275146,3.72286319732666,3.7157957553863525,3.7098875045776367,3.7051308155059814,3.70151686668396,3.6990413665771484,3.697699785232544,3.6974899768829346,3.6984121799468994,3.700467348098755,3.703658103942871,inf,inf,inf,inf,inf,inf,inf,inf,9.595749855041504,9.209905624389648,9.249701499938965,9.292699813842773,9.338970184326172,9.388589859008789,9.441646575927734,inf,inf,inf,inf,inf,inf,inf,inf,inf
1771970304255069597,-3.140000104904175,0.01749303564429283,inf,inf,inf,inf,inf,inf,8.958806991577148,8.730056762695312,8.515235900878906,4.480317115783691,4.377795696258545,4.281141757965088,4.189918518066406,4.103731155395508,4.022223949432373,3.945075035095215,3.871993064880371,3.802711248397827,3.77829909324646,3.8476133346557617,3.9207401275634766,3.99794864654541,4.079531669616699,4.1658148765563965,4.257158279418945,4.353959083557129,4.456659317016602,inf,inf,inf,inf,inf,inf,inf,inf,inf,inf,inf,inf,inf,inf,inf,8.214301109313965,8.162598609924316,8.11401081085205,8.068451881408691,8.110377311706543,inf,inf,inf,inf,inf,inf,inf,inf,inf,inf,inf,inf,inf,inf,inf,inf,inf,inf,inf,inf,inf,inf,inf,inf,inf,inf,inf,inf,inf,inf,inf,inf,inf,inf,inf,inf,inf,inf,inf,inf,inf,inf,inf,inf,inf,inf,inf,inf,inf,inf,inf,inf,inf,inf,inf,inf,inf,inf,inf,inf,inf,inf,inf,inf,inf,inf,inf,inf,inf,inf,inf,inf,inf,inf,inf,inf,inf,inf,inf,inf,inf,inf,inf,inf,inf,inf,inf,inf,inf,inf,inf,inf,inf,inf,inf,inf,inf,inf,inf,inf,inf,inf,inf,inf,inf,inf,inf,inf,inf,inf,inf,inf,inf,inf,inf,inf,inf,inf,inf,inf,inf,inf,inf,inf,inf,inf,inf,inf,inf,inf,inf,inf,inf,inf,inf,inf,inf,inf,inf,inf,inf,inf,inf,inf,inf,inf,inf,inf,inf,inf,inf,inf,inf,inf,inf,inf,inf,inf,inf,inf,inf,inf,inf,inf,inf,inf,inf,inf,inf,inf,inf,inf,inf,inf,inf,inf,inf,inf,inf,inf,inf,inf,inf,inf,inf,inf,inf,inf,inf,inf,inf,inf,inf,inf,inf,inf,inf,inf,inf,inf,inf,inf,inf,inf,inf,inf,inf,inf,inf,inf,inf,inf,inf,inf,inf,inf,inf,inf,inf,inf,inf,inf,inf,inf,inf,inf,inf,inf,inf,inf,inf,inf,8.832167625427246,inf,inf,inf,inf,inf,inf,inf,inf,inf,inf,6.534940719604492,6.4353437423706055,6.340648174285889,6.250584125518799,6.164903163909912,6.083374977111816,6.005789756774902,6.138209342956543,6.29788064956665,6.468114376068115,6.649896144866943,inf,inf,inf,inf,inf,inf,inf,inf,inf,inf,inf,inf,inf,inf,inf,inf,inf,inf,inf,inf,3.8081579208374023,3.7961783409118652,3.7854292392730713,3.775892734527588,3.767554521560669,3.7604000568389893,3.754420757293701,3.749605178833008,3.7459471225738525,3.7434401512145996,3.7420806884765625,3.741868019104004,3.7427995204925537,3.744878053665161,3.748106002807617,inf,inf,inf,inf,inf,inf,inf,inf,9.704523086547852,9.255473136901855,9.295461654663086,9.338668823242188,9.385165214538574,9.435027122497559,9.488343238830566,inf,inf,inf,inf,inf,inf,inf,inf,inf
1771970304434357662,-3.140000104904175,0.01749303564429283,inf,inf,inf,inf,inf,inf,9.042326927185059,8.809834480285645,8.591560363769531,4.536514759063721,4.432009220123291,4.333506107330322,4.240556240081787,4.1527533531188965,4.069733142852783,3.991164445877075,3.916748285293579,3.8462111949920654,3.825432062149048,3.895150899887085,3.968696117401123,4.046332836151123,4.128355026245117,4.215089321136475,4.306893348693848,4.404160976409912,4.507335186004639,inf,inf,inf,inf,inf,inf,inf,inf,inf,inf,inf,inf,inf,inf,inf,8.246939659118652,8.194512367248535,8.145224571228027,8.09898853302002,8.167200088500977,inf,inf,inf,inf,inf,inf,inf,inf,inf,inf,inf,inf,inf,inf,inf,inf,inf,inf,inf,inf,inf,inf,inf,inf,inf,inf,inf,inf,inf,inf,inf,inf,inf,inf,inf,inf,inf,inf,inf,inf,inf,inf,inf,inf,inf,inf,inf,inf,inf,inf,inf,inf,inf,inf,inf,inf,inf,inf,inf,inf,inf,inf,inf,inf,inf,inf,inf,inf,inf,inf,inf,inf,inf,inf,inf,inf,inf,inf,inf,inf,inf,inf,inf,inf,inf,inf,inf,inf,inf,inf,inf,inf,inf,inf,inf,inf,inf,inf,inf,inf,inf,inf,inf,inf,inf,inf,inf,inf,inf,inf,inf,inf,inf,inf,inf,inf,inf,inf,inf,inf,inf,inf,inf,inf,inf,inf,inf,inf,inf,inf,inf,inf,inf,inf,inf,inf,inf,inf,inf,inf,inf,inf,inf,inf,inf,inf,inf,inf,inf,inf,inf,inf,inf,inf,inf,inf,inf,inf,inf,inf,inf,inf,inf,inf,inf,inf,inf,inf,inf,inf,inf,inf,inf,inf,inf,inf,inf,inf,inf,inf,inf,inf,inf,inf,inf,inf,inf,inf,inf,inf,inf,inf,inf,inf,inf,inf,inf,inf,inf,inf,inf,inf,inf,inf,inf,inf,inf,inf,inf,inf,inf,inf,inf,inf,inf,inf,inf,inf,inf,inf,inf,inf,inf,inf,inf,inf,inf,inf,inf,inf,inf,inf,inf,inf,inf,inf,inf,inf,inf,inf,inf,inf,inf,6.610376358032227,6.508969306945801,6.412561416625977,6.320873737335205,6.233649253845215,6.1506571769714355,6.071680068969727,6.071848392486572,6.228679180145264,6.3958353996276855,6.574277877807617,6.765092372894287,inf,inf,inf,inf,inf,inf,inf,inf,inf,inf,inf,inf,inf,inf,inf,inf,inf,inf,inf,inf,3.8408195972442627,3.8297204971313477,3.8198492527008057,3.8111934661865234,3.803736925125122,3.7974703311920166,3.792382001876831,3.7884650230407715,3.7857139110565186,3.784123659133911,3.783691883087158,3.7844181060791016,3.786303997039795,3.789350986480713,3.7935659885406494,inf,inf,inf,inf,inf,inf,inf,9.953923225402832,9.291376113891602,9.330957412719727,9.373758316040039,9.419849395751953,9.469306945800781,9.522217750549316,inf,inf,inf,inf,inf,inf,inf,inf,inf
1771970304616409578,-3.140000104904175,0.01749303564429283,inf,inf,inf,inf,inf,inf,inf,inf,inf,inf,8.949544906616211,8.723214149475098,8.510587692260742,4.500842094421387,4.398802757263184,4.30257511138916,4.211728096008301,4.125875473022461,4.044665336608887,3.9677810668945312,3.8949356079101562,3.8258652687072754,3.8763177394866943,3.9480834007263184,4.023810386657715,4.1037797927856445,4.188300132751465,4.277711391448975,4.372389793395996,4.472755432128906,inf,inf,inf,inf,inf,inf,inf,inf,inf,inf,inf,inf,inf,inf,inf,inf,8.231108665466309,8.180028915405273,8.132052421569824,8.087095260620117,inf,inf,inf,inf,inf,inf,inf,inf,inf,inf,inf,inf,inf,inf,inf,inf,inf,inf,inf,inf,inf,inf,inf,inf,inf,inf,inf,inf,inf,inf,inf,inf,inf,inf,inf,inf,inf,inf,inf,inf,inf,inf,inf,inf,inf,inf,inf,inf,inf,inf,inf,inf,inf,inf,inf,inf,inf,inf,inf,inf,inf,inf,inf,inf,inf,inf,inf,inf,inf,inf,inf,inf,inf,inf,inf,inf,inf,inf,inf,inf,inf,inf,inf,inf,inf,inf,inf,inf,inf,inf,inf,inf,inf,inf,inf,inf,inf,inf,inf,inf,inf,inf,inf,inf,inf,inf,inf,inf,inf,inf,inf,inf,inf,inf,inf,inf,inf,inf,inf,inf,inf,inf,inf,inf,inf,inf,inf,inf,inf,inf,inf,inf,inf,inf,inf,inf,inf,inf,inf,inf,inf,inf,inf,inf,inf,inf,inf,inf,inf,inf,inf,inf,inf,inf,inf,inf,inf,inf,inf,inf,inf,inf,inf,inf,inf,inf,inf,inf,inf,inf,inf,inf,inf,inf,inf,inf,inf,inf,inf,inf,inf,inf,inf,inf,inf,inf,inf,inf,inf,inf,inf,inf,inf,inf,inf,inf,inf,inf,inf,inf,inf,inf,inf,inf,inf,inf,inf,inf,inf,inf,inf,inf,inf,inf,inf,inf,inf,inf,inf,inf,inf,inf,inf,inf,inf,inf,inf,inf,inf,inf,inf,inf,inf,8.845752716064453,inf,inf,inf,inf,inf,inf,inf,inf,inf,inf,6.583540439605713,6.4841084480285645,6.389559745788574,6.2996296882629395,6.214071273803711,6.132657051086426,6.055176258087158,6.128129959106445,6.289120197296143,6.46082878112793,6.644265174865723,6.840577602386475,inf,inf,inf,inf,inf,inf,inf,inf,inf,inf,inf,inf,inf,inf,inf,inf,inf,inf,inf,3.8619155883789062,3.8500816822052,3.839491367340088,3.8301279544830322,3.8219761848449707,3.8150243759155273,3.8092613220214844,3.804678201675415,3.801267385482788,3.799025535583496,3.7979464530944824,3.798029899597168,3.79927659034729,3.801687240600586,3.8052666187286377,inf,inf,inf,inf,inf,inf,inf,inf,9.638958930969238,9.323151588439941,9.364221572875977,9.408544540405273,9.456198692321777,9.5072603225708,9.561820030212402,inf,inf,inf,inf,inf
1771970304756648341,-3.140000104904175,0.01749303564429283,9.089744567871094,9.091381072998047,9.09580135345459,9.103012084960938,9.113025665283203,9.12585735321045,9.141526222229004,9.160056114196777,9.181477546691895,9.205821990966797,9.233129501342773,9.263442039489746,9.296808242797852,9.023977279663086,8.793318748474121,8.576716423034668,4.537430286407471,4.433496475219727,4.335514068603516,4.243039608001709,4.155672550201416,4.073052406311035,3.994851589202881,3.9207746982574463,3.850551128387451,3.8715665340423584,3.942549467086792,4.01743745803833,4.096501350402832,4.1800456047058105,4.268402099609375,4.361937046051025,4.4610595703125,4.566220760345459,10.985669136047363,11.119382858276367,11.259880065917969,11.407508850097656,11.562644958496094,11.725696563720703,11.89710521697998,inf,inf,inf,inf,inf,inf,inf,inf,8.259222984313965,8.206924438476562,8.157764434814453,8.111658096313477,8.36382007598877,inf,inf,inf,inf,inf,inf,inf,inf,inf,inf,inf,inf,inf,inf,inf,inf,inf,inf,inf,inf,inf,inf,inf,inf,inf,inf,inf,inf,inf,inf,inf,inf,inf,inf,inf,inf,inf,inf,inf,inf,inf,inf,inf,inf,inf,inf,inf,inf,inf,inf,inf,inf,inf,inf,inf,inf,inf,inf,inf,inf,inf,inf,inf,inf,inf,inf,inf,inf,inf,inf,inf,inf,inf,inf,inf,inf,inf,inf,inf,inf,inf,inf,inf,inf,inf,inf,inf,inf,inf,inf,inf,inf,inf,inf,inf,inf,inf,inf,inf,inf,inf,inf,inf,inf,inf,inf,inf,inf,inf,inf,inf,inf,inf,inf,inf,inf,inf,inf,inf,inf,inf,inf,inf,inf,inf,inf,inf,inf,inf,inf,inf,inf,inf,inf,inf,inf,inf,inf,inf,inf,inf,inf,inf,inf,inf,inf,inf,inf,inf,inf,inf,inf,inf,inf,inf,inf,inf,inf,inf,inf,inf,inf,inf,inf,inf,inf,inf,inf,inf,inf,inf,inf,inf,inf,inf,inf,inf,inf,inf,inf,inf,inf,inf,inf,inf,inf,inf,inf,inf,inf,inf,inf,inf,inf,inf,inf,inf,inf,inf,inf,inf,inf,inf,inf,inf,inf,inf,inf,inf,inf,inf,inf,inf,inf,inf,inf,inf,inf,inf,inf,inf,inf,inf,inf,inf,inf,inf,inf,inf,inf,inf,inf,inf,inf,inf,inf,inf,inf,inf,inf,inf,inf,inf,6.6260905265808105,6.5250444412231445,6.4289727210998535,6.33759880065918,6.250671863555908,6.1679606437683105,6.089247703552246,6.077754497528076,6.235683917999268,6.404052734375,6.583835601806641,6.776137828826904,inf,inf,inf,inf,inf,inf,inf,inf,inf,inf,11.898167610168457,11.726707458496094,11.563606262207031,11.40842342376709,11.260750770568848,11.120211601257324,10.986457824707031,10.859166145324707,10.738039016723633,10.622797966003418,3.863703727722168,3.8527426719665527,3.8430159091949463,3.83450984954834,3.8272087574005127,3.8211026191711426,3.8161821365356445,3.8124396800994873,3.809868335723877,3.8084652423858643,3.8082284927368164,3.809156894683838,3.8112528324127197,3.8145182132720947,3.8189594745635986,9.416064262390137,9.373172760009766,9.333512306213379,9.297019004821777,9.26363468170166,9.23330307006836,9.205978393554688,9.181615829467773,9.160177230834961,9.141629219055176,9.125943183898926,9.1130952835083,9.10306453704834,9.095836639404297,9.091399192810059,9.089746475219727
1771970304913365919,-3.140000104904175,0.01749303564429283,inf,inf,inf,inf,inf,inf,inf,inf,inf,inf,inf,inf,inf,inf,8.90596866607666,8.683613777160645,4.605659484863281,4.498762607574463,4.3980302810668945,4.302998065948486,4.213247299194336,4.128401756286621,4.048120498657227,3.9720940589904785,3.9000422954559326,3.9101169109344482,3.980856418609619,4.0554680824279785,4.134218215942383,4.217403888702393,4.305349826812744,4.398415565490723,4.497002124786377,4.60154914855957,inf,inf,inf,inf,inf,inf,inf,inf,inf,inf,inf,inf,inf,inf,inf,8.28808307647705,8.234789848327637,8.184666633605957,8.137625694274902,8.311113357543945,inf,inf,inf,inf,inf,inf,inf,inf,inf,inf,inf,inf,inf,inf,inf,inf,inf,inf,inf,inf,inf,inf,inf,inf,inf,inf,inf,inf,inf,inf,inf,inf,inf,inf,inf,inf,inf,inf,inf,inf,inf,inf,inf,inf,inf,inf,inf,inf,inf,inf,inf,inf,inf,inf,inf,inf,inf,inf,inf,inf,inf,inf,inf,inf,inf,inf,inf,inf,inf,inf,inf,inf,inf,inf,inf,inf,inf,inf,inf,inf,inf,inf,inf,inf,inf,inf,inf,inf,inf,inf,inf,inf,inf,inf,inf,inf,inf,inf,inf,inf,inf,inf,inf,inf,inf,inf,inf,inf,inf,inf,inf,inf,inf,inf,inf,inf,inf,inf,inf,inf,inf,inf,inf,inf,inf,inf,inf,inf,inf,inf,inf,inf,inf,inf,inf,inf,inf,inf,inf,inf,inf,inf,inf,inf,inf,inf,inf,inf,inf,inf,inf,inf,inf,inf,inf,inf,inf,inf,inf,inf,inf,inf,inf,inf,inf,inf,inf,inf,inf,inf,inf,inf,inf,inf,inf,inf,inf,inf,inf,inf,inf,inf,inf,inf,inf,inf,inf,inf,inf,inf,inf,inf,inf,inf,inf,inf,inf,inf,inf,inf,inf,inf,inf,inf,inf,inf,inf,inf,inf,inf,inf,inf,inf,inf,inf,inf,inf,inf,inf,inf,inf,inf,inf,inf,inf,inf,inf,inf,inf,inf,inf,inf,inf,8.866759300231934,inf,inf,inf,inf,inf,inf,inf,inf,inf,inf,6.622073650360107,6.523269176483154,6.429308891296387,6.339929580688477,6.254887580871582,6.173962116241455,6.0969462394714355,6.146226406097412,6.309853553771973,6.484470367431641,6.671126365661621,6.871011257171631,inf,inf,inf,inf,inf,inf,inf,inf,inf,inf,inf,inf,inf,inf,inf,inf,inf,inf,inf,3.9139487743377686,3.9023818969726562,3.892071485519409,3.8829989433288574,3.8751535415649414,3.8685195446014404,3.863088607788086,3.8588521480560303,3.855804204940796,3.853938579559326,3.8532536029815674,3.853748083114624,3.855422258377075,3.85827898979187,3.8623228073120117,inf,inf,inf,inf,inf,inf,inf,10.258009910583496,9.476027488708496,9.394135475158691,9.43658447265625,9.482332229614258,9.531458854675293,9.584044456481934,inf,inf
1771970305073942819,-3.140000104904175,0.01749303564429283,inf,inf,inf,inf,inf,inf,inf,inf,inf,inf,inf,inf,inf,inf,8.940071105957031,8.7167329788208,4.636390686035156,4.5287184715271,4.427257061004639,4.331540107727051,4.241143703460693,4.155688762664795,4.074832439422607,3.9982619285583496,3.9256951808929443,3.9755873680114746,4.04747200012207,4.123289108276367,4.203311443328857,4.287838459014893,4.377202987670898,4.471768379211426,4.571939945220947,inf,inf,inf,inf,inf,inf,inf,inf,inf,inf,inf,inf,inf,inf,inf,inf,8.307246208190918,8.2537841796875,8.203500747680664,8.156307220458984,8.466222763061523,inf,inf,inf,inf,inf,inf,inf,inf,inf,inf,inf,inf,inf,inf,inf,inf,inf,inf,inf,inf,inf,inf,inf,inf,inf,inf,inf,inf,inf,inf,inf,inf,inf,inf,inf,inf,inf,inf,inf,inf,inf,inf,inf,inf,inf,inf,inf,inf,inf,inf,inf,inf,inf,inf,inf,inf,inf,inf,inf,inf,inf,inf,inf,inf,inf,inf,inf,inf,inf,inf,inf,inf,inf,inf,inf,inf,inf,inf,inf,inf,inf,inf,inf,inf,inf,inf,inf,inf,inf,inf,inf,inf,inf,inf,inf,inf,inf,inf,inf,inf,inf,inf,inf,inf,inf,inf,inf,inf,inf,inf,inf,inf,inf,inf,inf,inf,inf,inf,inf,inf,inf,inf,inf,inf,inf,inf,inf,inf,inf,inf,inf,inf,inf,inf,inf,inf,inf,inf,inf,inf,inf,inf,inf,inf,inf,inf,inf,inf,inf,inf,inf,inf,inf,inf,inf,inf,inf,inf,inf,inf,inf,inf,inf,inf,inf,inf,inf,inf,inf,inf,inf,inf,inf,inf,inf,inf,inf,inf,inf,inf,inf,inf,inf,inf,inf,inf,inf,inf,inf,inf,inf,inf,inf,inf,inf,inf,inf,inf,inf,inf,inf,inf,inf,inf,inf,inf,inf,inf,inf,inf,inf,inf,inf,inf,inf,inf,inf,inf,inf,inf,inf,inf,inf,inf,inf,inf,inf,inf,inf,inf,inf,inf,inf,inf,inf,inf,inf,inf,inf,inf,inf,inf,inf,inf,6.686024188995361,6.58621072769165,6.491290092468262,6.400997638702393,6.315088748931885,6.23333740234375,6.155534267425537,6.113263130187988,6.275913715362549,6.449483871459961,6.635015964508057,6.833690166473389,inf,inf,inf,inf,inf,inf,inf,inf,inf,inf,inf,inf,inf,inf,inf,inf,inf,inf,inf,inf,3.9500701427459717,3.939613103866577,3.9304113388061523,3.9224488735198975,3.915715456008911,3.9101996421813965,3.905892848968506,3.902787923812866,3.9008803367614746,3.9001688957214355,3.9006500244140625,3.9023258686065674,3.905198097229004,3.9092724323272705,inf,inf,inf,inf,inf,inf,inf,10.354231834411621,9.563911437988281,9.44182300567627,9.4844388961792,9.530369758605957,9.579693794250488,9.63249397277832,inf,inf
1771970305319021002,-3.140000104904175,0.01749303564429283,inf,inf,inf,inf,inf,inf,inf,inf,inf,inf,inf,inf,inf,9.211252212524414,8.972496032714844,8.748414993286133,4.6681132316589355,4.5597357749938965,4.457609176635742,4.361262798309326,4.270272254943848,4.1842546463012695,4.102865219116211,4.025789737701416,3.981501340866089,4.051015377044678,4.1242852210998535,4.201562404632568,4.283126354217529,4.369284629821777,4.460371494293213,4.5567626953125,4.658867835998535,inf,inf,inf,inf,inf,inf,inf,inf,inf,inf,inf,inf,inf,inf,inf,8.384239196777344,8.327390670776367,8.273822784423828,8.22343921661377,8.191413879394531,inf,inf,inf,inf,inf,inf,inf,inf,inf,inf,inf,inf,inf,inf,inf,inf,inf,inf,inf,inf,inf,inf,inf,inf,inf,inf,inf,inf,inf,inf,inf,inf,inf,inf,inf,inf,inf,inf,inf,inf,inf,inf,inf,inf,inf,inf,inf,inf,inf,inf,inf,inf,inf,inf,inf,inf,inf,inf,inf,inf,inf,inf,inf,inf,inf,inf,inf,inf,inf,inf,inf,inf,inf,inf,inf,inf,inf,inf,inf,inf,inf,inf,inf,inf,inf,inf,inf,inf,inf,inf,inf,inf,inf,inf,inf,inf,inf,inf,inf,inf,inf,inf,inf,inf,inf,inf,inf,inf,inf,inf,inf,inf,inf,inf,inf,inf,inf,inf,inf,inf,inf,inf,inf,inf,inf,inf,inf,inf,inf,inf,inf,inf,inf,inf,inf,inf,inf,inf,inf,inf,inf,inf,inf,inf,inf,inf,inf,inf,inf,inf,inf,inf,inf,inf,inf,inf,inf,inf,inf,inf,inf,inf,inf,inf,inf,inf,inf,inf,inf,inf,inf,inf,inf,inf,inf,inf,inf,inf,inf,inf,inf,inf,inf,inf,inf,inf,inf,inf,inf,inf,inf,inf,inf,inf,inf,inf,inf,inf,inf,inf,inf,inf,inf,inf,inf,inf,inf,inf,inf,inf,inf,inf,inf,inf,inf,inf,inf,inf,inf,inf,inf,inf,inf,inf,inf,inf,inf,inf,inf,inf,inf,inf,inf,inf,inf,inf,inf,inf,inf,inf,inf,inf,inf,inf,inf,inf,6.654482364654541,6.558605194091797,6.467402935028076,6.380626201629639,6.298050880432129,6.21946382522583,6.144670486450195,6.242071628570557,6.414759635925293,6.59935188293457,6.797022819519043,inf,inf,inf,inf,inf,inf,inf,inf,inf,inf,inf,inf,inf,inf,inf,inf,inf,inf,inf,inf,4.003412246704102,3.992824077606201,3.9835078716278076,3.9754488468170166,3.9686336517333984,3.963052749633789,3.9586973190307617,3.9555604457855225,3.9536373615264893,3.952924966812134,3.9534225463867188,3.9551303386688232,3.958052396774292,3.962191104888916,3.9675538539886475,inf,inf,inf,inf,inf,inf,10.440418243408203,9.644031524658203,9.49651050567627,9.539398193359375,9.585619926452637,9.63525676727295,9.68838882446289,inf,inf
1771970305472037964,-3.140000104904175,0.01749303564429283,inf,inf,inf,inf,inf,inf,inf,inf,inf,inf,inf,inf,inf,9.242753982543945,9.003173828125,8.7783203125,4.697221279144287,4.588164806365967,4.48539924621582,4.388449668884277,4.296888828277588,4.210332870483398,4.128433704376221,4.050876140594482,4.04692268371582,4.1175761222839355,4.192047119140625,4.270593166351318,4.3534955978393555,4.441065311431885,4.533647060394287,4.631618022918701,4.735398292541504,inf,inf,inf,inf,inf,inf,inf,inf,inf,inf,inf,inf,inf,inf,inf,8.40281867980957,8.345839500427246,8.292147636413574,8.24164867401123,8.33292007446289,inf,inf,inf,inf,inf,inf,inf,inf,inf,inf,inf,inf,inf,inf,inf,inf,inf,inf,inf,inf,inf,inf,inf,inf,inf,inf,inf,inf,inf,inf,inf,inf,inf,inf,inf,inf,inf,inf,inf,inf,inf,inf,inf,inf,inf,inf,inf,inf,inf,inf,inf,inf,inf,inf,inf,inf,inf,inf,inf,inf,inf,inf,inf,inf,inf,inf,inf,inf,inf,inf,inf,inf,inf,inf,inf,inf,inf,inf,inf,inf,inf,inf,inf,inf,inf,inf,inf,inf,inf,inf,inf,inf,inf,inf,inf,inf,inf,inf,inf,inf,inf,inf,inf,inf,inf,inf,inf,inf,inf,inf,inf,inf,inf,inf,inf,inf,inf,inf,inf,inf,inf,inf,inf,inf,inf,inf,inf,inf,inf,inf,inf,inf,inf,inf,inf,inf,inf,inf,inf,inf,inf,inf,inf,inf,inf,inf,inf,inf,inf,inf,inf,inf,inf,inf,inf,inf,inf,inf,inf,inf,inf,inf,inf,inf,inf,inf,inf,inf,inf,inf,inf,inf,inf,inf,inf,inf,inf,inf,inf,inf,inf,inf,inf,inf,inf,inf,inf,inf,inf,inf,inf,inf,inf,inf,inf,inf,inf,inf,inf,inf,inf,inf,inf,inf,inf,inf,inf,inf,inf,inf,inf,inf,inf,inf,inf,inf,inf,inf,inf,inf,inf,inf,inf,inf,inf,inf,inf,inf,inf,inf,inf,inf,inf,inf,inf,8.908160209655762,inf,inf,inf,inf,inf,inf,inf,inf,inf,inf,6.716001987457275,6.619235992431641,6.527187347412109,6.4396071434021,6.356266498565674,6.276949882507324,6.20146369934082,6.210628509521484,6.382441520690918,6.566098690032959,6.7627668380737305,6.973782062530518,inf,inf,inf,inf,inf,inf,inf,inf,inf,inf,inf,inf,inf,inf,inf,inf,inf,inf,inf,inf,4.040249824523926,4.030822277069092,4.022665977478027,4.0157694816589355,4.0101213455200195,4.005712985992432,4.002537727355957,4.0005903244018555,3.9998695850372314,4.00037145614624,4.00209903717041,4.005054473876953,4.009241104125977,4.014666557312012,inf,inf,inf,inf,inf,inf,inf,9.72109603881836,9.544848442077637,9.587949752807617,9.634406089782715,9.68429183959961,9.737691879272461,inf,inf
1771970305768059705,-3.140000104904175,0.01749303564429283,inf,inf,inf,inf,inf,inf,inf,inf,inf,inf,inf,inf,inf,9.327957153320312,9.084277153015137,8.855646133422852,4.751674175262451,4.640521049499512,4.535805702209473,4.437039375305176,4.343783855438232,4.255642890930176,4.1722588539123535,4.093308448791504,4.103086471557617,4.174197673797607,4.24914026260376,4.328171253204346,4.4115729331970215,4.499657154083252,4.592763900756836,4.691269874572754,4.795595169067383,inf,inf,inf,inf,inf,inf,inf,inf,inf,inf,inf,inf,inf,inf,inf,8.434414863586426,8.376608848571777,8.322117805480957,8.270846366882324,8.40282917022705,inf,inf,inf,inf,inf,inf,inf,inf,inf,inf,inf,inf,inf,inf,inf,inf,inf,inf,inf,inf,inf,inf,inf,inf,inf,inf,inf,inf,inf,inf,inf,inf,inf,inf,inf,inf,inf,inf,inf,inf,inf,inf,inf,inf,inf,inf,inf,inf,inf,inf,inf,inf,inf,inf,inf,inf,inf,inf,inf,inf,inf,inf,inf,inf,inf,inf,inf,inf,inf,inf,inf,inf,inf,inf,inf,inf,inf,inf,inf,inf,inf,inf,inf,inf,inf,inf,inf,inf,inf,inf,inf,inf,inf,inf,inf,inf,inf,inf,inf,inf,inf,inf,inf,inf,inf,inf,inf,inf,inf,inf,inf,inf,inf,inf,inf,inf,inf,inf,inf,inf,inf,inf,inf,inf,inf,inf,inf,inf,inf,inf,inf,inf,inf,inf,inf,inf,inf,inf,inf,inf,inf,inf,inf,inf,inf,inf,inf,inf,inf,inf,inf,inf,inf,inf,inf,inf,inf,inf,inf,inf,inf,inf,inf,inf,inf,inf,inf,inf,inf,inf,inf,inf,inf,inf,inf,inf,inf,inf,inf,inf,inf,inf,inf,inf,inf,inf,inf,inf,inf,inf,inf,inf,inf,inf,inf,inf,inf,inf,inf,inf,inf,inf,inf,inf,inf,inf,inf,inf,inf,inf,inf,inf,inf,inf,inf,inf,inf,inf,inf,inf,inf,inf,inf,inf,inf,inf,inf,inf,inf,inf,inf,inf,inf,inf,inf,inf,inf,inf,inf,inf,inf,inf,inf,inf,inf,inf,inf,6.704520225524902,6.610592842102051,6.521229267120361,6.436192035675049,6.355264663696289,6.278243541717529,6.20494270324707,6.31183385848999,6.491966724395752,6.684788227081299,6.891587257385254,inf,inf,inf,inf,inf,inf,inf,inf,inf,inf,inf,inf,inf,inf,inf,inf,inf,inf,inf,inf,4.093571186065674,4.083754062652588,4.075228214263916,4.067979335784912,4.061997413635254,4.057272911071777,4.053797721862793,4.051568508148193,4.05057954788208,4.050830841064453,4.052321434020996,4.055054664611816,4.059034824371338,4.064267635345459,inf,inf,inf,inf,inf,inf,inf,9.960043907165527,9.588446617126465,9.631091117858887,9.677094459533691,9.72652816772461,9.779478073120117,9.836033821105957,inf
1771970305931904999,-3.140000104904175,0.01749303564429283,9.730199813842773,9.782410621643066,9.838212013244629,inf,inf,inf,inf,inf,inf,inf,inf,inf,inf,inf,inf,inf,inf,9.191949844360352,8.957029342651367,4.808006286621094,4.693836212158203,4.586333751678467,4.484986782073975,4.389336585998535,4.2989678382873535,4.213509559631348,4.132622241973877,4.09515380859375,4.165097713470459,4.238792896270752,4.316486835479736,4.398454189300537,4.4849934577941895,4.57643461227417,4.673141956329346,4.775517463684082,inf,inf,inf,inf,inf,inf,inf,inf,inf,inf,inf,inf,inf,inf,inf,8.474717140197754,8.405592918395996,8.34970474243164,8.297077178955078,8.28226089477539,inf,inf,inf,inf,inf,inf,inf,inf,inf,inf,inf,inf,inf,inf,inf,inf,inf,inf,inf,inf,inf,inf,inf,inf,inf,inf,inf,inf,inf,inf,inf,inf,inf,inf,inf,inf,inf,inf,inf,inf,inf,inf,inf,inf,inf,inf,inf,inf,inf,inf,inf,inf,inf,inf,inf,inf,inf,inf,inf,inf,inf,inf,inf,inf,inf,inf,inf,inf,inf,inf,inf,inf,inf,inf,inf,inf,inf,inf,inf,inf,inf,inf,inf,inf,inf,inf,inf,inf,inf,inf,inf,inf,inf,inf,inf,inf,inf,inf,inf,inf,inf,inf,inf,inf,inf,inf,inf,inf,inf,inf,inf,inf,inf,inf,inf,inf,inf,inf,inf,inf,inf,inf,inf,inf,inf,inf,inf,inf,inf,inf,inf,inf,inf,inf,inf,inf,inf,inf,inf,inf,inf,inf,inf,inf,inf,inf,inf,inf,inf,inf,inf,inf,inf,inf,inf,inf,inf,inf,inf,inf,inf,inf,inf,inf,inf,inf,inf,inf,inf,inf,inf,inf,inf,inf,inf,inf,inf,inf,inf,inf,inf,inf,inf,inf,inf,inf,inf,inf,inf,inf,inf,inf,inf,inf,inf,inf,inf,inf,inf,inf,inf,inf,inf,inf,inf,inf,inf,inf,inf,inf,inf,inf,inf,inf,inf,inf,inf,inf,inf,inf,inf,inf,inf,inf,inf,inf,inf,inf,inf,inf,inf,inf,inf,inf,inf,inf,8.939230918884277,inf,inf,inf,inf,inf,inf,inf,inf,inf,inf,6.764017105102539,6.6678547859191895,6.5763726234436035,6.489326000213623,6.406488418579102,6.3276495933532715,6.25261926651001,6.231800079345703,6.406771659851074,6.593928337097168,6.794490814208984,7.0098490715026855,inf,inf,inf,inf,inf,inf,inf,inf,inf,inf,inf,inf,inf,inf,inf,inf,inf,inf,inf,inf,4.102584362030029,4.093493461608887,4.085689067840576,4.079160690307617,4.073897838592529,4.069892883300781,4.067138195037842,4.065630912780762,4.065367698669434,4.066349029541016,4.068576335906982,4.072052955627441,4.076784133911133,4.0827765464782715,inf,inf,inf,inf,inf,inf,10.312591552734375,9.586970329284668,9.628314971923828,9.672991752624512,9.72107219696045
1771970306313802978,-3.140000104904175,0.01749303564429283,9.690083503723145,9.73733139038086,9.788052558898926,9.842330932617188,inf,inf,inf,inf,inf,inf,inf,inf,inf,inf,inf,inf,inf,inf,9.32191276550293,9.079449653625488,4.877599239349365,4.759775638580322,4.648900032043457,4.544430732727051,4.445883750915527,4.3528242111206055,4.264859199523926,4.1816325187683105,4.102895259857178,4.171823978424072,4.244429588317871,4.320952892303467,4.401657581329346,4.486833095550537,4.576799392700195,4.671905040740967,4.772539138793945,inf,inf,inf,inf,inf,inf,inf,inf,inf,inf,inf,inf,inf,inf,inf,inf,8.445783615112305,8.38810920715332,8.333748817443848,8.282608032226562,8.611860275268555,inf,inf,inf,inf,inf,inf,inf,inf,inf,inf,inf,inf,inf,inf,inf,inf,inf,inf,inf,inf,inf,inf,inf,inf,inf,inf,inf,inf,inf,inf,inf,inf,inf,inf,inf,inf,inf,inf,inf,inf,inf,inf,inf,inf,inf,inf,inf,inf,inf,inf,inf,inf,inf,inf,inf,inf,inf,inf,inf,inf,inf,inf,inf,inf,inf,inf,inf,inf,inf,inf,inf,inf,inf,inf,inf,inf,inf,inf,inf,inf,inf,inf,inf,inf,inf,inf,inf,inf,inf,inf,inf,inf,inf,inf,inf,inf,inf,inf,inf,inf,inf,inf,inf,inf,inf,inf,inf,inf,inf,inf,inf,inf,inf,inf,inf,inf,inf,inf,inf,inf,inf,inf,inf,inf,inf,inf,inf,inf,inf,inf,inf,inf,inf,inf,inf,inf,inf,inf,inf,inf,inf,inf,inf,inf,inf,inf,inf,inf,inf,inf,inf,inf,inf,inf,inf,inf,inf,inf,inf,inf,inf,inf,inf,inf,inf,inf,inf,inf,inf,inf,inf,inf,inf,inf,inf,inf,inf,inf,inf,inf,inf,inf,inf,inf,inf,inf,inf,inf,inf,inf,inf,inf,inf,inf,inf,inf,inf,inf,inf,inf,inf,inf,inf,inf,inf,inf,inf,inf,inf,inf,inf,inf,inf,inf,inf,inf,inf,inf,inf,inf,inf,inf,inf,inf,inf,inf,inf,inf,inf,inf,inf,inf,inf,inf,inf,inf,inf,inf,inf,inf,inf,inf,inf,inf,inf,inf,inf,6.749475002288818,6.65531587600708,6.565730094909668,6.4804792404174805,6.399348735809326,6.322134017944336,6.2486491203308105,6.30863618850708,6.48950719833374,6.683160781860352,6.890902996063232,inf,inf,inf,inf,inf,inf,inf,inf,inf,9.23696517944336,9.375594139099121,9.90320873260498,inf,inf,inf,inf,inf,inf,inf,inf,4.136317729949951,4.126550197601318,4.118086338043213,4.110912322998047,4.105017185211182,4.100392818450928,4.097029685974121,4.0949249267578125,4.094074249267578,4.094476699829102,4.096131801605225,4.099044322967529,4.103217124938965,4.108656406402588,inf,inf,inf,inf,inf,inf,inf,9.927850723266602,9.638604164123535,9.681848526000977
1771970306522157479,-3.140000104904175,0.01749303564429283,9.736568450927734,9.783597946166992,9.8341064453125,9.888181686401367,inf,inf,inf,inf,inf,inf,inf,inf,inf,inf,inf,inf,inf,inf,9.381231307983398,9.135978698730469,4.918081283569336,4.7986884117126465,4.686356067657471,4.580531597137451,4.480721950531006,4.3864827156066895,4.297413349151611,4.21315336227417,4.164004325866699,4.23361873626709,4.306941032409668,4.384212970733643,4.465700149536133,4.551692008972168,4.6425089836120605,4.7385053634643555,4.8400654792785645,inf,inf,inf,inf,inf,inf,inf,inf,inf,inf,inf,inf,inf,inf,inf,inf,8.46418571472168,8.40611457824707,8.351372718811035,8.305505752563477,inf,inf,inf,inf,inf,inf,inf,inf,inf,inf,inf,inf,inf,inf,inf,inf,inf,inf,inf,inf,inf,inf,inf,inf,inf,inf,inf,inf,inf,inf,inf,inf,inf,inf,inf,inf,inf,inf,inf,inf,inf,inf,inf,inf,inf,inf,inf,inf,inf,inf,inf,inf,inf,inf,inf,inf,inf,inf,inf,inf,inf,inf,inf,inf,inf,inf,inf,inf,inf,inf,inf,inf,inf,inf,inf,inf,inf,inf,inf,inf,inf,inf,inf,inf,inf,inf,inf,inf,inf,inf,inf,inf,inf,inf,inf,inf,inf,inf,inf,inf,inf,inf,inf,inf,inf,inf,inf,inf,inf,inf,inf,inf,inf,inf,inf,inf,inf,inf,inf,inf,inf,inf,inf,inf,inf,inf,inf,inf,inf,inf,inf,inf,inf,inf,inf,inf,inf,inf,inf,inf,inf,inf,inf,inf,inf,inf,inf,inf,inf,inf,inf,inf,inf,inf,inf,inf,inf,inf,inf,inf,inf,inf,inf,inf,inf,inf,inf,inf,inf,inf,inf,inf,inf,inf,inf,inf,inf,inf,inf,inf,inf,inf,inf,inf,inf,inf,inf,inf,inf,inf,inf,inf,inf,inf,inf,inf,inf,inf,inf,inf,inf,inf,inf,inf,inf,inf,inf,inf,inf,inf,inf,inf,inf,inf,inf,inf,inf,inf,inf,inf,inf,inf,inf,inf,inf,inf,inf,inf,inf,inf,inf,inf,inf,inf,inf,inf,inf,8.990280151367188,inf,inf,inf,inf,inf,inf,inf,inf,inf,inf,6.829278945922852,6.733537673950195,6.642446994781494,6.5557684898376465,6.473276615142822,6.394769191741943,6.320053577423096,6.259358882904053,6.437856197357178,6.628918170928955,6.8338236808776855,7.054028511047363,inf,inf,inf,inf,inf,inf,inf,inf,inf,inf,inf,inf,inf,inf,inf,inf,inf,inf,inf,inf,4.17965030670166,4.170897960662842,4.163454532623291,4.157306671142578,4.152446746826172,4.148865222930908,4.1465582847595215,4.14552116394043,4.145753383636475,4.14725399017334,4.150026321411133,4.1540751457214355,4.159404754638672,inf,inf,inf,inf,inf,inf,inf,10.094640731811523,9.685357093811035,9.728373527526855
1771970306938823484,-3.140000104904175,0.01749303564429283,9.788704872131348,9.835988998413086,9.886772155761719,9.941141128540039,inf,inf,inf,inf,inf,inf,inf,inf,inf,inf,inf,inf,inf,inf,9.405406951904297,9.159533500671387,4.941167831420898,4.821220397949219,4.708364963531494,4.602047920227051,4.501773834228516,4.407095909118652,4.3176116943359375,4.232959270477295,4.232862949371338,4.303631782531738,4.378169536590576,4.456722259521484,4.539560317993164,4.626978874206543,4.719302177429199,4.816889762878418,4.920134544372559,inf,inf,inf,inf,inf,inf,inf,inf,inf,inf,inf,inf,inf,inf,inf,8.540069580078125,8.478463172912598,8.420297622680664,8.365467071533203,8.413629531860352,inf,inf,inf,inf,inf,inf,inf,inf,inf,inf,inf,inf,inf,inf,inf,inf,inf,inf,inf,inf,inf,inf,inf,inf,inf,inf,inf,inf,inf,inf,inf,inf,inf,inf,inf,inf,inf,inf,inf,inf,inf,inf,inf,inf,inf,inf,inf,inf,inf,inf,inf,inf,inf,inf,inf,inf,inf,inf,inf,inf,inf,inf,inf,inf,inf,inf,inf,inf,inf,inf,inf,inf,inf,inf,inf,inf,inf,inf,inf,inf,inf,inf,inf,inf,inf,inf,inf,inf,inf,inf,inf,inf,inf,inf,inf,inf,inf,inf,inf,inf,inf,inf,inf,inf,inf,inf,inf,inf,inf,inf,inf,inf,inf,inf,inf,inf,inf,inf,inf,inf,inf,inf,inf,inf,inf,inf,inf,inf,inf,inf,inf,inf,inf,inf,inf,inf,inf,inf,inf,inf,inf,inf,inf,inf,inf,inf,inf,inf,inf,inf,inf,inf,inf,inf,inf,inf,inf,inf,inf,inf,inf,inf,inf,inf,inf,inf,inf,inf,inf,inf,inf,inf,inf,inf,inf,inf,inf,inf,inf,inf,inf,inf,inf,inf,inf,inf,inf,inf,inf,inf,inf,inf,inf,inf,inf,inf,inf,inf,inf,inf,inf,inf,inf,inf,inf,inf,inf,inf,inf,inf,inf,inf,inf,inf,inf,inf,inf,inf,inf,inf,inf,inf,inf,inf,inf,inf,inf,inf,inf,inf,inf,inf,inf,inf,inf,inf,inf,inf,inf,inf,inf,inf,inf,inf,inf,inf,inf,inf,inf,6.797656059265137,6.705702304840088,6.618202209472656,6.534927845001221,6.455676555633545,6.380252361297607,6.308477878570557,6.412521839141846,6.602841854095459,6.80695104598999,7.02630090713501,inf,inf,inf,inf,inf,inf,inf,inf,inf,inf,inf,inf,inf,inf,inf,inf,inf,inf,inf,inf,4.230386734008789,4.221530437469482,4.2139973640441895,4.2077765464782715,4.202857971191406,4.199235439300537,4.196901321411133,4.195853233337402,4.196089744567871,4.197610855102539,4.200417995452881,4.204517364501953,4.20991325378418,4.216615676879883,inf,inf,inf,inf,inf,inf,10.154195785522461,9.737215042114258,9.780464172363281
1771970307170268778,-3.140000104904175,0.01749303564429283,9.836665153503418,9.884178161621094,9.935206413269043,9.989836692810059,inf,inf,inf,inf,inf,inf,inf,inf,inf,inf,inf,inf,inf,inf,9.428265571594238,9.181783676147461,4.9627299308776855,4.8422532081604,4.728900909423828,4.6221160888671875,4.521399974822998,4.426305294036865,4.336428165435791,4.251402854919434,4.296187400817871,4.36801290512085,4.443661689758301,4.5233869552612305,4.607460021972656,4.696182727813721,4.789883136749268,4.888924598693848,inf,inf,inf,inf,inf,inf,inf,inf,inf,inf,inf,inf,inf,inf,inf,inf,8.553467750549316,8.491761207580566,8.433500289916992,8.378580093383789,8.555822372436523,inf,inf,inf,inf,inf,inf,inf,inf,inf,inf,inf,inf,inf,inf,inf,inf,inf,inf,inf,inf,inf,inf,inf,inf,inf,inf,inf,inf,inf,inf,inf,inf,inf,inf,inf,inf,inf,inf,inf,inf,inf,inf,inf,inf,inf,inf,inf,inf,inf,inf,inf,inf,inf,inf,inf,inf,inf,inf,inf,inf,inf,inf,inf,inf,inf,inf,inf,inf,inf,inf,inf,inf,inf,inf,inf,inf,inf,inf,inf,inf,inf,inf,inf,inf,inf,inf,inf,inf,inf,inf,inf,inf,inf,inf,inf,inf,inf,inf,inf,inf,inf,inf,inf,inf,inf,inf,inf,inf,inf,inf,inf,inf,inf,inf,inf,inf,inf,inf,inf,inf,inf,inf,inf,inf,inf,inf,inf,inf,inf,inf,inf,inf,inf,inf,inf,inf,inf,inf,inf,inf,inf,inf,inf,inf,inf,inf,inf,inf,inf,inf,inf,inf,inf,inf,inf,inf,inf,inf,inf,inf,inf,inf,inf,inf,inf,inf,inf,inf,inf,inf,inf,inf,inf,inf,inf,inf,inf,inf,inf,inf,inf,inf,inf,inf,inf,inf,inf,inf,inf,inf,inf,inf,inf,inf,inf,inf,inf,inf,inf,inf,inf,inf,inf,inf,inf,inf,inf,inf,inf,inf,inf,inf,inf,inf,inf,inf,inf,inf,inf,inf,inf,inf,inf,inf,inf,inf,inf,inf,inf,inf,inf,inf,inf,inf,inf,inf,inf,inf,inf,inf,inf,inf,inf,inf,inf,inf,inf,inf,inf,6.856978893280029,6.764218330383301,6.6759514808654785,6.591946601867676,6.51200008392334,6.435914039611816,6.363510608673096,6.388753414154053,6.578358173370361,6.78170108795166,7.000226020812988,inf,inf,inf,inf,inf,inf,inf,inf,inf,inf,inf,inf,inf,inf,inf,inf,inf,inf,inf,inf,4.277181625366211,4.268225193023682,4.260607719421387,4.254316329956055,4.24934196472168,4.245677947998047,4.243316650390625,4.242255687713623,4.242493152618408,4.2440290451049805,4.246865749359131,4.2510085105896,4.256463527679443,4.263237953186035,inf,inf,inf,inf,inf,inf,10.210870742797852,9.784929275512695,9.828385353088379
1771970307484829878,-3.140000104904175,0.01749303564429283,9.888605117797852,9.936363220214844,9.987655639648438,10.04256820678711,inf,inf,inf,inf,inf,inf,inf,inf,inf,inf,inf,inf,inf,inf,9.45310115814209,9.205954551696777,4.9861226081848145,4.8650712966918945,4.751177787780762,4.64388370513916,4.542687892913818,4.447140216827393,4.356834411621094,4.295447826385498,4.364760398864746,4.437727928161621,4.514580249786377,4.595572471618652,4.68098258972168,4.771115779876709,4.866305828094482,4.966923236846924,inf,inf,inf,inf,inf,inf,inf,inf,inf,inf,inf,inf,inf,inf,inf,inf,8.567997932434082,8.506181716918945,8.4478178024292,8.392799377441406,8.709701538085938,inf,inf,inf,inf,inf,inf,inf,inf,inf,inf,inf,inf,inf,inf,inf,inf,inf,inf,inf,inf,inf,inf,inf,inf,inf,inf,inf,inf,inf,inf,inf,inf,inf,inf,inf,inf,inf,inf,inf,inf,inf,inf,inf,inf,inf,inf,inf,inf,inf,inf,inf,inf,inf,inf,inf,inf,inf,inf,inf,inf,inf,inf,inf,inf,inf,inf,inf,inf,inf,inf,inf,inf,inf,inf,inf,inf,inf,inf,inf,inf,inf,inf,inf,inf,inf,inf,inf,inf,inf,inf,inf,inf,inf,inf,inf,inf,inf,inf,inf,inf,inf,inf,inf,inf,inf,inf,inf,inf,inf,inf,inf,inf,inf,inf,inf,inf,inf,inf,inf,inf,inf,inf,inf,inf,inf,inf,inf,inf,inf,inf,inf,inf,inf,inf,inf,inf,inf,inf,inf,inf,inf,inf,inf,inf,inf,inf,inf,inf,inf,inf,inf,inf,inf,inf,inf,inf,inf,inf,inf,inf,inf,inf,inf,inf,inf,inf,inf,inf,inf,inf,inf,inf,inf,inf,inf,inf,inf,inf,inf,inf,inf,inf,inf,inf,inf,inf,inf,inf,inf,inf,inf,inf,inf,inf,inf,inf,inf,inf,inf,inf,inf,inf,inf,inf,inf,inf,inf,inf,inf,inf,inf,inf,inf,inf,inf,inf,inf,inf,inf,inf,inf,inf,inf,inf,inf,inf,inf,inf,inf,inf,inf,inf,inf,inf,inf,inf,inf,inf,9.031540870666504,inf,inf,inf,inf,inf,inf,inf,inf,inf,inf,6.92126989364624,6.827633857727051,6.738534450531006,6.653738021850586,6.573036193847656,6.4962334632873535,6.423146724700928,6.362957000732422,6.551785945892334,6.754292964935303,6.971920967102051,7.206317901611328,inf,inf,inf,inf,inf,inf,inf,inf,inf,inf,inf,inf,inf,inf,inf,inf,inf,inf,inf,4.327875137329102,4.318809986114502,4.311100006103516,4.304732799530029,4.299696922302246,4.295987129211426,4.293595790863037,4.292520523071289,4.292758464813232,4.294310569763184,4.297178745269775,4.301368713378906,4.306886196136475,4.3137383460998535,inf,inf,inf,inf,inf,inf,10.272502899169922,9.836601257324219,9.88028335571289
1771970307724597066,-3.140000104904175,0.01749303564429283,9.938570976257324,9.986565589904785,10.038111686706543,10.093297958374023,inf,inf,inf,inf,inf,inf,inf,inf,inf,inf,inf,inf,inf,inf,9.477002143859863,9.229216575622559,5.008630752563477,4.887025833129883,4.772612571716309,4.664828777313232,4.563170433044434,4.46718692779541,4.376469135284424,4.360368251800537,4.430724620819092,4.504790306091309,4.58280086517334,4.665012359619141,4.751708507537842,4.843198299407959,4.939820766448975,5.041953086853027,inf,inf,inf,inf,inf,inf,inf,inf,inf,inf,inf,inf,inf,inf,inf,8.65704345703125,8.581890106201172,8.51997184753418,8.461511611938477,8.441468238830566,inf,inf,inf,inf,inf,inf,inf,inf,inf,inf,inf,inf,inf,inf,inf,inf,inf,inf,inf,inf,inf,inf,inf,inf,inf,inf,inf,inf,inf,inf,inf,inf,inf,inf,inf,inf,inf,inf,inf,inf,inf,inf,inf,inf,inf,inf,inf,inf,inf,inf,inf,inf,inf,inf,inf,inf,inf,inf,inf,inf,inf,inf,inf,inf,inf,inf,inf,inf,inf,inf,inf,inf,inf,inf,inf,inf,inf,inf,inf,inf,inf,inf,inf,inf,inf,inf,inf,inf,inf,inf,inf,inf,inf,inf,inf,inf,inf,inf,inf,inf,inf,inf,inf,inf,inf,inf,inf,inf,inf,inf,inf,inf,inf,inf,inf,inf,inf,inf,inf,inf,inf,inf,inf,inf,inf,inf,inf,inf,inf,inf,inf,inf,inf,inf,inf,inf,inf,inf,inf,inf,inf,inf,inf,inf,inf,inf,inf,inf,inf,inf,inf,inf,inf,inf,inf,inf,inf,inf,inf,inf,inf,inf,inf,inf,inf,inf,inf,inf,inf,inf,inf,inf,inf,inf,inf,inf,inf,inf,inf,inf,inf,inf,inf,inf,inf,inf,inf,inf,inf,inf,inf,inf,inf,inf,inf,inf,inf,inf,inf,inf,inf,inf,inf,inf,inf,inf,inf,inf,inf,inf,inf,inf,inf,inf,inf,inf,inf,inf,inf,inf,inf,inf,inf,inf,inf,inf,inf,inf,inf,inf,inf,inf,inf,inf,inf,inf,inf,inf,inf,inf,inf,inf,inf,inf,inf,inf,inf,inf,inf,inf,inf,6.888649940490723,6.79874849319458,6.713189601898193,6.631762504577637,6.5542683601379395,6.48052453994751,6.410361289978027,6.526218414306641,6.727923393249512,6.944687366485596,7.178153038024902,inf,inf,inf,inf,inf,inf,inf,inf,inf,inf,inf,inf,inf,inf,inf,inf,inf,inf,inf,inf,4.367475986480713,4.359676837921143,4.353235721588135,4.348141193389893,4.344387531280518,4.3419671058654785,4.340877532958984,4.341115951538086,4.3426833152771,4.345582485198975,4.349817276000977,4.35539436340332,4.362322807312012,inf,inf,inf,inf,inf,inf,10.331830978393555,9.886309623718262,9.930208206176758
1771970307866368975,-3.140000104904175,0.01749303564429283,9.988484382629395,10.036715507507324,10.088513374328613,10.143972396850586,inf,inf,inf,inf,inf,inf,inf,inf,inf,inf,inf,inf,inf,inf,9.500871658325195,5.161122798919678,5.031111240386963,4.90895414352417,4.794020652770996,4.6857476234436035,4.583627700805664,4.487208843231201,4.3960795402526855,4.42521858215332,4.496617794036865,4.571780204772949,4.650947093963623,4.734376430511475,4.822356224060059,4.9152021408081055,5.013256072998047,inf,inf,inf,inf,inf,inf,inf,inf,inf,inf,inf,inf,inf,inf,inf,inf,8.661544799804688,8.595939636230469,8.533912658691406,8.475349426269531,8.570956230163574,inf,inf,inf,inf,inf,inf,inf,inf,inf,inf,inf,inf,inf,inf,inf,inf,inf,inf,inf,inf,inf,inf,inf,inf,inf,inf,inf,inf,inf,inf,inf,inf,inf,inf,inf,inf,inf,inf,inf,inf,inf,inf,inf,inf,inf,inf,inf,inf,inf,inf,inf,inf,inf,inf,inf,inf,inf,inf,inf,inf,inf,inf,inf,inf,inf,inf,inf,inf,inf,inf,inf,inf,inf,inf,inf,inf,inf,inf,inf,inf,inf,inf,inf,inf,inf,inf,inf,inf,inf,inf,inf,inf,inf,inf,inf,inf,inf,inf,inf,inf,inf,inf,inf,inf,inf,inf,inf,inf,inf,inf,inf,inf,inf,inf,inf,inf,inf,inf,inf,inf,inf,inf,inf,inf,inf,inf,inf,inf,inf,inf,inf,inf,inf,inf,inf,inf,inf,inf,inf,inf,inf,inf,inf,inf,inf,inf,inf,inf,inf,inf,inf,inf,inf,inf,inf,inf,inf,inf,inf,inf,inf,inf,inf,inf,inf,inf,inf,inf,inf,inf,inf,inf,inf,inf,inf,inf,inf,inf,inf,inf,inf,inf,inf,inf,inf,inf,inf,inf,inf,inf,inf,inf,inf,inf,inf,inf,inf,inf,inf,inf,inf,inf,inf,inf,inf,inf,inf,inf,inf,inf,inf,inf,inf,inf,inf,inf,inf,inf,inf,inf,inf,inf,inf,inf,inf,inf,inf,inf,inf,inf,inf,inf,inf,inf,inf,inf,inf,inf,inf,inf,inf,inf,inf,inf,inf,inf,inf,inf,inf,inf,inf,6.949600696563721,6.858898162841797,6.772578239440918,6.690425872802734,6.612242698669434,6.537841796875,6.4670538902282715,6.5006890296936035,6.701591491699219,6.917492866516113,7.15002965927124,inf,inf,inf,inf,inf,inf,inf,inf,inf,inf,inf,inf,inf,inf,inf,inf,inf,inf,inf,inf,4.4160895347595215,4.408202171325684,4.401687145233154,4.396534442901611,4.392736434936523,4.390286922454834,4.3891825675964355,4.3894219398498535,4.391005516052246,4.39393424987793,4.398214340209961,4.4038519859313965,4.410854339599609,inf,inf,inf,inf,inf,inf,10.39108657836914,9.935966491699219,9.980080604553223
1771970308095700144,-3.140000104904175,0.01749303564429283,10.036426544189453,10.084882736206055,10.136926651000977,10.192644119262695,inf,inf,inf,inf,inf,inf,inf,inf,inf,inf,inf,inf,inf,inf,9.523801803588867,5.183281898498535,5.05270528793335,4.930016994476318,4.814584732055664,4.705841064453125,4.603278636932373,4.50644063949585,4.418698310852051,4.487504005432129,4.5599045753479,4.6361212730407715,4.716397285461426,4.800997257232666,4.890211582183838,4.984357833862305,5.083786487579346,inf,inf,inf,inf,inf,inf,inf,inf,inf,inf,inf,inf,inf,inf,inf,inf,8.67506217956543,8.609350204467773,8.547222137451172,8.48856258392334,8.706109046936035,inf,inf,inf,inf,inf,inf,inf,inf,inf,inf,inf,inf,inf,inf,inf,inf,inf,inf,inf,inf,inf,inf,inf,inf,inf,inf,inf,inf,inf,inf,inf,inf,inf,inf,inf,inf,inf,inf,inf,inf,inf,inf,inf,inf,inf,inf,inf,inf,inf,inf,inf,inf,inf,inf,inf,inf,inf,inf,inf,inf,inf,inf,inf,inf,inf,inf,inf,inf,inf,inf,inf,inf,inf,inf,inf,inf,inf,inf,inf,inf,inf,inf,inf,inf,inf,inf,inf,inf,inf,inf,inf,inf,inf,inf,inf,inf,inf,inf,inf,inf,inf,inf,inf,inf,inf,inf,inf,inf,inf,inf,inf,inf,inf,inf,inf,inf,inf,inf,inf,inf,inf,inf,inf,inf,inf,inf,inf,inf,inf,inf,inf,inf,inf,inf,inf,inf,inf,inf,inf,inf,inf,inf,inf,inf,inf,inf,inf,inf,inf,inf,inf,inf,inf,inf,inf,inf,inf,inf,inf,inf,inf,inf,inf,inf,inf,inf,inf,inf,inf,inf,inf,inf,inf,inf,inf,inf,inf,inf,inf,inf,inf,inf,inf,inf,inf,inf,inf,inf,inf,inf,inf,inf,inf,inf,inf,inf,inf,inf,inf,inf,inf,inf,inf,inf,inf,inf,inf,inf,inf,inf,inf,inf,inf,inf,inf,inf,inf,inf,inf,inf,inf,inf,inf,inf,inf,inf,inf,inf,inf,inf,inf,inf,inf,inf,inf,inf,inf,inf,inf,inf,9.10398006439209,inf,inf,inf,inf,inf,inf,inf,inf,inf,inf,7.010622024536133,6.9191179275512695,6.832035064697266,6.749156475067139,6.670281410217285,6.595224380493164,6.523810863494873,6.475131034851074,6.675231456756592,6.890270233154297,7.121876239776611,inf,inf,inf,inf,inf,inf,inf,inf,inf,inf,inf,inf,inf,inf,inf,inf,inf,inf,inf,inf,4.464756965637207,4.456779956817627,4.450191020965576,4.444979190826416,4.441137313842773,4.438659191131592,4.4375410079956055,4.437780857086182,4.4393792152404785,4.442338466644287,4.446662902832031,4.452360153198242,4.459438800811768,inf,inf,inf,inf,inf,inf,10.450433731079102,9.985675811767578,10.030004501342773
1771970308222876367,-3.140000104904175,0.01749303564429283,10.08639144897461,10.135083198547363,10.18738079071045,10.243371963500977,inf,inf,inf,inf,inf,inf,inf,inf,inf,inf,inf,inf,inf,inf,9.547700881958008,5.206377983093262,5.075212001800537,4.95197057723999,4.83601713180542,4.726783752441406,4.6237592697143555,4.526485443115234,4.482619285583496,4.552416801452637,4.625861167907715,4.7031755447387695,4.784608840942383,4.87042760848999,4.960926055908203,5.0564284324646,5.157289505004883,inf,inf,inf,inf,inf,inf,inf,inf,inf,inf,inf,inf,inf,inf,inf,inf,8.68906021118164,8.623239517211914,8.56100845336914,8.512096405029297,inf,inf,inf,inf,inf,inf,inf,inf,inf,inf,inf,inf,inf,inf,inf,inf,inf,inf,inf,inf,inf,inf,inf,inf,inf,inf,inf,inf,inf,inf,inf,inf,inf,inf,inf,inf,inf,inf,inf,inf,inf,inf,inf,inf,inf,inf,inf,inf,inf,inf,inf,inf,inf,inf,inf,inf,inf,inf,inf,inf,inf,inf,inf,inf,inf,inf,inf,inf,inf,inf,inf,inf,inf,inf,inf,inf,inf,inf,inf,inf,inf,inf,inf,inf,inf,inf,inf,inf,inf,inf,inf,inf,inf,inf,inf,inf,inf,inf,inf,inf,inf,inf,inf,inf,inf,inf,inf,inf,inf,inf,inf,inf,inf,inf,inf,inf,inf,inf,inf,inf,inf,inf,inf,inf,inf,inf,inf,inf,inf,inf,inf,inf,inf,inf,inf,inf,inf,inf,inf,inf,inf,inf,inf,inf,inf,inf,inf,inf,inf,inf,inf,inf,inf,inf,inf,inf,inf,inf,inf,inf,inf,inf,inf,inf,inf,inf,inf,inf,inf,inf,inf,inf,inf,inf,inf,inf,inf,inf,inf,inf,inf,inf,inf,inf,inf,inf,inf,inf,inf,inf,inf,inf,inf,inf,inf,inf,inf,inf,inf,inf,inf,inf,inf,inf,inf,inf,inf,inf,inf,inf,inf,inf,inf,inf,inf,inf,inf,inf,inf,inf,inf,inf,inf,inf,inf,inf,inf,inf,inf,inf,inf,inf,inf,inf,inf,inf,inf,inf,inf,inf,inf,9.141610145568848,inf,inf,inf,inf,inf,inf,inf,inf,inf,inf,inf,6.976899147033691,6.889084815979004,6.8055100440979,6.725971221923828,6.650283336639404,6.578269004821777,6.509768962860107,6.649946689605713,6.864157199859619,7.0948710441589355,7.343958854675293,inf,inf,inf,inf,inf,inf,inf,inf,inf,inf,inf,inf,inf,inf,inf,inf,inf,inf,inf,4.511453628540039,4.503390789031982,4.496729850769043,4.491462230682373,4.48757791519165,4.485072135925293,4.4839396476745605,4.484179973602295,4.485793113708496,4.488781452178955,4.493149280548096,4.498904228210449,4.506053447723389,inf,inf,inf,inf,inf,inf,10.507373809814453,10.033370971679688,10.077906608581543
1771970308359235555,-3.140000104904175,0.01749303564429283,10.136302947998047,10.18523120880127,10.237783432006836,10.294044494628906,inf,inf,inf,inf,inf,inf,inf,inf,inf,inf,inf,inf,inf,inf,9.571568489074707,5.229445457458496,5.097691059112549,4.9738969802856445,4.857423782348633,4.7477006912231445,4.644214630126953,4.546504974365234,4.546471118927002,4.6172590255737305,4.691745281219482,4.770157337188721,4.852745056152344,4.939781188964844,5.031563758850098,5.128421306610107,inf,inf,inf,inf,inf,inf,inf,inf,inf,inf,inf,inf,inf,inf,inf,inf,8.783591270446777,8.703221321105957,8.637286186218262,8.574946403503418,8.576473236083984,inf,inf,inf,inf,inf,inf,inf,inf,inf,inf,inf,inf,inf,inf,inf,inf,inf,inf,inf,inf,inf,inf,inf,inf,inf,inf,inf,inf,inf,inf,inf,inf,inf,inf,inf,inf,inf,inf,inf,inf,inf,inf,inf,inf,inf,inf,inf,inf,inf,inf,inf,inf,inf,inf,inf,inf,inf,inf,inf,inf,inf,inf,inf,inf,inf,inf,inf,inf,inf,inf,inf,inf,inf,inf,inf,inf,inf,inf,inf,inf,inf,inf,inf,inf,inf,inf,inf,inf,inf,inf,inf,inf,inf,inf,inf,inf,inf,inf,inf,inf,inf,inf,inf,inf,inf,inf,inf,inf,inf,inf,inf,inf,inf,inf,inf,inf,inf,inf,inf,inf,inf,inf,inf,inf,inf,inf,inf,inf,inf,inf,inf,inf,inf,inf,inf,inf,inf,inf,inf,inf,inf,inf,inf,inf,inf,inf,inf,inf,inf,inf,inf,inf,inf,inf,inf,inf,inf,inf,inf,inf,inf,inf,inf,inf,inf,inf,inf,inf,inf,inf,inf,inf,inf,inf,inf,inf,inf,inf,inf,inf,inf,inf,inf,inf,inf,inf,inf,inf,inf,inf,inf,inf,inf,inf,inf,inf,inf,inf,inf,inf,inf,inf,inf,inf,inf,inf,inf,inf,inf,inf,inf,inf,inf,inf,inf,inf,inf,inf,inf,inf,inf,inf,inf,inf,inf,inf,inf,inf,inf,inf,inf,inf,inf,inf,inf,inf,inf,inf,inf,inf,inf,inf,inf,inf,inf,inf,inf,inf,inf,inf,inf,inf,inf,7.037058353424072,6.948481559753418,6.8641815185546875,6.7839531898498535,6.707607269287109,6.634968280792236,6.565873622894287,6.623631000518799,6.836979866027832,7.066764831542969,7.314849376678467,inf,inf,inf,inf,inf,inf,inf,inf,inf,inf,inf,inf,inf,inf,inf,inf,inf,inf,inf,inf,4.551917552947998,4.545183181762695,4.539856433868408,4.535928249359131,4.533393383026123,4.5322465896606445,4.532487869262695,4.534115791320801,4.537134647369385,4.5415472984313965,4.547361373901367,4.554585933685303,inf,inf,inf,inf,inf,inf,10.566651344299316,10.083026885986328,10.127777099609375
1771970308618996367,-3.140000104904175,0.01749303564429283,10.188239097595215,10.23741340637207,10.290227890014648,10.346773147583008,inf,inf,inf,inf,inf,inf,inf,inf,inf,inf,inf,inf,inf,inf,9.596407890319824,5.253450393676758,5.121082782745361,4.996713638305664,4.879699230194092,4.769466876983643,4.665500164031982,4.567337989807129,4.612909317016602,4.684728145599365,4.760297775268555,4.839850902557373,4.923640727996826,5.011943817138672,5.105062007904053,5.2033281326293945,inf,inf,inf,inf,inf,inf,inf,inf,inf,inf,inf,inf,inf,inf,inf,inf,8.787638664245605,8.71786117553711,8.651810646057129,8.589361190795898,8.716166496276855,inf,inf,inf,inf,inf,inf,inf,inf,inf,inf,inf,inf,inf,inf,inf,inf,inf,inf,inf,inf,inf,inf,inf,inf,inf,inf,inf,inf,inf,inf,inf,inf,inf,inf,inf,inf,inf,inf,inf,inf,inf,inf,inf,inf,inf,inf,inf,inf,inf,inf,inf,inf,inf,inf,inf,inf,inf,inf,inf,inf,inf,inf,inf,inf,inf,inf,inf,inf,inf,inf,inf,inf,inf,inf,inf,inf,inf,inf,inf,inf,inf,inf,inf,inf,inf,inf,inf,inf,inf,inf,inf,inf,inf,inf,inf,inf,inf,inf,inf,inf,inf,inf,inf,inf,inf,inf,inf,inf,inf,inf,inf,inf,inf,inf,inf,inf,inf,inf,inf,inf,inf,inf,inf,inf,inf,inf,inf,inf,inf,inf,inf,inf,inf,inf,inf,inf,inf,inf,inf,inf,inf,inf,inf,inf,inf,inf,inf,inf,inf,inf,inf,inf,inf,inf,inf,inf,inf,inf,inf,inf,inf,inf,inf,inf,inf,inf,inf,inf,inf,inf,inf,inf,inf,inf,inf,inf,inf,inf,inf,inf,inf,inf,inf,inf,inf,inf,inf,inf,inf,inf,inf,inf,inf,inf,inf,inf,inf,inf,inf,inf,inf,inf,inf,inf,inf,inf,inf,inf,inf,inf,inf,inf,inf,inf,inf,inf,inf,inf,inf,inf,inf,inf,inf,inf,inf,inf,inf,inf,inf,inf,inf,inf,inf,inf,inf,inf,inf,inf,inf,inf,inf,inf,inf,inf,inf,inf,inf,inf,inf,inf,inf,inf,inf,7.099660396575928,7.010289669036865,6.925235748291016,6.844288349151611,6.7672600746154785,6.6939697265625,6.6242570877075195,6.596249580383301,6.8087029457092285,7.037521839141846,7.284562110900879,inf,inf,inf,inf,inf,inf,inf,inf,inf,inf,inf,inf,inf,inf,inf,inf,inf,inf,inf,inf,4.602413654327393,4.595602035522461,4.590213775634766,4.586240291595459,4.583674430847168,4.582513332366943,4.582754611968994,4.5843987464904785,4.587447643280029,4.591907978057861,4.597784519195557,4.605086803436279,inf,inf,inf,inf,inf,inf,10.628353118896484,10.134695053100586,10.179670333862305
1771970308895401348,-3.140000104904175,0.01749303564429283,10.23617935180664,10.285578727722168,10.338638305664062,10.3954439163208,inf,inf,inf,inf,inf,inf,inf,inf,inf,inf,inf,inf,inf,9.887925148010254,9.619335174560547,5.275607585906982,5.142674922943115,5.0177741050720215,4.900260925292969,4.789557933807373,4.685147762298584,4.605050563812256,4.674234390258789,4.74700403213501,4.823574542999268,4.904181003570557,4.98907995223999,5.07855224609375,5.172903060913086,5.272469520568848,inf,inf,inf,inf,inf,inf,inf,inf,inf,inf,inf,inf,inf,inf,inf,inf,8.801264762878418,8.731374740600586,8.665216445922852,8.602665901184082,8.845096588134766,inf,inf,inf,inf,inf,inf,inf,inf,inf,inf,inf,inf,inf,inf,inf,inf,inf,inf,inf,inf,inf,inf,inf,inf,inf,inf,inf,inf,inf,inf,inf,inf,inf,inf,inf,inf,inf,inf,inf,inf,inf,inf,inf,inf,inf,inf,inf,inf,inf,inf,inf,inf,inf,inf,inf,inf,inf,inf,inf,inf,inf,inf,inf,inf,inf,inf,inf,inf,inf,inf,inf,inf,inf,inf,inf,inf,inf,inf,inf,inf,inf,inf,inf,inf,inf,inf,inf,inf,inf,inf,inf,inf,inf,inf,inf,inf,inf,inf,inf,inf,inf,inf,inf,inf,inf,inf,inf,inf,inf,inf,inf,inf,inf,inf,inf,inf,inf,inf,inf,inf,inf,inf,inf,inf,inf,inf,inf,inf,inf,inf,inf,inf,inf,inf,inf,inf,inf,inf,inf,inf,inf,inf,inf,inf,inf,inf,inf,inf,inf,inf,inf,inf,inf,inf,inf,inf,inf,inf,inf,inf,inf,inf,inf,inf,inf,inf,inf,inf,inf,inf,inf,inf,inf,inf,inf,inf,inf,inf,inf,inf,inf,inf,inf,inf,inf,inf,inf,inf,inf,inf,inf,inf,inf,inf,inf,inf,inf,inf,inf,inf,inf,inf,inf,inf,inf,inf,inf,inf,inf,inf,inf,inf,inf,inf,inf,inf,inf,inf,inf,inf,inf,inf,inf,inf,inf,inf,inf,inf,inf,inf,inf,inf,inf,inf,inf,inf,inf,inf,inf,inf,inf,inf,9.181221961975098,inf,inf,inf,inf,inf,inf,inf,inf,inf,inf,inf,7.067348003387451,6.981595516204834,6.8999857902526855,6.822325229644775,6.7484354972839355,6.678150177001953,6.6113176345825195,6.782606601715088,7.010533809661865,7.256610870361328,inf,inf,inf,inf,inf,inf,inf,inf,inf,inf,inf,inf,inf,inf,inf,inf,inf,inf,inf,inf,4.649025917053223,4.642143726348877,4.636698246002197,4.632681369781494,4.630088806152344,4.628913879394531,4.629154682159424,4.6308135986328125,4.633891582489014,4.638394832611084,4.644328594207764,4.651702880859375,inf,inf,inf,inf,inf,inf,10.685317039489746,10.182388305664062,10.227571487426758
1771970309058379944,-3.140000104904175,0.01749303564429283,10.28614330291748,10.335779190063477,10.389092445373535,10.446168899536133,inf,inf,inf,inf,inf,inf,inf,inf,inf,inf,inf,inf,inf,9.912507057189941,5.441019535064697,5.298701763153076,5.165179252624512,5.039725303649902,4.921690940856934,4.810497760772705,4.705625534057617,4.6680192947387695,4.73814582824707,4.811906337738037,4.889520168304443,4.9712233543396,5.057277679443359,5.147968292236328,5.2436041831970215,inf,inf,inf,inf,inf,inf,inf,inf,inf,inf,inf,inf,inf,inf,inf,inf,inf,8.8153715133667,8.745367050170898,8.67910099029541,8.62267780303955,inf,inf,inf,inf,inf,inf,inf,inf,inf,inf,inf,inf,inf,inf,inf,inf,inf,inf,inf,inf,inf,inf,inf,inf,inf,inf,inf,inf,inf,inf,inf,inf,inf,inf,inf,inf,inf,inf,inf,inf,inf,inf,inf,inf,inf,inf,inf,inf,inf,inf,inf,inf,inf,inf,inf,inf,inf,inf,inf,inf,inf,inf,inf,inf,inf,inf,inf,inf,inf,inf,inf,inf,inf,inf,inf,inf,inf,inf,inf,inf,inf,inf,inf,inf,inf,inf,inf,inf,inf,inf,inf,inf,inf,inf,inf,inf,inf,inf,inf,inf,inf,inf,inf,inf,inf,inf,inf,inf,inf,inf,inf,inf,inf,inf,inf,inf,inf,inf,inf,inf,inf,inf,inf,inf,inf,inf,inf,inf,inf,inf,inf,inf,inf,inf,inf,inf,inf,inf,inf,inf,inf,inf,inf,inf,inf,inf,inf,inf,inf,inf,inf,inf,inf,inf,inf,inf,inf,inf,inf,inf,inf,inf,inf,inf,inf,inf,inf,inf,inf,inf,inf,inf,inf,inf,inf,inf,inf,inf,inf,inf,inf,inf,inf,inf,inf,inf,inf,inf,inf,inf,inf,inf,inf,inf,inf,inf,inf,inf,inf,inf,inf,inf,inf,inf,inf,inf,inf,inf,inf,inf,inf,inf,inf,inf,inf,inf,inf,inf,inf,inf,inf,inf,inf,inf,inf,inf,inf,inf,inf,inf,inf,inf,inf,inf,inf,inf,inf,inf,inf,inf,inf,inf,inf,inf,inf,inf,inf,inf,inf,inf,inf,inf,inf,inf,inf,7.1268181800842285,7.040339946746826,6.958037853240967,6.879719257354736,6.805203437805176,6.734323024749756,6.6669230461120605,6.755411148071289,6.982409477233887,7.227482318878174,7.492761135101318,inf,inf,inf,inf,inf,inf,inf,inf,inf,inf,inf,inf,inf,inf,inf,inf,inf,inf,inf,4.697606563568115,4.69064998626709,4.685146808624268,4.681085586547852,4.678462982177734,4.677272796630859,4.677514553070068,4.6791887283325195,4.6822967529296875,4.686844825744629,4.692838191986084,4.700287342071533,inf,inf,inf,inf,inf,inf,10.744702339172363,10.232096672058105,10.277493476867676
1771970309209815920,-3.140000104904175,0.01749303564429283,10.336053848266602,10.38592529296875,10.439491271972656,10.49683952331543,inf,inf,inf,inf,inf,inf,inf,inf,inf,inf,inf,inf,inf,9.937056541442871,5.464712619781494,5.321767807006836,5.187655925750732,5.061648845672607,4.9430952072143555,4.831412315368652,4.726078510284424,4.73091983795166,4.801987648010254,4.87673807144165,4.955392837524414,5.038193702697754,5.125402927398682,5.21730899810791,5.314227104187012,inf,inf,inf,inf,inf,inf,inf,inf,inf,inf,inf,inf,inf,inf,inf,inf,inf,8.829649925231934,8.75952434539795,8.693142890930176,8.717649459838867,inf,inf,inf,inf,inf,inf,inf,inf,inf,inf,inf,inf,inf,inf,inf,inf,inf,inf,inf,inf,inf,inf,inf,inf,inf,inf,inf,inf,inf,inf,inf,inf,inf,inf,inf,inf,inf,inf,inf,inf,inf,inf,inf,inf,inf,inf,inf,inf,inf,inf,inf,inf,inf,inf,inf,inf,inf,inf,inf,inf,inf,inf,inf,inf,inf,inf,inf,inf,inf,inf,inf,inf,inf,inf,inf,inf,inf,inf,inf,inf,inf,inf,inf,inf,inf,inf,inf,inf,inf,inf,inf,inf,inf,inf,inf,inf,inf,inf,inf,inf,inf,inf,inf,inf,inf,inf,inf,inf,inf,inf,inf,inf,inf,inf,inf,inf,inf,inf,inf,inf,inf,inf,inf,inf,inf,inf,inf,inf,inf,inf,inf,inf,inf,inf,inf,inf,inf,inf,inf,inf,inf,inf,inf,inf,inf,inf,inf,inf,inf,inf,inf,inf,inf,inf,inf,inf,inf,inf,inf,inf,inf,inf,inf,inf,inf,inf,inf,inf,inf,inf,inf,inf,inf,inf,inf,inf,inf,inf,inf,inf,inf,inf,inf,inf,inf,inf,inf,inf,inf,inf,inf,inf,inf,inf,inf,inf,inf,inf,inf,inf,inf,inf,inf,inf,inf,inf,inf,inf,inf,inf,inf,inf,inf,inf,inf,inf,inf,inf,inf,inf,inf,inf,inf,inf,inf,inf,inf,inf,inf,inf,inf,inf,inf,inf,inf,inf,inf,inf,inf,inf,inf,inf,inf,inf,inf,inf,inf,inf,inf,inf,inf,inf,inf,inf,inf,7.186224460601807,7.099020957946777,7.016028881072998,6.9370527267456055,6.861911296844482,6.790436267852783,6.722471237182617,6.728255271911621,6.954326629638672,7.198397636413574,7.462590217590332,inf,inf,inf,inf,inf,inf,inf,inf,inf,inf,inf,inf,inf,inf,inf,inf,inf,inf,inf,inf,4.739105224609375,4.733542442321777,4.729437828063965,4.726785659790039,4.725581169128418,4.725823402404785,4.727512359619141,4.730650424957275,4.73524284362793,4.741296291351318,4.7488203048706055,4.75782585144043,inf,inf,inf,inf,inf,10.804012298583984,10.281750679016113,10.327363014221191
1771970309392573744,-3.140000104904175,0.01749303564429283,10.386016845703125,10.43612289428711,10.48994255065918,10.547563552856445,inf,inf,inf,inf,inf,inf,inf,inf,inf,inf,inf,inf,inf,9.961636543273926,5.488434791564941,5.344860553741455,5.210159778594971,5.083599090576172,4.9645233154296875,4.85235071182251,4.746554374694824,4.793883800506592,4.865894794464111,4.941635608673096,5.021332263946533,5.105230331420898,5.193593978881836,5.286718845367432,5.384921073913574,inf,inf,inf,inf,inf,inf,inf,inf,inf,inf,inf,inf,inf,inf,inf,inf,8.917878150939941,8.843753814697266,8.773514747619629,8.707025527954102,8.845946311950684,inf,inf,inf,inf,inf,inf,inf,inf,inf,inf,inf,inf,inf,inf,inf,inf,inf,inf,inf,inf,inf,inf,inf,inf,inf,inf,inf,inf,inf,inf,inf,inf,inf,inf,inf,inf,inf,inf,inf,inf,inf,inf,inf,inf,inf,inf,inf,inf,inf,inf,inf,inf,inf,inf,inf,inf,inf,inf,inf,inf,inf,inf,inf,inf,inf,inf,inf,inf,inf,inf,inf,inf,inf,inf,inf,inf,inf,inf,inf,inf,inf,inf,inf,inf,inf,inf,inf,inf,inf,inf,inf,inf,inf,inf,inf,inf,inf,inf,inf,inf,inf,inf,inf,inf,inf,inf,inf,inf,inf,inf,inf,inf,inf,inf,inf,inf,inf,inf,inf,inf,inf,inf,inf,inf,inf,inf,inf,inf,inf,inf,inf,inf,inf,inf,inf,inf,inf,inf,inf,inf,inf,inf,inf,inf,inf,inf,inf,inf,inf,inf,inf,inf,inf,inf,inf,inf,inf,inf,inf,inf,inf,inf,inf,inf,inf,inf,inf,inf,inf,inf,inf,inf,inf,inf,inf,inf,inf,inf,inf,inf,inf,inf,inf,inf,inf,inf,inf,inf,inf,inf,inf,inf,inf,inf,inf,inf,inf,inf,inf,inf,inf,inf,inf,inf,inf,inf,inf,inf,inf,inf,inf,inf,inf,inf,inf,inf,inf,inf,inf,inf,inf,inf,inf,inf,inf,inf,inf,inf,inf,inf,inf,inf,inf,inf,inf,inf,inf,inf,inf,inf,inf,inf,inf,inf,9.277070999145508,inf,inf,inf,inf,inf,inf,inf,inf,inf,inf,inf,7.157769680023193,7.074085712432861,6.99445104598999,6.918684005737305,6.846611976623535,6.778080463409424,6.712940216064453,6.926213264465332,7.169280529022217,7.43238639831543,inf,inf,inf,inf,inf,inf,inf,inf,inf,inf,inf,inf,inf,inf,inf,inf,inf,inf,inf,inf,4.7876129150390625,4.7819905281066895,4.777841567993164,4.775160312652588,4.773941993713379,4.774184226989746,4.775887966156006,4.779055595397949,4.783693313598633,4.789806365966797,4.7974042892456055,4.806500434875488,inf,inf,inf,inf,inf,10.863414764404297,10.331457138061523,10.37728500366211
1771970309552164830,-3.140000104904175,0.01749303564429283,10.435925483703613,10.486268997192383,10.540342330932617,10.598235130310059,inf,inf,inf,inf,inf,inf,inf,inf,inf,inf,inf,inf,inf,9.986184120178223,5.51212739944458,5.36792516708374,5.232635498046875,5.1055216789245605,4.985926628112793,4.873263359069824,4.787402153015137,4.856781005859375,4.929731369018555,5.0064616203308105,5.087200164794922,5.17219352722168,5.261713027954102,5.356052875518799,5.455538749694824,inf,inf,inf,inf,inf,inf,inf,inf,inf,inf,inf,inf,inf,inf,inf,inf,8.932282447814941,8.858030319213867,8.78766918182373,8.721065521240234,8.974529266357422,inf,inf,inf,inf,inf,inf,inf,inf,inf,inf,inf,inf,inf,inf,inf,inf,inf,inf,inf,inf,inf,inf,inf,inf,inf,inf,inf,inf,inf,inf,inf,inf,inf,inf,inf,inf,inf,inf,inf,inf,inf,inf,inf,inf,inf,inf,inf,inf,inf,inf,inf,inf,inf,inf,inf,inf,inf,inf,inf,inf,inf,inf,inf,inf,inf,inf,inf,inf,inf,inf,inf,inf,inf,inf,inf,inf,inf,inf,inf,inf,inf,inf,inf,inf,inf,inf,inf,inf,inf,inf,inf,inf,inf,inf,inf,inf,inf,inf,inf,inf,inf,inf,inf,inf,inf,inf,inf,inf,inf,inf,inf,inf,inf,inf,inf,inf,inf,inf,inf,inf,inf,inf,inf,inf,inf,inf,inf,inf,inf,inf,inf,inf,inf,inf,inf,inf,inf,inf,inf,inf,inf,inf,inf,inf,inf,inf,inf,inf,inf,inf,inf,inf,inf,inf,inf,inf,inf,inf,inf,inf,inf,inf,inf,inf,inf,inf,inf,inf,inf,inf,inf,inf,inf,inf,inf,inf,inf,inf,inf,inf,inf,inf,inf,inf,inf,inf,inf,inf,inf,inf,inf,inf,inf,inf,inf,inf,inf,inf,inf,inf,inf,inf,inf,inf,inf,inf,inf,inf,inf,inf,inf,inf,inf,inf,inf,inf,inf,inf,inf,inf,inf,inf,inf,inf,inf,inf,inf,inf,inf,inf,inf,inf,inf,inf,inf,inf,inf,inf,inf,inf,inf,inf,inf,inf,9.2925386428833,inf,inf,inf,inf,inf,inf,inf,inf,inf,inf,inf,7.216455459594727,7.132081508636475,7.0517897605896,6.975396156311035,6.902729511260986,6.83363151550293,6.767954349517822,6.898141860961914,7.140207767486572,7.402228355407715,inf,inf,inf,inf,inf,inf,inf,inf,inf,inf,inf,inf,inf,inf,inf,inf,inf,inf,inf,inf,4.836069583892822,4.83038854598999,4.826194763183594,4.823483943939209,4.822250843048096,4.822493553161621,4.824212074279785,4.827409744262695,4.832091808319092,4.838263988494873,4.845937252044678,4.855123043060303,inf,inf,inf,inf,inf,10.92273998260498,10.381111145019531,10.427155494689941
1771970309858624879,-3.140000104904175,0.01749303564429283,10.489884376525879,10.540481567382812,10.594827651977539,10.653013229370117,inf,inf,inf,inf,inf,inf,inf,inf,inf,inf,inf,inf,inf,10.01272964477539,5.537745475769043,5.3928632736206055,5.256936550140381,5.12922477722168,5.009067535400391,4.895874500274658,4.854428291320801,4.924775123596191,4.99874210357666,5.076542377471924,5.15840482711792,5.2445831298828125,5.335350036621094,5.431005001068115,inf,inf,inf,inf,inf,inf,inf,inf,inf,inf,inf,inf,inf,inf,inf,inf,inf,8.947649955749512,8.87326717376709,8.802783012390137,8.748848915100098,inf,inf,inf,inf,inf,inf,inf,inf,inf,inf,inf,inf,inf,inf,inf,inf,inf,inf,inf,inf,inf,inf,inf,inf,inf,inf,inf,inf,inf,inf,inf,inf,inf,inf,inf,inf,inf,inf,inf,inf,inf,inf,inf,inf,inf,inf,inf,inf,inf,inf,inf,inf,inf,inf,inf,inf,inf,inf,inf,inf,inf,inf,inf,inf,inf,inf,inf,inf,inf,inf,inf,inf,inf,inf,inf,inf,inf,inf,inf,inf,inf,inf,inf,inf,inf,inf,inf,inf,inf,inf,inf,inf,inf,inf,inf,inf,inf,inf,inf,inf,inf,inf,inf,inf,inf,inf,inf,inf,inf,inf,inf,inf,inf,inf,inf,inf,inf,inf,inf,inf,inf,inf,inf,inf,inf,inf,inf,inf,inf,inf,inf,inf,inf,inf,inf,inf,inf,inf,inf,inf,inf,inf,inf,inf,inf,inf,inf,inf,inf,inf,inf,inf,inf,inf,inf,inf,inf,inf,inf,inf,inf,inf,inf,inf,inf,inf,inf,inf,inf,inf,inf,inf,inf,inf,inf,inf,inf,inf,inf,inf,inf,inf,inf,inf,inf,inf,inf,inf,inf,inf,inf,inf,inf,inf,inf,inf,inf,inf,inf,inf,inf,inf,inf,inf,inf,inf,inf,inf,inf,inf,inf,inf,inf,inf,inf,inf,inf,inf,inf,inf,inf,inf,inf,inf,inf,inf,inf,inf,inf,inf,inf,inf,inf,inf,inf,inf,inf,inf,inf,inf,inf,inf,inf,inf,inf,inf,inf,inf,inf,inf,inf,inf,inf,inf,inf,inf,inf,7.279907703399658,7.194786548614502,7.113783359527588,7.036712646484375,6.963403701782227,6.893692493438721,6.827433109283447,6.867794036865234,7.108777046203613,7.369624614715576,7.652774810791016,inf,inf,inf,inf,inf,inf,inf,inf,inf,inf,inf,inf,inf,inf,inf,inf,inf,inf,inf,4.888457298278809,4.882711410522461,4.878470420837402,4.875727653503418,4.874479293823242,4.874721527099609,4.876456260681152,4.8796868324279785,4.884415626525879,4.890653133392334,4.898406982421875,4.907689571380615,inf,inf,inf,inf,inf,10.986909866333008,10.434792518615723,10.48106861114502
1771970310136719808,-3.140000104904175,0.01749303564429283,10.537823677062988,10.588645935058594,10.643235206604004,10.701682090759277,inf,inf,inf,inf,inf,inf,inf,inf,inf,inf,inf,inf,inf,10.036311149597168,5.560503005981445,5.415018081665039,5.278525352478027,5.150282382965088,5.029624938964844,4.915961742401123,4.913976669311523,4.9851813316345215,5.060052394866943,5.138802528381348,5.22166633605957,5.308896064758301,5.400771617889404,5.497594356536865,inf,inf,inf,inf,inf,inf,inf,inf,inf,inf,inf,inf,inf,inf,inf,inf,inf,8.96138858795166,8.886886596679688,8.816289901733398,8.854416847229004,inf,inf,inf,inf,inf,inf,inf,inf,inf,inf,inf,inf,inf,inf,inf,inf,inf,inf,inf,inf,inf,inf,inf,inf,inf,inf,inf,inf,inf,inf,inf,inf,inf,inf,inf,inf,inf,inf,inf,inf,inf,inf,inf,inf,inf,inf,inf,inf,inf,inf,inf,inf,inf,inf,inf,inf,inf,inf,inf,inf,inf,inf,inf,inf,inf,inf,inf,inf,inf,inf,inf,inf,inf,inf,inf,inf,inf,inf,inf,inf,inf,inf,inf,inf,inf,inf,inf,inf,inf,inf,inf,inf,inf,inf,inf,inf,inf,inf,inf,inf,inf,inf,inf,inf,inf,inf,inf,inf,inf,inf,inf,inf,inf,inf,inf,inf,inf,inf,inf,inf,inf,inf,inf,inf,inf,inf,inf,inf,inf,inf,inf,inf,inf,inf,inf,inf,inf,inf,inf,inf,inf,inf,inf,inf,inf,inf,inf,inf,inf,inf,inf,inf,inf,inf,inf,inf,inf,inf,inf,inf,inf,inf,inf,inf,inf,inf,inf,inf,inf,inf,inf,inf,inf,inf,inf,inf,inf,inf,inf,inf,inf,inf,inf,inf,inf,inf,inf,inf,inf,inf,inf,inf,inf,inf,inf,inf,inf,inf,inf,inf,inf,inf,inf,inf,inf,inf,inf,inf,inf,inf,inf,inf,inf,inf,inf,inf,inf,inf,inf,inf,inf,inf,inf,inf,inf,inf,inf,inf,inf,inf,inf,inf,inf,inf,inf,inf,inf,inf,inf,inf,inf,inf,inf,inf,inf,inf,inf,inf,inf,inf,inf,inf,inf,inf,inf,inf,inf,7.336282730102539,7.250497341156006,7.168862819671631,7.091191291809082,7.01731014251709,6.947055816650391,6.880279064178467,6.84083890914917,7.0808610916137695,7.340667247772217,7.622685432434082,inf,inf,inf,inf,inf,inf,inf,inf,inf,inf,inf,inf,inf,inf,inf,inf,inf,inf,inf,4.935001373291016,4.92919921875,4.924915313720703,4.922143936157227,4.920881271362305,4.92112398147583,4.922872543334961,4.926131248474121,4.930903911590576,4.937198162078857,4.945023059844971,4.954391956329346,inf,inf,inf,inf,inf,11.04391860961914,10.482484817504883,10.528966903686523
1771970310426410976,-3.140000104904175,0.01749303564429283,10.587732315063477,10.638790130615234,10.693633079528809,10.752350807189941,inf,inf,inf,inf,inf,inf,inf,inf,inf,inf,inf,inf,inf,10.060856819152832,5.584194183349609,5.43808126449585,5.300999164581299,5.172203063964844,5.051025390625,4.936872482299805,4.975971698760986,5.048071384429932,5.123882293701172,5.2036213874816895,5.287525177001953,5.375851154327393,5.4688801765441895,5.566918849945068,inf,inf,inf,inf,inf,inf,inf,inf,inf,inf,inf,inf,inf,inf,inf,inf,9.054474830627441,8.975789070129395,8.90116024017334,8.83044147491455,8.977669715881348,inf,inf,inf,inf,inf,inf,inf,inf,inf,inf,inf,inf,inf,inf,inf,inf,inf,inf,inf,inf,inf,inf,inf,inf,inf,inf,inf,inf,inf,inf,inf,inf,inf,inf,inf,inf,inf,inf,inf,inf,inf,inf,inf,inf,inf,inf,inf,inf,inf,inf,inf,inf,inf,inf,inf,inf,inf,inf,inf,inf,inf,inf,inf,inf,inf,inf,inf,inf,inf,inf,inf,inf,inf,inf,inf,inf,inf,inf,inf,inf,inf,inf,inf,inf,inf,inf,inf,inf,inf,inf,inf,inf,inf,inf,inf,inf,inf,inf,inf,inf,inf,inf,inf,inf,inf,inf,inf,inf,inf,inf,inf,inf,inf,inf,inf,inf,inf,inf,inf,inf,inf,inf,inf,inf,inf,inf,inf,inf,inf,inf,inf,inf,inf,inf,inf,inf,inf,inf,inf,inf,inf,inf,inf,inf,inf,inf,inf,inf,inf,inf,inf,inf,inf,inf,inf,inf,inf,inf,inf,inf,inf,inf,inf,inf,inf,inf,inf,inf,inf,inf,inf,inf,inf,inf,inf,inf,inf,inf,inf,inf,inf,inf,inf,inf,inf,inf,inf,inf,inf,inf,inf,inf,inf,inf,inf,inf,inf,inf,inf,inf,inf,inf,inf,inf,inf,inf,inf,inf,inf,inf,inf,inf,inf,inf,inf,inf,inf,inf,inf,inf,inf,inf,inf,inf,inf,inf,inf,inf,inf,inf,inf,inf,inf,inf,inf,inf,inf,inf,inf,inf,inf,inf,inf,inf,inf,inf,9.362136840820312,inf,inf,inf,inf,inf,inf,inf,inf,inf,inf,inf,7.308500289916992,7.226207256317139,7.1479105949401855,7.073433876037598,7.002613067626953,6.935297966003418,6.871347427368164,7.051806926727295,7.3105292320251465,7.591370105743408,inf,inf,inf,inf,inf,inf,inf,inf,inf,inf,inf,inf,inf,inf,inf,inf,inf,inf,inf,inf,4.977597713470459,4.973269939422607,4.970468997955322,4.969191074371338,4.9694342613220215,4.971198081970215,4.974486351013184,4.979303359985352,4.985656261444092,4.993556976318359,5.003015041351318,inf,inf,inf,inf,inf,11.103269577026367,10.532137870788574,10.578835487365723
1771970310583314793,-3.140000104904175,0.01749303564429283,10.641688346862793,10.693000793457031,10.748117446899414,10.807127952575684,inf,inf,inf,inf,inf,inf,inf,inf,inf,inf,inf,inf,inf,5.766523838043213,5.609810829162598,5.46301794052124,5.325299263000488,5.195904731750488,5.074164390563965,4.973482608795166,5.042990207672119,5.1160569190979,5.19288444519043,5.273692607879639,5.358721733093262,5.4482316970825195,5.542506217956543,inf,inf,inf,inf,inf,inf,inf,inf,inf,inf,inf,inf,inf,inf,inf,inf,inf,9.069975852966309,8.9911527633667,8.916393280029297,8.845550537109375,9.110448837280273,inf,inf,inf,inf,inf,inf,inf,inf,inf,inf,inf,inf,inf,inf,inf,inf,inf,inf,inf,inf,inf,inf,inf,inf,inf,inf,inf,inf,inf,inf,inf,inf,inf,inf,inf,inf,inf,inf,inf,inf,inf,inf,inf,inf,inf,inf,inf,inf,inf,inf,inf,inf,inf,inf,inf,inf,inf,inf,inf,inf,inf,inf,inf,inf,inf,inf,inf,inf,inf,inf,inf,inf,inf,inf,inf,inf,inf,inf,inf,inf,inf,inf,inf,inf,inf,inf,inf,inf,inf,inf,inf,inf,inf,inf,inf,inf,inf,inf,inf,inf,inf,inf,inf,inf,inf,inf,inf,inf,inf,inf,inf,inf,inf,inf,inf,inf,inf,inf,inf,inf,inf,inf,inf,inf,inf,inf,inf,inf,inf,inf,inf,inf,inf,inf,inf,inf,inf,inf,inf,inf,inf,inf,inf,inf,inf,inf,inf,inf,inf,inf,inf,inf,inf,inf,inf,inf,inf,inf,inf,inf,inf,inf,inf,inf,inf,inf,inf,inf,inf,inf,inf,inf,inf,inf,inf,inf,inf,inf,inf,inf,inf,inf,inf,inf,inf,inf,inf,inf,inf,inf,inf,inf,inf,inf,inf,inf,inf,inf,inf,inf,inf,inf,inf,inf,inf,inf,inf,inf,inf,inf,inf,inf,inf,inf,inf,inf,inf,inf,inf,inf,inf,inf,inf,inf,inf,inf,inf,inf,inf,inf,inf,inf,inf,inf,inf,inf,inf,inf,inf,inf,inf,inf,inf,inf,inf,inf,inf,inf,inf,inf,inf,inf,inf,inf,inf,inf,inf,inf,7.371212005615234,7.288209438323975,7.209235191345215,7.134113788604736,7.062680721282959,6.994783878326416,6.930280685424805,7.0203962326049805,7.277946949005127,7.55751371383667,inf,inf,inf,inf,inf,inf,inf,inf,inf,inf,inf,inf,inf,inf,inf,inf,inf,inf,inf,inf,5.029922962188721,5.025546550750732,5.022714138031006,5.021420478820801,5.021662712097168,5.023443222045898,5.026763916015625,5.031628608703613,5.038046360015869,5.046026229858398,5.055581569671631,inf,inf,inf,inf,inf,11.167466163635254,10.58581829071045,10.632746696472168
1771970310678806044,-3.140000104904175,0.01749303564429283,10.691597938537598,10.743144989013672,10.798513412475586,10.857794761657715,inf,inf,inf,inf,inf,inf,inf,inf,inf,inf,inf,inf,inf,5.790884971618652,5.633500576019287,5.486079692840576,5.347772121429443,5.217823505401611,5.0955634117126465,5.0346221923828125,5.10498046875,5.1789422035217285,5.256709098815918,5.338505744934082,5.424575328826904,5.515180587768555,5.61060905456543,inf,inf,inf,inf,inf,inf,inf,inf,inf,inf,inf,inf,inf,inf,inf,inf,inf,9.084508895874023,9.0055513381958,8.9306640625,8.878012657165527,inf,inf,inf,inf,inf,inf,inf,inf,inf,inf,inf,inf,inf,inf,inf,inf,inf,inf,inf,inf,inf,inf,inf,inf,inf,inf,inf,inf,inf,inf,inf,inf,inf,inf,inf,inf,inf,inf,inf,inf,inf,inf,inf,inf,inf,inf,inf,inf,inf,inf,inf,inf,inf,inf,inf,inf,inf,inf,inf,inf,inf,inf,inf,inf,inf,inf,inf,inf,inf,inf,inf,inf,inf,inf,inf,inf,inf,inf,inf,inf,inf,inf,inf,inf,inf,inf,inf,inf,inf,inf,inf,inf,inf,inf,inf,inf,inf,inf,inf,inf,inf,inf,inf,inf,inf,inf,inf,inf,inf,inf,inf,inf,inf,inf,inf,inf,inf,inf,inf,inf,inf,inf,inf,inf,inf,inf,inf,inf,inf,inf,inf,inf,inf,inf,inf,inf,inf,inf,inf,inf,inf,inf,inf,inf,inf,inf,inf,inf,inf,inf,inf,inf,inf,inf,inf,inf,inf,inf,inf,inf,inf,inf,inf,inf,inf,inf,inf,inf,inf,inf,inf,inf,inf,inf,inf,inf,inf,inf,inf,inf,inf,inf,inf,inf,inf,inf,inf,inf,inf,inf,inf,inf,inf,inf,inf,inf,inf,inf,inf,inf,inf,inf,inf,inf,inf,inf,inf,inf,inf,inf,inf,inf,inf,inf,inf,inf,inf,inf,inf,inf,inf,inf,inf,inf,inf,inf,inf,inf,inf,inf,inf,inf,inf,inf,inf,inf,inf,inf,inf,inf,inf,inf,inf,inf,inf,inf,inf,inf,inf,inf,inf,inf,inf,inf,inf,inf,inf,inf,inf,7.429220199584961,7.345559120178223,7.2659592628479,7.190242290496826,7.1182427406311035,7.049807548522949,6.984792232513428,6.991354942321777,7.24782133102417,7.526212692260742,7.829334735870361,inf,inf,inf,inf,inf,inf,inf,inf,inf,inf,inf,inf,inf,inf,inf,inf,inf,inf,inf,5.078322887420654,5.073902130126953,5.071040153503418,5.06973123550415,5.069974422454834,5.071768760681152,5.075118541717529,5.080028057098389,5.086504936218262,5.094559669494629,5.1042046546936035,inf,inf,inf,inf,inf,11.226832389831543,10.635470390319824,10.68261432647705
1771970310833430063,-3.140000104904175,0.01749303564429283,10.76498031616211,10.818490028381348,10.87587833404541,10.937244415283203,inf,inf,inf,inf,inf,inf,inf,inf,inf,inf,inf,inf,10.294283866882324,5.7413554191589355,5.587965488433838,5.444181442260742,5.309194087982178,5.182286739349365,5.0628180503845215,5.128169059753418,5.201010227203369,5.277589321136475,5.358121395111084,5.442841529846191,5.5320024490356445,5.625883102416992,inf,inf,inf,inf,inf,inf,inf,inf,inf,inf,inf,inf,inf,inf,inf,inf,inf,9.14323902130127,9.061860084533691,8.98464298248291,8.911433219909668,9.15158462524414,inf,inf,inf,inf,inf,inf,inf,inf,inf,inf,inf,inf,inf,inf,inf,inf,inf,inf,inf,inf,inf,inf,inf,inf,inf,inf,inf,inf,inf,inf,inf,inf,inf,inf,inf,inf,inf,inf,inf,inf,inf,inf,inf,inf,inf,inf,inf,inf,inf,inf,inf,inf,inf,inf,inf,inf,inf,inf,inf,inf,inf,inf,inf,inf,inf,inf,inf,inf,inf,inf,inf,inf,inf,inf,inf,inf,inf,inf,inf,inf,inf,inf,inf,inf,inf,inf,inf,inf,inf,inf,inf,inf,inf,inf,inf,inf,inf,inf,inf,inf,inf,inf,inf,inf,inf,inf,inf,inf,inf,inf,inf,inf,inf,inf,inf,inf,inf,inf,inf,inf,inf,inf,inf,inf,inf,inf,inf,inf,inf,inf,inf,inf,inf,inf,inf,inf,inf,inf,inf,inf,inf,inf,inf,inf,inf,inf,inf,inf,inf,inf,inf,inf,inf,inf,inf,inf,inf,inf,inf,inf,inf,inf,inf,inf,inf,inf,inf,inf,inf,inf,inf,inf,inf,inf,inf,inf,inf,inf,inf,inf,inf,inf,inf,inf,inf,inf,inf,inf,inf,inf,inf,inf,inf,inf,inf,inf,inf,inf,inf,inf,inf,inf,inf,inf,inf,inf,inf,inf,inf,inf,inf,inf,inf,inf,inf,inf,inf,inf,inf,inf,inf,inf,inf,inf,inf,inf,inf,inf,inf,inf,inf,inf,inf,inf,inf,inf,inf,inf,inf,inf,inf,inf,inf,inf,inf,inf,inf,inf,inf,inf,inf,inf,inf,inf,inf,inf,inf,inf,inf,7.44922399520874,7.366771221160889,7.288329124450684,7.213724613189697,7.142793655395508,7.075389385223389,7.01137113571167,7.076616287231445,7.341601848602295,7.629629611968994,inf,inf,inf,inf,inf,inf,inf,inf,inf,inf,inf,inf,inf,inf,inf,inf,inf,inf,inf,inf,5.1250319480896,5.121278285980225,5.119095802307129,5.118479251861572,5.1194305419921875,5.121949195861816,5.126039981842041,5.131709098815918,5.138964653015137,5.147817611694336,5.15828275680542,inf,inf,inf,inf,inf,10.900802612304688,10.706607818603516,10.755645751953125
1771970311032069880,-3.140000104904175,0.01749303564429283,inf,inf,inf,inf,inf,inf,inf,inf,inf,inf,inf,inf,5.891627788543701,5.7289581298828125,5.576691150665283,5.433928489685059,5.299873352050781,5.173818111419678,5.091844081878662,5.161947727203369,5.235631942749023,5.313100814819336,5.394571781158447,5.480282783508301,5.570493698120117,5.665487766265869,inf,inf,inf,inf,inf,inf,inf,inf,inf,inf,inf,inf,inf,inf,inf,inf,inf,9.139031410217285,9.05812931060791,8.98137092590332,8.916762351989746,inf,inf,inf,inf,inf,inf,inf,inf,inf,inf,inf,inf,inf,inf,inf,inf,inf,inf,inf,inf,inf,inf,inf,inf,inf,inf,inf,inf,inf,inf,inf,inf,inf,inf,inf,inf,inf,inf,inf,inf,inf,inf,inf,inf,inf,inf,inf,inf,inf,inf,inf,inf,inf,inf,inf,inf,inf,inf,inf,inf,inf,inf,inf,inf,inf,inf,inf,inf,inf,inf,inf,inf,inf,inf,inf,inf,inf,inf,inf,inf,inf,inf,inf,inf,inf,inf,inf,inf,inf,inf,inf,inf,inf,inf,inf,inf,inf,inf,inf,inf,inf,inf,inf,inf,inf,inf,inf,inf,inf,inf,inf,inf,inf,inf,inf,inf,inf,inf,inf,inf,inf,inf,inf,inf,inf,inf,inf,inf,inf,inf,inf,inf,inf,inf,inf,inf,inf,inf,inf,inf,inf,inf,inf,inf,inf,inf,inf,inf,inf,inf,inf,inf,inf,inf,inf,inf,inf,inf,inf,inf,inf,inf,inf,inf,inf,inf,inf,inf,inf,inf,inf,inf,inf,inf,inf,inf,inf,inf,inf,inf,inf,inf,inf,inf,inf,inf,inf,inf,inf,inf,inf,inf,inf,inf,inf,inf,inf,inf,inf,inf,inf,inf,inf,inf,inf,inf,inf,inf,inf,inf,inf,inf,inf,inf,inf,inf,inf,inf,inf,inf,inf,inf,inf,inf,inf,inf,inf,inf,inf,inf,inf,inf,inf,inf,inf,inf,inf,inf,inf,inf,inf,inf,inf,inf,inf,inf,inf,inf,inf,inf,inf,inf,inf,inf,inf,inf,inf,inf,inf,inf,7.460026264190674,7.37788724899292,7.299746990203857,7.225432395935059,7.154783725738525,7.087650775909424,7.023894786834717,7.100292682647705,7.367845058441162,7.658787727355957,inf,inf,inf,inf,inf,inf,inf,inf,inf,inf,inf,inf,inf,inf,inf,inf,inf,inf,inf,inf,5.143227577209473,5.139676570892334,5.137701988220215,5.137299537658691,5.138469219207764,5.141213893890381,5.145535945892334,5.151443958282471,5.158945560455322,5.168052673339844,5.178779125213623,inf,inf,inf,inf,inf,10.811592102050781,10.732522964477539,10.782163619995117,10.835598945617676,10.892914772033691,10.954212188720703,inf
1771970311328784569,-3.140000104904175,0.01749303564429283,inf,inf,inf,inf,inf,inf,inf,inf,inf,inf,inf,inf,5.912880897521973,5.749807834625244,5.597153663635254,5.454022407531738,5.319615364074707,5.193225383758545,5.142275810241699,5.2131476402282715,5.2876410484313965,5.365959644317627,5.448326587677002,5.534980773925781,5.626185417175293,5.722227096557617,inf,inf,inf,inf,inf,inf,inf,inf,inf,inf,inf,inf,inf,inf,inf,inf,inf,9.149826049804688,9.068984985351562,8.992287635803223,8.993639945983887,inf,inf,inf,inf,inf,inf,inf,inf,inf,inf,inf,inf,inf,inf,inf,inf,inf,inf,inf,inf,inf,inf,inf,inf,inf,inf,inf,inf,inf,inf,inf,inf,inf,inf,inf,inf,inf,inf,inf,inf,inf,inf,inf,inf,inf,inf,inf,inf,inf,inf,inf,inf,inf,inf,inf,inf,inf,inf,inf,inf,inf,inf,inf,inf,inf,inf,inf,inf,inf,inf,inf,inf,inf,inf,inf,inf,inf,inf,inf,inf,inf,inf,inf,inf,inf,inf,inf,inf,inf,inf,inf,inf,inf,inf,inf,inf,inf,inf,inf,inf,inf,inf,inf,inf,inf,inf,inf,inf,inf,inf,inf,inf,inf,inf,inf,inf,inf,inf,inf,inf,inf,inf,inf,inf,inf,inf,inf,inf,inf,inf,inf,inf,inf,inf,inf,inf,inf,inf,inf,inf,inf,inf,inf,inf,inf,inf,inf,inf,inf,inf,inf,inf,inf,inf,inf,inf,inf,inf,inf,inf,inf,inf,inf,inf,inf,inf,inf,inf,inf,inf,inf,inf,inf,inf,inf,inf,inf,inf,inf,inf,inf,inf,inf,inf,inf,inf,inf,inf,inf,inf,inf,inf,inf,inf,inf,inf,inf,inf,inf,inf,inf,inf,inf,inf,inf,inf,inf,inf,inf,inf,inf,inf,inf,inf,inf,inf,inf,inf,inf,inf,inf,inf,inf,inf,inf,inf,inf,inf,inf,inf,inf,inf,inf,inf,inf,inf,inf,inf,inf,inf,inf,inf,inf,inf,inf,inf,inf,inf,inf,inf,inf,inf,inf,inf,inf,inf,inf,inf,inf,inf,7.503284454345703,7.420761585235596,7.342256546020508,7.2675957679748535,7.19661808013916,7.129173278808594,7.065124034881592,7.076340675354004,7.343348979949951,7.633726596832275,inf,inf,inf,inf,inf,inf,inf,inf,inf,inf,inf,inf,inf,inf,inf,inf,inf,inf,inf,inf,5.181559085845947,5.178027629852295,5.176084041595459,5.17572546005249,5.176949977874756,5.179760456085205,5.184161186218262,5.190159320831299,5.197763442993164,5.206985950469971,5.21783971786499,inf,inf,inf,inf,inf,10.847725868225098,10.773528099060059,10.823463439941406,10.877206802368164,10.93484878540039,10.996488571166992,inf
1771970311471700615,-3.140000104904175,0.01749303564429283,inf,inf,inf,inf,inf,inf,inf,inf,inf,inf,inf,inf,5.95406436920166,5.789506435394287,5.635478496551514,5.4910688400268555,5.355474948883057,5.2279767990112305,5.1981000900268555,5.269597053527832,5.344747543334961,5.4237565994262695,5.506845951080322,5.594260215759277,5.6862616539001465,5.783139228820801,inf,inf,inf,inf,inf,inf,inf,inf,inf,inf,inf,inf,inf,inf,inf,inf,inf,9.173855781555176,9.092592239379883,9.01548957824707,9.09024429321289,inf,inf,inf,inf,inf,inf,inf,inf,inf,inf,inf,inf,inf,inf,inf,inf,inf,inf,inf,inf,inf,inf,inf,inf,inf,inf,inf,inf,inf,inf,inf,inf,inf,inf,inf,inf,inf,inf,inf,inf,inf,inf,inf,inf,inf,inf,inf,inf,inf,inf,inf,inf,inf,inf,inf,inf,inf,inf,inf,inf,inf,inf,inf,inf,inf,inf,inf,inf,inf,inf,inf,inf,inf,inf,inf,inf,inf,inf,inf,inf,inf,inf,inf,inf,inf,inf,inf,inf,inf,inf,inf,inf,inf,inf,inf,inf,inf,inf,inf,inf,inf,inf,inf,inf,inf,inf,inf,inf,inf,inf,inf,inf,inf,inf,inf,inf,inf,inf,inf,inf,inf,inf,inf,inf,inf,inf,inf,inf,inf,inf,inf,inf,inf,inf,inf,inf,inf,inf,inf,inf,inf,inf,inf,inf,inf,inf,inf,inf,inf,inf,inf,inf,inf,inf,inf,inf,inf,inf,inf,inf,inf,inf,inf,inf,inf,inf,inf,inf,inf,inf,inf,inf,inf,inf,inf,inf,inf,inf,inf,inf,inf,inf,inf,inf,inf,inf,inf,inf,inf,inf,inf,inf,inf,inf,inf,inf,inf,inf,inf,inf,inf,inf,inf,inf,inf,inf,inf,inf,inf,inf,inf,inf,inf,inf,inf,inf,inf,inf,inf,inf,inf,inf,inf,inf,inf,inf,inf,inf,inf,inf,inf,inf,inf,inf,inf,inf,inf,inf,inf,inf,inf,inf,inf,inf,inf,inf,inf,inf,inf,inf,inf,inf,inf,inf,inf,inf,inf,inf,inf,inf,11.637276649475098,7.48092794418335,7.401615619659424,7.3261847496032715,7.254473686218262,7.186330318450928,7.1216139793396,7.0601935386657715,7.288427352905273,7.5758771896362305,7.889444351196289,inf,inf,inf,inf,inf,inf,inf,inf,inf,inf,inf,inf,inf,inf,inf,inf,inf,inf,inf,5.229179859161377,5.225527286529541,5.223477840423584,5.223026275634766,5.2241740226745605,5.226921558380127,5.231274604797363,5.23723840713501,5.244822025299072,5.254037857055664,5.264900207519531,inf,inf,inf,inf,inf,10.964799880981445,10.81969928741455,10.869649887084961,10.923423767089844,10.981108665466309,11.042802810668945,inf
1771970311617967952,-3.140000104904175,0.01749303564429283,inf,inf,inf,inf,inf,inf,inf,inf,inf,inf,inf,inf,5.9845757484436035,5.8191728591918945,5.6643548011779785,5.519205093383789,5.3829145431518555,5.254761695861816,5.255175590515137,5.327457904815674,5.403432369232178,5.4833083152771,5.567309379577637,5.655682563781738,5.74869441986084,5.846634387969971,inf,inf,inf,inf,inf,inf,inf,inf,inf,inf,inf,inf,inf,inf,inf,inf,9.277560234069824,9.191802978515625,9.110379219055176,9.033124923706055,9.19961166381836,inf,inf,inf,inf,inf,inf,inf,inf,inf,inf,inf,inf,inf,inf,inf,inf,inf,inf,inf,inf,inf,inf,inf,inf,inf,inf,inf,inf,inf,inf,inf,inf,inf,inf,inf,inf,inf,inf,inf,inf,inf,inf,inf,inf,inf,inf,inf,inf,inf,inf,inf,inf,inf,inf,inf,inf,inf,inf,inf,inf,inf,inf,inf,inf,inf,inf,inf,inf,inf,inf,inf,inf,inf,inf,inf,inf,inf,inf,inf,inf,inf,inf,inf,inf,inf,inf,inf,inf,inf,inf,inf,inf,inf,inf,inf,inf,inf,inf,inf,inf,inf,inf,inf,inf,inf,inf,inf,inf,inf,inf,inf,inf,inf,inf,inf,inf,inf,inf,inf,inf,inf,inf,inf,inf,inf,inf,inf,inf,inf,inf,inf,inf,inf,inf,inf,inf,inf,inf,inf,inf,inf,inf,inf,inf,inf,inf,inf,inf,inf,inf,inf,inf,inf,inf,inf,inf,inf,inf,inf,inf,inf,inf,inf,inf,inf,inf,inf,inf,inf,inf,inf,inf,inf,inf,inf,inf,inf,inf,inf,inf,inf,inf,inf,inf,inf,inf,inf,inf,inf,inf,inf,inf,inf,inf,inf,inf,inf,inf,inf,inf,inf,inf,inf,inf,inf,inf,inf,inf,inf,inf,inf,inf,inf,inf,inf,inf,inf,inf,inf,inf,inf,inf,inf,inf,inf,inf,inf,inf,inf,inf,inf,inf,inf,inf,inf,inf,inf,inf,inf,inf,inf,inf,inf,inf,inf,inf,inf,inf,inf,9.503195762634277,inf,inf,inf,inf,inf,inf,inf,inf,inf,inf,11.691232681274414,7.534277439117432,7.454399108886719,7.378430366516113,7.306206703186035,7.237577438354492,7.172399044036865,7.110540866851807,7.250494480133057,7.536445140838623,7.848377704620361,inf,inf,inf,inf,inf,inf,inf,inf,inf,inf,inf,inf,inf,inf,inf,inf,inf,inf,inf,5.274537086486816,5.270852088928223,5.268784046173096,5.268328666687012,5.2694854736328125,5.272256851196289,5.276646614074707,5.2826619148254395,5.290310859680176,5.299606800079346,5.310562610626221,inf,inf,inf,inf,inf,11.034395217895508,10.86642837524414,10.916595458984375,10.970600128173828,11.028533935546875,11.090493202209473,inf
1771970311785638219,-3.140000104904175,0.01749303564429283,inf,inf,inf,inf,inf,inf,inf,inf,inf,inf,inf,inf,6.0177998542785645,5.851470470428467,5.695784568786621,5.549822807312012,5.412769317626953,5.283900260925293,5.316900730133057,5.3900275230407715,5.466892242431641,5.547701358795166,5.632685661315918,5.722092151641846,5.816191673278809,inf,inf,inf,inf,inf,inf,inf,inf,inf,inf,inf,inf,inf,inf,inf,inf,inf,9.297269821166992,9.211325645446777,9.129724502563477,9.052301406860352,9.317646026611328,inf,inf,inf,inf,inf,inf,inf,inf,inf,inf,inf,inf,inf,inf,inf,inf,inf,inf,inf,inf,inf,inf,inf,inf,inf,inf,inf,inf,inf,inf,inf,inf,inf,inf,inf,inf,inf,inf,inf,inf,inf,inf,inf,inf,inf,inf,inf,inf,inf,inf,inf,inf,inf,inf,inf,inf,inf,inf,inf,inf,inf,inf,inf,inf,inf,inf,inf,inf,inf,inf,inf,inf,inf,inf,inf,inf,inf,inf,inf,inf,inf,inf,inf,inf,inf,inf,inf,inf,inf,inf,inf,inf,inf,inf,inf,inf,inf,inf,inf,inf,inf,inf,inf,inf,inf,inf,inf,inf,inf,inf,inf,inf,inf,inf,inf,inf,inf,inf,inf,inf,inf,inf,inf,inf,inf,inf,inf,inf,inf,inf,inf,inf,inf,inf,inf,inf,inf,inf,inf,inf,inf,inf,inf,inf,inf,inf,inf,inf,inf,inf,inf,inf,inf,inf,inf,inf,inf,inf,inf,inf,inf,inf,inf,inf,inf,inf,inf,inf,inf,inf,inf,inf,inf,inf,inf,inf,inf,inf,inf,inf,inf,inf,inf,inf,inf,inf,inf,inf,inf,inf,inf,inf,inf,inf,inf,inf,inf,inf,inf,inf,inf,inf,inf,inf,inf,inf,inf,inf,inf,inf,inf,inf,inf,inf,inf,inf,inf,inf,inf,inf,inf,inf,inf,inf,inf,inf,inf,inf,inf,inf,inf,inf,inf,inf,inf,inf,inf,inf,inf,inf,inf,inf,inf,inf,inf,inf,inf,inf,inf,inf,inf,inf,inf,inf,inf,inf,inf,inf,inf,inf,11.749801635742188,7.592136859893799,7.5116400718688965,7.435084342956543,7.362302303314209,7.293142795562744,7.227459907531738,7.165122985839844,7.209126949310303,7.493427276611328,7.803559303283691,inf,inf,inf,inf,inf,inf,inf,inf,inf,inf,inf,inf,inf,inf,inf,inf,inf,inf,inf,5.323653697967529,5.31993293762207,5.317843914031982,5.3173828125,5.318547248840332,5.321342468261719,5.325770854949951,5.331839561462402,5.339558124542236,5.348938465118408,5.359994411468506,inf,inf,inf,inf,inf,11.110648155212402,10.916976928710938,10.967370986938477,11.021623611450195,11.07982063293457,11.142064094543457,inf
1771970311994762870,-3.140000104904175,0.01749303564429283,inf,inf,inf,inf,inf,inf,inf,inf,inf,inf,inf,inf,6.048486232757568,5.88129997253418,5.724812984466553,5.578100204467773,5.440341949462891,5.310810089111328,5.373866081237793,5.447773456573486,5.525456428527832,5.607128620147705,5.693018913269043,5.783379077911377,5.878481388092041,inf,inf,inf,inf,inf,inf,inf,inf,inf,inf,inf,inf,inf,inf,inf,inf,inf,9.315471649169922,9.229354858398438,9.147589683532715,9.08707332611084,inf,inf,inf,inf,inf,inf,inf,inf,inf,inf,inf,inf,inf,inf,inf,inf,inf,inf,inf,inf,inf,inf,inf,inf,inf,inf,inf,inf,inf,inf,inf,inf,inf,inf,inf,inf,inf,inf,inf,inf,inf,inf,inf,inf,inf,inf,inf,inf,inf,inf,inf,inf,inf,inf,inf,inf,inf,inf,inf,inf,inf,inf,inf,inf,inf,inf,inf,inf,inf,inf,inf,inf,inf,inf,inf,inf,inf,inf,inf,inf,inf,inf,inf,inf,inf,inf,inf,inf,inf,inf,inf,inf,inf,inf,inf,inf,inf,inf,inf,inf,inf,inf,inf,inf,inf,inf,inf,inf,inf,inf,inf,inf,inf,inf,inf,inf,inf,inf,inf,inf,inf,inf,inf,inf,inf,inf,inf,inf,inf,inf,inf,inf,inf,inf,inf,inf,inf,inf,inf,inf,inf,inf,inf,inf,inf,inf,inf,inf,inf,inf,inf,inf,inf,inf,inf,inf,inf,inf,inf,inf,inf,inf,inf,inf,inf,inf,inf,inf,inf,inf,inf,inf,inf,inf,inf,inf,inf,inf,inf,inf,inf,inf,inf,inf,inf,inf,inf,inf,inf,inf,inf,inf,inf,inf,inf,inf,inf,inf,inf,inf,inf,inf,inf,inf,inf,inf,inf,inf,inf,inf,inf,inf,inf,inf,inf,inf,inf,inf,inf,inf,inf,inf,inf,inf,inf,inf,inf,inf,inf,inf,inf,inf,inf,inf,inf,inf,inf,inf,inf,inf,inf,inf,inf,inf,inf,inf,inf,inf,inf,inf,inf,inf,inf,inf,inf,inf,inf,inf,inf,inf,inf,inf,11.673766136169434,7.564487934112549,7.4873881340026855,7.414091110229492,7.34443998336792,7.278292655944824,7.215513706207275,7.170917987823486,7.453695297241211,7.762161731719971,inf,inf,inf,inf,inf,inf,inf,inf,inf,inf,inf,inf,inf,inf,inf,inf,inf,inf,inf,inf,5.365237236022949,5.363127708435059,5.3626604080200195,5.363833427429199,5.366650104522705,5.371115207672119,5.377232551574707,5.385014533996582,5.394473075866699,5.405620098114014,inf,inf,inf,inf,inf,11.181138038635254,10.963627815246582,11.014233589172363,11.068711280822754,11.127154350280762,11.189658164978027,inf
1771970312537920005,-3.140000104904175,0.01749303564429283,inf,inf,inf,inf,inf,inf,inf,inf,inf,inf,inf,inf,6.081732273101807,5.913618087768555,5.756261825561523,5.608735084533691,5.470213413238525,5.364443778991699,5.435575485229492,5.51032829284668,5.588900089263916,5.671504974365234,5.758376598358154,5.849769592285156,5.945958614349365,inf,inf,inf,inf,inf,inf,inf,inf,inf,inf,inf,inf,inf,inf,inf,inf,inf,9.335190773010254,9.248886108398438,9.166942596435547,9.192389488220215,inf,inf,inf,inf,inf,inf,inf,inf,inf,inf,inf,inf,inf,inf,inf,inf,inf,inf,inf,inf,inf,inf,inf,inf,inf,inf,inf,inf,inf,inf,inf,inf,inf,inf,inf,inf,inf,inf,inf,inf,inf,inf,inf,inf,inf,inf,inf,inf,inf,inf,inf,inf,inf,inf,inf,inf,inf,inf,inf,inf,inf,inf,inf,inf,inf,inf,inf,inf,inf,inf,inf,inf,inf,inf,inf,inf,inf,inf,inf,inf,inf,inf,inf,inf,inf,inf,inf,inf,inf,inf,inf,inf,inf,inf,inf,inf,inf,inf,inf,inf,inf,inf,inf,inf,inf,inf,inf,inf,inf,inf,inf,inf,inf,inf,inf,inf,inf,inf,inf,inf,inf,inf,inf,inf,inf,inf,inf,inf,inf,inf,inf,inf,inf,inf,inf,inf,inf,inf,inf,inf,inf,inf,inf,inf,inf,inf,inf,inf,inf,inf,inf,inf,inf,inf,inf,inf,inf,inf,inf,inf,inf,inf,inf,inf,inf,inf,inf,inf,inf,inf,inf,inf,inf,inf,inf,inf,inf,inf,inf,inf,inf,inf,inf,inf,inf,inf,inf,inf,inf,inf,inf,inf,inf,inf,inf,inf,inf,inf,inf,inf,inf,inf,inf,inf,inf,inf,inf,inf,inf,inf,inf,inf,inf,inf,inf,inf,inf,inf,inf,inf,inf,inf,inf,inf,inf,inf,inf,inf,inf,inf,inf,inf,inf,inf,inf,inf,inf,inf,inf,inf,inf,inf,inf,inf,inf,inf,inf,inf,inf,inf,inf,9.597010612487793,inf,inf,inf,inf,inf,inf,inf,inf,inf,inf,11.731700897216797,7.62174129486084,7.54405403137207,7.4701972007751465,7.400015830993652,7.333362579345703,7.270104885101318,7.210116386413574,7.4106550216674805,7.717319965362549,8.053030967712402,inf,inf,inf,inf,inf,inf,inf,inf,inf,inf,inf,inf,inf,inf,inf,inf,inf,inf,inf,5.414318084716797,5.412186622619629,5.411712646484375,5.412893295288086,5.41573429107666,5.420236587524414,5.4264092445373535,5.43425989151001,5.443800449371338,5.455048561096191,inf,inf,inf,inf,inf,11.257515907287598,11.014167785644531,11.065000534057617,11.11972427368164,11.17842960357666,11.241216659545898,inf
1771970312725118891,-3.140000104904175,0.01749303564429283,inf,inf,inf,inf,inf,inf,inf,inf,inf,inf,inf,inf,6.101555347442627,5.9333648681640625,5.7759175300598145,5.628288269042969,5.4896559715271,5.430288314819336,5.502486705780029,5.578360080718994,5.658109664916992,5.741957187652588,5.830136775970459,5.92290735244751,6.02055025100708,inf,inf,inf,inf,inf,inf,inf,inf,inf,inf,inf,inf,inf,inf,inf,inf,9.446632385253906,9.348039627075195,9.261880874633789,9.180079460144043,9.330939292907715,inf,inf,inf,inf,inf,inf,inf,inf,inf,inf,inf,inf,inf,inf,inf,inf,inf,inf,inf,inf,inf,inf,inf,inf,inf,inf,inf,inf,inf,inf,inf,inf,inf,inf,inf,inf,inf,inf,inf,inf,inf,inf,inf,inf,inf,inf,inf,inf,inf,inf,inf,inf,inf,inf,inf,inf,inf,inf,inf,inf,inf,inf,inf,inf,inf,inf,inf,inf,inf,inf,inf,inf,inf,inf,inf,inf,inf,inf,inf,inf,inf,inf,inf,inf,inf,inf,inf,inf,inf,inf,inf,inf,inf,inf,inf,inf,inf,inf,inf,inf,inf,inf,inf,inf,inf,inf,inf,inf,inf,inf,inf,inf,inf,inf,inf,inf,inf,inf,inf,inf,inf,inf,inf,inf,inf,inf,inf,inf,inf,inf,inf,inf,inf,inf,inf,inf,inf,inf,inf,inf,inf,inf,inf,inf,inf,inf,inf,inf,inf,inf,inf,inf,inf,inf,inf,inf,inf,inf,inf,inf,inf,inf,inf,inf,inf,inf,inf,inf,inf,inf,inf,inf,inf,inf,inf,inf,inf,inf,inf,inf,inf,inf,inf,inf,inf,inf,inf,inf,inf,inf,inf,inf,inf,inf,inf,inf,inf,inf,inf,inf,inf,inf,inf,inf,inf,inf,inf,inf,inf,inf,inf,inf,inf,inf,inf,inf,inf,inf,inf,inf,inf,inf,inf,inf,inf,inf,inf,inf,inf,inf,inf,inf,inf,inf,inf,inf,inf,inf,inf,inf,inf,inf,inf,inf,inf,inf,inf,inf,inf,inf,inf,9.598959922790527,inf,inf,inf,inf,inf,inf,inf,inf,inf,inf,11.779866218566895,7.672781467437744,7.594801425933838,7.5206685066223145,7.450226306915283,7.383330821990967,7.3198442459106445,7.259644031524658,7.389969825744629,7.696874141693115,8.032939910888672,inf,inf,inf,inf,inf,inf,inf,inf,inf,inf,inf,inf,inf,inf,inf,inf,inf,inf,inf,5.462954998016357,5.460926055908203,5.460568904876709,5.461884498596191,5.464871406555176,5.469537258148193,5.475887775421143,5.483933448791504,5.493686199188232,5.505161285400391,inf,inf,inf,inf,inf,11.270602226257324,11.068133354187012,11.119482040405273,11.174742698669434,11.234012603759766,11.297389030456543,inf
1771970312842165452,-3.140000104904175,0.01749303564429283,inf,inf,inf,inf,inf,inf,inf,inf,6.20706844329834,6.0324835777282715,5.869198322296143,5.716221332550049,5.57267951965332,5.437793254852295,5.490822792053223,5.565107345581055,5.643179893493652,5.7252516746521,5.811549663543701,5.9023237228393555,5.997842788696289,inf,inf,inf,inf,inf,inf,inf,inf,inf,inf,inf,inf,inf,inf,inf,inf,inf,9.402457237243652,9.313878059387207,9.229750633239746,9.203166007995605,inf,inf,inf,inf,inf,inf,inf,inf,inf,inf,inf,inf,inf,inf,inf,inf,inf,inf,inf,inf,inf,inf,inf,inf,inf,inf,inf,inf,inf,inf,inf,inf,inf,inf,inf,inf,inf,inf,inf,inf,inf,inf,inf,inf,inf,inf,inf,inf,inf,inf,inf,inf,inf,inf,inf,inf,inf,inf,inf,inf,inf,inf,inf,inf,inf,inf,inf,inf,inf,inf,inf,inf,inf,inf,inf,inf,inf,inf,inf,inf,inf,inf,inf,inf,inf,inf,inf,inf,inf,inf,inf,inf,inf,inf,inf,inf,inf,inf,inf,inf,inf,inf,inf,inf,inf,inf,inf,inf,inf,inf,inf,inf,inf,inf,inf,inf,inf,inf,inf,inf,inf,inf,inf,inf,inf,inf,inf,inf,inf,inf,inf,inf,inf,inf,inf,inf,inf,inf,inf,inf,inf,inf,inf,inf,inf,inf,inf,inf,inf,inf,inf,inf,inf,inf,inf,inf,inf,inf,inf,inf,inf,inf,inf,inf,inf,inf,inf,inf,inf,inf,inf,inf,inf,inf,inf,inf,inf,inf,inf,inf,inf,inf,inf,inf,inf,inf,inf,inf,inf,inf,inf,inf,inf,inf,inf,inf,inf,inf,inf,inf,inf,inf,inf,inf,inf,inf,inf,inf,inf,inf,inf,inf,inf,inf,inf,inf,inf,inf,inf,inf,inf,inf,inf,inf,inf,inf,inf,inf,inf,inf,inf,inf,inf,inf,inf,inf,inf,inf,inf,inf,inf,inf,inf,inf,inf,inf,inf,inf,inf,inf,inf,inf,inf,inf,inf,inf,inf,inf,inf,inf,inf,inf,inf,11.744552612304688,7.659696578979492,7.583325386047363,7.510737419128418,7.441782474517822,7.376316547393799,7.314212799072266,7.255347728729248,7.516092300415039,7.835702896118164,inf,inf,inf,inf,inf,inf,inf,inf,inf,inf,inf,inf,inf,inf,inf,inf,inf,inf,inf,inf,5.482996463775635,5.481760501861572,5.482202053070068,5.484321117401123,5.488122463226318,5.493611812591553,5.500796794891357,5.509688854217529,5.52030086517334,5.532650947570801,inf,inf,inf,inf,11.754526138305664,11.064631462097168,11.114062309265137,11.16737174987793,11.224644660949707,11.285978317260742,inf,inf,inf,inf,inf
1771970313016843289,-3.140000104904175,0.01749303564429283,inf,inf,inf,6.2625322341918945,6.084468841552734,5.9180121421813965,5.762136459350586,5.615935802459717,5.478605270385742,5.476157188415527,5.549492835998535,5.626564025878906,5.707578659057617,5.792757511138916,5.8823442459106445,5.976604461669922,inf,inf,inf,inf,inf,inf,inf,inf,inf,inf,inf,inf,inf,inf,inf,inf,inf,9.432516098022461,9.342580795288086,9.257150650024414,9.192093849182129,9.463000297546387,inf,inf,inf,inf,inf,inf,inf,inf,inf,inf,inf,inf,inf,inf,inf,inf,inf,inf,inf,inf,inf,inf,inf,inf,inf,inf,inf,inf,inf,inf,inf,inf,inf,inf,inf,inf,inf,inf,inf,inf,inf,inf,inf,inf,inf,inf,inf,inf,inf,inf,inf,inf,inf,inf,inf,inf,inf,inf,inf,inf,inf,inf,inf,inf,inf,inf,inf,inf,inf,inf,inf,inf,inf,inf,inf,inf,inf,inf,inf,inf,inf,inf,inf,inf,inf,inf,inf,inf,inf,inf,inf,inf,inf,inf,inf,inf,inf,inf,inf,inf,inf,inf,inf,inf,inf,inf,inf,inf,inf,inf,inf,inf,inf,inf,inf,inf,inf,inf,inf,inf,inf,inf,inf,inf,inf,inf,inf,inf,inf,inf,inf,inf,inf,inf,inf,inf,inf,inf,inf,inf,inf,inf,inf,inf,inf,inf,inf,inf,inf,inf,inf,inf,inf,inf,inf,inf,inf,inf,inf,inf,inf,inf,inf,inf,inf,inf,inf,inf,inf,inf,inf,inf,inf,inf,inf,inf,inf,inf,inf,inf,inf,inf,inf,inf,inf,inf,inf,inf,inf,inf,inf,inf,inf,inf,inf,inf,inf,inf,inf,inf,inf,inf,inf,inf,inf,inf,inf,inf,inf,inf,inf,inf,inf,inf,inf,inf,inf,inf,inf,inf,inf,inf,inf,inf,inf,inf,inf,inf,inf,inf,inf,inf,inf,inf,inf,inf,inf,inf,inf,inf,inf,inf,inf,inf,inf,inf,inf,inf,inf,inf,inf,9.607939720153809,inf,inf,inf,inf,inf,inf,inf,inf,inf,inf,11.784781455993652,7.686750888824463,7.609245300292969,7.535568714141846,7.465568542480469,7.399098873138428,7.336029052734375,7.27623176574707,7.426050186157227,7.737473487854004,8.078739166259766,inf,inf,inf,inf,inf,inf,inf,inf,inf,inf,inf,inf,inf,inf,inf,inf,inf,inf,inf,5.487984657287598,5.486278057098389,5.4862518310546875,5.4879045486450195,5.491239070892334,5.496259689331055,5.5029754638671875,5.511396408081055,5.521535396575928,5.533408164978027,inf,inf,inf,inf,inf,11.146932601928711,11.104390144348145,11.15662956237793,11.212810516357422,11.273024559020996,11.337379455566406,inf,inf,inf,inf,inf,inf,inf,inf,inf
1771970313170931505,-3.140000104904175,0.01749303564429283,inf,inf,inf,inf,6.149918079376221,5.980494022369385,5.821887016296387,5.673166751861572,5.533506870269775,5.505578517913818,5.578820705413818,5.655792713165283,5.736697196960449,5.821758270263672,5.911214351654053,6.0053300857543945,6.104389190673828,inf,inf,inf,inf,inf,inf,inf,inf,inf,inf,inf,inf,inf,inf,inf,inf,9.471719741821289,9.38068962097168,9.294209480285645,9.212102890014648,9.482762336730957,inf,inf,inf,inf,inf,inf,inf,inf,inf,inf,inf,inf,inf,inf,inf,inf,inf,inf,inf,inf,inf,inf,inf,inf,inf,inf,inf,inf,inf,inf,inf,inf,inf,inf,inf,inf,inf,inf,inf,inf,inf,inf,inf,inf,inf,inf,inf,inf,inf,inf,inf,inf,inf,inf,inf,inf,inf,inf,inf,inf,inf,inf,inf,inf,inf,inf,inf,inf,inf,inf,inf,inf,inf,inf,inf,inf,inf,inf,inf,inf,inf,inf,inf,inf,inf,inf,inf,inf,inf,inf,inf,inf,inf,inf,inf,inf,inf,inf,inf,inf,inf,inf,inf,inf,inf,inf,inf,inf,inf,inf,inf,inf,inf,inf,inf,inf,inf,inf,inf,inf,inf,inf,inf,inf,inf,inf,inf,inf,inf,inf,inf,inf,inf,inf,inf,inf,inf,inf,inf,inf,inf,inf,inf,inf,inf,inf,inf,inf,inf,inf,inf,inf,inf,inf,inf,inf,inf,inf,inf,inf,inf,inf,inf,inf,inf,inf,inf,inf,inf,inf,inf,inf,inf,inf,inf,inf,inf,inf,inf,inf,inf,inf,inf,inf,inf,inf,inf,inf,inf,inf,inf,inf,inf,inf,inf,inf,inf,inf,inf,inf,inf,inf,inf,inf,inf,inf,inf,inf,inf,inf,inf,inf,inf,inf,inf,inf,inf,inf,inf,inf,inf,inf,inf,inf,inf,inf,inf,inf,inf,inf,inf,inf,inf,inf,inf,inf,inf,inf,inf,inf,inf,inf,inf,inf,inf,inf,inf,inf,inf,inf,inf,inf,inf,inf,inf,inf,inf,inf,inf,inf,inf,inf,11.847951889038086,11.722756385803223,7.662209987640381,7.587469100952148,7.51645040512085,7.449005603790283,7.3850016593933105,7.324309825897217,7.328239440917969,7.632808685302734,7.966336250305176,inf,inf,inf,inf,inf,inf,inf,10.604045867919922,11.42352294921875,inf,inf,inf,inf,inf,inf,inf,inf,inf,inf,5.52250337600708,5.520480155944824,5.520147323608398,5.52150297164917,5.524550914764404,5.529294967651367,5.53574275970459,5.543903827667236,5.553791046142578,5.565419673919678,5.578808307647705,inf,inf,inf,inf,11.373692512512207,11.13051700592041,11.18221378326416,11.237849235534668,11.297513008117676,11.361310005187988,inf,inf,inf,inf,inf,inf,inf,inf,inf
1771970313421675549,-3.140000104904175,0.01749303564429283,inf,inf,inf,inf,6.2088704109191895,6.037315368652344,5.876737594604492,5.726186275482178,5.584822654724121,5.556961536407471,5.630677700042725,5.7081451416015625,5.789570331573486,5.875175952911377,5.965204238891602,6.059917449951172,6.15960168838501,inf,inf,inf,inf,inf,inf,inf,inf,inf,inf,inf,inf,inf,inf,inf,inf,9.50223445892334,9.410703659057617,9.323745727539062,9.247408866882324,9.554630279541016,inf,inf,inf,inf,inf,inf,inf,inf,inf,inf,inf,inf,inf,inf,inf,inf,inf,inf,inf,inf,inf,inf,inf,inf,inf,inf,inf,inf,inf,inf,inf,inf,inf,inf,inf,inf,inf,inf,inf,inf,inf,inf,inf,inf,inf,inf,inf,inf,inf,inf,inf,inf,inf,inf,inf,inf,inf,inf,inf,inf,inf,inf,inf,inf,inf,inf,inf,inf,inf,inf,inf,inf,inf,inf,inf,inf,inf,inf,inf,inf,inf,inf,inf,inf,inf,inf,inf,inf,inf,inf,inf,inf,inf,inf,inf,inf,inf,inf,inf,inf,inf,inf,inf,inf,inf,inf,inf,inf,inf,inf,inf,inf,inf,inf,inf,inf,inf,inf,inf,inf,inf,inf,inf,inf,inf,inf,inf,inf,inf,inf,inf,inf,inf,inf,inf,inf,inf,inf,inf,inf,inf,inf,inf,inf,inf,inf,inf,inf,inf,inf,inf,inf,inf,inf,inf,inf,inf,inf,inf,inf,inf,inf,inf,inf,inf,inf,inf,inf,inf,inf,inf,inf,inf,inf,inf,inf,inf,inf,inf,inf,inf,inf,inf,inf,inf,inf,inf,inf,inf,inf,inf,inf,inf,inf,inf,inf,inf,inf,inf,inf,inf,inf,inf,inf,inf,inf,inf,inf,inf,inf,inf,inf,inf,inf,inf,inf,inf,inf,inf,inf,inf,inf,inf,inf,inf,inf,inf,inf,inf,inf,inf,inf,inf,inf,inf,inf,inf,inf,inf,inf,inf,inf,inf,inf,inf,inf,inf,inf,inf,inf,inf,inf,inf,inf,inf,inf,inf,inf,inf,inf,inf,inf,inf,11.78547191619873,7.720911026000977,7.645357608795166,7.573564052581787,7.505380630493164,7.440671920776367,7.379307270050049,7.321168899536133,7.547173500061035,7.875671863555908,inf,inf,inf,inf,inf,inf,inf,inf,inf,inf,inf,inf,inf,inf,inf,inf,inf,inf,inf,inf,5.566333770751953,5.5658650398254395,5.567099571228027,5.570039749145508,5.5746893882751465,5.581057071685791,5.589150905609131,5.598984241485596,5.61057186126709,5.623932838439941,inf,inf,inf,inf,11.542088508605957,11.17376708984375,11.225378036499023,11.280937194824219,11.340536117553711,11.404278755187988,inf,inf,inf,inf,inf,inf,inf,inf,inf
1771970313644550875,-3.140000104904175,0.01749303564429283,inf,inf,inf,inf,6.254202365875244,6.081414699554443,5.919682025909424,5.768047332763672,5.625665664672852,5.614690780639648,5.68917989730835,5.767460823059082,5.849741458892822,5.936245441436768,6.027218818664551,6.122926712036133,inf,inf,inf,inf,inf,inf,inf,inf,inf,inf,inf,inf,inf,inf,inf,inf,inf,9.529455184936523,9.437673568725586,9.35047721862793,9.322013854980469,inf,inf,inf,inf,inf,inf,inf,inf,inf,inf,inf,inf,inf,inf,inf,inf,inf,inf,inf,inf,inf,inf,inf,inf,inf,inf,inf,inf,inf,inf,inf,inf,inf,inf,inf,inf,inf,inf,inf,inf,inf,inf,inf,inf,inf,inf,inf,inf,inf,inf,inf,inf,inf,inf,inf,inf,inf,inf,inf,inf,inf,inf,inf,inf,inf,inf,inf,inf,inf,inf,inf,inf,inf,inf,inf,inf,inf,inf,inf,inf,inf,inf,inf,inf,inf,inf,inf,inf,inf,inf,inf,inf,inf,inf,inf,inf,inf,inf,inf,inf,inf,inf,inf,inf,inf,inf,inf,inf,inf,inf,inf,inf,inf,inf,inf,inf,inf,inf,inf,inf,inf,inf,inf,inf,inf,inf,inf,inf,inf,inf,inf,inf,inf,inf,inf,inf,inf,inf,inf,inf,inf,inf,inf,inf,inf,inf,inf,inf,inf,inf,inf,inf,inf,inf,inf,inf,inf,inf,inf,inf,inf,inf,inf,inf,inf,inf,inf,inf,inf,inf,inf,inf,inf,inf,inf,inf,inf,inf,inf,inf,inf,inf,inf,inf,inf,inf,inf,inf,inf,inf,inf,inf,inf,inf,inf,inf,inf,inf,inf,inf,inf,inf,inf,inf,inf,inf,inf,inf,inf,inf,inf,inf,inf,inf,inf,inf,inf,inf,inf,inf,inf,inf,inf,inf,inf,inf,inf,inf,inf,inf,inf,inf,inf,inf,inf,inf,inf,inf,inf,inf,inf,inf,inf,inf,inf,inf,inf,inf,inf,inf,inf,inf,inf,9.659514427185059,inf,inf,inf,inf,inf,inf,inf,inf,inf,inf,11.838963508605957,7.773988246917725,7.6979241371154785,7.625646114349365,7.557003021240234,7.491857528686523,7.430078506469727,7.371548175811768,7.486364364624023,7.812265396118164,8.170445442199707,inf,inf,inf,inf,inf,inf,inf,inf,inf,inf,inf,inf,inf,inf,inf,inf,inf,inf,inf,5.61257266998291,5.612104892730713,5.6133551597595215,5.6163249015808105,5.621018886566162,5.627443790435791,5.635610580444336,5.645531177520752,5.657219409942627,5.670696258544922,inf,inf,inf,inf,11.643975257873535,11.2216215133667,11.273465156555176,11.32927417755127,11.389140129089355,11.453166961669922,inf,inf,inf,inf,inf,inf,inf,inf,inf
1771970313828370870,-3.140000104904175,0.01749303564429283,inf,inf,inf,inf,6.300135135650635,6.126073837280273,5.9631476402282715,5.810394763946533,5.666963577270508,5.672060489654541,5.747308731079102,5.82638692855835,5.909505367279053,5.996890068054199,6.088791370391846,6.185473918914795,inf,inf,inf,inf,inf,inf,inf,inf,inf,inf,inf,inf,inf,inf,inf,inf,inf,9.55699348449707,9.464943885803223,9.37749195098877,9.425413131713867,inf,inf,inf,inf,inf,inf,inf,inf,inf,inf,inf,inf,inf,inf,inf,inf,inf,inf,inf,inf,inf,inf,inf,inf,inf,inf,inf,inf,inf,inf,inf,inf,inf,inf,inf,inf,inf,inf,inf,inf,inf,inf,inf,inf,inf,inf,inf,inf,inf,inf,inf,inf,inf,inf,inf,inf,inf,inf,inf,inf,inf,inf,inf,inf,inf,inf,inf,inf,inf,inf,inf,inf,inf,inf,inf,inf,inf,inf,inf,inf,inf,inf,inf,inf,inf,inf,inf,inf,inf,inf,inf,inf,inf,inf,inf,inf,inf,inf,inf,inf,inf,inf,inf,inf,inf,inf,inf,inf,inf,inf,inf,inf,inf,inf,inf,inf,inf,inf,inf,inf,inf,inf,inf,inf,inf,inf,inf,inf,inf,inf,inf,inf,inf,inf,inf,inf,inf,inf,inf,inf,inf,inf,inf,inf,inf,inf,inf,inf,inf,inf,inf,inf,inf,inf,inf,inf,inf,inf,inf,inf,inf,inf,inf,inf,inf,inf,inf,inf,inf,inf,inf,inf,inf,inf,inf,inf,inf,inf,inf,inf,inf,inf,inf,inf,inf,inf,inf,inf,inf,inf,inf,inf,inf,inf,inf,inf,inf,inf,inf,inf,inf,inf,inf,inf,inf,inf,inf,inf,inf,inf,inf,inf,inf,inf,inf,inf,inf,inf,inf,inf,inf,inf,inf,inf,inf,inf,inf,inf,inf,inf,inf,inf,inf,inf,inf,inf,inf,inf,inf,inf,inf,inf,inf,inf,inf,inf,inf,inf,inf,inf,inf,inf,inf,inf,inf,inf,inf,inf,inf,inf,inf,inf,inf,inf,11.89283561706543,11.771678924560547,7.750688076019287,7.67791223526001,7.608796119689941,7.543201923370361,7.480997562408447,7.422063827514648,7.424473285675049,7.747665882110596,8.102869033813477,inf,inf,inf,inf,inf,inf,inf,inf,inf,inf,inf,inf,inf,inf,inf,inf,inf,inf,inf,5.658745765686035,5.658274173736572,5.659532070159912,5.662525177001953,5.6672563552856445,5.673733234405518,5.681965351104736,5.691965579986572,5.703749656677246,5.717335224151611,inf,inf,inf,inf,11.748939514160156,11.269217491149902,11.32127857208252,11.377320289611816,11.437438011169434,11.501730918884277,inf,inf,inf,inf,inf,inf,inf,inf,inf
1771970313959653312,-3.140000104904175,0.01749303564429283,inf,inf,inf,inf,6.34258508682251,6.167344093322754,6.0033135414123535,5.8495259284973145,5.705123424530029,5.724987983703613,5.800936222076416,5.8807501792907715,5.964640140533447,6.0528388023376465,6.145592212677002,6.243172645568848,inf,inf,inf,inf,inf,inf,inf,inf,inf,inf,inf,inf,inf,inf,inf,inf,inf,9.582436561584473,9.490138053894043,9.402449607849121,9.52074146270752,inf,inf,inf,inf,inf,inf,inf,inf,inf,inf,inf,inf,inf,inf,inf,inf,inf,inf,inf,inf,inf,inf,inf,inf,inf,inf,inf,inf,inf,inf,inf,inf,inf,inf,inf,inf,inf,inf,inf,inf,inf,inf,inf,inf,inf,inf,inf,inf,inf,inf,inf,inf,inf,inf,inf,inf,inf,inf,inf,inf,inf,inf,inf,inf,inf,inf,inf,inf,inf,inf,inf,inf,inf,inf,inf,inf,inf,inf,inf,inf,inf,inf,inf,inf,inf,inf,inf,inf,inf,inf,inf,inf,inf,inf,inf,inf,inf,inf,inf,inf,inf,inf,inf,inf,inf,inf,inf,inf,inf,inf,inf,inf,inf,inf,inf,inf,inf,inf,inf,inf,inf,inf,inf,inf,inf,inf,inf,inf,inf,inf,inf,inf,inf,inf,inf,inf,inf,inf,inf,inf,inf,inf,inf,inf,inf,inf,inf,inf,inf,inf,inf,inf,inf,inf,inf,inf,inf,inf,inf,inf,inf,inf,inf,inf,inf,inf,inf,inf,inf,inf,inf,inf,inf,inf,inf,inf,inf,inf,inf,inf,inf,inf,inf,inf,inf,inf,inf,inf,inf,inf,inf,inf,inf,inf,inf,inf,inf,inf,inf,inf,inf,inf,inf,inf,inf,inf,inf,inf,inf,inf,inf,inf,inf,inf,inf,inf,inf,inf,inf,inf,inf,inf,inf,inf,inf,inf,inf,inf,inf,inf,inf,inf,inf,inf,inf,inf,inf,inf,inf,inf,inf,inf,inf,inf,inf,inf,inf,inf,inf,inf,inf,inf,inf,inf,inf,inf,inf,inf,inf,inf,inf,inf,inf,inf,11.942598342895508,11.820929527282715,7.799414157867432,7.726177215576172,7.656622886657715,7.590612888336182,7.52801513671875,7.468708038330078,7.412578582763672,7.687947750091553,8.040392875671387,inf,inf,inf,inf,inf,inf,inf,inf,inf,inf,inf,inf,inf,inf,inf,inf,inf,inf,inf,5.701364994049072,5.7008867263793945,5.70215368270874,5.705167293548584,5.70993185043335,5.716455936431885,5.724747180938721,5.7348222732543945,5.746692180633545,5.760378360748291,inf,inf,inf,inf,11.84609317779541,11.313133239746094,11.36539363861084,11.421650886535645,11.4819974899292,11.546538352966309,inf,inf,inf,inf,inf,inf,inf,inf,inf
1771970314172148082,-3.140000104904175,0.01749303564429283,inf,inf,inf,inf,6.392115592956543,6.215497016906738,6.050178527832031,5.895183563232422,5.74964714050293,5.786735534667969,5.863498687744141,5.944169044494629,6.028960704803467,6.118104934692383,6.211855411529541,6.310484409332275,inf,inf,inf,inf,inf,inf,inf,inf,inf,inf,inf,inf,inf,inf,inf,inf,9.716865539550781,9.61212158203125,9.519532203674316,9.431568145751953,9.631941795349121,inf,inf,inf,inf,inf,inf,inf,inf,inf,inf,inf,inf,inf,inf,inf,inf,inf,inf,inf,inf,inf,inf,inf,inf,inf,inf,inf,inf,inf,inf,inf,inf,inf,inf,inf,inf,inf,inf,inf,inf,inf,inf,inf,inf,inf,inf,inf,inf,inf,inf,inf,inf,inf,inf,inf,inf,inf,inf,inf,inf,inf,inf,inf,inf,inf,inf,inf,inf,inf,inf,inf,inf,inf,inf,inf,inf,inf,inf,inf,inf,inf,inf,inf,inf,inf,inf,inf,inf,inf,inf,inf,inf,inf,inf,inf,inf,inf,inf,inf,inf,inf,inf,inf,inf,inf,inf,inf,inf,inf,inf,inf,inf,inf,inf,inf,inf,inf,inf,inf,inf,inf,inf,inf,inf,inf,inf,inf,inf,inf,inf,inf,inf,inf,inf,inf,inf,inf,inf,inf,inf,inf,inf,inf,inf,inf,inf,inf,inf,inf,inf,inf,inf,inf,inf,inf,inf,inf,inf,inf,inf,inf,inf,inf,inf,inf,inf,inf,inf,inf,inf,inf,inf,inf,inf,inf,inf,inf,inf,inf,inf,inf,inf,inf,inf,inf,inf,inf,inf,inf,inf,inf,inf,inf,inf,inf,inf,inf,inf,inf,inf,inf,inf,inf,inf,inf,inf,inf,inf,inf,inf,inf,inf,inf,inf,inf,inf,inf,inf,inf,inf,inf,inf,inf,inf,inf,inf,inf,inf,inf,inf,inf,inf,inf,inf,inf,inf,inf,inf,inf,inf,inf,inf,inf,inf,inf,inf,inf,inf,inf,inf,inf,inf,inf,inf,9.731961250305176,inf,inf,inf,inf,inf,inf,inf,inf,inf,inf,11.878393173217773,7.856261730194092,7.7824883460998535,7.712422847747803,7.645928382873535,7.5828704833984375,7.523128032684326,7.466586589813232,7.618277549743652,7.967507362365723,8.352972030639648,inf,inf,inf,inf,inf,inf,inf,inf,inf,inf,inf,inf,inf,inf,inf,inf,inf,inf,inf,5.750603199005127,5.751877784729004,5.754916191101074,5.7597198486328125,5.766298294067383,5.774660587310791,5.784820556640625,5.796792030334473,5.810595512390137,inf,inf,inf,inf,11.959473609924316,11.36436653137207,11.41685962677002,11.47336483001709,11.533980369567871,11.598809242248535,inf,inf,inf,inf,inf,inf,inf,inf,inf
1771970314335936148,-3.140000104904175,0.01749303564429283,inf,inf,inf,inf,6.438109397888184,6.260212421417236,6.0936970710754395,5.937580108642578,5.790990352630615,5.8440704345703125,5.921590805053711,6.00305700302124,6.088684558868408,6.178709030151367,6.2733845710754395,6.37298583984375,inf,inf,inf,inf,inf,inf,inf,inf,inf,inf,inf,inf,inf,inf,inf,inf,9.73737907409668,9.639686584472656,9.54682731628418,9.473670959472656,9.735190391540527,inf,inf,inf,inf,inf,inf,inf,inf,inf,inf,inf,inf,inf,inf,inf,inf,inf,inf,inf,inf,inf,inf,inf,inf,inf,inf,inf,inf,inf,inf,inf,inf,inf,inf,inf,inf,inf,inf,inf,inf,inf,inf,inf,inf,inf,inf,inf,inf,inf,inf,inf,inf,inf,inf,inf,inf,inf,inf,inf,inf,inf,inf,inf,inf,inf,inf,inf,inf,inf,inf,inf,inf,inf,inf,inf,inf,inf,inf,inf,inf,inf,inf,inf,inf,inf,inf,inf,inf,inf,inf,inf,inf,inf,inf,inf,inf,inf,inf,inf,inf,inf,inf,inf,inf,inf,inf,inf,inf,inf,inf,inf,inf,inf,inf,inf,inf,inf,inf,inf,inf,inf,inf,inf,inf,inf,inf,inf,inf,inf,inf,inf,inf,inf,inf,inf,inf,inf,inf,inf,inf,inf,inf,inf,inf,inf,inf,inf,inf,inf,inf,inf,inf,inf,inf,inf,inf,inf,inf,inf,inf,inf,inf,inf,inf,inf,inf,inf,inf,inf,inf,inf,inf,inf,inf,inf,inf,inf,inf,inf,inf,inf,inf,inf,inf,inf,inf,inf,inf,inf,inf,inf,inf,inf,inf,inf,inf,inf,inf,inf,inf,inf,inf,inf,inf,inf,inf,inf,inf,inf,inf,inf,inf,inf,inf,inf,inf,inf,inf,inf,inf,inf,inf,inf,inf,inf,inf,inf,inf,inf,inf,inf,inf,inf,inf,inf,inf,inf,inf,inf,inf,inf,inf,inf,inf,inf,inf,inf,inf,inf,inf,inf,inf,inf,inf,9.75666332244873,inf,inf,inf,inf,inf,inf,inf,inf,inf,inf,11.931753158569336,11.81498908996582,7.834778308868408,7.764239311218262,7.69729471206665,7.633810520172119,7.573662281036377,7.516737937927246,7.553593635559082,7.899837017059326,8.282003402709961,inf,inf,inf,inf,inf,inf,inf,inf,inf,inf,inf,inf,inf,inf,inf,inf,inf,inf,inf,5.796767711639404,5.798050880432129,5.801111221313477,5.805952072143555,5.812581539154053,5.821008205413818,5.831247329711914,5.843314170837402,5.85722541809082,5.8730058670043945,inf,inf,inf,inf,11.411940574645996,11.464648246765137,11.52138614654541,11.58225154876709,11.647345542907715,inf,inf,inf,inf,inf,inf,inf,inf,inf
1771970314511406997,-3.140000104904175,0.01749303564429283,inf,inf,inf,inf,6.487641334533691,6.3083672523498535,6.14056396484375,5.983238697052002,5.83551549911499,5.905815124511719,5.984150409698486,6.066473484039307,6.1530022621154785,6.243974208831787,6.339643955230713,6.44029426574707,inf,inf,inf,inf,inf,inf,inf,inf,inf,inf,inf,inf,inf,inf,inf,inf,9.76736831665039,9.669370651245117,9.576220512390137,9.52492618560791,inf,inf,inf,inf,inf,inf,inf,inf,inf,inf,inf,inf,inf,inf,inf,inf,inf,inf,inf,inf,inf,inf,inf,inf,inf,inf,inf,inf,inf,inf,inf,inf,inf,inf,inf,inf,inf,inf,inf,inf,inf,inf,inf,inf,inf,inf,inf,inf,inf,inf,inf,inf,inf,inf,inf,inf,inf,inf,inf,inf,inf,inf,inf,inf,inf,inf,inf,inf,inf,inf,inf,inf,inf,inf,inf,inf,inf,inf,inf,inf,inf,inf,inf,inf,inf,inf,inf,inf,inf,inf,inf,inf,inf,inf,inf,inf,inf,inf,inf,inf,inf,inf,inf,inf,inf,inf,inf,inf,inf,inf,inf,inf,inf,inf,inf,inf,inf,inf,inf,inf,inf,inf,inf,inf,inf,inf,inf,inf,inf,inf,inf,inf,inf,inf,inf,inf,inf,inf,inf,inf,inf,inf,inf,inf,inf,inf,inf,inf,inf,inf,inf,inf,inf,inf,inf,inf,inf,inf,inf,inf,inf,inf,inf,inf,inf,inf,inf,inf,inf,inf,inf,inf,inf,inf,inf,inf,inf,inf,inf,inf,inf,inf,inf,inf,inf,inf,inf,inf,inf,inf,inf,inf,inf,inf,inf,inf,inf,inf,inf,inf,inf,inf,inf,inf,inf,inf,inf,inf,inf,inf,inf,inf,inf,inf,inf,inf,inf,inf,inf,inf,inf,inf,inf,inf,inf,inf,inf,inf,inf,inf,inf,inf,inf,inf,inf,inf,inf,inf,inf,inf,inf,inf,inf,inf,inf,inf,inf,inf,inf,inf,inf,inf,inf,inf,inf,inf,inf,inf,inf,inf,inf,inf,inf,inf,inf,inf,11.989221572875977,11.871886253356934,7.8910932540893555,7.820043563842773,7.752613067626953,7.688669204711914,7.628086090087891,7.570749282836914,7.516550540924072,7.826973915100098,8.205589294433594,inf,inf,inf,inf,inf,inf,inf,inf,inf,inf,inf,inf,inf,inf,inf,inf,inf,inf,inf,5.846484661102295,5.847777366638184,5.850861072540283,5.855740547180176,5.862424850463867,5.870921611785889,5.881246566772461,5.893413543701172,5.907443046569824,5.923356056213379,inf,inf,inf,inf,11.463173866271973,11.516114234924316,11.573102951049805,11.634234428405762,11.699616432189941,inf,inf,inf,inf,inf,inf,inf,inf,inf
1771970314772369540,-3.140000104904175,0.01749303564429283,inf,6.626298904418945,6.438826084136963,6.263535022735596,6.099350452423096,5.9453277587890625,5.8888068199157715,5.965184688568115,6.045443058013916,6.129792213439941,6.218457221984863,6.311685085296631,6.409743309020996,inf,inf,inf,inf,inf,inf,inf,inf,inf,inf,inf,inf,inf,inf,inf,inf,inf,9.741982460021973,9.645770072937012,9.55433464050293,9.690977096557617,inf,inf,inf,inf,inf,inf,inf,inf,inf,inf,inf,inf,inf,inf,inf,inf,inf,inf,inf,inf,inf,inf,inf,inf,inf,inf,inf,inf,inf,inf,inf,inf,inf,inf,inf,inf,inf,inf,inf,inf,inf,inf,inf,inf,inf,inf,inf,inf,inf,inf,inf,inf,inf,inf,inf,inf,inf,inf,inf,inf,inf,inf,inf,inf,inf,inf,inf,inf,inf,inf,inf,inf,inf,inf,inf,inf,inf,inf,inf,inf,inf,inf,inf,inf,inf,inf,inf,inf,inf,inf,inf,inf,inf,inf,inf,inf,inf,inf,inf,inf,inf,inf,inf,inf,inf,inf,inf,inf,inf,inf,inf,inf,inf,inf,inf,inf,inf,inf,inf,inf,inf,inf,inf,inf,inf,inf,inf,inf,inf,inf,inf,inf,inf,inf,inf,inf,inf,inf,inf,inf,inf,inf,inf,inf,inf,inf,inf,inf,inf,inf,inf,inf,inf,inf,inf,inf,inf,inf,inf,inf,inf,inf,inf,inf,inf,inf,inf,inf,inf,inf,inf,inf,inf,inf,inf,inf,inf,inf,inf,inf,inf,inf,inf,inf,inf,inf,inf,inf,inf,inf,inf,inf,inf,inf,inf,inf,inf,inf,inf,inf,inf,inf,inf,inf,inf,inf,inf,inf,inf,inf,inf,inf,inf,inf,inf,inf,inf,inf,inf,inf,inf,inf,inf,inf,inf,inf,inf,inf,inf,inf,inf,inf,inf,inf,inf,inf,inf,inf,inf,inf,inf,inf,inf,inf,inf,inf,inf,inf,inf,inf,inf,inf,inf,inf,inf,inf,inf,inf,inf,inf,inf,inf,inf,inf,inf,inf,11.969751358032227,11.854459762573242,7.889413356781006,7.81955623626709,7.753276348114014,7.6904449462890625,7.630939960479736,7.574648380279541,7.581217288970947,7.935983180999756,8.328254699707031,inf,inf,inf,inf,inf,inf,inf,inf,inf,inf,inf,inf,inf,inf,inf,inf,inf,inf,inf,5.870231628417969,5.872229099273682,5.8760271072387695,5.881630897521973,5.889049530029297,5.898293495178223,5.909377574920654,5.922318935394287,5.937138080596924,inf,inf,inf,inf,11.886290550231934,11.507558822631836,11.56218147277832,11.620895385742188,11.68380355834961,11.751012802124023,inf,inf,inf,inf,inf,inf,inf,inf,inf,inf,inf
1771970314928317249,-3.140000104904175,0.01749303564429283,6.520019054412842,6.340412616729736,6.172272682189941,6.014614582061768,5.8932785987854,4.177901744842529,6.048325061798096,6.1318135261535645,6.219568729400635,6.311831474304199,6.408863544464111,6.510950088500977,10.61398983001709,10.655646324157715,10.700920104980469,10.749882698059082,10.802616119384766,10.859209060668945,10.919756889343262,10.984363555908203,11.053142547607422,11.126214027404785,11.20370864868164,11.285768508911133,11.372544288635254,11.464200973510742,11.5609130859375,11.662869453430176,9.801809310913086,9.70352840423584,9.610109329223633,9.665133476257324,inf,inf,inf,inf,inf,inf,inf,inf,inf,inf,inf,inf,inf,inf,inf,inf,inf,inf,inf,inf,inf,inf,inf,inf,inf,inf,inf,inf,inf,inf,inf,inf,inf,inf,inf,inf,inf,inf,inf,inf,inf,inf,inf,inf,inf,inf,inf,inf,inf,inf,inf,inf,inf,inf,inf,inf,inf,inf,inf,inf,inf,inf,inf,inf,inf,inf,inf,inf,inf,inf,inf,inf,inf,inf,inf,inf,inf,inf,inf,inf,inf,inf,inf,inf,inf,inf,inf,inf,inf,inf,inf,inf,inf,inf,inf,inf,inf,inf,inf,inf,inf,inf,inf,inf,inf,inf,inf,inf,inf,inf,inf,inf,inf,inf,inf,inf,inf,inf,inf,inf,inf,inf,inf,inf,inf,inf,inf,inf,inf,inf,inf,inf,inf,inf,inf,inf,inf,inf,inf,inf,inf,inf,inf,inf,inf,inf,inf,inf,inf,inf,inf,inf,inf,inf,inf,inf,inf,inf,inf,inf,inf,inf,inf,inf,inf,inf,inf,inf,inf,inf,inf,inf,inf,inf,inf,inf,inf,inf,inf,inf,inf,inf,inf,inf,inf,inf,inf,inf,inf,inf,inf,inf,inf,inf,inf,inf,inf,inf,inf,inf,inf,inf,inf,inf,inf,inf,inf,inf,inf,inf,inf,inf,inf,inf,inf,inf,inf,inf,inf,inf,inf,inf,inf,inf,inf,inf,inf,inf,inf,inf,inf,inf,inf,inf,inf,inf,inf,inf,inf,inf,inf,inf,inf,inf,inf,inf,inf,inf,inf,inf,inf,inf,inf,inf,inf,inf,inf,inf,inf,inf,inf,inf,inf,inf,inf,inf,inf,11.913565635681152,7.935480117797852,7.864315509796143,7.796781063079834,7.732741832733154,7.6720757484436035,7.614665508270264,7.560404300689697,7.787424087524414,8.165818214416504,inf,inf,inf,inf,inf,inf,inf,inf,inf,inf,inf,inf,inf,inf,inf,inf,inf,inf,4.412071704864502,4.364729404449463,4.319700717926025,4.305583953857422,4.236196994781494,4.197546005249023,4.187577247619629,5.927673816680908,5.940110206604004,5.954422950744629,5.97063684463501,11.125985145568848,11.052927017211914,10.984161376953125,10.919567108154297,10.859030723571777,10.802450180053711,10.749728202819824,10.700776100158691,10.65551471710205,10.613868713378906,10.575769424438477,10.541157722473145,10.509977340698242,10.482178688049316,10.457717895507812,10.43655776977539,10.418664932250977,10.404010772705078,10.392573356628418,10.384336471557617,10.379284858703613,6.554043769836426
1771970315130572432,-3.140000104904175,0.01749303564429283,6.602207183837891,6.419261455535889,6.248042583465576,6.087534427642822,5.936837196350098,6.012459754943848,6.092001438140869,6.175589084625244,6.263445854187012,6.3558125495910645,6.45294713973999,6.555134296417236,inf,inf,inf,inf,inf,inf,inf,inf,inf,inf,inf,inf,inf,inf,inf,inf,9.835806846618652,9.736835479736328,9.6427583694458,9.685614585876465,inf,inf,inf,inf,inf,inf,inf,inf,inf,inf,inf,inf,inf,inf,inf,inf,inf,inf,inf,inf,inf,inf,inf,inf,inf,inf,inf,inf,inf,inf,inf,inf,inf,inf,inf,inf,inf,inf,inf,inf,inf,inf,inf,inf,inf,inf,inf,inf,inf,inf,inf,inf,inf,inf,inf,inf,inf,inf,inf,inf,inf,inf,inf,inf,inf,inf,inf,inf,inf,inf,inf,inf,inf,inf,inf,inf,inf,inf,inf,inf,inf,inf,inf,inf,inf,inf,inf,inf,inf,inf,inf,inf,inf,inf,inf,inf,inf,inf,inf,inf,inf,inf,inf,inf,inf,inf,inf,inf,inf,inf,inf,inf,inf,inf,inf,inf,inf,inf,inf,inf,inf,inf,inf,inf,inf,inf,inf,inf,inf,inf,inf,inf,inf,inf,inf,inf,inf,inf,inf,inf,inf,inf,inf,inf,inf,inf,inf,inf,inf,inf,inf,inf,inf,inf,inf,inf,inf,inf,inf,inf,inf,inf,inf,inf,inf,inf,inf,inf,inf,inf,inf,inf,inf,inf,inf,inf,inf,inf,inf,inf,inf,inf,inf,inf,inf,inf,inf,inf,inf,inf,inf,inf,inf,inf,inf,inf,inf,inf,inf,inf,inf,inf,inf,inf,inf,inf,inf,inf,inf,inf,inf,inf,inf,inf,inf,inf,inf,inf,inf,inf,inf,inf,inf,inf,inf,inf,inf,inf,inf,inf,inf,inf,inf,inf,inf,inf,inf,inf,inf,inf,inf,inf,inf,inf,inf,inf,inf,inf,inf,inf,inf,inf,inf,inf,inf,inf,9.805477142333984,inf,inf,inf,inf,inf,inf,inf,inf,inf,inf,11.983223915100098,11.870345115661621,7.926230430603027,7.857669830322266,7.792649269104004,7.731041431427002,7.6727294921875,7.617604732513428,7.653334140777588,8.022089004516602,8.430890083312988,inf,inf,inf,inf,inf,inf,inf,inf,inf,inf,inf,inf,inf,inf,inf,inf,inf,inf,inf,5.9378814697265625,5.940881729125977,5.945704936981201,5.952360153198242,5.960855960845947,5.971205711364746,5.983425617218018,5.997535228729248,6.013554573059082,inf,inf,inf,inf,11.609505653381348,11.605672836303711,11.662827491760254,11.724154472351074,11.789753913879395,inf,inf,inf,inf,inf,inf,inf,inf,inf,inf,inf,inf,6.636868476867676
1771970315405603567,-3.140000104904175,0.01749303564429283,6.656865119934082,6.472457408905029,6.299868106842041,6.138072967529297,5.99624490737915,6.072721481323242,6.153080940246582,6.237529277801514,6.326292037963867,6.419610023498535,6.517745494842529,6.6209869384765625,inf,inf,inf,inf,inf,inf,inf,inf,inf,inf,inf,inf,inf,inf,inf,inf,9.868974685668945,9.769700050354004,9.675333976745605,9.791975975036621,inf,inf,inf,inf,inf,inf,inf,inf,inf,inf,inf,inf,inf,inf,inf,inf,inf,inf,inf,inf,inf,inf,inf,inf,inf,inf,inf,inf,inf,inf,inf,inf,inf,inf,inf,inf,inf,inf,inf,inf,inf,inf,inf,inf,inf,inf,inf,inf,inf,inf,inf,inf,inf,inf,inf,inf,inf,inf,inf,inf,inf,inf,inf,inf,inf,inf,inf,inf,inf,inf,inf,inf,inf,inf,inf,inf,inf,inf,inf,inf,inf,inf,inf,inf,inf,inf,inf,inf,inf,inf,inf,inf,inf,inf,inf,inf,inf,inf,inf,inf,inf,inf,inf,inf,inf,inf,inf,inf,inf,inf,inf,inf,inf,inf,inf,inf,inf,inf,inf,inf,inf,inf,inf,inf,inf,inf,inf,inf,inf,inf,inf,inf,inf,inf,inf,inf,inf,inf,inf,inf,inf,inf,inf,inf,inf,inf,inf,inf,inf,inf,inf,inf,inf,inf,inf,inf,inf,inf,inf,inf,inf,inf,inf,inf,inf,inf,inf,inf,inf,inf,inf,inf,inf,inf,inf,inf,inf,inf,inf,inf,inf,inf,inf,inf,inf,inf,inf,inf,inf,inf,inf,inf,inf,inf,inf,inf,inf,inf,inf,inf,inf,inf,inf,inf,inf,inf,inf,inf,inf,inf,inf,inf,inf,inf,inf,inf,inf,inf,inf,inf,inf,inf,inf,inf,inf,inf,inf,inf,inf,inf,inf,inf,inf,inf,inf,inf,inf,inf,inf,inf,inf,inf,inf,inf,inf,inf,inf,inf,inf,inf,inf,inf,inf,inf,inf,inf,inf,inf,inf,inf,inf,inf,inf,inf,inf,inf,inf,inf,11.923871040344238,7.979560375213623,7.910560131072998,7.845124244689941,7.783123016357422,7.7244391441345215,7.6689629554748535,7.616591930389404,7.939079284667969,8.34382152557373,inf,inf,inf,inf,inf,inf,inf,inf,inf,inf,inf,inf,inf,inf,inf,inf,inf,inf,inf,5.985931396484375,5.988970756530762,5.993846893310547,6.000568866729736,6.009147644042969,6.019594669342041,6.031928062438965,6.0461649894714355,6.062329292297363,inf,inf,inf,inf,11.722723960876465,11.655848503112793,11.713277816772461,11.774897575378418,11.840811729431152,inf,inf,inf,inf,inf,inf,inf,inf,inf,inf,inf,inf,6.691802978515625
1771970315560890733,-3.140000104904175,0.01749303564429283,6.708773136138916,6.5229268074035645,6.348989963531494,6.18593168258667,6.050739765167236,6.127910137176514,6.2089996337890625,6.294215202331543,6.383783340454102,6.477949142456055,6.576975345611572,inf,inf,inf,inf,inf,inf,inf,inf,inf,inf,inf,inf,inf,inf,inf,inf,inf,9.900376319885254,9.800785064697266,9.706117630004883,9.888039588928223,inf,inf,inf,inf,inf,inf,inf,inf,inf,inf,inf,inf,inf,inf,inf,inf,inf,inf,inf,inf,inf,inf,inf,inf,inf,inf,inf,inf,inf,inf,inf,inf,inf,inf,inf,inf,inf,inf,inf,inf,inf,inf,inf,inf,inf,inf,inf,inf,inf,inf,inf,inf,inf,inf,inf,inf,inf,inf,inf,inf,inf,inf,inf,inf,inf,inf,inf,inf,inf,inf,inf,inf,inf,inf,inf,inf,inf,inf,inf,inf,inf,inf,inf,inf,inf,inf,inf,inf,inf,inf,inf,inf,inf,inf,inf,inf,inf,inf,inf,inf,inf,inf,inf,inf,inf,inf,inf,inf,inf,inf,inf,inf,inf,inf,inf,inf,inf,inf,inf,inf,inf,inf,inf,inf,inf,inf,inf,inf,inf,inf,inf,inf,inf,inf,inf,inf,inf,inf,inf,inf,inf,inf,inf,inf,inf,inf,inf,inf,inf,inf,inf,inf,inf,inf,inf,inf,inf,inf,inf,inf,inf,inf,inf,inf,inf,inf,inf,inf,inf,inf,inf,inf,inf,inf,inf,inf,inf,inf,inf,inf,inf,inf,inf,inf,inf,inf,inf,inf,inf,inf,inf,inf,inf,inf,inf,inf,inf,inf,inf,inf,inf,inf,inf,inf,inf,inf,inf,inf,inf,inf,inf,inf,inf,inf,inf,inf,inf,inf,inf,inf,inf,inf,inf,inf,inf,inf,inf,inf,inf,inf,inf,inf,inf,inf,inf,inf,inf,inf,inf,inf,inf,inf,inf,inf,inf,inf,inf,inf,inf,inf,inf,inf,inf,inf,inf,inf,inf,inf,inf,inf,inf,inf,inf,inf,inf,inf,inf,inf,11.974164962768555,8.02939224243164,7.959960460662842,7.894113540649414,7.831725597381592,7.772674560546875,7.716851711273193,7.6641526222229,7.8595290184021,8.260210037231445,inf,inf,inf,inf,inf,inf,inf,inf,inf,inf,inf,inf,inf,inf,inf,inf,inf,inf,inf,6.0303635597229,6.033423900604248,6.038336753845215,6.045108318328857,6.053750038146973,6.064274311065674,6.076697826385498,6.09104061126709,6.107324123382568,6.125574111938477,inf,inf,inf,11.833179473876953,11.701866149902344,11.759523391723633,11.82138442993164,11.887558937072754,inf,inf,inf,inf,inf,inf,inf,inf,inf,inf,inf,inf,6.743983745574951
1771970315724417500,-3.140000104904175,0.01749303564429283,6.756803035736084,6.569620132446289,6.394432544708252,6.230203151702881,6.100981712341309,6.178790092468262,6.260550022125244,6.346470355987549,6.436779499053955,6.531723499298096,6.6315693855285645,inf,inf,inf,inf,inf,inf,inf,inf,inf,inf,inf,inf,inf,inf,inf,inf,inf,9.929424285888672,9.829536437988281,9.734587669372559,9.97647762298584,inf,inf,inf,inf,inf,inf,inf,inf,inf,inf,inf,inf,inf,inf,inf,inf,inf,inf,inf,inf,inf,inf,inf,inf,inf,inf,inf,inf,inf,inf,inf,inf,inf,inf,inf,inf,inf,inf,inf,inf,inf,inf,inf,inf,inf,inf,inf,inf,inf,inf,inf,inf,inf,inf,inf,inf,inf,inf,inf,inf,inf,inf,inf,inf,inf,inf,inf,inf,inf,inf,inf,inf,inf,inf,inf,inf,inf,inf,inf,inf,inf,inf,inf,inf,inf,inf,inf,inf,inf,inf,inf,inf,inf,inf,inf,inf,inf,inf,inf,inf,inf,inf,inf,inf,inf,inf,inf,inf,inf,inf,inf,inf,inf,inf,inf,inf,inf,inf,inf,inf,inf,inf,inf,inf,inf,inf,inf,inf,inf,inf,inf,inf,inf,inf,inf,inf,inf,inf,inf,inf,inf,inf,inf,inf,inf,inf,inf,inf,inf,inf,inf,inf,inf,inf,inf,inf,inf,inf,inf,inf,inf,inf,inf,inf,inf,inf,inf,inf,inf,inf,inf,inf,inf,inf,inf,inf,inf,inf,inf,inf,inf,inf,inf,inf,inf,inf,inf,inf,inf,inf,inf,inf,inf,inf,inf,inf,inf,inf,inf,inf,inf,inf,inf,inf,inf,inf,inf,inf,inf,inf,inf,inf,inf,inf,inf,inf,inf,inf,inf,inf,inf,inf,inf,inf,inf,inf,inf,inf,inf,inf,inf,inf,inf,inf,inf,inf,inf,inf,inf,inf,inf,inf,inf,inf,inf,inf,inf,inf,inf,inf,inf,inf,inf,inf,inf,inf,inf,9.841351509094238,inf,inf,inf,inf,inf,inf,inf,inf,inf,inf,inf,11.91211986541748,8.005594253540039,7.939367294311523,7.876618385314941,7.817226886749268,7.761081218719482,7.708078384399414,7.785872936248779,8.182780265808105,inf,inf,inf,inf,inf,inf,inf,inf,inf,inf,inf,inf,inf,inf,inf,inf,inf,inf,inf,6.071366786956787,6.074446201324463,6.079391002655029,6.086206436157227,6.094904899597168,6.105499744415283,6.118006229400635,6.132444858551025,6.148838043212891,6.167210102081299,inf,inf,inf,11.935652732849121,11.744297981262207,11.802162170410156,11.86424446105957,11.930654525756836,inf,inf,inf,inf,inf,inf,inf,inf,inf,inf,inf,inf,6.792267322540283
1771970315962930603,-3.140000104904175,0.01749303564429283,6.8068156242370605,6.6182403564453125,6.441749095916748,6.2762980461120605,6.153285026550293,6.231757640838623,6.314215660095215,6.400869846343994,6.491949558258057,6.587703704833984,6.688401699066162,inf,inf,inf,inf,inf,inf,inf,inf,inf,inf,inf,inf,inf,inf,inf,inf,10.065192222595215,9.959822654724121,9.859622955322266,9.770790100097656,10.068815231323242,inf,inf,inf,inf,inf,inf,inf,inf,inf,inf,inf,inf,inf,inf,inf,inf,inf,inf,inf,inf,inf,inf,inf,inf,inf,inf,inf,inf,inf,inf,inf,inf,inf,inf,inf,inf,inf,inf,inf,inf,inf,inf,inf,inf,inf,inf,inf,inf,inf,inf,inf,inf,inf,inf,inf,inf,inf,inf,inf,inf,inf,inf,inf,inf,inf,inf,inf,inf,inf,inf,inf,inf,inf,inf,inf,inf,inf,inf,inf,inf,inf,inf,inf,inf,inf,inf,inf,inf,inf,inf,inf,inf,inf,inf,inf,inf,inf,inf,inf,inf,inf,inf,inf,inf,inf,inf,inf,inf,inf,inf,inf,inf,inf,inf,inf,inf,inf,inf,inf,inf,inf,inf,inf,inf,inf,inf,inf,inf,inf,inf,inf,inf,inf,inf,inf,inf,inf,inf,inf,inf,inf,inf,inf,inf,inf,inf,inf,inf,inf,inf,inf,inf,inf,inf,inf,inf,inf,inf,inf,inf,inf,inf,inf,inf,inf,inf,inf,inf,inf,inf,inf,inf,inf,inf,inf,inf,inf,inf,inf,inf,inf,inf,inf,inf,inf,inf,inf,inf,inf,inf,inf,inf,inf,inf,inf,inf,inf,inf,inf,inf,inf,inf,inf,inf,inf,inf,inf,inf,inf,inf,inf,inf,inf,inf,inf,inf,inf,inf,inf,inf,inf,inf,inf,inf,inf,inf,inf,inf,inf,inf,inf,inf,inf,inf,inf,inf,inf,inf,inf,inf,inf,inf,inf,inf,inf,inf,inf,inf,inf,inf,inf,inf,inf,inf,inf,inf,inf,inf,inf,inf,inf,inf,inf,inf,inf,inf,inf,inf,inf,11.960081100463867,8.053106307983398,7.986483573913574,7.923360347747803,7.863613128662109,7.807131290435791,7.753811836242676,7.709186553955078,8.102163314819336,8.540108680725098,inf,inf,inf,inf,inf,inf,inf,inf,inf,inf,inf,inf,inf,inf,inf,inf,inf,inf,6.766899585723877,6.117154598236084,6.122131824493408,6.128994464874268,6.137752532958984,6.148419380187988,6.161011695861816,6.17555046081543,6.192056179046631,6.210556507110596,inf,inf,inf,inf,11.788474082946777,11.846549034118652,11.908862113952637,11.975519180297852,inf,inf,inf,inf,inf,inf,inf,inf,inf,inf,inf,inf,6.842544078826904
1771970316331623823,-3.140000104904175,0.01749303564429283,6.856888771057129,6.666918754577637,6.489123344421387,6.322449684143066,6.205639839172363,6.284778594970703,6.3679351806640625,6.455323696136475,6.547174453735352,6.643739700317383,6.7452921867370605,inf,inf,inf,inf,inf,inf,inf,inf,inf,inf,inf,inf,inf,inf,inf,inf,10.095636367797852,9.989947319030762,9.889443397521973,9.832131385803223,inf,inf,inf,inf,inf,inf,inf,inf,inf,inf,inf,inf,inf,inf,inf,inf,inf,inf,inf,inf,inf,inf,inf,inf,inf,inf,inf,inf,inf,inf,inf,inf,inf,inf,inf,inf,inf,inf,inf,inf,inf,inf,inf,inf,inf,inf,inf,inf,inf,inf,inf,inf,inf,inf,inf,inf,inf,inf,inf,inf,inf,inf,inf,inf,inf,inf,inf,inf,inf,inf,inf,inf,inf,inf,inf,inf,inf,inf,inf,inf,inf,inf,inf,inf,inf,inf,inf,inf,inf,inf,inf,inf,inf,inf,inf,inf,inf,inf,inf,inf,inf,inf,inf,inf,inf,inf,inf,inf,inf,inf,inf,inf,inf,inf,inf,inf,inf,inf,inf,inf,inf,inf,inf,inf,inf,inf,inf,inf,inf,inf,inf,inf,inf,inf,inf,inf,inf,inf,inf,inf,inf,inf,inf,inf,inf,inf,inf,inf,inf,inf,inf,inf,inf,inf,inf,inf,inf,inf,inf,inf,inf,inf,inf,inf,inf,inf,inf,inf,inf,inf,inf,inf,inf,inf,inf,inf,inf,inf,inf,inf,inf,inf,inf,inf,inf,inf,inf,inf,inf,inf,inf,inf,inf,inf,inf,inf,inf,inf,inf,inf,inf,inf,inf,inf,inf,inf,inf,inf,inf,inf,inf,inf,inf,inf,inf,inf,inf,inf,inf,inf,inf,inf,inf,inf,inf,inf,inf,inf,inf,inf,inf,inf,inf,inf,inf,inf,inf,inf,inf,inf,inf,inf,inf,inf,inf,inf,inf,inf,inf,inf,inf,inf,inf,inf,inf,inf,inf,inf,inf,inf,inf,inf,inf,inf,inf,inf,inf,inf,inf,inf,inf,8.102546691894531,8.035512924194336,7.971999168395996,7.911883354187012,7.855051517486572,7.801401138305664,7.750834941864014,8.018280029296875,8.451666831970215,inf,inf,inf,inf,inf,inf,inf,inf,inf,inf,inf,inf,inf,inf,inf,inf,inf,inf,inf,6.161595821380615,6.166606903076172,6.17351770401001,6.182337284088135,6.193079471588135,6.2057623863220215,6.220403671264648,6.2370285987854,6.255660533905029,inf,inf,inf,inf,11.834439277648926,11.892739295959473,11.955288887023926,inf,inf,inf,inf,inf,inf,inf,inf,inf,inf,inf,inf,inf,6.894863128662109
1771970316591796125,-3.140000104904175,0.01749303564429283,6.910906791687012,6.719433307647705,6.540230751037598,6.372237682342529,6.262127876281738,6.341983318328857,6.425894260406494,6.514074325561523,6.6067585945129395,6.704199314117432,6.806671142578125,inf,inf,inf,inf,inf,inf,inf,inf,inf,inf,inf,inf,inf,inf,inf,inf,10.12881088256836,10.022767066955566,9.921926498413086,9.928614616394043,inf,inf,inf,inf,inf,inf,inf,inf,inf,inf,inf,inf,inf,inf,inf,inf,inf,inf,inf,inf,inf,inf,inf,inf,inf,inf,inf,inf,inf,inf,inf,inf,inf,inf,inf,inf,inf,inf,inf,inf,inf,inf,inf,inf,inf,inf,inf,inf,inf,inf,inf,inf,inf,inf,inf,inf,inf,inf,inf,inf,inf,inf,inf,inf,inf,inf,inf,inf,inf,inf,inf,inf,inf,inf,inf,inf,inf,inf,inf,inf,inf,inf,inf,inf,inf,inf,inf,inf,inf,inf,inf,inf,inf,inf,inf,inf,inf,inf,inf,inf,inf,inf,inf,inf,inf,inf,inf,inf,inf,inf,inf,inf,inf,inf,inf,inf,inf,inf,inf,inf,inf,inf,inf,inf,inf,inf,inf,inf,inf,inf,inf,inf,inf,inf,inf,inf,inf,inf,inf,inf,inf,inf,inf,inf,inf,inf,inf,inf,inf,inf,inf,inf,inf,inf,inf,inf,inf,inf,inf,inf,inf,inf,inf,inf,inf,inf,inf,inf,inf,inf,inf,inf,inf,inf,inf,inf,inf,inf,inf,inf,inf,inf,inf,inf,inf,inf,inf,inf,inf,inf,inf,inf,inf,inf,inf,inf,inf,inf,inf,inf,inf,inf,inf,inf,inf,inf,inf,inf,inf,inf,inf,inf,inf,inf,inf,inf,inf,inf,inf,inf,inf,inf,inf,inf,inf,inf,inf,inf,inf,inf,inf,inf,inf,inf,inf,inf,inf,inf,inf,inf,inf,inf,inf,inf,inf,inf,inf,inf,inf,inf,inf,inf,inf,inf,inf,inf,inf,inf,inf,inf,inf,inf,inf,inf,inf,inf,inf,inf,inf,inf,inf,8.151989936828613,8.08454418182373,8.020639419555664,7.960153579711914,7.902973175048828,7.848993301391602,7.7981157302856445,7.934408664703369,8.363236427307129,inf,inf,inf,inf,inf,inf,inf,inf,inf,inf,inf,inf,inf,inf,inf,inf,inf,inf,inf,6.206036567687988,6.211082935333252,6.218040466308594,6.226922035217285,6.237740516662598,6.250512599945068,6.265257835388184,6.281999588012695,6.300764560699463,inf,inf,inf,inf,11.880404472351074,11.938926696777344,inf,inf,inf,inf,inf,inf,inf,inf,inf,inf,inf,inf,inf,inf,6.947184085845947
1771970316803248484,-3.140000104904175,0.01749303564429283,6.960982799530029,6.76811408996582,6.587606430053711,6.41839075088501,6.314483165740967,6.395002841949463,6.479612827301025,6.568526268005371,6.661981582641602,6.760234355926514,6.863559246063232,inf,inf,inf,inf,inf,inf,inf,inf,inf,inf,inf,inf,inf,inf,inf,inf,10.159253120422363,10.052889823913574,9.95174503326416,10.017505645751953,inf,inf,inf,inf,inf,inf,inf,inf,inf,inf,inf,inf,inf,inf,inf,inf,inf,inf,inf,inf,inf,inf,inf,inf,inf,inf,inf,inf,inf,inf,inf,inf,inf,inf,inf,inf,inf,inf,inf,inf,inf,inf,inf,inf,inf,inf,inf,inf,inf,inf,inf,inf,inf,inf,inf,inf,inf,inf,inf,inf,inf,inf,inf,inf,inf,inf,inf,inf,inf,inf,inf,inf,inf,inf,inf,inf,inf,inf,inf,inf,inf,inf,inf,inf,inf,inf,inf,inf,inf,inf,inf,inf,inf,inf,inf,inf,inf,inf,inf,inf,inf,inf,inf,inf,inf,inf,inf,inf,inf,inf,inf,inf,inf,inf,inf,inf,inf,inf,inf,inf,inf,inf,inf,inf,inf,inf,inf,inf,inf,inf,inf,inf,inf,inf,inf,inf,inf,inf,inf,inf,inf,inf,inf,inf,inf,inf,inf,inf,inf,inf,inf,inf,inf,inf,inf,inf,inf,inf,inf,inf,inf,inf,inf,inf,inf,inf,inf,inf,inf,inf,inf,inf,inf,inf,inf,inf,inf,inf,inf,inf,inf,inf,inf,inf,inf,inf,inf,inf,inf,inf,inf,inf,inf,inf,inf,inf,inf,inf,inf,inf,inf,inf,inf,inf,inf,inf,inf,inf,inf,inf,inf,inf,inf,inf,inf,inf,inf,inf,inf,inf,inf,inf,inf,inf,inf,inf,inf,inf,inf,inf,inf,inf,inf,inf,inf,inf,inf,inf,inf,inf,inf,inf,inf,inf,inf,inf,inf,inf,inf,inf,inf,inf,inf,inf,inf,inf,inf,inf,inf,9.921904563903809,inf,inf,inf,inf,inf,inf,inf,inf,inf,inf,inf,inf,8.132237434387207,8.069281578063965,8.008424758911133,7.950895309448242,7.896585464477539,7.845395565032959,7.850547790527344,8.274818420410156,8.750396728515625,inf,inf,inf,inf,inf,inf,inf,inf,inf,inf,inf,inf,inf,inf,inf,inf,inf,inf,6.250479221343994,6.255558490753174,6.262564182281494,6.271507263183594,6.2824015617370605,6.295262813568115,6.310111999511719,6.326972007751465,6.345869064331055,inf,inf,inf,inf,11.926369667053223,11.985114097595215,inf,inf,inf,inf,inf,inf,inf,inf,inf,inf,inf,inf,inf,inf,6.99950647354126
1771970317086057259,-3.140000104904175,0.01749303564429283,7.01099967956543,6.816739082336426,6.6349287033081055,6.46449089050293,6.366783618927002,6.447968006134033,6.533274173736572,6.622921943664551,6.717148303985596,6.8162102699279785,6.920387268066406,inf,inf,inf,inf,inf,inf,inf,inf,inf,inf,inf,inf,inf,inf,inf,inf,10.189980506896973,10.08328914642334,9.981831550598145,10.106855392456055,inf,inf,inf,inf,inf,inf,inf,inf,inf,inf,inf,inf,inf,inf,inf,inf,inf,inf,inf,inf,inf,inf,inf,inf,inf,inf,inf,inf,inf,inf,inf,inf,inf,inf,inf,inf,inf,inf,inf,inf,inf,inf,inf,inf,inf,inf,inf,inf,inf,inf,inf,inf,inf,inf,inf,inf,inf,inf,inf,inf,inf,inf,inf,inf,inf,inf,inf,inf,inf,inf,inf,inf,inf,inf,inf,inf,inf,inf,inf,inf,inf,inf,inf,inf,inf,inf,inf,inf,inf,inf,inf,inf,inf,inf,inf,inf,inf,inf,inf,inf,inf,inf,inf,inf,inf,inf,inf,inf,inf,inf,inf,inf,inf,inf,inf,inf,inf,inf,inf,inf,inf,inf,inf,inf,inf,inf,inf,inf,inf,inf,inf,inf,inf,inf,inf,inf,inf,inf,inf,inf,inf,inf,inf,inf,inf,inf,inf,inf,inf,inf,inf,inf,inf,inf,inf,inf,inf,inf,inf,inf,inf,inf,inf,inf,inf,inf,inf,inf,inf,inf,inf,inf,inf,inf,inf,inf,inf,inf,inf,inf,inf,inf,inf,inf,inf,inf,inf,inf,inf,inf,inf,inf,inf,inf,inf,inf,inf,inf,inf,inf,inf,inf,inf,inf,inf,inf,inf,inf,inf,inf,inf,inf,inf,inf,inf,inf,inf,inf,inf,inf,inf,inf,inf,inf,inf,inf,inf,inf,inf,inf,inf,inf,inf,inf,inf,inf,inf,inf,inf,inf,inf,inf,inf,inf,inf,inf,inf,inf,inf,inf,inf,inf,inf,inf,inf,inf,inf,inf,inf,inf,inf,inf,inf,inf,inf,inf,inf,inf,inf,inf,inf,inf,8.178837776184082,8.114181518554688,8.052984237670898,7.9951324462890625,7.940517425537109,7.889041423797607,7.840611934661865,8.193212509155273,8.664074897766113,inf,inf,inf,inf,inf,inf,inf,inf,inf,inf,inf,inf,inf,inf,inf,inf,inf,inf,6.451789855957031,6.296613693237305,6.303663730621338,6.312663555145264,6.323627471923828,6.33657169342041,6.351516246795654,6.368484973907471,6.387503623962402,6.408604621887207,inf,inf,inf,11.968801498413086,inf,inf,inf,inf,inf,inf,inf,inf,inf,inf,inf,inf,inf,inf,inf,7.047804832458496
1771970317255531847,-3.140000104904175,0.01749303564429283,6.792576313018799,6.613581657409668,6.445700168609619,6.4315266609191895,6.514511585235596,6.601712226867676,6.693355083465576,6.7896857261657715,6.89096736907959,6.997490882873535,inf,inf,inf,inf,inf,inf,inf,inf,inf,inf,inf,inf,inf,inf,inf,10.294092178344727,10.177095413208008,10.071884155273438,9.978888511657715,10.278524398803711,inf,inf,inf,inf,inf,inf,inf,inf,inf,inf,inf,inf,inf,inf,inf,inf,inf,inf,inf,inf,inf,inf,inf,inf,inf,inf,inf,inf,inf,inf,inf,inf,inf,inf,inf,inf,inf,inf,inf,inf,inf,inf,inf,inf,inf,inf,inf,inf,inf,inf,inf,inf,inf,inf,inf,inf,inf,inf,inf,inf,inf,inf,inf,inf,inf,inf,inf,inf,inf,inf,inf,inf,inf,inf,inf,inf,inf,inf,inf,inf,inf,inf,inf,inf,inf,inf,inf,inf,inf,inf,inf,inf,inf,inf,inf,inf,inf,inf,inf,inf,inf,inf,inf,inf,inf,inf,inf,inf,inf,inf,inf,inf,inf,inf,inf,inf,inf,inf,inf,inf,inf,inf,inf,inf,inf,inf,inf,inf,inf,inf,inf,inf,inf,inf,inf,inf,inf,inf,inf,inf,inf,inf,inf,inf,inf,inf,inf,inf,inf,inf,inf,inf,inf,inf,inf,inf,inf,inf,inf,inf,inf,inf,inf,inf,inf,inf,inf,inf,inf,inf,inf,inf,inf,inf,inf,inf,inf,inf,inf,inf,inf,inf,inf,inf,inf,inf,inf,inf,inf,inf,inf,inf,inf,inf,inf,inf,inf,inf,inf,inf,inf,inf,inf,inf,inf,inf,inf,inf,inf,inf,inf,inf,inf,inf,inf,inf,inf,inf,inf,inf,inf,inf,inf,inf,inf,inf,inf,inf,inf,inf,inf,inf,inf,inf,inf,inf,inf,inf,inf,inf,inf,inf,inf,inf,inf,inf,inf,inf,inf,inf,inf,inf,inf,inf,inf,inf,inf,inf,inf,inf,inf,inf,inf,inf,inf,inf,inf,inf,inf,inf,inf,inf,8.192837715148926,8.129026412963867,8.06865119934082,8.011600494384766,7.95776891708374,7.907058238983154,7.85938024520874,8.27461051940918,8.759913444519043,inf,inf,inf,inf,inf,inf,inf,inf,inf,inf,inf,inf,inf,inf,inf,inf,inf,inf,6.324812889099121,6.33057165145874,6.338282108306885,6.347957611083984,6.359609603881836,6.373259544372559,6.388926982879639,6.406637191772461,6.426417350769043,inf,inf,inf,inf,inf,inf,inf,inf,inf,inf,inf,inf,inf,inf,inf,inf,inf,inf,inf,11.721956253051758,7.019929885864258,6.826445579528809
1771970317427520037,-3.140000104904175,0.01749303564429283,6.433133125305176,6.5155534744262695,6.602158069610596,6.693172454833984,6.78883695602417,6.8894171714782715,6.995192527770996,11.885444641113281,11.913187980651855,11.944725036621094,11.980104446411133,inf,inf,inf,inf,inf,inf,inf,inf,inf,inf,inf,inf,10.223918914794922,10.11713981628418,10.015600204467773,10.267340660095215,inf,inf,inf,inf,inf,inf,inf,inf,inf,inf,inf,inf,inf,inf,inf,inf,inf,inf,inf,inf,inf,inf,inf,inf,inf,inf,inf,inf,inf,inf,inf,inf,inf,inf,inf,inf,inf,inf,inf,inf,inf,inf,inf,inf,inf,inf,inf,inf,inf,inf,inf,inf,inf,inf,inf,inf,inf,inf,inf,inf,inf,inf,inf,inf,inf,inf,inf,inf,inf,inf,inf,inf,inf,inf,inf,inf,inf,inf,inf,inf,inf,inf,inf,inf,inf,inf,inf,inf,inf,inf,inf,inf,inf,inf,inf,inf,inf,inf,inf,inf,inf,inf,inf,inf,inf,inf,inf,inf,inf,inf,inf,inf,inf,inf,inf,inf,inf,inf,inf,inf,inf,inf,inf,inf,inf,inf,inf,inf,inf,inf,inf,inf,inf,inf,inf,inf,inf,inf,inf,inf,inf,inf,inf,inf,inf,inf,inf,inf,inf,inf,inf,inf,inf,inf,inf,inf,inf,inf,inf,inf,inf,inf,inf,inf,inf,inf,inf,inf,inf,inf,inf,inf,inf,inf,inf,inf,inf,inf,inf,inf,inf,inf,inf,inf,inf,inf,inf,inf,inf,inf,inf,inf,inf,inf,inf,inf,inf,inf,inf,inf,inf,inf,inf,inf,inf,inf,inf,inf,inf,inf,inf,inf,inf,inf,inf,inf,inf,inf,inf,inf,inf,inf,inf,inf,inf,inf,inf,inf,inf,inf,inf,inf,inf,inf,inf,inf,inf,inf,inf,inf,inf,inf,inf,inf,inf,inf,inf,inf,inf,inf,inf,inf,inf,inf,inf,inf,inf,inf,inf,inf,inf,inf,inf,inf,inf,inf,inf,inf,inf,inf,inf,inf,8.221036911010742,8.1564302444458,8.095291137695312,8.037501335144043,7.982956886291504,7.931558132171631,7.883214473724365,8.153353691101074,8.62543773651123,inf,inf,inf,inf,inf,11.592291831970215,11.837226867675781,inf,inf,inf,inf,inf,inf,inf,inf,inf,inf,inf,6.8328070640563965,6.34334135055542,6.3506927490234375,6.360010623931885,4.871392250061035,4.825676918029785,6.3999152183532715,6.417271137237549,6.436694622039795,6.458219051361084,inf,inf,inf,inf,inf,inf,inf,inf,inf,inf,inf,inf,inf,11.981354713439941,11.945845603942871,11.914180755615234,11.886311531066895,11.862194061279297,11.841789245605469,7.0789690017700195,6.882341384887695,6.698334217071533,6.525856018066406,6.418559551239014
1771970317651236653,-3.140000104904175,0.01749303564429283,6.463829517364502,6.545989990234375,6.632320880889893,6.723043441772461,6.818398475646973,6.918643951416016,7.024062156677246,inf,inf,inf,inf,inf,inf,inf,inf,inf,inf,inf,inf,inf,inf,inf,inf,10.265571594238281,10.157727241516113,10.055170059204102,10.25553035736084,inf,inf,inf,inf,inf,inf,inf,inf,inf,inf,inf,inf,inf,inf,inf,inf,inf,inf,inf,inf,inf,inf,inf,inf,inf,inf,inf,inf,inf,inf,inf,inf,inf,inf,inf,inf,inf,inf,inf,inf,inf,inf,inf,inf,inf,inf,inf,inf,inf,inf,inf,inf,inf,inf,inf,inf,inf,inf,inf,inf,inf,inf,inf,inf,inf,inf,inf,inf,inf,inf,inf,inf,inf,inf,inf,inf,inf,inf,inf,inf,inf,inf,inf,inf,inf,inf,inf,inf,inf,inf,inf,inf,inf,inf,inf,inf,inf,inf,inf,inf,inf,inf,inf,inf,inf,inf,inf,inf,inf,inf,inf,inf,inf,inf,inf,inf,inf,inf,inf,inf,inf,inf,inf,inf,inf,inf,inf,inf,inf,inf,inf,inf,inf,inf,inf,inf,inf,inf,inf,inf,inf,inf,inf,inf,inf,inf,inf,inf,inf,inf,inf,inf,inf,inf,inf,inf,inf,inf,inf,inf,inf,inf,inf,inf,inf,inf,inf,inf,inf,inf,inf,inf,inf,inf,inf,inf,inf,inf,inf,inf,inf,inf,inf,inf,inf,inf,inf,inf,inf,inf,inf,inf,inf,inf,inf,inf,inf,inf,inf,inf,inf,inf,inf,inf,inf,inf,inf,inf,inf,inf,inf,inf,inf,inf,inf,inf,inf,inf,inf,inf,inf,inf,inf,inf,inf,inf,inf,inf,inf,inf,inf,inf,inf,inf,inf,inf,inf,inf,inf,inf,inf,inf,inf,inf,inf,inf,inf,inf,inf,inf,inf,inf,inf,inf,inf,inf,inf,inf,inf,inf,9.960721015930176,inf,inf,inf,inf,inf,inf,inf,inf,inf,inf,inf,inf,8.21234130859375,8.150148391723633,8.091348648071289,8.035832405090332,7.983498573303223,7.934254169464111,7.972090721130371,8.42776870727539,inf,inf,inf,inf,inf,inf,inf,inf,inf,inf,inf,inf,inf,inf,inf,inf,inf,inf,inf,6.3809428215026855,6.387918949127197,6.39686918258667,6.407809257507324,6.4207539558410645,6.43572473526001,6.452744483947754,6.471840858459473,6.493042469024658,inf,inf,inf,inf,inf,inf,inf,inf,inf,inf,inf,inf,inf,inf,inf,inf,inf,inf,inf,7.174633979797363,6.973774433135986,6.78587532043457,6.609804153442383,6.4493021965026855
1771970317849444156,-3.140000104904175,0.01749303564429283,6.514486789703369,6.597294330596924,6.68430757522583,6.7757463455200195,6.871852874755859,6.972890853881836,7.079141139984131,inf,inf,inf,inf,inf,inf,inf,inf,inf,inf,inf,inf,inf,inf,inf,inf,10.299771308898926,10.191571235656738,10.088675498962402,10.342434883117676,inf,inf,inf,inf,inf,inf,inf,inf,inf,inf,inf,inf,inf,inf,inf,inf,inf,inf,inf,inf,inf,inf,inf,inf,inf,inf,inf,inf,inf,inf,inf,inf,inf,inf,inf,inf,inf,inf,inf,inf,inf,inf,inf,inf,inf,inf,inf,inf,inf,inf,inf,inf,inf,inf,inf,inf,inf,inf,inf,inf,inf,inf,inf,inf,inf,inf,inf,inf,inf,inf,inf,inf,inf,inf,inf,inf,inf,inf,inf,inf,inf,inf,inf,inf,inf,inf,inf,inf,inf,inf,inf,inf,inf,inf,inf,inf,inf,inf,inf,inf,inf,inf,inf,inf,inf,inf,inf,inf,inf,inf,inf,inf,inf,inf,inf,inf,inf,inf,inf,inf,inf,inf,inf,inf,inf,inf,inf,inf,inf,inf,inf,inf,inf,inf,inf,inf,inf,inf,inf,inf,inf,inf,inf,inf,inf,inf,inf,inf,inf,inf,inf,inf,inf,inf,inf,inf,inf,inf,inf,inf,inf,inf,inf,inf,inf,inf,inf,inf,inf,inf,inf,inf,inf,inf,inf,inf,inf,inf,inf,inf,inf,inf,inf,inf,inf,inf,inf,inf,inf,inf,inf,inf,inf,inf,inf,inf,inf,inf,inf,inf,inf,inf,inf,inf,inf,inf,inf,inf,inf,inf,inf,inf,inf,inf,inf,inf,inf,inf,inf,inf,inf,inf,inf,inf,inf,inf,inf,inf,inf,inf,inf,inf,inf,inf,inf,inf,inf,inf,inf,inf,inf,inf,inf,inf,inf,inf,inf,inf,inf,inf,inf,inf,inf,inf,inf,inf,inf,inf,inf,inf,inf,inf,inf,inf,inf,inf,inf,inf,inf,inf,inf,inf,inf,8.257365226745605,8.194836616516113,8.135717391967773,8.079901695251465,8.027284622192383,7.977775573730469,7.931285381317139,8.328757286071777,8.836603164672852,inf,inf,inf,inf,inf,inf,inf,inf,inf,inf,inf,inf,inf,inf,inf,inf,inf,inf,6.422237396240234,6.429261684417725,6.438272953033447,6.449286937713623,6.4623188972473145,6.477390289306641,6.494522571563721,6.513745307922363,6.5350871086120605,inf,inf,inf,inf,inf,inf,inf,inf,inf,inf,inf,inf,inf,inf,inf,inf,inf,inf,inf,7.2306227684021,7.028209209442139,6.83885383605957,6.661418437957764,6.499844074249268
1771970318094382643,-3.140000104904175,0.01749303564429283,6.566686630249023,6.650162220001221,6.737875938415527,6.830051898956299,6.926936149597168,7.028787136077881,7.1358962059021,inf,inf,inf,inf,inf,inf,inf,inf,inf,inf,inf,inf,inf,inf,inf,inf,10.334867477416992,10.226304054260254,10.130537986755371,10.43164348602295,inf,inf,inf,inf,inf,inf,inf,inf,inf,inf,inf,inf,inf,inf,inf,inf,inf,inf,inf,inf,inf,inf,inf,inf,inf,inf,inf,inf,inf,inf,inf,inf,inf,inf,inf,inf,inf,inf,inf,inf,inf,inf,inf,inf,inf,inf,inf,inf,inf,inf,inf,inf,inf,inf,inf,inf,inf,inf,inf,inf,inf,inf,inf,inf,inf,inf,inf,inf,inf,inf,inf,inf,inf,inf,inf,inf,inf,inf,inf,inf,inf,inf,inf,inf,inf,inf,inf,inf,inf,inf,inf,inf,inf,inf,inf,inf,inf,inf,inf,inf,inf,inf,inf,inf,inf,inf,inf,inf,inf,inf,inf,inf,inf,inf,inf,inf,inf,inf,inf,inf,inf,inf,inf,inf,inf,inf,inf,inf,inf,inf,inf,inf,inf,inf,inf,inf,inf,inf,inf,inf,inf,inf,inf,inf,inf,inf,inf,inf,inf,inf,inf,inf,inf,inf,inf,inf,inf,inf,inf,inf,inf,inf,inf,inf,inf,inf,inf,inf,inf,inf,inf,inf,inf,inf,inf,inf,inf,inf,inf,inf,inf,inf,inf,inf,inf,inf,inf,inf,inf,inf,inf,inf,inf,inf,inf,inf,inf,inf,inf,inf,inf,inf,inf,inf,inf,inf,inf,inf,inf,inf,inf,inf,inf,inf,inf,inf,inf,inf,inf,inf,inf,inf,inf,inf,inf,inf,inf,inf,inf,inf,inf,inf,inf,inf,inf,inf,inf,inf,inf,inf,inf,inf,inf,inf,inf,inf,inf,inf,inf,inf,inf,inf,inf,inf,inf,inf,inf,inf,inf,inf,inf,inf,inf,inf,inf,inf,inf,inf,inf,inf,inf,inf,inf,8.303783416748047,8.2409086227417,8.181461334228516,8.125334739685059,8.072426795959473,8.0226411819458,7.975894451141357,8.226576805114746,8.728239059448242,inf,inf,inf,inf,inf,inf,inf,inf,inf,inf,inf,inf,inf,inf,inf,inf,inf,inf,6.680416107177734,6.4718732833862305,6.480947494506836,6.492036819458008,6.505158424377441,6.520331859588623,6.537582874298096,6.556933879852295,6.5784220695495605,inf,inf,inf,inf,inf,inf,inf,inf,inf,inf,inf,inf,inf,inf,inf,inf,inf,inf,inf,7.2883782386779785,7.084357738494873,6.893500804901123,6.714657306671143,6.551925182342529
1771970318323856497,-3.140000104904175,0.01749303564429283,6.614683151245117,6.698766708374023,6.7871198654174805,6.87996768951416,6.977555751800537,7.080151081085205,7.188038349151611,inf,inf,inf,inf,inf,inf,inf,inf,inf,inf,inf,inf,inf,inf,inf,10.492300033569336,10.367452621459961,10.258544921875,10.192824363708496,inf,inf,inf,inf,inf,inf,inf,inf,inf,inf,inf,inf,inf,inf,inf,inf,inf,inf,inf,inf,inf,inf,inf,inf,inf,inf,inf,inf,inf,inf,inf,inf,inf,inf,inf,inf,inf,inf,inf,inf,inf,inf,inf,inf,inf,inf,inf,inf,inf,inf,inf,inf,inf,inf,inf,inf,inf,inf,inf,inf,inf,inf,inf,inf,inf,inf,inf,inf,inf,inf,inf,inf,inf,inf,inf,inf,inf,inf,inf,inf,inf,inf,inf,inf,inf,inf,inf,inf,inf,inf,inf,inf,inf,inf,inf,inf,inf,inf,inf,inf,inf,inf,inf,inf,inf,inf,inf,inf,inf,inf,inf,inf,inf,inf,inf,inf,inf,inf,inf,inf,inf,inf,inf,inf,inf,inf,inf,inf,inf,inf,inf,inf,inf,inf,inf,inf,inf,inf,inf,inf,inf,inf,inf,inf,inf,inf,inf,inf,inf,inf,inf,inf,inf,inf,inf,inf,inf,inf,inf,inf,inf,inf,inf,inf,inf,inf,inf,inf,inf,inf,inf,inf,inf,inf,inf,inf,inf,inf,inf,inf,inf,inf,inf,inf,inf,inf,inf,inf,inf,inf,inf,inf,inf,inf,inf,inf,inf,inf,inf,inf,inf,inf,inf,inf,inf,inf,inf,inf,inf,inf,inf,inf,inf,inf,inf,inf,inf,inf,inf,inf,inf,inf,inf,inf,inf,inf,inf,inf,inf,inf,inf,inf,inf,inf,inf,inf,inf,inf,inf,inf,inf,inf,inf,inf,inf,inf,inf,inf,inf,inf,inf,inf,inf,inf,inf,inf,inf,inf,inf,inf,inf,inf,inf,inf,inf,inf,inf,inf,inf,inf,inf,inf,inf,inf,inf,8.283520698547363,8.223766326904297,8.167346954345703,8.114164352416992,8.064119338989258,8.017127990722656,8.131421089172363,8.6272611618042,inf,inf,inf,inf,inf,inf,inf,inf,inf,inf,inf,inf,inf,inf,inf,inf,inf,inf,7.197880744934082,6.511165142059326,6.520293235778809,6.531448841094971,6.54464864730835,6.559913158416748,6.57726526260376,6.596735000610352,6.618350982666016,inf,inf,inf,inf,inf,inf,inf,inf,inf,inf,inf,inf,inf,inf,inf,inf,inf,inf,inf,7.3420538902282715,7.1365251541137695,6.944258213043213,6.76409387588501,6.599813938140869
1771970318572708878,-3.140000104904175,0.01749303564429283,6.664687156677246,6.749406337738037,6.838423252105713,6.931970119476318,7.0302934646606445,7.133659839630127,7.242362976074219,inf,inf,inf,inf,inf,inf,inf,inf,inf,inf,inf,inf,inf,inf,inf,10.516120910644531,10.401260375976562,10.291996955871582,10.270293235778809,inf,inf,inf,inf,inf,inf,inf,inf,inf,inf,inf,inf,inf,inf,inf,inf,inf,inf,inf,inf,inf,inf,inf,inf,inf,inf,inf,inf,inf,inf,inf,inf,inf,inf,inf,inf,inf,inf,inf,inf,inf,inf,inf,inf,inf,inf,inf,inf,inf,inf,inf,inf,inf,inf,inf,inf,inf,inf,inf,inf,inf,inf,inf,inf,inf,inf,inf,inf,inf,inf,inf,inf,inf,inf,inf,inf,inf,inf,inf,inf,inf,inf,inf,inf,inf,inf,inf,inf,inf,inf,inf,inf,inf,inf,inf,inf,inf,inf,inf,inf,inf,inf,inf,inf,inf,inf,inf,inf,inf,inf,inf,inf,inf,inf,inf,inf,inf,inf,inf,inf,inf,inf,inf,inf,inf,inf,inf,inf,inf,inf,inf,inf,inf,inf,inf,inf,inf,inf,inf,inf,inf,inf,inf,inf,inf,inf,inf,inf,inf,inf,inf,inf,inf,inf,inf,inf,inf,inf,inf,inf,inf,inf,inf,inf,inf,inf,inf,inf,inf,inf,inf,inf,inf,inf,inf,inf,inf,inf,inf,inf,inf,inf,inf,inf,inf,inf,inf,inf,inf,inf,inf,inf,inf,inf,inf,inf,inf,inf,inf,inf,inf,inf,inf,inf,inf,inf,inf,inf,inf,inf,inf,inf,inf,inf,inf,inf,inf,inf,inf,inf,inf,inf,inf,inf,inf,inf,inf,inf,inf,inf,inf,inf,inf,inf,inf,inf,inf,inf,inf,inf,inf,inf,inf,inf,inf,inf,inf,inf,inf,inf,inf,inf,inf,inf,inf,inf,inf,inf,inf,inf,inf,inf,10.038848876953125,inf,inf,inf,inf,inf,inf,inf,inf,inf,inf,inf,inf,8.331494331359863,8.271390914916992,8.214643478393555,8.161149978637695,8.110814094543457,8.06354808807373,8.024249076843262,8.51352596282959,inf,inf,inf,inf,inf,inf,inf,inf,inf,inf,inf,inf,inf,inf,inf,inf,inf,inf,inf,6.555386543273926,6.564574718475342,6.575804233551025,6.5890913009643555,6.604458808898926,6.621927261352539,6.641526222229004,6.66328763961792,6.687244415283203,inf,inf,inf,inf,inf,inf,inf,inf,inf,inf,inf,inf,inf,inf,inf,inf,inf,inf,7.402505874633789,7.195278644561768,7.00142240524292,6.81976842880249,6.6536970138549805
1771970318896201193,-3.140000104904175,0.01749303564429283,6.714640140533447,6.799990177154541,6.889673709869385,6.983919620513916,7.082976818084717,7.18711519241333,7.296627044677734,inf,inf,inf,inf,inf,inf,inf,inf,inf,inf,inf,inf,inf,inf,inf,10.550614356994629,10.435369491577148,10.3257417678833,10.352909088134766,inf,inf,inf,inf,inf,inf,inf,inf,inf,inf,inf,inf,inf,inf,inf,inf,inf,inf,inf,inf,inf,inf,inf,inf,inf,inf,inf,inf,inf,inf,inf,inf,inf,inf,inf,inf,inf,inf,inf,inf,inf,inf,inf,inf,inf,inf,inf,inf,inf,inf,inf,inf,inf,inf,inf,inf,inf,inf,inf,inf,inf,inf,inf,inf,inf,inf,inf,inf,inf,inf,inf,inf,inf,inf,inf,inf,inf,inf,inf,inf,inf,inf,inf,inf,inf,inf,inf,inf,inf,inf,inf,inf,inf,inf,inf,inf,inf,inf,inf,inf,inf,inf,inf,inf,inf,inf,inf,inf,inf,inf,inf,inf,inf,inf,inf,inf,inf,inf,inf,inf,inf,inf,inf,inf,inf,inf,inf,inf,inf,inf,inf,inf,inf,inf,inf,inf,inf,inf,inf,inf,inf,inf,inf,inf,inf,inf,inf,inf,inf,inf,inf,inf,inf,inf,inf,inf,inf,inf,inf,inf,inf,inf,inf,inf,inf,inf,inf,inf,inf,inf,inf,inf,inf,inf,inf,inf,inf,inf,inf,inf,inf,inf,inf,inf,inf,inf,inf,inf,inf,inf,inf,inf,inf,inf,inf,inf,inf,inf,inf,inf,inf,inf,inf,inf,inf,inf,inf,inf,inf,inf,inf,inf,inf,inf,inf,inf,inf,inf,inf,inf,inf,inf,inf,inf,inf,inf,inf,inf,inf,inf,inf,inf,inf,inf,inf,inf,inf,inf,inf,inf,inf,inf,inf,inf,inf,inf,inf,inf,inf,inf,inf,inf,inf,inf,inf,inf,inf,inf,inf,inf,inf,inf,inf,inf,inf,inf,inf,inf,inf,inf,inf,inf,inf,inf,inf,8.37411880493164,8.313704490661621,8.25666332244873,8.20289421081543,8.152299880981445,8.104789733886719,8.060280799865723,8.412491798400879,8.961640357971191,inf,inf,inf,inf,inf,inf,inf,inf,inf,inf,inf,inf,inf,inf,inf,inf,inf,inf,6.594675064086914,6.603917121887207,6.6152119636535645,6.628576278686523,6.644034385681152,6.661607265472412,6.681321144104004,6.703210353851318,6.727311134338379,inf,inf,inf,inf,inf,inf,inf,inf,inf,inf,inf,inf,inf,inf,inf,inf,inf,inf,7.456214427947998,7.247478485107422,7.052209854125977,6.86923360824585,6.701568603515625
1771970319204292436,-3.140000104904175,0.01749303564429283,6.768643856048584,6.854676723480225,6.945076942443848,7.040078163146973,7.13992977142334,7.24490213394165,7.35529088973999,inf,inf,inf,inf,inf,inf,inf,inf,inf,inf,inf,inf,inf,inf,inf,10.587541580200195,10.471893310546875,10.361881256103516,10.441615104675293,inf,inf,inf,inf,inf,inf,inf,inf,inf,inf,inf,inf,inf,inf,inf,inf,inf,inf,inf,inf,inf,inf,inf,inf,inf,inf,inf,inf,inf,inf,inf,inf,inf,inf,inf,inf,inf,inf,inf,inf,inf,inf,inf,inf,inf,inf,inf,inf,inf,inf,inf,inf,inf,inf,inf,inf,inf,inf,inf,inf,inf,inf,inf,inf,inf,inf,inf,inf,inf,inf,inf,inf,inf,inf,inf,inf,inf,inf,inf,inf,inf,inf,inf,inf,inf,inf,inf,inf,inf,inf,inf,inf,inf,inf,inf,inf,inf,inf,inf,inf,inf,inf,inf,inf,inf,inf,inf,inf,inf,inf,inf,inf,inf,inf,inf,inf,inf,inf,inf,inf,inf,inf,inf,inf,inf,inf,inf,inf,inf,inf,inf,inf,inf,inf,inf,inf,inf,inf,inf,inf,inf,inf,inf,inf,inf,inf,inf,inf,inf,inf,inf,inf,inf,inf,inf,inf,inf,inf,inf,inf,inf,inf,inf,inf,inf,inf,inf,inf,inf,inf,inf,inf,inf,inf,inf,inf,inf,inf,inf,inf,inf,inf,inf,inf,inf,inf,inf,inf,inf,inf,inf,inf,inf,inf,inf,inf,inf,inf,inf,inf,inf,inf,inf,inf,inf,inf,inf,inf,inf,inf,inf,inf,inf,inf,inf,inf,inf,inf,inf,inf,inf,inf,inf,inf,inf,inf,inf,inf,inf,inf,inf,inf,inf,inf,inf,inf,inf,inf,inf,inf,inf,inf,inf,inf,inf,inf,inf,inf,inf,inf,inf,inf,inf,inf,inf,inf,inf,inf,inf,inf,inf,inf,inf,inf,inf,inf,inf,inf,inf,inf,inf,inf,inf,inf,inf,inf,8.359543800354004,8.302186965942383,8.24811840057373,8.19724178314209,8.149468421936035,8.104713439941406,8.303050994873047,8.845025062561035,inf,inf,inf,inf,inf,inf,inf,inf,inf,inf,inf,inf,inf,inf,inf,inf,inf,inf,6.684114456176758,6.646538257598877,6.657903671264648,6.671353816986084,6.686908721923828,6.704593181610107,6.724433898925781,6.746462345123291,6.770715236663818,inf,inf,inf,inf,inf,inf,inf,inf,inf,inf,inf,inf,inf,inf,inf,inf,inf,inf,7.514400482177734,7.304028511047363,7.107230186462402,6.922821044921875,6.7534308433532715
1771970319373717848,-3.140000104904175,0.01749303564429283,6.81662130355835,6.903262138366699,6.994302272796631,7.089973449707031,7.190527439117432,7.2962422370910645,7.407412052154541,inf,inf,inf,inf,inf,inf,inf,inf,inf,inf,inf,inf,inf,inf,inf,10.620505332946777,10.504493713378906,10.394134521484375,10.520683288574219,inf,inf,inf,inf,inf,inf,inf,inf,inf,inf,inf,inf,inf,inf,inf,inf,inf,inf,inf,inf,inf,inf,inf,inf,inf,inf,inf,inf,inf,inf,inf,inf,inf,inf,inf,inf,inf,inf,inf,inf,inf,inf,inf,inf,inf,inf,inf,inf,inf,inf,inf,inf,inf,inf,inf,inf,inf,inf,inf,inf,inf,inf,inf,inf,inf,inf,inf,inf,inf,inf,inf,inf,inf,inf,inf,inf,inf,inf,inf,inf,inf,inf,inf,inf,inf,inf,inf,inf,inf,inf,inf,inf,inf,inf,inf,inf,inf,inf,inf,inf,inf,inf,inf,inf,inf,inf,inf,inf,inf,inf,inf,inf,inf,inf,inf,inf,inf,inf,inf,inf,inf,inf,inf,inf,inf,inf,inf,inf,inf,inf,inf,inf,inf,inf,inf,inf,inf,inf,inf,inf,inf,inf,inf,inf,inf,inf,inf,inf,inf,inf,inf,inf,inf,inf,inf,inf,inf,inf,inf,inf,inf,inf,inf,inf,inf,inf,inf,inf,inf,inf,inf,inf,inf,inf,inf,inf,inf,inf,inf,inf,inf,inf,inf,inf,inf,inf,inf,inf,inf,inf,inf,inf,inf,inf,inf,inf,inf,inf,inf,inf,inf,inf,inf,inf,inf,inf,inf,inf,inf,inf,inf,inf,inf,inf,inf,inf,inf,inf,inf,inf,inf,inf,inf,inf,inf,inf,inf,inf,inf,inf,inf,inf,inf,inf,inf,inf,inf,inf,inf,inf,inf,inf,inf,inf,inf,inf,inf,inf,inf,inf,inf,inf,inf,inf,inf,inf,inf,inf,inf,inf,inf,inf,inf,10.095087051391602,inf,inf,inf,inf,inf,inf,inf,inf,inf,inf,inf,inf,8.401860237121582,8.344210624694824,8.289865493774414,8.238729476928711,8.190711975097656,8.14572811126709,8.202041625976562,8.73739242553711,inf,inf,inf,inf,inf,inf,inf,inf,inf,inf,inf,inf,inf,inf,inf,inf,inf,inf,7.075043678283691,6.6858811378479,6.697312355041504,6.710839748382568,6.726484775543213,6.744272708892822,6.7642292976379395,6.7863874435424805,6.810781478881836,inf,inf,inf,inf,inf,inf,inf,inf,inf,inf,inf,inf,inf,inf,inf,inf,inf,inf,7.568112373352051,7.35623025894165,7.158019065856934,6.972287178039551,6.8013014793396
1771970319509856784,-3.140000104904175,0.01749303564429283,6.868597984313965,6.955897331237793,7.0476274490356445,7.144025802612305,7.245344161987305,7.351860046386719,7.4638752937316895,inf,inf,inf,inf,inf,inf,inf,inf,inf,inf,inf,inf,inf,inf,inf,10.656214714050293,10.539809226989746,10.429076194763184,10.60633659362793,inf,inf,inf,inf,inf,inf,inf,inf,inf,inf,inf,inf,inf,inf,inf,inf,inf,inf,inf,inf,inf,inf,inf,inf,inf,inf,inf,inf,inf,inf,inf,inf,inf,inf,inf,inf,inf,inf,inf,inf,inf,inf,inf,inf,inf,inf,inf,inf,inf,inf,inf,inf,inf,inf,inf,inf,inf,inf,inf,inf,inf,inf,inf,inf,inf,inf,inf,inf,inf,inf,inf,inf,inf,inf,inf,inf,inf,inf,inf,inf,inf,inf,inf,inf,inf,inf,inf,inf,inf,inf,inf,inf,inf,inf,inf,inf,inf,inf,inf,inf,inf,inf,inf,inf,inf,inf,inf,inf,inf,inf,inf,inf,inf,inf,inf,inf,inf,inf,inf,inf,inf,inf,inf,inf,inf,inf,inf,inf,inf,inf,inf,inf,inf,inf,inf,inf,inf,inf,inf,inf,inf,inf,inf,inf,inf,inf,inf,inf,inf,inf,inf,inf,inf,inf,inf,inf,inf,inf,inf,inf,inf,inf,inf,inf,inf,inf,inf,inf,inf,inf,inf,inf,inf,inf,inf,inf,inf,inf,inf,inf,inf,inf,inf,inf,inf,inf,inf,inf,inf,inf,inf,inf,inf,inf,inf,inf,inf,inf,inf,inf,inf,inf,inf,inf,inf,inf,inf,inf,inf,inf,inf,inf,inf,inf,inf,inf,inf,inf,inf,inf,inf,inf,inf,inf,inf,inf,inf,inf,inf,inf,inf,inf,inf,inf,inf,inf,inf,inf,inf,inf,inf,inf,inf,inf,inf,inf,inf,inf,inf,inf,inf,inf,inf,inf,inf,inf,inf,inf,inf,inf,inf,inf,inf,10.114096641540527,inf,inf,inf,inf,inf,inf,inf,inf,inf,inf,inf,inf,8.447702407836914,8.389735221862793,8.33509349822998,8.283673286437988,8.235391616821289,8.190159797668457,8.147904396057129,8.620806694030762,inf,inf,inf,inf,inf,inf,inf,inf,inf,inf,inf,inf,inf,inf,inf,inf,inf,inf,7.4987053871154785,6.728501319885254,6.740004062652588,6.753618240356445,6.76936149597168,6.787259101867676,6.807340621948242,6.829639434814453,6.85418701171875,inf,inf,inf,inf,inf,inf,inf,inf,inf,inf,inf,inf,inf,inf,inf,inf,inf,inf,7.626302719116211,7.412783622741699,7.213042736053467,7.025876998901367,6.853161334991455
1771970319679972081,-3.140000104904175,0.01749303564429283,6.920573711395264,7.008530139923096,7.100953102111816,7.198077201843262,7.3001604080200195,7.407479286193848,7.520336151123047,inf,inf,inf,inf,inf,inf,inf,inf,inf,inf,inf,inf,inf,inf,inf,10.691925048828125,10.575124740600586,10.464016914367676,10.691987037658691,inf,inf,inf,inf,inf,inf,inf,inf,inf,inf,inf,inf,inf,inf,inf,inf,inf,inf,inf,inf,inf,inf,inf,inf,inf,inf,inf,inf,inf,inf,inf,inf,inf,inf,inf,inf,inf,inf,inf,inf,inf,inf,inf,inf,inf,inf,inf,inf,inf,inf,inf,inf,inf,inf,inf,inf,inf,inf,inf,inf,inf,inf,inf,inf,inf,inf,inf,inf,inf,inf,inf,inf,inf,inf,inf,inf,inf,inf,inf,inf,inf,inf,inf,inf,inf,inf,inf,inf,inf,inf,inf,inf,inf,inf,inf,inf,inf,inf,inf,inf,inf,inf,inf,inf,inf,inf,inf,inf,inf,inf,inf,inf,inf,inf,inf,inf,inf,inf,inf,inf,inf,inf,inf,inf,inf,inf,inf,inf,inf,inf,inf,inf,inf,inf,inf,inf,inf,inf,inf,inf,inf,inf,inf,inf,inf,inf,inf,inf,inf,inf,inf,inf,inf,inf,inf,inf,inf,inf,inf,inf,inf,inf,inf,inf,inf,inf,inf,inf,inf,inf,inf,inf,inf,inf,inf,inf,inf,inf,inf,inf,inf,inf,inf,inf,inf,inf,inf,inf,inf,inf,inf,inf,inf,inf,inf,inf,inf,inf,inf,inf,inf,inf,inf,inf,inf,inf,inf,inf,inf,inf,inf,inf,inf,inf,inf,inf,inf,inf,inf,inf,inf,inf,inf,inf,inf,inf,inf,inf,inf,inf,inf,inf,inf,inf,inf,inf,inf,inf,inf,inf,inf,inf,inf,inf,inf,inf,inf,inf,inf,inf,inf,inf,inf,inf,inf,inf,inf,inf,inf,inf,inf,inf,inf,inf,inf,inf,inf,inf,inf,inf,inf,inf,inf,inf,inf,inf,8.497071266174316,8.438762664794922,8.383797645568848,8.332077980041504,8.283510208129883,8.238011360168457,8.195505142211914,8.495268821716309,9.091379165649414,inf,inf,inf,inf,inf,inf,inf,inf,inf,inf,inf,inf,inf,inf,inf,inf,inf,inf,6.774401664733887,6.785981178283691,6.799685001373291,6.8155341148376465,6.833552837371826,6.853769779205322,6.876217365264893,6.900931358337402,inf,inf,inf,inf,inf,inf,inf,inf,inf,inf,inf,inf,inf,inf,inf,inf,inf,inf,7.688967704772949,7.473687648773193,7.272299766540527,7.083590030670166,6.909010410308838
1771970319945716297,-3.140000104904175,0.01749303564429283,7.071223258972168,7.1652116775512695,7.2639851570129395,7.367804050445557,7.476955890655518,inf,inf,inf,inf,inf,inf,inf,inf,inf,inf,inf,inf,inf,inf,inf,inf,10.695173263549805,10.579303741455078,10.509719848632812,inf,inf,inf,inf,inf,inf,inf,inf,inf,inf,inf,inf,inf,inf,inf,inf,inf,inf,inf,inf,inf,inf,inf,inf,inf,inf,inf,inf,inf,inf,inf,inf,inf,inf,inf,inf,inf,inf,inf,inf,inf,inf,inf,inf,inf,inf,inf,inf,inf,inf,inf,inf,inf,inf,inf,inf,inf,inf,inf,inf,inf,inf,inf,inf,inf,inf,inf,inf,inf,inf,inf,inf,inf,inf,inf,inf,inf,inf,inf,inf,inf,inf,inf,inf,inf,inf,inf,inf,inf,inf,inf,inf,inf,inf,inf,inf,inf,inf,inf,inf,inf,inf,inf,inf,inf,inf,inf,inf,inf,inf,inf,inf,inf,inf,inf,inf,inf,inf,inf,inf,inf,inf,inf,inf,inf,inf,inf,inf,inf,inf,inf,inf,inf,inf,inf,inf,inf,inf,inf,inf,inf,inf,inf,inf,inf,inf,inf,inf,inf,inf,inf,inf,inf,inf,inf,inf,inf,inf,inf,inf,inf,inf,inf,inf,inf,inf,inf,inf,inf,inf,inf,inf,inf,inf,inf,inf,inf,inf,inf,inf,inf,inf,inf,inf,inf,inf,inf,inf,inf,inf,inf,inf,inf,inf,inf,inf,inf,inf,inf,inf,inf,inf,inf,inf,inf,inf,inf,inf,inf,inf,inf,inf,inf,inf,inf,inf,inf,inf,inf,inf,inf,inf,inf,inf,inf,inf,inf,inf,inf,inf,inf,inf,inf,inf,inf,inf,inf,inf,inf,inf,inf,inf,inf,inf,inf,inf,inf,inf,inf,inf,inf,inf,inf,inf,inf,inf,inf,inf,inf,inf,inf,inf,inf,inf,inf,inf,inf,inf,inf,inf,inf,inf,inf,inf,inf,inf,inf,8.518070220947266,8.460261344909668,8.405787467956543,8.354549407958984,8.306458473205566,8.261431694030762,8.219391822814941,8.530609130859375,9.138992309570312,inf,inf,inf,inf,inf,inf,inf,inf,inf,inf,inf,inf,inf,inf,inf,inf,inf,inf,6.808279514312744,6.820371150970459,6.834599018096924,6.850989818572998,6.869565486907959,6.890356063842773,6.913395404815674,6.938720226287842,inf,inf,inf,inf,inf,inf,inf,inf,inf,inf,inf,inf,inf,inf,inf,inf,inf,inf,7.68351936340332,7.470170974731445,7.270514011383057,7.083364009857178,6.965962886810303,7.054604530334473
1771970320243710586,-3.140000104904175,0.01749303564429283,7.566878318786621,inf,inf,inf,inf,inf,inf,inf,inf,inf,inf,inf,inf,inf,inf,inf,10.740193367004395,10.622464179992676,10.510469436645508,10.758193969726562,inf,inf,inf,inf,inf,inf,inf,inf,inf,inf,inf,inf,inf,inf,inf,inf,inf,inf,inf,inf,inf,inf,inf,inf,inf,inf,inf,inf,inf,inf,inf,inf,inf,inf,inf,inf,inf,inf,inf,inf,inf,inf,inf,inf,inf,inf,inf,inf,inf,inf,inf,inf,inf,inf,inf,inf,inf,inf,inf,inf,inf,inf,inf,inf,inf,inf,inf,inf,inf,inf,inf,inf,inf,inf,inf,inf,inf,inf,inf,inf,inf,inf,inf,inf,inf,inf,inf,inf,inf,inf,inf,inf,inf,inf,inf,inf,inf,inf,inf,inf,inf,inf,inf,inf,inf,inf,inf,inf,inf,inf,inf,inf,inf,inf,inf,inf,inf,inf,inf,inf,inf,inf,inf,inf,inf,inf,inf,inf,inf,inf,inf,inf,inf,inf,inf,inf,inf,inf,inf,inf,inf,inf,inf,inf,inf,inf,inf,inf,inf,inf,inf,inf,inf,inf,inf,inf,inf,inf,inf,inf,inf,inf,inf,inf,inf,inf,inf,inf,inf,inf,inf,inf,inf,inf,inf,inf,inf,inf,inf,inf,inf,inf,inf,inf,inf,inf,inf,inf,inf,inf,inf,inf,inf,inf,inf,inf,inf,inf,inf,inf,inf,inf,inf,inf,inf,inf,inf,inf,inf,inf,inf,inf,inf,inf,inf,inf,inf,inf,inf,inf,inf,inf,inf,inf,inf,inf,inf,inf,inf,inf,inf,inf,inf,inf,inf,inf,inf,inf,inf,inf,inf,inf,inf,inf,inf,inf,inf,inf,inf,inf,inf,inf,inf,inf,inf,inf,inf,inf,inf,inf,inf,inf,inf,inf,inf,inf,inf,inf,inf,inf,inf,inf,inf,inf,inf,inf,inf,8.483773231506348,8.428298950195312,8.376091957092285,8.32706069946289,8.281118392944336,8.238187789916992,8.348986625671387,8.931595802307129,inf,inf,inf,inf,inf,inf,inf,inf,inf,inf,inf,inf,inf,inf,inf,inf,inf,inf,6.811888694763184,6.8233771324157715,6.836999893188477,6.852779388427734,6.870739459991455,6.890906810760498,6.913315296173096,6.9379987716674805,6.964999675750732,inf,inf,inf,inf,inf,inf,inf,inf,inf,inf,inf,inf,inf,inf,inf,inf,inf,7.758555889129639,7.540704250335693,7.336935997009277,7.14601993560791,6.966864585876465,7.036810398101807,7.128738880157471,7.225339412689209,7.326869487762451,7.433597564697266,7.545825958251953
1771970320498202884,-3.140000104904175,0.01749303564429283,7.579320430755615,inf,inf,inf,inf,inf,inf,inf,inf,inf,inf,inf,inf,inf,inf,inf,10.797685623168945,10.67832088470459,10.564763069152832,10.756117820739746,inf,inf,inf,inf,inf,inf,inf,inf,inf,inf,inf,inf,inf,inf,inf,inf,inf,inf,inf,inf,inf,inf,inf,inf,inf,inf,inf,inf,inf,inf,inf,inf,inf,inf,inf,inf,inf,inf,inf,inf,inf,inf,inf,inf,inf,inf,inf,inf,inf,inf,inf,inf,inf,inf,inf,inf,inf,inf,inf,inf,inf,inf,inf,inf,inf,inf,inf,inf,inf,inf,inf,inf,inf,inf,inf,inf,inf,inf,inf,inf,inf,inf,inf,inf,inf,inf,inf,inf,inf,inf,inf,inf,inf,inf,inf,inf,inf,inf,inf,inf,inf,inf,inf,inf,inf,inf,inf,inf,inf,inf,inf,inf,inf,inf,inf,inf,inf,inf,inf,inf,inf,inf,inf,inf,inf,inf,inf,inf,inf,inf,inf,inf,inf,inf,inf,inf,inf,inf,inf,inf,inf,inf,inf,inf,inf,inf,inf,inf,inf,inf,inf,inf,inf,inf,inf,inf,inf,inf,inf,inf,inf,inf,inf,inf,inf,inf,inf,inf,inf,inf,inf,inf,inf,inf,inf,inf,inf,inf,inf,inf,inf,inf,inf,inf,inf,inf,inf,inf,inf,inf,inf,inf,inf,inf,inf,inf,inf,inf,inf,inf,inf,inf,inf,inf,inf,inf,inf,inf,inf,inf,inf,inf,inf,inf,inf,inf,inf,inf,inf,inf,inf,inf,inf,inf,inf,inf,inf,inf,inf,inf,inf,inf,inf,inf,inf,inf,inf,inf,inf,inf,inf,inf,inf,inf,inf,inf,inf,inf,inf,inf,inf,inf,inf,inf,inf,inf,inf,inf,inf,inf,inf,inf,inf,inf,inf,inf,inf,inf,inf,inf,inf,inf,inf,inf,inf,inf,inf,8.523611068725586,8.467293739318848,8.414274215698242,8.364459991455078,8.31775951385498,8.274096488952637,8.233394622802734,8.715252876281738,inf,inf,inf,inf,inf,11.941544532775879,inf,inf,inf,inf,inf,inf,inf,inf,inf,inf,inf,inf,7.353277206420898,6.8476409912109375,6.860894680023193,6.876307964324951,6.893905162811279,6.9137139320373535,6.935763359069824,6.960092544555664,6.986737251281738,inf,inf,inf,inf,inf,inf,inf,inf,inf,inf,inf,inf,inf,inf,inf,inf,inf,inf,7.626846790313721,7.4191718101501465,7.224658966064453,7.042184352874756,7.051984786987305,7.1434454917907715,7.239553451538086,7.34056282043457,7.446739196777344,7.558379650115967
1771970320770193505,-3.140000104904175,0.01749303564429283,7.620565891265869,inf,inf,inf,inf,inf,inf,inf,inf,inf,inf,inf,inf,inf,inf,inf,10.839617729187012,10.719529151916504,10.605280876159668,10.788061141967773,inf,inf,inf,inf,inf,inf,inf,inf,inf,inf,inf,inf,inf,inf,inf,inf,inf,inf,inf,inf,inf,inf,inf,inf,inf,inf,inf,inf,inf,inf,inf,inf,inf,inf,inf,inf,inf,inf,inf,inf,inf,inf,inf,inf,inf,inf,inf,inf,inf,inf,inf,inf,inf,inf,inf,inf,inf,inf,inf,inf,inf,inf,inf,inf,inf,inf,inf,inf,inf,inf,inf,inf,inf,inf,inf,inf,inf,inf,inf,inf,inf,inf,inf,inf,inf,inf,inf,inf,inf,inf,inf,inf,inf,inf,inf,inf,inf,inf,inf,inf,inf,inf,inf,inf,inf,inf,inf,inf,inf,inf,inf,inf,inf,inf,inf,inf,inf,inf,inf,inf,inf,inf,inf,inf,inf,inf,inf,inf,inf,inf,inf,inf,inf,inf,inf,inf,inf,inf,inf,inf,inf,inf,inf,inf,inf,inf,inf,inf,inf,inf,inf,inf,inf,inf,inf,inf,inf,inf,inf,inf,inf,inf,inf,inf,inf,inf,inf,inf,inf,inf,inf,inf,inf,inf,inf,inf,inf,inf,inf,inf,inf,inf,inf,inf,inf,inf,inf,inf,inf,inf,inf,inf,inf,inf,inf,inf,inf,inf,inf,inf,inf,inf,inf,inf,inf,inf,inf,inf,inf,inf,inf,inf,inf,inf,inf,inf,inf,inf,inf,inf,inf,inf,inf,inf,inf,inf,inf,inf,inf,inf,inf,inf,inf,inf,inf,inf,inf,inf,inf,inf,inf,inf,inf,inf,inf,inf,inf,inf,inf,inf,inf,inf,inf,inf,inf,inf,inf,inf,inf,inf,inf,inf,inf,inf,inf,inf,inf,inf,inf,inf,inf,inf,inf,inf,inf,inf,inf,inf,8.514396667480469,8.46080493927002,8.410441398620605,8.3632173538208,8.319052696228027,8.277871131896973,8.522311210632324,9.150074005126953,inf,inf,inf,inf,inf,inf,inf,inf,inf,inf,inf,inf,inf,inf,inf,inf,inf,inf,6.886033535003662,6.899159908294678,6.914454460144043,6.931944370269775,6.95165491104126,6.9736175537109375,6.997868537902832,7.024444580078125,inf,inf,inf,inf,inf,inf,inf,inf,inf,inf,inf,inf,inf,inf,inf,inf,inf,inf,7.711276054382324,7.500575542449951,7.303259372711182,7.1181793212890625,7.09210205078125,7.183762073516846,7.280080318450928,7.3813042640686035,7.487707138061523,7.599581241607666
1771970321005693589,-3.140000104904175,0.01749303564429283,7.67341423034668,inf,inf,inf,inf,inf,inf,inf,inf,inf,inf,inf,inf,inf,inf,inf,10.879593849182129,10.759088516235352,10.644445419311523,10.868788719177246,inf,inf,inf,inf,inf,inf,inf,inf,inf,inf,inf,inf,inf,inf,inf,inf,inf,inf,inf,inf,inf,inf,inf,inf,inf,inf,inf,inf,inf,inf,inf,inf,inf,inf,inf,inf,inf,inf,inf,inf,inf,inf,inf,inf,inf,inf,inf,inf,inf,inf,inf,inf,inf,inf,inf,inf,inf,inf,inf,inf,inf,inf,inf,inf,inf,inf,inf,inf,inf,inf,inf,inf,inf,inf,inf,inf,inf,inf,inf,inf,inf,inf,inf,inf,inf,inf,inf,inf,inf,inf,inf,inf,inf,inf,inf,inf,inf,inf,inf,inf,inf,inf,inf,inf,inf,inf,inf,inf,inf,inf,inf,inf,inf,inf,inf,inf,inf,inf,inf,inf,inf,inf,inf,inf,inf,inf,inf,inf,inf,inf,inf,inf,inf,inf,inf,inf,inf,inf,inf,inf,inf,inf,inf,inf,inf,inf,inf,inf,inf,inf,inf,inf,inf,inf,inf,inf,inf,inf,inf,inf,inf,inf,inf,inf,inf,inf,inf,inf,inf,inf,inf,inf,inf,inf,inf,inf,inf,inf,inf,inf,inf,inf,inf,inf,inf,inf,inf,inf,inf,inf,inf,inf,inf,inf,inf,inf,inf,inf,inf,inf,inf,inf,inf,inf,inf,inf,inf,inf,inf,inf,inf,inf,inf,inf,inf,inf,inf,inf,inf,inf,inf,inf,inf,inf,inf,inf,inf,inf,inf,inf,inf,inf,inf,inf,inf,inf,inf,inf,inf,inf,inf,inf,inf,inf,inf,inf,inf,inf,inf,inf,inf,inf,inf,inf,inf,inf,inf,inf,inf,inf,inf,inf,inf,inf,inf,inf,inf,inf,inf,inf,inf,inf,inf,inf,inf,inf,inf,inf,8.556102752685547,8.502265930175781,8.451672554016113,8.4042329788208,8.359867095947266,8.318499565124512,8.38779067993164,9.005919456481934,inf,inf,inf,inf,inf,inf,inf,inf,inf,inf,inf,inf,inf,inf,inf,inf,inf,inf,6.925699710845947,6.938912868499756,6.954308986663818,6.971911430358887,6.991748809814453,7.013850212097168,7.038253307342529,7.064995288848877,inf,inf,inf,inf,inf,inf,inf,inf,inf,inf,inf,inf,inf,inf,inf,inf,inf,inf,7.774815559387207,7.562424659729004,7.363523006439209,7.176956653594971,7.14117956161499,7.233493804931641,7.330496788024902,7.432446002960205,7.539607524871826,7.652279853820801
1771970321287864597,-3.140000104904175,0.01749303564429283,7.72147798538208,inf,inf,inf,inf,inf,inf,inf,inf,inf,inf,inf,inf,inf,inf,inf,10.9170503616333,10.796130180358887,10.681734085083008,10.941404342651367,inf,inf,inf,inf,inf,inf,inf,inf,inf,inf,inf,inf,inf,inf,inf,inf,inf,inf,inf,inf,inf,inf,inf,inf,inf,inf,inf,inf,inf,inf,inf,inf,inf,inf,inf,inf,inf,inf,inf,inf,inf,inf,inf,inf,inf,inf,inf,inf,inf,inf,inf,inf,inf,inf,inf,inf,inf,inf,inf,inf,inf,inf,inf,inf,inf,inf,inf,inf,inf,inf,inf,inf,inf,inf,inf,inf,inf,inf,inf,inf,inf,inf,inf,inf,inf,inf,inf,inf,inf,inf,inf,inf,inf,inf,inf,inf,inf,inf,inf,inf,inf,inf,inf,inf,inf,inf,inf,inf,inf,inf,inf,inf,inf,inf,inf,inf,inf,inf,inf,inf,inf,inf,inf,inf,inf,inf,inf,inf,inf,inf,inf,inf,inf,inf,inf,inf,inf,inf,inf,inf,inf,inf,inf,inf,inf,inf,inf,inf,inf,inf,inf,inf,inf,inf,inf,inf,inf,inf,inf,inf,inf,inf,inf,inf,inf,inf,inf,inf,inf,inf,inf,inf,inf,inf,inf,inf,inf,inf,inf,inf,inf,inf,inf,inf,inf,inf,inf,inf,inf,inf,inf,inf,inf,inf,inf,inf,inf,inf,inf,inf,inf,inf,inf,inf,inf,inf,inf,inf,inf,inf,inf,inf,inf,inf,inf,inf,inf,inf,inf,inf,inf,inf,inf,inf,inf,inf,inf,inf,inf,inf,inf,inf,inf,inf,inf,inf,inf,inf,inf,inf,inf,inf,inf,inf,inf,inf,inf,inf,inf,inf,inf,inf,inf,inf,inf,inf,inf,inf,inf,inf,inf,inf,inf,inf,inf,10.188774108886719,inf,inf,inf,inf,inf,inf,inf,inf,inf,inf,inf,inf,8.594803810119629,8.540721893310547,8.489898681640625,8.442245483398438,8.39767837524414,8.356123924255371,8.317510604858398,8.869606018066406,inf,inf,inf,inf,inf,inf,inf,inf,inf,inf,inf,inf,inf,inf,inf,inf,inf,inf,7.1787428855896,6.975449085235596,6.990926265716553,7.008620262145996,7.028561592102051,7.050782203674316,7.075312614440918,7.102195739746094,7.131475925445557,inf,inf,inf,inf,inf,inf,inf,inf,inf,inf,inf,inf,inf,inf,inf,inf,inf,7.83447790145874,7.620458602905273,7.42003059387207,7.232031345367432,7.185909748077393,7.278801441192627,7.376412868499756,7.478997707366943,7.586831569671631,7.700211048126221
1771970321506644122,-3.140000104904175,0.01749303564429283,7.780876636505127,inf,inf,inf,inf,inf,inf,inf,inf,inf,inf,inf,inf,inf,inf,inf,10.93899154663086,10.818471908569336,10.742899894714355,inf,inf,inf,inf,inf,inf,inf,inf,inf,inf,inf,inf,inf,inf,inf,inf,inf,inf,inf,inf,inf,inf,inf,inf,inf,inf,inf,inf,inf,inf,inf,inf,inf,inf,inf,inf,inf,inf,inf,inf,inf,inf,inf,inf,inf,inf,inf,inf,inf,inf,inf,inf,inf,inf,inf,inf,inf,inf,inf,inf,inf,inf,inf,inf,inf,inf,inf,inf,inf,inf,inf,inf,inf,inf,inf,inf,inf,inf,inf,inf,inf,inf,inf,inf,inf,inf,inf,inf,inf,inf,inf,inf,inf,inf,inf,inf,inf,inf,inf,inf,inf,inf,inf,inf,inf,inf,inf,inf,inf,inf,inf,inf,inf,inf,inf,inf,inf,inf,inf,inf,inf,inf,inf,inf,inf,inf,inf,inf,inf,inf,inf,inf,inf,inf,inf,inf,inf,inf,inf,inf,inf,inf,inf,inf,inf,inf,inf,inf,inf,inf,inf,inf,inf,inf,inf,inf,inf,inf,inf,inf,inf,inf,inf,inf,inf,inf,inf,inf,inf,inf,inf,inf,inf,inf,inf,inf,inf,inf,inf,inf,inf,inf,inf,inf,inf,inf,inf,inf,inf,inf,inf,inf,inf,inf,inf,inf,inf,inf,inf,inf,inf,inf,inf,inf,inf,inf,inf,inf,inf,inf,inf,inf,inf,inf,inf,inf,inf,inf,inf,inf,inf,inf,inf,inf,inf,inf,inf,inf,inf,inf,inf,inf,inf,inf,inf,inf,inf,inf,inf,inf,inf,inf,inf,inf,inf,inf,inf,inf,inf,inf,inf,inf,inf,inf,inf,inf,inf,inf,inf,inf,inf,inf,inf,inf,inf,inf,inf,inf,inf,inf,inf,inf,inf,inf,inf,inf,inf,inf,inf,8.628035545349121,8.574151039123535,8.52352523803711,8.47607421875,8.431714057922363,8.390369415283203,8.351971626281738,8.814888000488281,inf,inf,inf,inf,inf,inf,inf,inf,inf,inf,inf,inf,inf,inf,inf,inf,inf,inf,7.336093902587891,7.016015529632568,7.031882286071777,7.049982070922852,7.070344924926758,7.093001365661621,7.117990016937256,7.145349025726318,7.175122261047363,inf,inf,inf,inf,inf,inf,inf,inf,inf,inf,inf,inf,inf,inf,inf,inf,inf,7.867040634155273,7.653249263763428,7.4529900550842285,7.265110492706299,7.245635509490967,7.339773178100586,7.438695430755615,7.542659759521484,7.651945114135742,7.766857147216797
1771970321647353392,-3.140000104904175,0.01749303564429283,inf,inf,inf,inf,inf,inf,inf,inf,inf,inf,inf,inf,11.078426361083984,10.943158149719238,10.823002815246582,10.795334815979004,inf,inf,inf,inf,inf,inf,inf,inf,inf,inf,inf,inf,inf,inf,inf,inf,inf,inf,inf,inf,inf,inf,inf,inf,inf,inf,inf,inf,inf,inf,inf,inf,inf,inf,inf,inf,inf,inf,inf,inf,inf,inf,inf,inf,inf,inf,inf,inf,inf,inf,inf,inf,inf,inf,inf,inf,inf,inf,inf,inf,inf,inf,inf,inf,inf,inf,inf,inf,inf,inf,inf,inf,inf,inf,inf,inf,inf,inf,inf,inf,inf,inf,inf,inf,inf,inf,inf,inf,inf,inf,inf,inf,inf,inf,inf,inf,inf,inf,inf,inf,inf,inf,inf,inf,inf,inf,inf,inf,inf,inf,inf,inf,inf,inf,inf,inf,inf,inf,inf,inf,inf,inf,inf,inf,inf,inf,inf,inf,inf,inf,inf,inf,inf,inf,inf,inf,inf,inf,inf,inf,inf,inf,inf,inf,inf,inf,inf,inf,inf,inf,inf,inf,inf,inf,inf,inf,inf,inf,inf,inf,inf,inf,inf,inf,inf,inf,inf,inf,inf,inf,inf,inf,inf,inf,inf,inf,inf,inf,inf,inf,inf,inf,inf,inf,inf,inf,inf,inf,inf,inf,inf,inf,inf,inf,inf,inf,inf,inf,inf,inf,inf,inf,inf,inf,inf,inf,inf,inf,inf,inf,inf,inf,inf,inf,inf,inf,inf,inf,inf,inf,inf,inf,inf,inf,inf,inf,inf,inf,inf,inf,inf,inf,inf,inf,inf,inf,inf,inf,inf,inf,inf,inf,inf,inf,inf,inf,inf,inf,inf,inf,inf,inf,inf,inf,inf,inf,inf,inf,inf,inf,inf,inf,inf,inf,inf,inf,inf,inf,inf,inf,inf,inf,inf,inf,inf,inf,inf,inf,inf,8.6373291015625,8.583662033081055,8.53325080871582,8.486011505126953,8.44186019897461,8.400723457336426,8.362532615661621,8.823688507080078,inf,inf,inf,inf,inf,inf,inf,inf,inf,inf,inf,inf,inf,inf,inf,inf,inf,inf,7.3370513916015625,7.031062602996826,7.047166347503662,7.065510272979736,7.086126327514648,7.109043121337891,7.134298801422119,7.161933422088623,7.19199275970459,inf,inf,inf,inf,inf,inf,inf,inf,inf,inf,inf,inf,inf,inf,inf,inf,inf,7.869137763977051,7.6560468673706055,7.456411838531494,7.269092559814453,7.270966053009033,7.365756034851074,7.465364456176758,7.5700531005859375,7.680103778839111,7.795821189880371,inf,inf,inf
1771970321829793374,-3.140000104904175,0.01749303564429283,inf,inf,inf,inf,inf,inf,inf,inf,inf,inf,inf,inf,11.090974807739258,10.96483039855957,10.844805717468262,10.871966361999512,inf,inf,inf,inf,inf,inf,inf,inf,inf,inf,inf,inf,inf,inf,inf,inf,inf,inf,inf,inf,inf,inf,inf,inf,inf,inf,inf,inf,inf,inf,inf,inf,inf,inf,inf,inf,inf,inf,inf,inf,inf,inf,inf,inf,inf,inf,inf,inf,inf,inf,inf,inf,inf,inf,inf,inf,inf,inf,inf,inf,inf,inf,inf,inf,inf,inf,inf,inf,inf,inf,inf,inf,inf,inf,inf,inf,inf,inf,inf,inf,inf,inf,inf,inf,inf,inf,inf,inf,inf,inf,inf,inf,inf,inf,inf,inf,inf,inf,inf,inf,inf,inf,inf,inf,inf,inf,inf,inf,inf,inf,inf,inf,inf,inf,inf,inf,inf,inf,inf,inf,inf,inf,inf,inf,inf,inf,inf,inf,inf,inf,inf,inf,inf,inf,inf,inf,inf,inf,inf,inf,inf,inf,inf,inf,inf,inf,inf,inf,inf,inf,inf,inf,inf,inf,inf,inf,inf,inf,inf,inf,inf,inf,inf,inf,inf,inf,inf,inf,inf,inf,inf,inf,inf,inf,inf,inf,inf,inf,inf,inf,inf,inf,inf,inf,inf,inf,inf,inf,inf,inf,inf,inf,inf,inf,inf,inf,inf,inf,inf,inf,inf,inf,inf,inf,inf,inf,inf,inf,inf,inf,inf,inf,inf,inf,inf,inf,inf,inf,inf,inf,inf,inf,inf,inf,inf,inf,inf,inf,inf,inf,inf,inf,inf,inf,inf,inf,inf,inf,inf,inf,inf,inf,inf,inf,inf,inf,inf,inf,inf,inf,inf,inf,inf,inf,inf,inf,inf,inf,inf,inf,inf,inf,inf,inf,inf,inf,inf,inf,inf,inf,inf,inf,inf,inf,inf,inf,inf,inf,inf,8.662284851074219,8.608689308166504,8.558354377746582,8.51119613647461,8.467129707336426,8.426082611083984,8.387986183166504,8.755285263061523,inf,inf,inf,inf,inf,inf,inf,inf,inf,inf,inf,inf,inf,inf,inf,inf,inf,inf,7.5004425048828125,7.059836387634277,7.076174259185791,7.094764232635498,7.115634918212891,7.138820648193359,7.164356231689453,7.192286014556885,7.222650051116943,inf,inf,inf,inf,inf,inf,inf,inf,inf,inf,inf,inf,inf,inf,inf,inf,inf,7.903000831604004,7.6896138191223145,7.489678382873535,7.302055835723877,7.311975955963135,7.4075703620910645,7.508024215698242,7.613602638244629,7.724588871002197,7.841296195983887,inf,inf,inf
1771970322001710805,-3.140000104904175,0.01749303564429283,inf,inf,inf,inf,inf,inf,inf,inf,inf,inf,inf,inf,11.138948440551758,11.011970520019531,10.891149520874023,10.92032527923584,inf,inf,inf,inf,inf,inf,inf,inf,inf,inf,inf,inf,inf,inf,inf,inf,inf,inf,inf,inf,inf,inf,inf,inf,inf,inf,inf,inf,inf,inf,inf,inf,inf,inf,inf,inf,inf,inf,inf,inf,inf,inf,inf,inf,inf,inf,inf,inf,inf,inf,inf,inf,inf,inf,inf,inf,inf,inf,inf,inf,inf,inf,inf,inf,inf,inf,inf,inf,inf,inf,inf,inf,inf,inf,inf,inf,inf,inf,inf,inf,inf,inf,inf,inf,inf,inf,inf,inf,inf,inf,inf,inf,inf,inf,inf,inf,inf,inf,inf,inf,inf,inf,inf,inf,inf,inf,inf,inf,inf,inf,inf,inf,inf,inf,inf,inf,inf,inf,inf,inf,inf,inf,inf,inf,inf,inf,inf,inf,inf,inf,inf,inf,inf,inf,inf,inf,inf,inf,inf,inf,inf,inf,inf,inf,inf,inf,inf,inf,inf,inf,inf,inf,inf,inf,inf,inf,inf,inf,inf,inf,inf,inf,inf,inf,inf,inf,inf,inf,inf,inf,inf,inf,inf,inf,inf,inf,inf,inf,inf,inf,inf,inf,inf,inf,inf,inf,inf,inf,inf,inf,inf,inf,inf,inf,inf,inf,inf,inf,inf,inf,inf,inf,inf,inf,inf,inf,inf,inf,inf,inf,inf,inf,inf,inf,inf,inf,inf,inf,inf,inf,inf,inf,inf,inf,inf,inf,inf,inf,inf,inf,inf,inf,inf,inf,inf,inf,inf,inf,inf,inf,inf,inf,inf,inf,inf,inf,inf,inf,inf,inf,inf,inf,inf,inf,inf,inf,inf,inf,inf,inf,inf,inf,inf,inf,inf,inf,inf,inf,inf,inf,inf,inf,inf,inf,inf,inf,inf,inf,inf,inf,8.648208618164062,8.597468376159668,8.549921035766602,8.505485534667969,8.464086532592773,8.425654411315918,8.56834602355957,9.26754093170166,inf,inf,inf,inf,inf,inf,inf,inf,inf,inf,inf,inf,inf,inf,inf,inf,inf,7.896821975708008,7.093596458435059,7.1098809242248535,7.128425598144531,7.149260997772217,7.172420024871826,7.197939872741699,7.2258620262146,7.256228923797607,inf,inf,inf,inf,inf,inf,inf,inf,inf,inf,inf,inf,inf,inf,inf,inf,inf,7.979172706604004,7.763238906860352,7.56093692779541,7.371109485626221,7.348965167999268,7.444833278656006,7.5455732345581055,7.651451110839844,7.762751579284668,7.8797831535339355,inf,inf,inf
1771970322305881151,-3.140000104904175,0.01749303564429283,inf,inf,inf,inf,inf,inf,inf,inf,inf,inf,inf,inf,11.182613372802734,11.055132865905762,10.933833122253418,10.992941856384277,inf,inf,inf,inf,inf,inf,inf,inf,inf,inf,inf,inf,inf,inf,inf,inf,inf,inf,inf,inf,inf,inf,inf,inf,inf,inf,inf,inf,inf,inf,inf,inf,inf,inf,inf,inf,inf,inf,inf,inf,inf,inf,inf,inf,inf,inf,inf,inf,inf,inf,inf,inf,inf,inf,inf,inf,inf,inf,inf,inf,inf,inf,inf,inf,inf,inf,inf,inf,inf,inf,inf,inf,inf,inf,inf,inf,inf,inf,inf,inf,inf,inf,inf,inf,inf,inf,inf,inf,inf,inf,inf,inf,inf,inf,inf,inf,inf,inf,inf,inf,inf,inf,inf,inf,inf,inf,inf,inf,inf,inf,inf,inf,inf,inf,inf,inf,inf,inf,inf,inf,inf,inf,inf,inf,inf,inf,inf,inf,inf,inf,inf,inf,inf,inf,inf,inf,inf,inf,inf,inf,inf,inf,inf,inf,inf,inf,inf,inf,inf,inf,inf,inf,inf,inf,inf,inf,inf,inf,inf,inf,inf,inf,inf,inf,inf,inf,inf,inf,inf,inf,inf,inf,inf,inf,inf,inf,inf,inf,inf,inf,inf,inf,inf,inf,inf,inf,inf,inf,inf,inf,inf,inf,inf,inf,inf,inf,inf,inf,inf,inf,inf,inf,inf,inf,inf,inf,inf,inf,inf,inf,inf,inf,inf,inf,inf,inf,inf,inf,inf,inf,inf,inf,inf,inf,inf,inf,inf,inf,inf,inf,inf,inf,inf,inf,inf,inf,inf,inf,inf,inf,inf,inf,inf,inf,inf,inf,inf,inf,inf,inf,inf,inf,inf,inf,inf,inf,inf,inf,inf,inf,inf,inf,inf,inf,inf,inf,inf,10.22734546661377,inf,inf,inf,inf,inf,inf,inf,inf,inf,inf,inf,inf,8.687745094299316,8.636770248413086,8.589003562927246,8.544361114501953,8.50277042388916,8.464158058166504,8.428462028503418,9.093676567077637,inf,inf,inf,inf,inf,inf,inf,inf,inf,inf,inf,inf,inf,inf,inf,inf,inf,inf,7.13116455078125,7.147531986236572,7.166173458099365,7.187117576599121,7.2103962898254395,7.236048698425293,7.264113426208496,7.294640064239502,inf,inf,inf,inf,inf,inf,inf,inf,inf,inf,inf,inf,inf,inf,inf,inf,inf,8.047697067260742,7.82990026473999,7.625852584838867,7.434387683868408,7.39499568939209,7.491457939147949,7.592824459075928,7.699361324310303,7.811354160308838,7.9291157722473145,inf,inf,inf
1771970322470288190,-3.140000104904175,0.01749303564429283,inf,inf,inf,inf,inf,inf,inf,inf,inf,inf,inf,inf,11.224719047546387,11.096752166748047,10.974991798400879,11.06328010559082,inf,inf,inf,inf,inf,inf,inf,inf,inf,inf,inf,inf,inf,inf,inf,inf,inf,inf,inf,inf,inf,inf,inf,inf,inf,inf,inf,inf,inf,inf,inf,inf,inf,inf,inf,inf,inf,inf,inf,inf,inf,inf,inf,inf,inf,inf,inf,inf,inf,inf,inf,inf,inf,inf,inf,inf,inf,inf,inf,inf,inf,inf,inf,inf,inf,inf,inf,inf,inf,inf,inf,inf,inf,inf,inf,inf,inf,inf,inf,inf,inf,inf,inf,inf,inf,inf,inf,inf,inf,inf,inf,inf,inf,inf,inf,inf,inf,inf,inf,inf,inf,inf,inf,inf,inf,inf,inf,inf,inf,inf,inf,inf,inf,inf,inf,inf,inf,inf,inf,inf,inf,inf,inf,inf,inf,inf,inf,inf,inf,inf,inf,inf,inf,inf,inf,inf,inf,inf,inf,inf,inf,inf,inf,inf,inf,inf,inf,inf,inf,inf,inf,inf,inf,inf,inf,inf,inf,inf,inf,inf,inf,inf,inf,inf,inf,inf,inf,inf,inf,inf,inf,inf,inf,inf,inf,inf,inf,inf,inf,inf,inf,inf,inf,inf,inf,inf,inf,inf,inf,inf,inf,inf,inf,inf,inf,inf,inf,inf,inf,inf,inf,inf,inf,inf,inf,inf,inf,inf,inf,inf,inf,inf,inf,inf,inf,inf,inf,inf,inf,inf,inf,inf,inf,inf,inf,inf,inf,inf,inf,inf,inf,inf,inf,inf,inf,inf,inf,inf,inf,inf,inf,inf,inf,inf,inf,inf,inf,inf,inf,inf,inf,inf,inf,inf,inf,inf,inf,inf,inf,inf,inf,inf,inf,inf,inf,inf,inf,inf,inf,inf,inf,inf,inf,inf,inf,inf,inf,inf,inf,inf,8.727249145507812,8.676041603088379,8.628055572509766,8.583209037780762,8.541426658630371,8.502638816833496,8.466779708862305,8.920310974121094,inf,inf,inf,inf,inf,inf,inf,inf,inf,inf,inf,inf,inf,inf,inf,inf,inf,inf,7.363795280456543,7.185194492340088,7.203932285308838,7.2249860763549805,7.248387336730957,7.274172306060791,7.302386283874512,7.333071231842041,inf,inf,inf,inf,inf,inf,inf,inf,inf,inf,inf,inf,inf,inf,inf,inf,inf,8.116080284118652,7.89642858505249,7.69064474105835,7.497548580169678,7.441082000732422,7.538143634796143,7.640143394470215,7.747341632843018,7.860029697418213,7.978521347045898,inf,inf,inf
1771970322651288876,-3.140000104904175,0.01749303564429283,inf,inf,inf,inf,inf,inf,inf,inf,inf,inf,inf,inf,11.26646614074707,11.138025283813477,11.015811920166016,11.133049011230469,inf,inf,inf,inf,inf,inf,inf,inf,inf,inf,inf,inf,inf,inf,inf,inf,inf,inf,inf,inf,inf,inf,inf,inf,inf,inf,inf,inf,inf,inf,inf,inf,inf,inf,inf,inf,inf,inf,inf,inf,inf,inf,inf,inf,inf,inf,inf,inf,inf,inf,inf,inf,inf,inf,inf,inf,inf,inf,inf,inf,inf,inf,inf,inf,inf,inf,inf,inf,inf,inf,inf,inf,inf,inf,inf,inf,inf,inf,inf,inf,inf,inf,inf,inf,inf,inf,inf,inf,inf,inf,inf,inf,inf,inf,inf,inf,inf,inf,inf,inf,inf,inf,inf,inf,inf,inf,inf,inf,inf,inf,inf,inf,inf,inf,inf,inf,inf,inf,inf,inf,inf,inf,inf,inf,inf,inf,inf,inf,inf,inf,inf,inf,inf,inf,inf,inf,inf,inf,inf,inf,inf,inf,inf,inf,inf,inf,inf,inf,inf,inf,inf,inf,inf,inf,inf,inf,inf,inf,inf,inf,inf,inf,inf,inf,inf,inf,inf,inf,inf,inf,inf,inf,inf,inf,inf,inf,inf,inf,inf,inf,inf,inf,inf,inf,inf,inf,inf,inf,inf,inf,inf,inf,inf,inf,inf,inf,inf,inf,inf,inf,inf,inf,inf,inf,inf,inf,inf,inf,inf,inf,inf,inf,inf,inf,inf,inf,inf,inf,inf,inf,inf,inf,inf,inf,inf,inf,inf,inf,inf,inf,inf,inf,inf,inf,inf,inf,inf,inf,inf,inf,inf,inf,inf,inf,inf,inf,inf,inf,inf,inf,inf,inf,inf,inf,inf,inf,inf,inf,inf,inf,inf,inf,inf,inf,inf,inf,inf,inf,inf,inf,inf,inf,inf,inf,inf,inf,inf,inf,inf,inf,inf,8.712291717529297,8.664105415344238,8.619070053100586,8.577112197875977,8.53816032409668,8.50214958190918,8.760300636291504,inf,inf,inf,inf,inf,inf,inf,inf,inf,inf,inf,inf,inf,inf,inf,inf,inf,inf,7.639852523803711,7.219960689544678,7.2387895584106445,7.25994348526001,7.283456325531006,7.309365272521973,7.337714195251465,7.368547439575195,7.401913642883301,inf,inf,inf,inf,inf,inf,inf,inf,inf,inf,inf,inf,inf,inf,inf,inf,8.17920207977295,7.957838535308838,7.750450611114502,7.555850982666016,7.483626842498779,7.581243515014648,7.683822154998779,7.791630268096924,7.904963493347168,8.024131774902344,inf,inf,inf
1771970322834164064,-3.140000104904175,0.01749303564429283,inf,inf,inf,inf,inf,inf,inf,inf,inf,inf,inf,inf,11.308566093444824,11.179638862609863,11.056964874267578,11.203388214111328,inf,inf,inf,inf,inf,inf,inf,inf,inf,inf,inf,inf,inf,inf,inf,inf,inf,inf,inf,inf,inf,inf,inf,inf,inf,inf,inf,inf,inf,inf,inf,inf,inf,inf,inf,inf,inf,inf,inf,inf,inf,inf,inf,inf,inf,inf,inf,inf,inf,inf,inf,inf,inf,inf,inf,inf,inf,inf,inf,inf,inf,inf,inf,inf,inf,inf,inf,inf,inf,inf,inf,inf,inf,inf,inf,inf,inf,inf,inf,inf,inf,inf,inf,inf,inf,inf,inf,inf,inf,inf,inf,inf,inf,inf,inf,inf,inf,inf,inf,inf,inf,inf,inf,inf,inf,inf,inf,inf,inf,inf,inf,inf,inf,inf,inf,inf,inf,inf,inf,inf,inf,inf,inf,inf,inf,inf,inf,inf,inf,inf,inf,inf,inf,inf,inf,inf,inf,inf,inf,inf,inf,inf,inf,inf,inf,inf,inf,inf,inf,inf,inf,inf,inf,inf,inf,inf,inf,inf,inf,inf,inf,inf,inf,inf,inf,inf,inf,inf,inf,inf,inf,inf,inf,inf,inf,inf,inf,inf,inf,inf,inf,inf,inf,inf,inf,inf,inf,inf,inf,inf,inf,inf,inf,inf,inf,inf,inf,inf,inf,inf,inf,inf,inf,inf,inf,inf,inf,inf,inf,inf,inf,inf,inf,inf,inf,inf,inf,inf,inf,inf,inf,inf,inf,inf,inf,inf,inf,inf,inf,inf,inf,inf,inf,inf,inf,inf,inf,inf,inf,inf,inf,inf,inf,inf,inf,inf,inf,inf,inf,inf,inf,inf,inf,inf,inf,inf,inf,inf,inf,inf,inf,inf,inf,inf,inf,inf,inf,inf,inf,inf,inf,inf,inf,inf,inf,inf,inf,inf,inf,inf,inf,8.750033378601074,8.701635360717773,8.656403541564941,8.614262580871582,8.575141906738281,8.538975715637207,8.593737602233887,9.360257148742676,inf,inf,inf,inf,inf,inf,inf,inf,inf,inf,inf,inf,inf,inf,inf,inf,inf,7.927271842956543,7.256157875061035,7.275078773498535,7.296337604522705,7.319967746734619,7.346007823944092,7.374495983123779,7.405483245849609,7.439015865325928,inf,inf,inf,inf,inf,inf,inf,inf,inf,inf,inf,inf,inf,inf,inf,inf,8.244916915893555,8.021771430969238,7.812713623046875,7.616547107696533,7.5279221534729,7.626115322113037,7.729299545288086,7.8377461433410645,7.95174503326416,8.071617126464844,inf,inf,inf
1771970322986695015,-3.140000104904175,0.01749303564429283,inf,inf,inf,inf,inf,inf,inf,inf,inf,inf,inf,inf,11.350310325622559,11.220909118652344,11.097782135009766,11.273150444030762,inf,inf,inf,inf,inf,inf,inf,inf,inf,inf,inf,inf,inf,inf,inf,inf,inf,inf,inf,inf,inf,inf,inf,inf,inf,inf,inf,inf,inf,inf,inf,inf,inf,inf,inf,inf,inf,inf,inf,inf,inf,inf,inf,inf,inf,inf,inf,inf,inf,inf,inf,inf,inf,inf,inf,inf,inf,inf,inf,inf,inf,inf,inf,inf,inf,inf,inf,inf,inf,inf,inf,inf,inf,inf,inf,inf,inf,inf,inf,inf,inf,inf,inf,inf,inf,inf,inf,inf,inf,inf,inf,inf,inf,inf,inf,inf,inf,inf,inf,inf,inf,inf,inf,inf,inf,inf,inf,inf,inf,inf,inf,inf,inf,inf,inf,inf,inf,inf,inf,inf,inf,inf,inf,inf,inf,inf,inf,inf,inf,inf,inf,inf,inf,inf,inf,inf,inf,inf,inf,inf,inf,inf,inf,inf,inf,inf,inf,inf,inf,inf,inf,inf,inf,inf,inf,inf,inf,inf,inf,inf,inf,inf,inf,inf,inf,inf,inf,inf,inf,inf,inf,inf,inf,inf,inf,inf,inf,inf,inf,inf,inf,inf,inf,inf,inf,inf,inf,inf,inf,inf,inf,inf,inf,inf,inf,inf,inf,inf,inf,inf,inf,inf,inf,inf,inf,inf,inf,inf,inf,inf,inf,inf,inf,inf,inf,inf,inf,inf,inf,inf,inf,inf,inf,inf,inf,inf,inf,inf,inf,inf,inf,inf,inf,inf,inf,inf,inf,inf,inf,inf,inf,inf,inf,inf,inf,inf,inf,inf,inf,inf,inf,inf,inf,inf,inf,inf,inf,inf,inf,inf,inf,inf,inf,inf,inf,inf,inf,inf,10.28355884552002,inf,inf,inf,inf,inf,inf,inf,inf,inf,inf,inf,inf,8.787814140319824,8.739208221435547,8.693779945373535,8.651455879211426,8.612163543701172,8.57583999633789,8.542424201965332,9.178605079650879,inf,inf,inf,inf,inf,inf,inf,inf,inf,inf,inf,inf,inf,inf,inf,inf,inf,8.215065956115723,7.292392730712891,7.311407089233398,7.3327717781066895,7.356518745422363,7.38268518447876,7.411316871643066,7.442456245422363,7.476156711578369,inf,inf,inf,inf,inf,inf,inf,inf,inf,inf,inf,inf,inf,inf,inf,inf,8.310708999633789,8.085779190063477,7.875049114227295,7.677314758300781,7.572262763977051,7.671031951904297,7.774821758270264,7.883904457092285,7.998575210571289,8.119150161743164,inf,inf,inf
1771970323143428879,-3.140000104904175,0.01749303564429283,inf,inf,inf,inf,inf,inf,inf,inf,inf,inf,inf,inf,11.392412185668945,11.262524604797363,11.138936042785645,11.34349250793457,inf,inf,inf,inf,inf,inf,inf,inf,inf,inf,inf,inf,inf,inf,inf,inf,inf,inf,inf,inf,inf,inf,inf,inf,inf,inf,inf,inf,inf,inf,inf,inf,inf,inf,inf,inf,inf,inf,inf,inf,inf,inf,inf,inf,inf,inf,inf,inf,inf,inf,inf,inf,inf,inf,inf,inf,inf,inf,inf,inf,inf,inf,inf,inf,inf,inf,inf,inf,inf,inf,inf,inf,inf,inf,inf,inf,inf,inf,inf,inf,inf,inf,inf,inf,inf,inf,inf,inf,inf,inf,inf,inf,inf,inf,inf,inf,inf,inf,inf,inf,inf,inf,inf,inf,inf,inf,inf,inf,inf,inf,inf,inf,inf,inf,inf,inf,inf,inf,inf,inf,inf,inf,inf,inf,inf,inf,inf,inf,inf,inf,inf,inf,inf,inf,inf,inf,inf,inf,inf,inf,inf,inf,inf,inf,inf,inf,inf,inf,inf,inf,inf,inf,inf,inf,inf,inf,inf,inf,inf,inf,inf,inf,inf,inf,inf,inf,inf,inf,inf,inf,inf,inf,inf,inf,inf,inf,inf,inf,inf,inf,inf,inf,inf,inf,inf,inf,inf,inf,inf,inf,inf,inf,inf,inf,inf,inf,inf,inf,inf,inf,inf,inf,inf,inf,inf,inf,inf,inf,inf,inf,inf,inf,inf,inf,inf,inf,inf,inf,inf,inf,inf,inf,inf,inf,inf,inf,inf,inf,inf,inf,inf,inf,inf,inf,inf,inf,inf,inf,inf,inf,inf,inf,inf,inf,inf,inf,inf,inf,inf,inf,inf,inf,inf,inf,inf,inf,inf,inf,inf,inf,inf,inf,inf,inf,inf,inf,inf,inf,inf,inf,inf,inf,inf,inf,inf,inf,inf,inf,inf,inf,inf,inf,8.776739120483398,8.731114387512207,8.688608169555664,8.649147033691406,8.612665176391602,8.57910442352295,8.997187614440918,inf,inf,inf,inf,inf,inf,inf,inf,inf,inf,inf,inf,inf,inf,inf,inf,inf,inf,7.438339710235596,7.347697734832764,7.369166851043701,7.393030643463135,7.419327735900879,7.448099136352539,7.4793925285339355,7.513258457183838,inf,inf,inf,inf,inf,inf,inf,inf,inf,inf,inf,inf,inf,inf,inf,inf,8.376424789428711,8.149712562561035,7.937313556671143,7.738012790679932,7.6165571212768555,7.7159037590026855,7.8202996253967285,7.930017948150635,8.045357704162598,8.166635513305664,inf,inf,inf
1771970323313842725,-3.140000104904175,0.01749303564429283,inf,inf,inf,inf,inf,inf,inf,inf,inf,inf,inf,inf,11.434154510498047,11.303792953491211,11.179752349853516,11.413249015808105,inf,inf,inf,inf,inf,inf,inf,inf,inf,inf,inf,inf,inf,inf,inf,inf,inf,inf,inf,inf,inf,inf,inf,inf,inf,inf,inf,inf,inf,inf,inf,inf,inf,inf,inf,inf,inf,inf,inf,inf,inf,inf,inf,inf,inf,inf,inf,inf,inf,inf,inf,inf,inf,inf,inf,inf,inf,inf,inf,inf,inf,inf,inf,inf,inf,inf,inf,inf,inf,inf,inf,inf,inf,inf,inf,inf,inf,inf,inf,inf,inf,inf,inf,inf,inf,inf,inf,inf,inf,inf,inf,inf,inf,inf,inf,inf,inf,inf,inf,inf,inf,inf,inf,inf,inf,inf,inf,inf,inf,inf,inf,inf,inf,inf,inf,inf,inf,inf,inf,inf,inf,inf,inf,inf,inf,inf,inf,inf,inf,inf,inf,inf,inf,inf,inf,inf,inf,inf,inf,inf,inf,inf,inf,inf,inf,inf,inf,inf,inf,inf,inf,inf,inf,inf,inf,inf,inf,inf,inf,inf,inf,inf,inf,inf,inf,inf,inf,inf,inf,inf,inf,inf,inf,inf,inf,inf,inf,inf,inf,inf,inf,inf,inf,inf,inf,inf,inf,inf,inf,inf,inf,inf,inf,inf,inf,inf,inf,inf,inf,inf,inf,inf,inf,inf,inf,inf,inf,inf,inf,inf,inf,inf,inf,inf,inf,inf,inf,inf,inf,inf,inf,inf,inf,inf,inf,inf,inf,inf,inf,inf,inf,inf,inf,inf,inf,inf,inf,inf,inf,inf,inf,inf,inf,inf,inf,inf,inf,inf,inf,inf,inf,inf,inf,inf,inf,inf,inf,inf,inf,inf,inf,inf,inf,inf,inf,inf,inf,inf,inf,inf,inf,inf,inf,inf,inf,inf,inf,inf,inf,inf,inf,inf,8.814311981201172,8.768491744995117,8.725801467895508,8.686169624328613,8.649531364440918,8.615825653076172,8.815567970275879,inf,inf,inf,inf,inf,inf,inf,inf,inf,inf,inf,inf,inf,inf,inf,inf,inf,inf,7.6901068687438965,7.384026050567627,7.405601501464844,7.429581642150879,7.4560065269470215,7.484920024871826,7.516366004943848,7.5503997802734375,inf,inf,inf,inf,inf,inf,inf,inf,inf,inf,inf,inf,inf,inf,inf,inf,8.442219734191895,8.213723182678223,7.9996514320373535,7.798781871795654,7.660898685455322,7.760819911956787,7.865821361541748,7.976176738739014,8.09218692779541,8.214168548583984,inf,inf,inf
1771970323489413467,-3.140000104904175,0.01749303564429283,inf,inf,inf,inf,inf,inf,inf,inf,inf,inf,inf,inf,11.477753639221191,11.346892356872559,11.222376823425293,11.486098289489746,inf,inf,inf,inf,inf,inf,inf,inf,inf,inf,inf,inf,inf,inf,inf,inf,inf,inf,inf,inf,inf,inf,inf,inf,inf,inf,inf,inf,inf,inf,inf,inf,inf,inf,inf,inf,inf,inf,inf,inf,inf,inf,inf,inf,inf,inf,inf,inf,inf,inf,inf,inf,inf,inf,inf,inf,inf,inf,inf,inf,inf,inf,inf,inf,inf,inf,inf,inf,inf,inf,inf,inf,inf,inf,inf,inf,inf,inf,inf,inf,inf,inf,inf,inf,inf,inf,inf,inf,inf,inf,inf,inf,inf,inf,inf,inf,inf,inf,inf,inf,inf,inf,inf,inf,inf,inf,inf,inf,inf,inf,inf,inf,inf,inf,inf,inf,inf,inf,inf,inf,inf,inf,inf,inf,inf,inf,inf,inf,inf,inf,inf,inf,inf,inf,inf,inf,inf,inf,inf,inf,inf,inf,inf,inf,inf,inf,inf,inf,inf,inf,inf,inf,inf,inf,inf,inf,inf,inf,inf,inf,inf,inf,inf,inf,inf,inf,inf,inf,inf,inf,inf,inf,inf,inf,inf,inf,inf,inf,inf,inf,inf,inf,inf,inf,inf,inf,inf,inf,inf,inf,inf,inf,inf,inf,inf,inf,inf,inf,inf,inf,inf,inf,inf,inf,inf,inf,inf,inf,inf,inf,inf,inf,inf,inf,inf,inf,inf,inf,inf,inf,inf,inf,inf,inf,inf,inf,inf,inf,inf,inf,inf,inf,inf,inf,inf,inf,inf,inf,inf,inf,inf,inf,inf,inf,inf,inf,inf,inf,inf,inf,inf,inf,inf,inf,inf,inf,inf,inf,inf,inf,inf,inf,inf,inf,inf,inf,inf,inf,inf,10.348408699035645,inf,inf,inf,inf,inf,inf,inf,inf,inf,inf,inf,inf,8.853367805480957,8.807341575622559,8.764461517333984,8.724653244018555,8.687851905822754,8.6539945602417,8.626815795898438,9.474671363830566,inf,inf,inf,inf,inf,inf,inf,inf,inf,inf,inf,inf,inf,inf,inf,inf,inf,7.9518141746521,7.421788215637207,7.443471908569336,7.467574119567871,7.494134426116943,7.523193836212158,7.554800033569336,7.589005947113037,7.625865936279297,inf,inf,inf,inf,inf,inf,inf,inf,inf,inf,inf,inf,inf,inf,inf,8.510605812072754,8.280254364013672,8.064445495605469,7.861946105957031,7.7069878578186035,7.8075103759765625,7.91314172744751,8.02415943145752,8.140864372253418,8.263578414916992,inf,inf,inf
1771970323657740036,-3.140000104904175,0.01749303564429283,inf,inf,inf,inf,inf,inf,inf,inf,inf,inf,inf,inf,11.52135181427002,11.38999080657959,11.273539543151855,11.55894660949707,inf,inf,inf,inf,inf,inf,inf,inf,inf,inf,inf,inf,inf,inf,inf,inf,inf,inf,inf,inf,inf,inf,inf,inf,inf,inf,inf,inf,inf,inf,inf,inf,inf,inf,inf,inf,inf,inf,inf,inf,inf,inf,inf,inf,inf,inf,inf,inf,inf,inf,inf,inf,inf,inf,inf,inf,inf,inf,inf,inf,inf,inf,inf,inf,inf,inf,inf,inf,inf,inf,inf,inf,inf,inf,inf,inf,inf,inf,inf,inf,inf,inf,inf,inf,inf,inf,inf,inf,inf,inf,inf,inf,inf,inf,inf,inf,inf,inf,inf,inf,inf,inf,inf,inf,inf,inf,inf,inf,inf,inf,inf,inf,inf,inf,inf,inf,inf,inf,inf,inf,inf,inf,inf,inf,inf,inf,inf,inf,inf,inf,inf,inf,inf,inf,inf,inf,inf,inf,inf,inf,inf,inf,inf,inf,inf,inf,inf,inf,inf,inf,inf,inf,inf,inf,inf,inf,inf,inf,inf,inf,inf,inf,inf,inf,inf,inf,inf,inf,inf,inf,inf,inf,inf,inf,inf,inf,inf,inf,inf,inf,inf,inf,inf,inf,inf,inf,inf,inf,inf,inf,inf,inf,inf,inf,inf,inf,inf,inf,inf,inf,inf,inf,inf,inf,inf,inf,inf,inf,inf,inf,inf,inf,inf,inf,inf,inf,inf,inf,inf,inf,inf,inf,inf,inf,inf,inf,inf,inf,inf,inf,inf,inf,inf,inf,inf,inf,inf,inf,inf,inf,inf,inf,inf,inf,inf,inf,inf,inf,inf,inf,inf,inf,inf,inf,inf,inf,inf,inf,inf,inf,inf,inf,inf,inf,inf,inf,inf,inf,inf,10.347028732299805,inf,inf,inf,inf,inf,inf,inf,inf,inf,inf,inf,inf,8.892423629760742,8.846193313598633,8.803122520446777,8.763136863708496,8.726170539855957,8.692163467407227,8.661062240600586,9.267348289489746,inf,inf,inf,inf,inf,inf,inf,inf,inf,inf,inf,inf,inf,inf,inf,inf,inf,8.213550567626953,7.459550857543945,7.481344699859619,7.505568504333496,7.532262325286865,7.56146764755249,7.593234062194824,7.627612113952637,7.6646599769592285,inf,inf,inf,inf,inf,inf,inf,inf,inf,inf,inf,inf,inf,inf,inf,inf,8.346786499023438,8.129240036010742,7.92510986328125,7.753078460693359,7.8541998863220215,7.960461616516113,8.072141647338867,8.189541816711426,8.312989234924316,inf,inf,inf
1771970323883252732,-3.140000104904175,0.01749303564429283,inf,inf,inf,inf,inf,inf,inf,inf,inf,inf,inf,inf,11.566808700561523,11.434924125671387,11.31911849975586,inf,inf,inf,inf,inf,inf,inf,inf,inf,inf,inf,inf,inf,inf,inf,inf,inf,inf,inf,inf,inf,inf,inf,inf,inf,inf,inf,inf,inf,inf,inf,inf,inf,inf,inf,inf,inf,inf,inf,inf,inf,inf,inf,inf,inf,inf,inf,inf,inf,inf,inf,inf,inf,inf,inf,inf,inf,inf,inf,inf,inf,inf,inf,inf,inf,inf,inf,inf,inf,inf,inf,inf,inf,inf,inf,inf,inf,inf,inf,inf,inf,inf,inf,inf,inf,inf,inf,inf,inf,inf,inf,inf,inf,inf,inf,inf,inf,inf,inf,inf,inf,inf,inf,inf,inf,inf,inf,inf,inf,inf,inf,inf,inf,inf,inf,inf,inf,inf,inf,inf,inf,inf,inf,inf,inf,inf,inf,inf,inf,inf,inf,inf,inf,inf,inf,inf,inf,inf,inf,inf,inf,inf,inf,inf,inf,inf,inf,inf,inf,inf,inf,inf,inf,inf,inf,inf,inf,inf,inf,inf,inf,inf,inf,inf,inf,inf,inf,inf,inf,inf,inf,inf,inf,inf,inf,inf,inf,inf,inf,inf,inf,inf,inf,inf,inf,inf,inf,inf,inf,inf,inf,inf,inf,inf,inf,inf,inf,inf,inf,inf,inf,inf,inf,inf,inf,inf,inf,inf,inf,inf,inf,inf,inf,inf,inf,inf,inf,inf,inf,inf,inf,inf,inf,inf,inf,inf,inf,inf,inf,inf,inf,inf,inf,inf,inf,inf,inf,inf,inf,inf,inf,inf,inf,inf,inf,inf,inf,inf,inf,inf,inf,inf,inf,inf,inf,inf,inf,inf,inf,inf,inf,inf,inf,inf,inf,inf,inf,inf,inf,inf,inf,inf,inf,inf,inf,inf,inf,inf,inf,inf,inf,inf,inf,inf,8.886518478393555,8.843249320983887,8.803080558776855,8.765946388244629,8.731782913208008,8.70053768157959,9.052192687988281,inf,inf,inf,inf,inf,inf,inf,inf,inf,inf,inf,inf,inf,inf,inf,inf,inf,8.485228538513184,7.543189525604248,7.52065372467041,7.545003414154053,7.571835517883301,7.601195812225342,7.633127212524414,7.667685031890869,7.704925060272217,inf,inf,inf,inf,inf,inf,inf,inf,inf,inf,inf,inf,inf,inf,inf,inf,8.415842056274414,8.196491241455078,7.990669250488281,7.800919055938721,7.9026618003845215,8.009578704833984,8.121946334838867,8.240069389343262,8.364275932312012,inf,inf,inf
1771970324051326987,-3.140000104904175,0.01749303564429283,inf,inf,inf,inf,inf,inf,inf,inf,inf,inf,inf,inf,11.608548164367676,11.476188659667969,11.38913631439209,inf,inf,inf,inf,inf,inf,inf,inf,inf,inf,inf,inf,inf,inf,inf,inf,inf,inf,inf,inf,inf,inf,inf,inf,inf,inf,inf,inf,inf,inf,inf,inf,inf,inf,inf,inf,inf,inf,inf,inf,inf,inf,inf,inf,inf,inf,inf,inf,inf,inf,inf,inf,inf,inf,inf,inf,inf,inf,inf,inf,inf,inf,inf,inf,inf,inf,inf,inf,inf,inf,inf,inf,inf,inf,inf,inf,inf,inf,inf,inf,inf,inf,inf,inf,inf,inf,inf,inf,inf,inf,inf,inf,inf,inf,inf,inf,inf,inf,inf,inf,inf,inf,inf,inf,inf,inf,inf,inf,inf,inf,inf,inf,inf,inf,inf,inf,inf,inf,inf,inf,inf,inf,inf,inf,inf,inf,inf,inf,inf,inf,inf,inf,inf,inf,inf,inf,inf,inf,inf,inf,inf,inf,inf,inf,inf,inf,inf,inf,inf,inf,inf,inf,inf,inf,inf,inf,inf,inf,inf,inf,inf,inf,inf,inf,inf,inf,inf,inf,inf,inf,inf,inf,inf,inf,inf,inf,inf,inf,inf,inf,inf,inf,inf,inf,inf,inf,inf,inf,inf,inf,inf,inf,inf,inf,inf,inf,inf,inf,inf,inf,inf,inf,inf,inf,inf,inf,inf,inf,inf,inf,inf,inf,inf,inf,inf,inf,inf,inf,inf,inf,inf,inf,inf,inf,inf,inf,inf,inf,inf,inf,inf,inf,inf,inf,inf,inf,inf,inf,inf,inf,inf,inf,inf,inf,inf,inf,inf,inf,inf,inf,inf,inf,inf,inf,inf,inf,inf,inf,inf,inf,inf,inf,inf,inf,inf,inf,inf,inf,inf,inf,inf,inf,inf,inf,inf,inf,inf,inf,inf,inf,inf,inf,inf,inf,8.923895835876465,8.88044548034668,8.840105056762695,8.802811622619629,8.768505096435547,8.737127304077148,8.852765083312988,inf,inf,inf,inf,inf,inf,inf,inf,inf,inf,inf,inf,inf,inf,inf,inf,inf,inf,7.767048358917236,7.5570878982543945,7.581556797027588,7.608517169952393,7.638016700744629,7.670102119445801,7.704827785491943,7.742246150970459,inf,inf,inf,inf,inf,inf,inf,inf,inf,inf,inf,inf,inf,inf,inf,inf,8.47985553741455,8.258831977844238,8.051440238952637,7.856555461883545,7.947579860687256,8.05510139465332,8.16810417175293,8.286897659301758,8.411808013916016,inf,inf,inf
1771970324164536662,-3.140000104904175,0.01749303564429283,inf,inf,inf,inf,inf,inf,inf,inf,inf,inf,inf,inf,11.648792266845703,11.515972137451172,11.43724536895752,inf,inf,inf,inf,inf,inf,inf,inf,inf,inf,inf,inf,inf,inf,inf,inf,inf,inf,inf,inf,inf,inf,inf,inf,inf,inf,inf,inf,inf,inf,inf,inf,inf,inf,inf,inf,inf,inf,inf,inf,inf,inf,inf,inf,inf,inf,inf,inf,inf,inf,inf,inf,inf,inf,inf,inf,inf,inf,inf,inf,inf,inf,inf,inf,inf,inf,inf,inf,inf,inf,inf,inf,inf,inf,inf,inf,inf,inf,inf,inf,inf,inf,inf,inf,inf,inf,inf,inf,inf,inf,inf,inf,inf,inf,inf,inf,inf,inf,inf,inf,inf,inf,inf,inf,inf,inf,inf,inf,inf,inf,inf,inf,inf,inf,inf,inf,inf,inf,inf,inf,inf,inf,inf,inf,inf,inf,inf,inf,inf,inf,inf,inf,inf,inf,inf,inf,inf,inf,inf,inf,inf,inf,inf,inf,inf,inf,inf,inf,inf,inf,inf,inf,inf,inf,inf,inf,inf,inf,inf,inf,inf,inf,inf,inf,inf,inf,inf,inf,inf,inf,inf,inf,inf,inf,inf,inf,inf,inf,inf,inf,inf,inf,inf,inf,inf,inf,inf,inf,inf,inf,inf,inf,inf,inf,inf,inf,inf,inf,inf,inf,inf,inf,inf,inf,inf,inf,inf,inf,inf,inf,inf,inf,inf,inf,inf,inf,inf,inf,inf,inf,inf,inf,inf,inf,inf,inf,inf,inf,inf,inf,inf,inf,inf,inf,inf,inf,inf,inf,inf,inf,inf,inf,inf,inf,inf,inf,inf,inf,inf,inf,inf,inf,inf,inf,inf,inf,inf,inf,inf,inf,inf,inf,inf,inf,inf,inf,inf,inf,inf,inf,inf,10.379369735717773,inf,inf,inf,inf,inf,inf,inf,inf,inf,inf,inf,inf,8.959760665893555,8.916131973266602,8.875630378723145,8.838187217712402,8.803738594055176,8.772233963012695,8.743619918823242,9.608563423156738,inf,inf,inf,inf,inf,inf,inf,inf,inf,inf,inf,inf,inf,inf,inf,inf,inf,7.981842041015625,7.592047214508057,7.616627216339111,7.643712043762207,7.6733479499816895,7.705581188201904,7.740463733673096,7.778055667877197,inf,inf,inf,inf,inf,inf,inf,inf,inf,inf,inf,inf,inf,inf,inf,inf,8.541272163391113,8.318645477294922,8.109747886657715,7.913448810577393,7.990678310394287,8.09878158569336,8.212396621704102,8.331830978393555,8.457416534423828,inf,inf,inf
1771970324782061559,-3.140000104904175,0.01749303564429283,inf,inf,inf,inf,inf,inf,inf,inf,inf,inf,inf,inf,11.692389488220215,11.559070587158203,11.508025169372559,inf,inf,inf,inf,inf,inf,inf,inf,inf,inf,inf,inf,inf,inf,inf,inf,inf,inf,inf,inf,inf,inf,inf,inf,inf,inf,inf,inf,inf,inf,inf,inf,inf,inf,inf,inf,inf,inf,inf,inf,inf,inf,inf,inf,inf,inf,inf,inf,inf,inf,inf,inf,inf,inf,inf,inf,inf,inf,inf,inf,inf,inf,inf,inf,inf,inf,inf,inf,inf,inf,inf,inf,inf,inf,inf,inf,inf,inf,inf,inf,inf,inf,inf,inf,inf,inf,inf,inf,inf,inf,inf,inf,inf,inf,inf,inf,inf,inf,inf,inf,inf,inf,inf,inf,inf,inf,inf,inf,inf,inf,inf,inf,inf,inf,inf,inf,inf,inf,inf,inf,inf,inf,inf,inf,inf,inf,inf,inf,inf,inf,inf,inf,inf,inf,inf,inf,inf,inf,inf,inf,inf,inf,inf,inf,inf,inf,inf,inf,inf,inf,inf,inf,inf,inf,inf,inf,inf,inf,inf,inf,inf,inf,inf,inf,inf,inf,inf,inf,inf,inf,inf,inf,inf,inf,inf,inf,inf,inf,inf,inf,inf,inf,inf,inf,inf,inf,inf,inf,inf,inf,inf,inf,inf,inf,inf,inf,inf,inf,inf,inf,inf,inf,inf,inf,inf,inf,inf,inf,inf,inf,inf,inf,inf,inf,inf,inf,inf,inf,inf,inf,inf,inf,inf,inf,inf,inf,inf,inf,inf,inf,inf,inf,inf,inf,inf,inf,inf,inf,inf,inf,inf,inf,inf,inf,inf,inf,inf,inf,inf,inf,inf,inf,inf,inf,inf,inf,inf,inf,inf,inf,inf,inf,inf,inf,inf,inf,inf,inf,inf,inf,inf,inf,inf,inf,inf,inf,inf,inf,inf,inf,inf,inf,inf,inf,inf,8.954794883728027,8.914115905761719,8.876507759094238,8.841911315917969,8.81026840209961,8.781527519226074,9.378613471984863,inf,inf,inf,inf,inf,inf,inf,inf,inf,inf,inf,inf,inf,inf,inf,inf,inf,8.214554786682129,7.629920482635498,7.654621124267578,7.681839942932129,7.711623191833496,7.744015216827393,7.779072284698486,7.816849708557129,inf,inf,inf,inf,inf,inf,inf,inf,inf,inf,inf,inf,inf,inf,inf,inf,8.607807159423828,8.383442878723145,8.172916412353516,7.975083827972412,8.037365913391113,8.146100044250488,8.260377883911133,8.380508422851562,8.506827354431152,inf,inf,inf
1771970324914760356,-3.140000104904175,0.01749303564429283,inf,inf,inf,inf,inf,inf,inf,inf,inf,inf,inf,inf,11.734496116638184,11.600690841674805,11.576373100280762,inf,inf,inf,inf,inf,inf,inf,inf,inf,inf,inf,inf,inf,inf,inf,inf,inf,inf,inf,inf,inf,inf,inf,inf,inf,inf,inf,inf,inf,inf,inf,inf,inf,inf,inf,inf,inf,inf,inf,inf,inf,inf,inf,inf,inf,inf,inf,inf,inf,inf,inf,inf,inf,inf,inf,inf,inf,inf,inf,inf,inf,inf,inf,inf,inf,inf,inf,inf,inf,inf,inf,inf,inf,inf,inf,inf,inf,inf,inf,inf,inf,inf,inf,inf,inf,inf,inf,inf,inf,inf,inf,inf,inf,inf,inf,inf,inf,inf,inf,inf,inf,inf,inf,inf,inf,inf,inf,inf,inf,inf,inf,inf,inf,inf,inf,inf,inf,inf,inf,inf,inf,inf,inf,inf,inf,inf,inf,inf,inf,inf,inf,inf,inf,inf,inf,inf,inf,inf,inf,inf,inf,inf,inf,inf,inf,inf,inf,inf,inf,inf,inf,inf,inf,inf,inf,inf,inf,inf,inf,inf,inf,inf,inf,inf,inf,inf,inf,inf,inf,inf,inf,inf,inf,inf,inf,inf,inf,inf,inf,inf,inf,inf,inf,inf,inf,inf,inf,inf,inf,inf,inf,inf,inf,inf,inf,inf,inf,inf,inf,inf,inf,inf,inf,inf,inf,inf,inf,inf,inf,inf,inf,inf,inf,inf,inf,inf,inf,inf,inf,inf,inf,inf,inf,inf,inf,inf,inf,inf,inf,inf,inf,inf,inf,inf,inf,inf,inf,inf,inf,inf,inf,inf,inf,inf,inf,inf,inf,inf,inf,inf,inf,inf,inf,inf,inf,inf,inf,inf,inf,inf,inf,inf,inf,inf,inf,inf,inf,inf,inf,inf,inf,inf,inf,inf,inf,inf,inf,inf,inf,inf,inf,inf,inf,inf,inf,8.991950035095215,8.951101303100586,8.913335800170898,8.878593444824219,8.846817970275879,8.81795883178711,9.157665252685547,inf,inf,inf,inf,inf,inf,inf,inf,inf,inf,inf,inf,inf,inf,inf,inf,inf,8.438203811645508,7.666317462921143,7.691135406494141,7.718482971191406,7.748406887054443,7.780953407287598,7.8161749839782715,7.854132652282715,7.894887447357178,inf,inf,inf,inf,inf,inf,inf,inf,inf,inf,inf,inf,inf,inf,inf,8.671747207641602,8.44571304321289,8.23361873626709,8.034314155578613,8.08223819732666,8.191576957702637,8.30649185180664,8.427290916442871,8.55431079864502,inf,inf,inf
1771970325092062204,-3.140000104904175,0.01749303564429283,inf,inf,inf,inf,inf,inf,inf,inf,inf,inf,11.867072105407715,11.727946281433105,11.595551490783691,11.711712837219238,inf,inf,inf,inf,inf,inf,inf,inf,inf,inf,inf,inf,inf,inf,inf,inf,inf,inf,inf,inf,inf,inf,inf,inf,inf,inf,inf,inf,inf,inf,inf,inf,inf,inf,inf,inf,inf,inf,inf,inf,inf,inf,inf,inf,inf,inf,inf,inf,inf,inf,inf,inf,inf,inf,inf,inf,inf,inf,inf,inf,inf,inf,inf,inf,inf,inf,inf,inf,inf,inf,inf,inf,inf,inf,inf,inf,inf,inf,inf,inf,inf,inf,inf,inf,inf,inf,inf,inf,inf,inf,inf,inf,inf,inf,inf,inf,inf,inf,inf,inf,inf,inf,inf,inf,inf,inf,inf,inf,inf,inf,inf,inf,inf,inf,inf,inf,inf,inf,inf,inf,inf,inf,inf,inf,inf,inf,inf,inf,inf,inf,inf,inf,inf,inf,inf,inf,inf,inf,inf,inf,inf,inf,inf,inf,inf,inf,inf,inf,inf,inf,inf,inf,inf,inf,inf,inf,inf,inf,inf,inf,inf,inf,inf,inf,inf,inf,inf,inf,inf,inf,inf,inf,inf,inf,inf,inf,inf,inf,inf,inf,inf,inf,inf,inf,inf,inf,inf,inf,inf,inf,inf,inf,inf,inf,inf,inf,inf,inf,inf,inf,inf,inf,inf,inf,inf,inf,inf,inf,inf,inf,inf,inf,inf,inf,inf,inf,inf,inf,inf,inf,inf,inf,inf,inf,inf,inf,inf,inf,inf,inf,inf,inf,inf,inf,inf,inf,inf,inf,inf,inf,inf,inf,inf,inf,inf,inf,inf,inf,inf,inf,inf,inf,inf,inf,inf,inf,inf,inf,inf,inf,inf,inf,inf,inf,inf,inf,inf,inf,inf,inf,inf,inf,inf,inf,inf,inf,inf,inf,inf,inf,inf,inf,inf,inf,inf,9.007182121276855,8.967037200927734,8.92996883392334,8.895915031433105,8.864823341369629,8.836645126342773,9.268017768859863,inf,inf,inf,inf,inf,inf,inf,inf,inf,inf,inf,inf,inf,inf,inf,inf,inf,8.353385925292969,7.6984968185424805,7.724064826965332,7.752182960510254,7.782898426055908,7.816258430480957,7.85231876373291,7.891139507293701,inf,inf,inf,inf,inf,inf,inf,inf,inf,inf,inf,inf,inf,inf,inf,inf,8.655989646911621,8.432587623596191,8.222878456115723,8.036764144897461,8.142601013183594,8.25382137298584,8.37071704864502,8.493610382080078,8.622842788696289,inf,inf,inf,inf
1771970325228033601,-3.140000104904175,0.01749303564429283,inf,inf,inf,inf,inf,11.835036277770996,11.697663307189941,11.566941261291504,11.809492111206055,inf,inf,inf,inf,inf,inf,inf,inf,inf,inf,inf,inf,inf,inf,inf,inf,inf,inf,inf,inf,inf,inf,inf,inf,inf,inf,inf,inf,inf,inf,inf,inf,inf,inf,inf,inf,inf,inf,inf,inf,inf,inf,inf,inf,inf,inf,inf,inf,inf,inf,inf,inf,inf,inf,inf,inf,inf,inf,inf,inf,inf,inf,inf,inf,inf,inf,inf,inf,inf,inf,inf,inf,inf,inf,inf,inf,inf,inf,inf,inf,inf,inf,inf,inf,inf,inf,inf,inf,inf,inf,inf,inf,inf,inf,inf,inf,inf,inf,inf,inf,inf,inf,inf,inf,inf,inf,inf,inf,inf,inf,inf,inf,inf,inf,inf,inf,inf,inf,inf,inf,inf,inf,inf,inf,inf,inf,inf,inf,inf,inf,inf,inf,inf,inf,inf,inf,inf,inf,inf,inf,inf,inf,inf,inf,inf,inf,inf,inf,inf,inf,inf,inf,inf,inf,inf,inf,inf,inf,inf,inf,inf,inf,inf,inf,inf,inf,inf,inf,inf,inf,inf,inf,inf,inf,inf,inf,inf,inf,inf,inf,inf,inf,inf,inf,inf,inf,inf,inf,inf,inf,inf,inf,inf,inf,inf,inf,inf,inf,inf,inf,inf,inf,inf,inf,inf,inf,inf,inf,inf,inf,inf,inf,inf,inf,inf,inf,inf,inf,inf,inf,inf,inf,inf,inf,inf,inf,inf,inf,inf,inf,inf,inf,inf,inf,inf,inf,inf,inf,inf,inf,inf,inf,inf,inf,inf,inf,inf,inf,inf,inf,inf,inf,inf,inf,inf,inf,inf,inf,inf,inf,inf,inf,inf,inf,inf,inf,inf,inf,inf,inf,inf,inf,inf,inf,inf,inf,inf,inf,inf,inf,inf,inf,inf,inf,inf,9.000603675842285,8.961259841918945,8.92497730255127,8.891697883605957,8.861366271972656,8.833935737609863,9.52405834197998,inf,inf,inf,inf,inf,inf,inf,inf,inf,inf,inf,inf,inf,inf,inf,inf,inf,8.14850902557373,7.7092976570129395,7.735551357269287,7.764368057250977,7.79579496383667,7.829883098602295,7.866687774658203,7.906271934509277,inf,inf,inf,inf,inf,inf,inf,inf,inf,inf,inf,inf,inf,inf,inf,8.837841987609863,8.60335636138916,8.383493423461914,8.177026748657227,8.069501876831055,8.17680549621582,8.289572715759277,8.408102989196777,8.53271770477295,8.663774490356445,inf,inf,inf,inf,inf,inf,inf,inf,inf
1771970325356866908,-3.140000104904175,0.01749303564429283,11.814130783081055,11.6777925491333,11.554744720458984,11.871098518371582,inf,inf,inf,inf,inf,inf,inf,inf,inf,inf,inf,inf,inf,inf,inf,inf,inf,inf,inf,inf,inf,inf,inf,inf,inf,inf,inf,inf,inf,inf,inf,inf,inf,inf,inf,inf,inf,inf,inf,inf,inf,inf,inf,inf,inf,inf,inf,inf,inf,inf,inf,inf,inf,inf,inf,inf,inf,inf,inf,inf,inf,inf,inf,inf,inf,inf,inf,inf,inf,inf,inf,inf,inf,inf,inf,inf,inf,inf,inf,inf,inf,inf,inf,inf,inf,inf,inf,inf,inf,inf,inf,inf,inf,inf,inf,inf,inf,inf,inf,inf,inf,inf,inf,inf,inf,inf,inf,inf,inf,inf,inf,inf,inf,inf,inf,inf,inf,inf,inf,inf,inf,inf,inf,inf,inf,inf,inf,inf,inf,inf,inf,inf,inf,inf,inf,inf,inf,inf,inf,inf,inf,inf,inf,inf,inf,inf,inf,inf,inf,inf,inf,inf,inf,inf,inf,inf,inf,inf,inf,inf,inf,inf,inf,inf,inf,inf,inf,inf,inf,inf,inf,inf,inf,inf,inf,inf,inf,inf,inf,inf,inf,inf,inf,inf,inf,inf,inf,inf,inf,inf,inf,inf,inf,inf,inf,inf,inf,inf,inf,inf,inf,inf,inf,inf,inf,inf,inf,inf,inf,inf,inf,inf,inf,inf,inf,inf,inf,inf,inf,inf,inf,inf,inf,inf,inf,inf,inf,inf,inf,inf,inf,inf,inf,inf,inf,inf,inf,inf,inf,inf,inf,inf,inf,inf,inf,inf,inf,inf,inf,inf,inf,inf,inf,inf,inf,inf,inf,inf,inf,inf,inf,inf,inf,inf,inf,inf,inf,inf,inf,inf,inf,10.419136047363281,inf,inf,inf,inf,inf,inf,inf,inf,inf,inf,inf,inf,9.036643981933594,8.994657516479492,8.955788612365723,8.91997241973877,8.887149810791016,8.857267379760742,8.830278396606445,9.695352554321289,inf,inf,inf,inf,inf,inf,inf,inf,inf,inf,inf,inf,inf,inf,inf,inf,inf,8.021647453308105,7.713500022888184,7.740147113800049,7.769364356994629,7.801200866699219,7.835704803466797,7.872936248779297,7.9129557609558105,inf,inf,inf,inf,inf,inf,inf,inf,inf,inf,inf,inf,inf,inf,inf,8.801437377929688,8.56927490234375,8.351534843444824,8.147015571594238,8.086097717285156,8.194230079650879,8.30787181854248,8.427323341369629,8.5529146194458,inf,inf,inf,inf,inf,inf,inf,inf,inf,inf,inf,inf,inf,inf,11.839692115783691
1771970325488168839,-3.140000104904175,0.01749303564429283,inf,inf,inf,inf,inf,inf,inf,inf,inf,inf,inf,inf,inf,inf,inf,inf,inf,inf,inf,inf,inf,inf,inf,inf,inf,inf,inf,inf,inf,inf,inf,inf,inf,inf,inf,inf,inf,inf,inf,inf,inf,inf,inf,inf,inf,inf,inf,inf,inf,inf,inf,inf,inf,inf,inf,inf,inf,inf,inf,inf,inf,inf,inf,inf,inf,inf,inf,inf,inf,inf,inf,inf,inf,inf,inf,inf,inf,inf,inf,inf,inf,inf,inf,inf,inf,inf,inf,inf,inf,inf,inf,inf,inf,inf,inf,inf,inf,inf,inf,inf,inf,inf,inf,inf,inf,inf,inf,inf,inf,inf,inf,inf,inf,inf,inf,inf,inf,inf,inf,inf,inf,inf,inf,inf,inf,inf,inf,inf,inf,inf,inf,inf,inf,inf,inf,inf,inf,inf,inf,inf,inf,inf,inf,inf,inf,inf,inf,inf,inf,inf,inf,inf,inf,inf,inf,inf,inf,inf,inf,inf,inf,inf,inf,inf,inf,inf,inf,inf,inf,inf,inf,inf,inf,inf,inf,inf,inf,inf,inf,inf,inf,inf,inf,inf,inf,inf,inf,inf,inf,inf,inf,inf,inf,inf,inf,inf,inf,inf,inf,inf,inf,inf,inf,inf,inf,inf,inf,inf,inf,inf,inf,inf,inf,inf,inf,inf,inf,inf,inf,inf,inf,inf,inf,inf,inf,inf,inf,inf,inf,inf,inf,inf,inf,inf,inf,inf,inf,inf,inf,inf,inf,inf,inf,inf,inf,inf,inf,inf,inf,inf,inf,inf,inf,inf,inf,inf,inf,inf,inf,inf,inf,inf,inf,inf,inf,inf,inf,inf,inf,inf,10.440694808959961,inf,inf,inf,inf,inf,inf,inf,inf,inf,inf,inf,inf,9.030945777893066,8.989378929138184,8.950922012329102,8.915507316589355,8.883079528808594,8.853586196899414,8.82697868347168,inf,inf,inf,inf,inf,inf,inf,inf,inf,inf,inf,inf,inf,inf,inf,inf,inf,inf,7.913825988769531,7.716998100280762,7.743986129760742,7.773550987243652,7.8057403564453125,7.840605735778809,7.878206253051758,7.918603420257568,inf,inf,inf,inf,inf,inf,inf,inf,inf,inf,inf,inf,inf,inf,inf,8.769828796386719,8.539658546447754,8.323744773864746,8.120901107788086,8.100332260131836,8.209185600280762,8.323585510253906,8.443840026855469,8.570280075073242,inf,inf,inf,inf,inf,inf,inf,inf,inf,inf,inf,inf,inf,inf,11.820882797241211,11.684218406677246,11.573283195495605,11.846416473388672,inf,inf
1771970325616544178,-3.140000104904175,0.01749303564429283,inf,inf,inf,inf,inf,inf,inf,inf,inf,inf,inf,inf,inf,inf,inf,inf,inf,inf,inf,inf,inf,inf,inf,inf,inf,inf,inf,inf,inf,inf,inf,inf,inf,inf,inf,inf,inf,inf,inf,inf,inf,inf,inf,inf,inf,inf,inf,inf,inf,inf,inf,inf,inf,inf,inf,inf,inf,inf,inf,inf,inf,inf,inf,inf,inf,inf,inf,inf,inf,inf,inf,inf,inf,inf,inf,inf,inf,inf,inf,inf,inf,inf,inf,inf,inf,inf,inf,inf,inf,inf,inf,inf,inf,inf,inf,inf,inf,inf,inf,inf,inf,inf,inf,inf,inf,inf,inf,inf,inf,inf,inf,inf,inf,inf,inf,inf,inf,inf,inf,inf,inf,inf,inf,inf,inf,inf,inf,inf,inf,inf,inf,inf,inf,inf,inf,inf,inf,inf,inf,inf,inf,inf,inf,inf,inf,inf,inf,inf,inf,inf,inf,inf,inf,inf,inf,inf,inf,inf,inf,inf,inf,inf,inf,inf,inf,inf,inf,inf,inf,inf,inf,inf,inf,inf,inf,inf,inf,inf,inf,inf,inf,inf,inf,inf,inf,inf,inf,inf,inf,inf,inf,inf,inf,inf,inf,inf,inf,inf,inf,inf,inf,inf,inf,inf,inf,inf,inf,inf,inf,inf,inf,inf,inf,inf,inf,inf,inf,inf,inf,inf,inf,inf,inf,inf,inf,inf,inf,inf,inf,inf,inf,inf,inf,inf,inf,inf,inf,inf,inf,inf,inf,inf,inf,inf,inf,inf,inf,inf,inf,inf,inf,inf,inf,inf,inf,inf,inf,inf,inf,inf,inf,inf,inf,inf,inf,inf,inf,inf,inf,inf,inf,inf,inf,inf,inf,inf,inf,inf,9.025321960449219,8.984170913696289,8.94611644744873,8.91109848022461,8.879060745239258,8.849949836730957,8.91769790649414,inf,inf,inf,inf,inf,inf,inf,inf,inf,inf,inf,inf,inf,inf,inf,inf,inf,8.67982006072998,7.809874057769775,7.720443248748779,7.747768878936768,7.777676105499268,7.810214996337891,7.845438480377197,7.883402347564697,7.924172878265381,inf,inf,inf,inf,inf,inf,inf,inf,inf,inf,inf,inf,inf,inf,inf,8.738774299621582,8.510551452636719,8.296420097351074,8.095216751098633,8.114412307739258,8.223979949951172,8.339134216308594,8.460184097290039,8.587465286254883,inf,inf,inf,inf,inf,inf,inf,inf,inf,inf,inf,inf,inf,inf,11.802788734436035,11.667008399963379,11.576603889465332,inf,inf,inf,inf,inf,inf,inf,inf
1771970325888399580,-3.140000104904175,0.01749303564429283,inf,inf,inf,inf,inf,inf,inf,inf,inf,inf,inf,inf,inf,inf,inf,inf,inf,inf,inf,inf,inf,inf,inf,inf,inf,inf,inf,inf,inf,inf,inf,inf,inf,inf,inf,inf,inf,inf,inf,inf,inf,inf,inf,inf,inf,inf,inf,inf,inf,inf,inf,inf,inf,inf,inf,inf,inf,inf,inf,inf,inf,inf,inf,inf,inf,inf,inf,inf,inf,inf,inf,inf,inf,inf,inf,inf,inf,inf,inf,inf,inf,inf,inf,inf,inf,inf,inf,inf,inf,inf,inf,inf,inf,inf,inf,inf,inf,inf,inf,inf,inf,inf,inf,inf,inf,inf,inf,inf,inf,inf,inf,inf,inf,inf,inf,inf,inf,inf,inf,inf,inf,inf,inf,inf,inf,inf,inf,inf,inf,inf,inf,inf,inf,inf,inf,inf,inf,inf,inf,inf,inf,inf,inf,inf,inf,inf,inf,inf,inf,inf,inf,inf,inf,inf,inf,inf,inf,inf,inf,inf,inf,inf,inf,inf,inf,inf,inf,inf,inf,inf,inf,inf,inf,inf,inf,inf,inf,inf,inf,inf,inf,inf,inf,inf,inf,inf,inf,inf,inf,inf,inf,inf,inf,inf,inf,inf,inf,inf,inf,inf,inf,inf,inf,inf,inf,inf,inf,inf,inf,inf,inf,inf,inf,inf,inf,inf,inf,inf,inf,inf,inf,inf,inf,inf,inf,inf,inf,inf,inf,inf,inf,inf,inf,inf,inf,inf,inf,inf,inf,inf,inf,inf,inf,inf,inf,inf,inf,inf,inf,inf,inf,inf,inf,inf,inf,inf,inf,inf,inf,inf,inf,inf,inf,inf,inf,inf,inf,inf,inf,inf,inf,inf,inf,inf,inf,inf,9.00317096710205,8.963677406311035,8.927249908447266,8.89382553100586,8.863353729248047,8.835784912109375,9.46422290802002,inf,inf,inf,inf,inf,inf,inf,inf,inf,inf,inf,inf,inf,inf,inf,inf,inf,8.196009635925293,7.708728790283203,7.734863758087158,7.763560771942139,7.794865608215332,7.828828811645508,7.86550760269165,7.904959678649902,inf,inf,inf,inf,inf,inf,inf,inf,inf,inf,inf,inf,inf,inf,inf,8.851446151733398,8.616180419921875,8.395601272583008,8.188474655151367,8.065296173095703,8.172357559204102,8.284867286682129,8.403127670288086,8.527460098266602,8.658215522766113,inf,inf,inf,inf,inf,inf,inf,inf,inf,inf,inf,inf,inf,11.869105339050293,11.73013973236084,11.597898483276367,11.733323097229004,inf,inf,inf,inf,inf,inf,inf,inf,inf,inf
1771970326048999580,-3.140000104904175,0.01749303564429283,inf,inf,inf,inf,inf,inf,inf,inf,inf,inf,inf,inf,inf,inf,inf,inf,inf,inf,inf,inf,inf,inf,inf,inf,inf,inf,inf,inf,inf,inf,inf,inf,inf,inf,inf,inf,inf,inf,inf,inf,inf,inf,inf,inf,inf,inf,inf,inf,inf,inf,inf,inf,inf,inf,inf,inf,inf,inf,inf,inf,inf,inf,inf,inf,inf,inf,inf,inf,inf,inf,inf,inf,inf,inf,inf,inf,inf,inf,inf,inf,inf,inf,inf,inf,inf,inf,inf,inf,inf,inf,inf,inf,inf,inf,inf,inf,inf,inf,inf,inf,inf,inf,inf,inf,inf,inf,inf,inf,inf,inf,inf,inf,inf,inf,inf,inf,inf,inf,inf,inf,inf,inf,inf,inf,inf,inf,inf,inf,inf,inf,inf,inf,inf,inf,inf,inf,inf,inf,inf,inf,inf,inf,inf,inf,inf,inf,inf,inf,inf,inf,inf,inf,inf,inf,inf,inf,inf,inf,inf,inf,inf,inf,inf,inf,inf,inf,inf,inf,inf,inf,inf,inf,inf,inf,inf,inf,inf,inf,inf,inf,inf,inf,inf,inf,inf,inf,inf,inf,inf,inf,inf,inf,inf,inf,inf,inf,inf,inf,inf,inf,inf,inf,inf,inf,inf,inf,inf,inf,inf,inf,inf,inf,inf,inf,inf,inf,inf,inf,inf,inf,inf,inf,inf,inf,inf,inf,inf,inf,inf,inf,inf,inf,inf,inf,inf,inf,inf,inf,inf,inf,inf,inf,inf,inf,inf,inf,inf,inf,inf,inf,inf,inf,inf,inf,inf,inf,inf,inf,inf,inf,inf,inf,inf,inf,inf,inf,inf,inf,inf,inf,inf,inf,inf,9.021845817565918,8.980964660644531,8.943177223205566,8.908422470092773,8.876640319824219,8.847783088684082,8.999390602111816,inf,inf,inf,inf,inf,inf,inf,inf,inf,inf,inf,inf,inf,inf,inf,inf,inf,8.60002613067627,7.7457661628723145,7.722970008850098,7.7505202293396,7.780655860900879,7.813427925109863,7.8488898277282715,7.88709831237793,7.928118705749512,inf,inf,inf,inf,inf,inf,inf,inf,inf,inf,inf,inf,inf,inf,inf,8.719381332397461,8.492410659790039,8.279424667358398,8.079273223876953,8.124068260192871,8.234116554260254,8.349776268005371,8.471363067626953,8.599209785461426,inf,inf,inf,inf,inf,inf,inf,inf,inf,inf,inf,inf,inf,inf,11.791149139404297,11.655951499938965,11.585713386535645,inf,inf,inf,inf,inf,inf,inf,inf,inf,inf,inf,inf,inf
1771970326165929544,-3.140000104904175,0.01749303564429283,inf,inf,inf,inf,inf,inf,inf,inf,inf,inf,inf,inf,inf,inf,inf,inf,inf,inf,inf,inf,inf,inf,inf,inf,inf,inf,inf,inf,inf,inf,inf,inf,inf,inf,inf,inf,inf,inf,inf,inf,inf,inf,inf,inf,inf,inf,inf,inf,inf,inf,inf,inf,inf,inf,inf,inf,inf,inf,inf,inf,inf,inf,inf,inf,inf,inf,inf,inf,inf,inf,inf,inf,inf,inf,inf,inf,inf,inf,inf,inf,inf,inf,inf,inf,inf,inf,inf,inf,inf,inf,inf,inf,inf,inf,inf,inf,inf,inf,inf,inf,inf,inf,inf,inf,inf,inf,inf,inf,inf,inf,inf,inf,inf,inf,inf,inf,inf,inf,inf,inf,inf,inf,inf,inf,inf,inf,inf,inf,inf,inf,inf,inf,inf,inf,inf,inf,inf,inf,inf,inf,inf,inf,inf,inf,inf,inf,inf,inf,inf,inf,inf,inf,inf,inf,inf,inf,inf,inf,inf,inf,inf,inf,inf,inf,inf,inf,inf,inf,inf,inf,inf,inf,inf,inf,inf,inf,inf,inf,inf,inf,inf,inf,inf,inf,inf,inf,inf,inf,inf,inf,inf,inf,inf,inf,inf,inf,inf,inf,inf,inf,inf,inf,inf,inf,inf,inf,inf,inf,inf,inf,inf,inf,inf,inf,inf,inf,inf,inf,inf,inf,inf,inf,inf,inf,inf,inf,inf,inf,inf,inf,inf,inf,inf,inf,inf,inf,inf,inf,inf,inf,inf,inf,inf,inf,inf,inf,inf,inf,inf,inf,inf,inf,inf,inf,inf,inf,inf,inf,inf,inf,inf,inf,inf,inf,inf,inf,inf,inf,9.017756462097168,8.977177619934082,8.93968677520752,8.905220031738281,8.873722076416016,8.845145225524902,9.095844268798828,inf,inf,inf,inf,inf,inf,inf,inf,inf,inf,inf,inf,inf,inf,inf,inf,inf,8.509404182434082,7.700263977050781,7.725514888763428,7.753311634063721,7.783700466156006,7.816730499267578,7.852454662322998,7.890932559967041,7.932227611541748,inf,inf,inf,inf,inf,inf,inf,inf,inf,inf,inf,inf,inf,inf,inf,8.696853637695312,8.471285820007324,8.259587287902832,8.06061840057373,8.134454727172852,8.245030403137207,8.361248970031738,8.483424186706543,8.611894607543945,inf,inf,inf,inf,inf,inf,inf,inf,inf,inf,inf,inf,inf,inf,11.778040885925293,11.643486022949219,11.61760425567627,inf,inf,inf,inf,inf,inf,inf,inf,inf,inf,inf,inf,inf,inf,inf,inf,inf,inf
1771970326294161580,-3.140000104904175,0.01749303564429283,inf,inf,inf,inf,inf,inf,inf,inf,inf,inf,inf,inf,inf,inf,inf,inf,inf,inf,inf,inf,inf,inf,inf,inf,inf,inf,inf,inf,inf,inf,inf,inf,inf,inf,inf,inf,inf,inf,inf,inf,inf,inf,inf,inf,inf,inf,inf,inf,inf,inf,inf,inf,inf,inf,inf,inf,inf,inf,inf,inf,inf,inf,inf,inf,inf,inf,inf,inf,inf,inf,inf,inf,inf,inf,inf,inf,inf,inf,inf,inf,inf,inf,inf,inf,inf,inf,inf,inf,inf,inf,inf,inf,inf,inf,inf,inf,inf,inf,inf,inf,inf,inf,inf,inf,inf,inf,inf,inf,inf,inf,inf,inf,inf,inf,inf,inf,inf,inf,inf,inf,inf,inf,inf,inf,inf,inf,inf,inf,inf,inf,inf,inf,inf,inf,inf,inf,inf,inf,inf,inf,inf,inf,inf,inf,inf,inf,inf,inf,inf,inf,inf,inf,inf,inf,inf,inf,inf,inf,inf,inf,inf,inf,inf,inf,inf,inf,inf,inf,inf,inf,inf,inf,inf,inf,inf,inf,inf,inf,inf,inf,inf,inf,inf,inf,inf,inf,inf,inf,inf,inf,inf,inf,inf,inf,inf,inf,inf,inf,inf,inf,inf,inf,inf,inf,inf,inf,inf,inf,inf,inf,inf,inf,inf,inf,inf,inf,inf,inf,inf,inf,inf,inf,inf,inf,inf,inf,inf,inf,inf,inf,inf,inf,inf,inf,inf,inf,inf,inf,inf,inf,inf,inf,inf,inf,inf,inf,inf,inf,inf,inf,inf,inf,inf,inf,inf,inf,inf,inf,inf,inf,inf,inf,inf,9.012222290039062,8.972055435180664,8.934969902038574,8.900897979736328,8.869791030883789,8.841596603393555,9.230978012084961,inf,inf,inf,inf,inf,inf,inf,inf,inf,inf,inf,inf,inf,inf,inf,inf,inf,8.388812065124512,7.7034831047058105,7.729069232940674,7.75720739364624,7.787942886352539,7.82132625579834,7.857411861419678,7.896258354187012,inf,inf,inf,inf,inf,inf,inf,inf,inf,inf,inf,inf,inf,inf,inf,inf,8.666358947753906,8.442692756652832,8.232738494873047,8.042892456054688,8.148810386657715,8.260117530822754,8.377107620239258,8.500096321105957,8.629430770874023,inf,inf,inf,inf,inf,inf,inf,inf,inf,inf,inf,inf,inf,inf,11.75978946685791,11.626116752624512,11.660953521728516,inf,inf,inf,inf,inf,inf,inf,inf,inf,inf,inf,inf,inf,inf,inf,inf,inf,inf,inf,inf,inf,inf,inf
1771970326485846629,-3.140000104904175,0.01749303564429283,inf,inf,inf,inf,inf,inf,inf,inf,inf,inf,inf,inf,inf,inf,inf,inf,inf,inf,inf,inf,inf,inf,inf,inf,inf,inf,inf,inf,inf,inf,inf,inf,inf,inf,inf,inf,inf,inf,inf,inf,inf,inf,inf,inf,inf,inf,inf,inf,inf,inf,inf,inf,inf,inf,inf,inf,inf,inf,inf,inf,inf,inf,inf,inf,inf,inf,inf,inf,inf,inf,inf,inf,inf,inf,inf,inf,inf,inf,inf,inf,inf,inf,inf,inf,inf,inf,inf,inf,inf,inf,inf,inf,inf,inf,inf,inf,inf,inf,inf,inf,inf,inf,inf,inf,inf,inf,inf,inf,inf,inf,inf,inf,inf,inf,inf,inf,inf,inf,inf,inf,inf,inf,inf,inf,inf,inf,inf,inf,inf,inf,inf,inf,inf,inf,inf,inf,inf,inf,inf,inf,inf,inf,inf,inf,inf,inf,inf,inf,inf,inf,inf,inf,inf,inf,inf,inf,inf,inf,inf,inf,inf,inf,inf,inf,inf,inf,inf,inf,inf,inf,inf,inf,inf,inf,inf,inf,inf,inf,inf,inf,inf,inf,inf,inf,inf,inf,inf,inf,inf,inf,inf,inf,inf,inf,inf,inf,inf,inf,inf,inf,inf,inf,inf,inf,inf,inf,inf,inf,inf,inf,inf,inf,inf,inf,inf,inf,inf,inf,inf,inf,inf,inf,inf,inf,inf,inf,inf,inf,inf,inf,inf,inf,inf,inf,inf,inf,inf,inf,inf,inf,inf,inf,inf,inf,inf,inf,inf,inf,inf,inf,inf,inf,inf,inf,inf,inf,inf,inf,9.00670337677002,8.966950416564941,8.930267333984375,8.896594047546387,8.86587905883789,8.838067054748535,9.371192932128906,inf,inf,inf,inf,inf,inf,inf,inf,inf,inf,inf,inf,inf,inf,inf,inf,inf,8.270859718322754,7.706745624542236,7.732667922973633,7.761149883270264,7.792234420776367,7.825973987579346,7.862422943115234,7.901642322540283,inf,inf,inf,inf,inf,inf,inf,inf,inf,inf,inf,inf,inf,inf,inf,inf,8.635906219482422,8.414131164550781,8.205909729003906,8.056686401367188,8.163304328918457,8.275350570678711,8.393119812011719,8.516931533813477,8.647136688232422,inf,inf,inf,inf,inf,inf,inf,inf,inf,inf,inf,inf,inf,11.881457328796387,11.74190902709961,11.609112739562988,11.705476760864258,inf,inf,inf,inf,inf,inf,inf,inf,inf,inf,inf,inf,inf,inf,inf,inf,inf,inf,inf,inf,inf,inf,inf,inf,inf,inf,inf,inf
1771970326625424599,-3.140000104904175,0.01749303564429283,inf,inf,inf,inf,inf,inf,inf,inf,inf,inf,inf,inf,inf,inf,inf,inf,inf,inf,inf,inf,inf,inf,inf,inf,inf,inf,inf,inf,inf,inf,inf,inf,inf,inf,inf,inf,inf,inf,inf,inf,inf,inf,inf,inf,inf,inf,inf,inf,inf,inf,inf,inf,inf,inf,inf,inf,inf,inf,inf,inf,inf,inf,inf,inf,inf,inf,inf,inf,inf,inf,inf,inf,inf,inf,inf,inf,inf,inf,inf,inf,inf,inf,inf,inf,inf,inf,inf,inf,inf,inf,inf,inf,inf,inf,inf,inf,inf,inf,inf,inf,inf,inf,inf,inf,inf,inf,inf,inf,inf,inf,inf,inf,inf,inf,inf,inf,inf,inf,inf,inf,inf,inf,inf,inf,inf,inf,inf,inf,inf,inf,inf,inf,inf,inf,inf,inf,inf,inf,inf,inf,inf,inf,inf,inf,inf,inf,inf,inf,inf,inf,inf,inf,inf,inf,inf,inf,inf,inf,inf,inf,inf,inf,inf,inf,inf,inf,inf,inf,inf,inf,inf,inf,inf,inf,inf,inf,inf,inf,inf,inf,inf,inf,inf,inf,inf,inf,inf,inf,inf,inf,inf,inf,inf,inf,inf,inf,inf,inf,inf,inf,inf,inf,inf,inf,inf,inf,inf,inf,inf,inf,inf,inf,inf,inf,inf,inf,inf,inf,inf,inf,inf,inf,inf,inf,inf,inf,inf,inf,inf,inf,inf,inf,inf,inf,inf,inf,inf,inf,inf,10.418071746826172,inf,inf,inf,inf,inf,inf,inf,inf,inf,inf,inf,inf,9.036369323730469,8.994429588317871,8.955605506896973,8.919833183288574,8.887052536010742,8.857213973999023,8.830266952514648,9.704599380493164,inf,inf,inf,inf,inf,inf,inf,inf,inf,inf,inf,inf,inf,inf,inf,inf,inf,8.016258239746094,7.714254856109619,7.740941047668457,7.770198822021484,7.8020758628845215,7.836622714996338,7.873896598815918,7.913959980010986,inf,inf,inf,inf,inf,inf,inf,inf,inf,inf,inf,inf,inf,inf,inf,8.800007820129395,8.568013191223145,8.35042667388916,8.146047592163086,8.088139533996582,8.196357727050781,8.310089111328125,8.429637908935547,8.555333137512207,inf,inf,inf,inf,inf,inf,inf,inf,inf,inf,inf,inf,inf,inf,11.83896255493164,11.701473236083984,11.57064151763916,11.806731224060059,inf,inf,inf,inf,inf,inf,inf,inf,inf,inf,inf,inf,inf,inf,inf,inf,inf,inf,inf,inf,inf,inf,inf,inf,inf,inf,inf,inf,inf,inf,inf,inf,inf
1771970326749774397,-3.140000104904175,0.01749303564429283,inf,inf,inf,inf,inf,inf,inf,inf,inf,inf,inf,inf,inf,inf,inf,inf,inf,inf,inf,inf,inf,inf,inf,inf,inf,inf,inf,inf,inf,inf,inf,inf,inf,inf,inf,inf,inf,inf,inf,inf,inf,inf,inf,inf,inf,inf,inf,inf,inf,inf,inf,inf,inf,inf,inf,inf,inf,inf,inf,inf,inf,inf,inf,inf,inf,inf,inf,inf,inf,inf,inf,inf,inf,inf,inf,inf,inf,inf,inf,inf,inf,inf,inf,inf,inf,inf,inf,inf,inf,inf,inf,inf,inf,inf,inf,inf,inf,inf,inf,inf,inf,inf,inf,inf,inf,inf,inf,inf,inf,inf,inf,inf,inf,inf,inf,inf,inf,inf,inf,inf,inf,inf,inf,inf,inf,inf,inf,inf,inf,inf,inf,inf,inf,inf,inf,inf,inf,inf,inf,inf,inf,inf,inf,inf,inf,inf,inf,inf,inf,inf,inf,inf,inf,inf,inf,inf,inf,inf,inf,inf,inf,inf,inf,inf,inf,inf,inf,inf,inf,inf,inf,inf,inf,inf,inf,inf,inf,inf,inf,inf,inf,inf,inf,inf,inf,inf,inf,inf,inf,inf,inf,inf,inf,inf,inf,inf,inf,inf,inf,inf,inf,inf,inf,inf,inf,inf,inf,inf,inf,inf,inf,inf,inf,inf,inf,inf,inf,inf,inf,inf,inf,inf,inf,inf,inf,inf,inf,inf,inf,inf,inf,inf,inf,inf,inf,inf,inf,inf,inf,inf,inf,inf,inf,inf,inf,inf,inf,inf,inf,inf,inf,inf,9.004508018493652,8.96491813659668,8.928397178649902,8.894881248474121,8.864317893981934,8.836660385131836,9.425307273864746,inf,inf,inf,inf,inf,inf,inf,inf,inf,inf,inf,inf,inf,inf,inf,inf,inf,8.227489471435547,7.708032131195068,7.7340898513793945,7.762707233428955,7.7939300537109375,7.827812194824219,7.864405155181885,7.903772354125977,inf,inf,inf,inf,inf,inf,inf,inf,inf,inf,inf,inf,inf,inf,inf,8.860418319702148,8.624641418457031,8.40358829498291,8.19603157043457,8.062162399291992,8.169061660766602,8.281400680541992,8.399480819702148,8.523621559143066,8.654173851013184,inf,inf,inf,inf,inf,inf,inf,inf,inf,inf,inf,inf,inf,11.874467849731445,11.735278129577637,11.602822303771973,11.723126411437988,inf,inf,inf,inf,inf,inf,inf,inf,inf,inf,inf,inf,inf,inf,inf,inf,inf,inf,inf,inf,inf,inf,inf,inf,inf,inf,inf,inf,inf,inf,inf,inf,inf,inf
1771970326926428362,-3.140000104904175,0.01749303564429283,inf,inf,inf,inf,inf,inf,inf,inf,inf,inf,inf,inf,inf,inf,inf,inf,inf,inf,inf,inf,inf,inf,inf,inf,inf,inf,inf,inf,inf,inf,inf,inf,inf,inf,inf,inf,inf,inf,inf,inf,inf,inf,inf,inf,inf,inf,inf,inf,inf,inf,inf,inf,inf,inf,inf,inf,inf,inf,inf,inf,inf,inf,inf,inf,inf,inf,inf,inf,inf,inf,inf,inf,inf,inf,inf,inf,inf,inf,inf,inf,inf,inf,inf,inf,inf,inf,inf,inf,inf,inf,inf,inf,inf,inf,inf,inf,inf,inf,inf,inf,inf,inf,inf,inf,inf,inf,inf,inf,inf,inf,inf,inf,inf,inf,inf,inf,inf,inf,inf,inf,inf,inf,inf,inf,inf,inf,inf,inf,inf,inf,inf,inf,inf,inf,inf,inf,inf,inf,inf,inf,inf,inf,inf,inf,inf,inf,inf,inf,inf,inf,inf,inf,inf,inf,inf,inf,inf,inf,inf,inf,inf,inf,inf,inf,inf,inf,inf,inf,inf,inf,inf,inf,inf,inf,inf,inf,inf,inf,inf,inf,inf,inf,inf,inf,inf,inf,inf,inf,inf,inf,inf,inf,inf,inf,inf,inf,inf,inf,inf,inf,inf,inf,inf,inf,inf,inf,inf,inf,inf,inf,inf,inf,inf,inf,inf,inf,inf,inf,inf,inf,inf,inf,inf,inf,inf,inf,inf,inf,inf,inf,inf,inf,inf,inf,inf,inf,inf,inf,inf,inf,inf,inf,inf,inf,inf,inf,inf,inf,inf,inf,inf,inf,9.004345893859863,8.964767456054688,8.928258895874023,8.894755363464355,8.864203453063965,8.836555480957031,9.429376602172852,inf,inf,inf,inf,inf,inf,inf,inf,inf,inf,inf,inf,inf,inf,inf,inf,inf,8.22426700592041,7.708128929138184,7.734195709228516,7.762824058532715,7.794057369232178,7.827949047088623,7.864553451538086,7.903931140899658,inf,inf,inf,inf,inf,inf,inf,inf,inf,inf,inf,inf,inf,inf,inf,8.859518051147461,8.623798370361328,8.402801513671875,8.195292472839355,8.062570571899414,8.1694917678833,8.281851768493652,8.399954795837402,8.52411937713623,8.65469741821289,inf,inf,inf,inf,inf,inf,inf,inf,inf,inf,inf,inf,inf,11.873948097229004,11.734785079956055,11.602355003356934,11.724447250366211,inf,inf,inf,inf,inf,inf,inf,inf,inf,inf,inf,inf,inf,inf,inf,inf,inf,inf,inf,inf,inf,inf,inf,inf,inf,inf,inf,inf,inf,inf,inf,inf,inf,inf
1771970327067257756,-3.140000104904175,0.01749303564429283,inf,inf,inf,inf,inf,inf,inf,inf,inf,inf,inf,inf,inf,inf,inf,inf,inf,inf,inf,inf,inf,inf,inf,inf,inf,inf,inf,inf,inf,inf,inf,inf,inf,inf,inf,inf,inf,inf,inf,inf,inf,inf,inf,inf,inf,inf,inf,inf,inf,inf,inf,inf,inf,inf,inf,inf,inf,inf,inf,inf,inf,inf,inf,inf,inf,inf,inf,inf,inf,inf,inf,inf,inf,inf,inf,inf,inf,inf,inf,inf,inf,inf,inf,inf,inf,inf,inf,inf,inf,inf,inf,inf,inf,inf,inf,inf,inf,inf,inf,inf,inf,inf,inf,inf,inf,inf,inf,inf,inf,inf,inf,inf,inf,inf,inf,inf,inf,inf,inf,inf,inf,inf,inf,inf,inf,inf,inf,inf,inf,inf,inf,inf,inf,inf,inf,inf,inf,inf,inf,inf,inf,inf,inf,inf,inf,inf,inf,inf,inf,inf,inf,inf,inf,inf,inf,inf,inf,inf,inf,inf,inf,inf,inf,inf,inf,inf,inf,inf,inf,inf,inf,inf,inf,inf,inf,inf,inf,inf,inf,inf,inf,inf,inf,inf,inf,inf,inf,inf,inf,inf,inf,inf,inf,inf,inf,inf,inf,inf,inf,inf,inf,inf,inf,inf,inf,inf,inf,inf,inf,inf,inf,inf,inf,inf,inf,inf,inf,inf,inf,inf,inf,inf,inf,inf,inf,inf,inf,inf,inf,inf,inf,inf,inf,inf,inf,inf,inf,inf,inf,inf,inf,inf,inf,inf,inf,inf,inf,inf,inf,inf,inf,inf,9.004413604736328,8.964831352233887,8.928317070007324,8.894808769226074,8.864251136779785,8.836601257324219,9.427611351013184,inf,inf,inf,inf,inf,inf,inf,inf,inf,inf,inf,inf,inf,inf,inf,inf,inf,8.225668907165527,7.708087921142578,7.734150409698486,7.7627739906311035,7.794003009796143,7.827890396118164,7.864490509033203,7.903863906860352,inf,inf,inf,inf,inf,inf,inf,inf,inf,inf,inf,inf,inf,inf,inf,8.859910011291504,8.624166488647461,8.403144836425781,8.195616722106934,8.062397003173828,8.16930866241455,8.281661033630371,8.39975357055664,8.523907661437988,8.654476165771484,inf,inf,inf,inf,inf,inf,inf,inf,inf,inf,inf,inf,inf,11.874180793762207,11.735005378723145,11.602564811706543,11.723895072937012,inf,inf,inf,inf,inf,inf,inf,inf,inf,inf,inf,inf,inf,inf,inf,inf,inf,inf,inf,inf,inf,inf,inf,inf,inf,inf,inf,inf,inf,inf,inf,inf,inf,inf
1771970327202440726,-3.140000104904175,0.01749303564429283,inf,inf,inf,inf,inf,inf,inf,inf,inf,inf,inf,inf,inf,inf,inf,inf,inf,inf,inf,inf,inf,inf,inf,inf,inf,inf,inf,inf,inf,inf,inf,inf,inf,inf,inf,inf,inf,inf,inf,inf,inf,inf,inf,inf,inf,inf,inf,inf,inf,inf,inf,inf,inf,inf,inf,inf,inf,inf,inf,inf,inf,inf,inf,inf,inf,inf,inf,inf,inf,inf,inf,inf,inf,inf,inf,inf,inf,inf,inf,inf,inf,inf,inf,inf,inf,inf,inf,inf,inf,inf,inf,inf,inf,inf,inf,inf,inf,inf,inf,inf,inf,inf,inf,inf,inf,inf,inf,inf,inf,inf,inf,inf,inf,inf,inf,inf,inf,inf,inf,inf,inf,inf,inf,inf,inf,inf,inf,inf,inf,inf,inf,inf,inf,inf,inf,inf,inf,inf,inf,inf,inf,inf,inf,inf,inf,inf,inf,inf,inf,inf,inf,inf,inf,inf,inf,inf,inf,inf,inf,inf,inf,inf,inf,inf,inf,inf,inf,inf,inf,inf,inf,inf,inf,inf,inf,inf,inf,inf,inf,inf,inf,inf,inf,inf,inf,inf,inf,inf,inf,inf,inf,inf,inf,inf,inf,inf,inf,inf,inf,inf,inf,inf,inf,inf,inf,inf,inf,inf,inf,inf,inf,inf,inf,inf,inf,inf,inf,inf,inf,inf,inf,inf,inf,inf,inf,inf,inf,inf,inf,inf,inf,inf,inf,inf,inf,inf,inf,inf,inf,inf,inf,inf,inf,inf,inf,inf,inf,inf,inf,inf,inf,inf,9.004493713378906,8.964903831481934,8.928383827209473,8.894869804382324,8.864307403564453,8.836648941040039,9.425398826599121,inf,inf,inf,inf,inf,inf,inf,inf,inf,inf,inf,inf,inf,inf,inf,inf,inf,8.227448463439941,7.708038806915283,7.734096527099609,7.762715816497803,7.793939113616943,7.827822208404541,7.864416122436523,7.903784275054932,inf,inf,inf,inf,inf,inf,inf,inf,inf,inf,inf,inf,inf,inf,inf,8.860413551330566,8.624637603759766,8.403589248657227,8.196033477783203,8.062195777893066,8.169095993041992,8.281436920166016,8.399519920349121,8.523661613464355,8.654216766357422,inf,inf,inf,inf,inf,inf,inf,inf,inf,inf,inf,inf,inf,11.874305725097656,11.735118865966797,11.602666854858398,11.722969055175781,inf,inf,inf,inf,inf,inf,inf,inf,inf,inf,inf,inf,inf,inf,inf,inf,inf,inf,inf,inf,inf,inf,inf,inf,inf,inf,inf,inf,inf,inf,inf,inf,inf,inf
1771970327340332000,-3.140000104904175,0.01749303564429283,inf,inf,inf,inf,inf,inf,inf,inf,inf,inf,inf,inf,inf,inf,inf,inf,inf,inf,inf,inf,inf,inf,inf,inf,inf,inf,inf,inf,inf,inf,inf,inf,inf,inf,inf,inf,inf,inf,inf,inf,inf,inf,inf,inf,inf,inf,inf,inf,inf,inf,inf,inf,inf,inf,inf,inf,inf,inf,inf,inf,inf,inf,inf,inf,inf,inf,inf,inf,inf,inf,inf,inf,inf,inf,inf,inf,inf,inf,inf,inf,inf,inf,inf,inf,inf,inf,inf,inf,inf,inf,inf,inf,inf,inf,inf,inf,inf,inf,inf,inf,inf,inf,inf,inf,inf,inf,inf,inf,inf,inf,inf,inf,inf,inf,inf,inf,inf,inf,inf,inf,inf,inf,inf,inf,inf,inf,inf,inf,inf,inf,inf,inf,inf,inf,inf,inf,inf,inf,inf,inf,inf,inf,inf,inf,inf,inf,inf,inf,inf,inf,inf,inf,inf,inf,inf,inf,inf,inf,inf,inf,inf,inf,inf,inf,inf,inf,inf,inf,inf,inf,inf,inf,inf,inf,inf,inf,inf,inf,inf,inf,inf,inf,inf,inf,inf,inf,inf,inf,inf,inf,inf,inf,inf,inf,inf,inf,inf,inf,inf,inf,inf,inf,inf,inf,inf,inf,inf,inf,inf,inf,inf,inf,inf,inf,inf,inf,inf,inf,inf,inf,inf,inf,inf,inf,inf,inf,inf,inf,inf,inf,inf,inf,inf,inf,inf,inf,inf,inf,inf,inf,inf,inf,inf,inf,inf,inf,inf,inf,inf,inf,inf,inf,9.004573822021484,8.96497917175293,8.92845344543457,8.894932746887207,8.864364624023438,8.836702346801758,9.423554420471191,inf,inf,inf,inf,inf,inf,inf,inf,inf,inf,inf,inf,inf,inf,inf,inf,inf,8.22889232635498,7.707993507385254,7.73404598236084,7.762659072875977,7.793878555297852,7.827755928039551,7.864344596862793,7.903707981109619,inf,inf,inf,inf,inf,inf,inf,inf,inf,inf,inf,inf,inf,inf,inf,8.860812187194824,8.625008583068848,8.403935432434082,8.196357727050781,8.061996459960938,8.168888092041016,8.281217575073242,8.399288177490234,8.523418426513672,8.653960227966309,inf,inf,inf,inf,inf,inf,inf,inf,inf,inf,inf,inf,inf,11.874711990356445,11.73551082611084,11.603045463562012,11.722615242004395,inf,inf,inf,inf,inf,inf,inf,inf,inf,inf,inf,inf,inf,inf,inf,inf,inf,inf,inf,inf,inf,inf,inf,inf,inf,inf,inf,inf,inf,inf,inf,inf,inf,inf
1771970327521527158,-3.140000104904175,0.01749303564429283,inf,inf,inf,inf,inf,inf,inf,inf,inf,inf,inf,inf,inf,inf,inf,inf,inf,inf,inf,inf,inf,inf,inf,inf,inf,inf,inf,inf,inf,inf,inf,inf,inf,inf,inf,inf,inf,inf,inf,inf,inf,inf,inf,inf,inf,inf,inf,inf,inf,inf,inf,inf,inf,inf,inf,inf,inf,inf,inf,inf,inf,inf,inf,inf,inf,inf,inf,inf,inf,inf,inf,inf,inf,inf,inf,inf,inf,inf,inf,inf,inf,inf,inf,inf,inf,inf,inf,inf,inf,inf,inf,inf,inf,inf,inf,inf,inf,inf,inf,inf,inf,inf,inf,inf,inf,inf,inf,inf,inf,inf,inf,inf,inf,inf,inf,inf,inf,inf,inf,inf,inf,inf,inf,inf,inf,inf,inf,inf,inf,inf,inf,inf,inf,inf,inf,inf,inf,inf,inf,inf,inf,inf,inf,inf,inf,inf,inf,inf,inf,inf,inf,inf,inf,inf,inf,inf,inf,inf,inf,inf,inf,inf,inf,inf,inf,inf,inf,inf,inf,inf,inf,inf,inf,inf,inf,inf,inf,inf,inf,inf,inf,inf,inf,inf,inf,inf,inf,inf,inf,inf,inf,inf,inf,inf,inf,inf,inf,inf,inf,inf,inf,inf,inf,inf,inf,inf,inf,inf,inf,inf,inf,inf,inf,inf,inf,inf,inf,inf,inf,inf,inf,inf,inf,inf,inf,inf,inf,inf,inf,inf,inf,inf,inf,inf,inf,inf,inf,inf,inf,inf,inf,inf,inf,inf,inf,inf,inf,inf,inf,inf,inf,inf,9.004656791687012,8.965056419372559,8.928524017333984,8.894996643066406,8.864424705505371,8.836755752563477,9.421438217163086,inf,inf,inf,inf,inf,inf,inf,inf,inf,inf,inf,inf,inf,inf,inf,inf,inf,8.230575561523438,7.707943916320801,7.733992099761963,7.762598991394043,7.793814182281494,7.827685356140137,7.864268779754639,7.903625965118408,inf,inf,inf,inf,inf,inf,inf,inf,inf,inf,inf,inf,inf,inf,inf,8.861283302307129,8.625450134277344,8.404348373413086,8.196744918823242,8.061787605285645,8.16866683959961,8.280986785888672,8.39904499053955,8.523163795471191,8.653692245483398,inf,inf,inf,inf,inf,inf,inf,inf,inf,inf,inf,inf,inf,11.87498950958252,11.735774040222168,11.60329532623291,11.721946716308594,inf,inf,inf,inf,inf,inf,inf,inf,inf,inf,inf,inf,inf,inf,inf,inf,inf,inf,inf,inf,inf,inf,inf,inf,inf,inf,inf,inf,inf,inf,inf,inf,inf,inf
1771970327692567746,-3.140000104904175,0.01749303564429283,inf,inf,inf,inf,inf,inf,inf,inf,inf,inf,inf,inf,inf,inf,inf,inf,inf,inf,inf,inf,inf,inf,inf,inf,inf,inf,inf,inf,inf,inf,inf,inf,inf,inf,inf,inf,inf,inf,inf,inf,inf,inf,inf,inf,inf,inf,inf,inf,inf,inf,inf,inf,inf,inf,inf,inf,inf,inf,inf,inf,inf,inf,inf,inf,inf,inf,inf,inf,inf,inf,inf,inf,inf,inf,inf,inf,inf,inf,inf,inf,inf,inf,inf,inf,inf,inf,inf,inf,inf,inf,inf,inf,inf,inf,inf,inf,inf,inf,inf,inf,inf,inf,inf,inf,inf,inf,inf,inf,inf,inf,inf,inf,inf,inf,inf,inf,inf,inf,inf,inf,inf,inf,inf,inf,inf,inf,inf,inf,inf,inf,inf,inf,inf,inf,inf,inf,inf,inf,inf,inf,inf,inf,inf,inf,inf,inf,inf,inf,inf,inf,inf,inf,inf,inf,inf,inf,inf,inf,inf,inf,inf,inf,inf,inf,inf,inf,inf,inf,inf,inf,inf,inf,inf,inf,inf,inf,inf,inf,inf,inf,inf,inf,inf,inf,inf,inf,inf,inf,inf,inf,inf,inf,inf,inf,inf,inf,inf,inf,inf,inf,inf,inf,inf,inf,inf,inf,inf,inf,inf,inf,inf,inf,inf,inf,inf,inf,inf,inf,inf,inf,inf,inf,inf,inf,inf,inf,inf,inf,inf,inf,inf,inf,inf,inf,inf,inf,inf,inf,inf,inf,inf,inf,inf,inf,inf,inf,inf,inf,inf,inf,inf,inf,9.020051002502441,8.979265213012695,8.941569328308105,8.906902313232422,8.87520980834961,8.846439361572266,8.956244468688965,inf,inf,inf,inf,inf,inf,inf,inf,inf,inf,inf,inf,inf,inf,inf,inf,inf,8.646815299987793,7.790524959564209,7.7231950759887695,7.750818252563477,7.781029224395752,7.813876628875732,7.849414825439453,7.887702465057373,7.928803443908691,inf,inf,inf,inf,inf,inf,inf,inf,inf,inf,inf,inf,inf,inf,inf,8.734830856323242,8.50771427154541,8.294580459594727,8.094282150268555,8.126542091369629,8.236740112304688,8.352560997009277,8.474312782287598,8.602338790893555,inf,inf,inf,inf,inf,inf,inf,inf,inf,inf,inf,inf,inf,inf,11.814571380615234,11.679268836975098,11.613203048706055,inf,inf,inf,inf,inf,inf,inf,inf,inf,inf,inf,inf,inf,inf,inf,inf,inf,inf,inf,inf,inf,inf,inf,inf,inf,inf,inf,inf,inf,inf,inf,inf,inf,inf
1771970327861993151,-3.140000104904175,0.01749303564429283,inf,inf,inf,inf,inf,inf,inf,inf,inf,inf,inf,inf,inf,inf,inf,inf,inf,inf,inf,inf,inf,inf,inf,inf,inf,inf,inf,inf,inf,inf,inf,inf,inf,inf,inf,inf,inf,inf,inf,inf,inf,inf,inf,inf,inf,inf,inf,inf,inf,inf,inf,inf,inf,inf,inf,inf,inf,inf,inf,inf,inf,inf,inf,inf,inf,inf,inf,inf,inf,inf,inf,inf,inf,inf,inf,inf,inf,inf,inf,inf,inf,inf,inf,inf,inf,inf,inf,inf,inf,inf,inf,inf,inf,inf,inf,inf,inf,inf,inf,inf,inf,inf,inf,inf,inf,inf,inf,inf,inf,inf,inf,inf,inf,inf,inf,inf,inf,inf,inf,inf,inf,inf,inf,inf,inf,inf,inf,inf,inf,inf,inf,inf,inf,inf,inf,inf,inf,inf,inf,inf,inf,inf,inf,inf,inf,inf,inf,inf,inf,inf,inf,inf,inf,inf,inf,inf,inf,inf,inf,inf,inf,inf,inf,inf,inf,inf,inf,inf,inf,inf,inf,inf,inf,inf,inf,inf,inf,inf,inf,inf,inf,inf,inf,inf,inf,inf,inf,inf,inf,inf,inf,inf,inf,inf,inf,inf,inf,inf,inf,inf,inf,inf,inf,inf,inf,inf,inf,inf,inf,inf,inf,inf,inf,inf,inf,inf,inf,inf,inf,inf,inf,inf,inf,inf,inf,inf,inf,inf,inf,inf,inf,inf,inf,inf,inf,inf,inf,inf,inf,inf,inf,inf,inf,inf,inf,inf,inf,inf,inf,inf,inf,inf,inf,8.991619110107422,8.952839851379395,8.917109489440918,8.88437271118164,8.854574203491211,8.827668190002441,9.315715789794922,inf,inf,inf,inf,inf,inf,inf,inf,inf,inf,inf,inf,inf,inf,inf,inf,inf,8.35491943359375,7.712224960327148,7.738934516906738,7.768212795257568,7.80010986328125,7.834677219390869,7.871971130371094,7.912055015563965,inf,inf,inf,inf,inf,inf,inf,inf,inf,inf,inf,inf,inf,inf,inf,inf,8.670792579650879,8.450689315795898,8.24394416809082,8.086499214172363,8.194742202758789,8.30849838256836,8.428072929382324,8.553794860839844,8.686020851135254,inf,inf,inf,inf,inf,inf,inf,inf,inf,inf,inf,inf,inf,11.908114433288574,11.769881248474121,11.638341903686523,11.806252479553223,inf,inf,inf,inf,inf,inf,inf,inf,inf,inf,inf,inf,inf,inf,inf,inf,inf,inf,inf,inf,inf,inf,inf,inf,inf,inf,inf,inf,inf,inf,inf,inf,inf
1771970328020656856,-3.140000104904175,0.01749303564429283,inf,inf,inf,inf,inf,inf,inf,inf,inf,inf,inf,inf,inf,inf,inf,inf,inf,inf,inf,inf,inf,inf,inf,inf,inf,inf,inf,inf,inf,inf,inf,inf,inf,inf,inf,inf,inf,inf,inf,inf,inf,inf,inf,inf,inf,inf,inf,inf,inf,inf,inf,inf,inf,inf,inf,inf,inf,inf,inf,inf,inf,inf,inf,inf,inf,inf,inf,inf,inf,inf,inf,inf,inf,inf,inf,inf,inf,inf,inf,inf,inf,inf,inf,inf,inf,inf,inf,inf,inf,inf,inf,inf,inf,inf,inf,inf,inf,inf,inf,inf,inf,inf,inf,inf,inf,inf,inf,inf,inf,inf,inf,inf,inf,inf,inf,inf,inf,inf,inf,inf,inf,inf,inf,inf,inf,inf,inf,inf,inf,inf,inf,inf,inf,inf,inf,inf,inf,inf,inf,inf,inf,inf,inf,inf,inf,inf,inf,inf,inf,inf,inf,inf,inf,inf,inf,inf,inf,inf,inf,inf,inf,inf,inf,inf,inf,inf,inf,inf,inf,inf,inf,inf,inf,inf,inf,inf,inf,inf,inf,inf,inf,inf,inf,inf,inf,inf,inf,inf,inf,inf,inf,inf,inf,inf,inf,inf,inf,inf,inf,inf,inf,inf,inf,inf,inf,inf,inf,inf,inf,inf,inf,inf,inf,inf,inf,inf,inf,inf,inf,inf,inf,inf,inf,inf,inf,inf,inf,inf,inf,inf,inf,inf,inf,inf,inf,inf,inf,inf,inf,inf,inf,inf,inf,inf,inf,inf,inf,inf,inf,inf,inf,inf,inf,8.990052223205566,8.951258659362793,8.91551685333252,8.882766723632812,8.852953910827637,8.826034545898438,8.947993278503418,inf,inf,inf,inf,inf,inf,inf,inf,inf,inf,inf,inf,inf,inf,inf,inf,inf,8.673036575317383,7.866565227508545,7.736927032470703,7.766181468963623,7.798052787780762,7.832594871520996,7.869861602783203,7.909916400909424,7.952829837799072,inf,inf,inf,inf,inf,inf,inf,inf,inf,inf,inf,inf,inf,inf,inf,8.76681137084961,8.544214248657227,8.335129737854004,8.138463020324707,8.19174575805664,8.305432319641113,8.424933433532715,8.550579071044922,8.682723999023438,inf,inf,inf,inf,inf,inf,inf,inf,inf,inf,inf,inf,inf,11.98183822631836,11.83350658416748,11.70122241973877,11.800543785095215,inf,inf,inf,inf,inf,inf,inf,inf,inf,inf,inf,inf,inf,inf,inf,inf,inf,inf,inf,inf,inf,inf,inf,inf,inf,inf,inf,inf,inf,inf,inf,inf,inf
1771970328197636733,-3.140000104904175,0.01749303564429283,inf,inf,inf,inf,inf,inf,inf,inf,inf,inf,inf,inf,inf,inf,inf,inf,inf,inf,inf,inf,inf,inf,inf,inf,inf,inf,inf,inf,inf,inf,inf,inf,inf,inf,inf,inf,inf,inf,inf,inf,inf,inf,inf,inf,inf,inf,inf,inf,inf,inf,inf,inf,inf,inf,inf,inf,inf,inf,inf,inf,inf,inf,inf,inf,inf,inf,inf,inf,inf,inf,inf,inf,inf,inf,inf,inf,inf,inf,inf,inf,inf,inf,inf,inf,inf,inf,inf,inf,inf,inf,inf,inf,inf,inf,inf,inf,inf,inf,inf,inf,inf,inf,inf,inf,inf,inf,inf,inf,inf,inf,inf,inf,inf,inf,inf,inf,inf,inf,inf,inf,inf,inf,inf,inf,inf,inf,inf,inf,inf,inf,inf,inf,inf,inf,inf,inf,inf,inf,inf,inf,inf,inf,inf,inf,inf,inf,inf,inf,inf,inf,inf,inf,inf,inf,inf,inf,inf,inf,inf,inf,inf,inf,inf,inf,inf,inf,inf,inf,inf,inf,inf,inf,inf,inf,inf,inf,inf,inf,inf,inf,inf,inf,inf,inf,inf,inf,inf,inf,inf,inf,inf,inf,inf,inf,inf,inf,inf,inf,inf,inf,inf,inf,inf,inf,inf,inf,inf,inf,inf,inf,inf,inf,inf,inf,inf,inf,inf,inf,inf,inf,inf,inf,inf,inf,inf,inf,inf,inf,inf,inf,inf,inf,inf,inf,inf,inf,inf,inf,inf,inf,inf,inf,inf,inf,inf,inf,inf,inf,inf,inf,inf,inf,inf,8.988365173339844,8.949579238891602,8.91384506225586,8.88110065460205,8.851293563842773,8.824378967285156,8.800312042236328,9.782604217529297,inf,inf,inf,inf,inf,inf,inf,inf,inf,inf,inf,inf,inf,inf,inf,inf,inf,8.12573528289795,7.735261917114258,7.7645111083984375,7.7963762283325195,7.830909729003906,7.868168354034424,7.908216953277588,7.951118469238281,inf,inf,inf,inf,inf,inf,inf,inf,inf,inf,inf,inf,inf,inf,inf,8.853251457214355,8.628460884094238,8.417314529418945,8.218710899353027,8.189687728881836,8.303345680236816,8.422818183898926,8.548430442810059,8.68054485321045,inf,inf,inf,inf,inf,inf,inf,inf,inf,inf,inf,inf,inf,inf,11.890880584716797,11.757954597473145,11.797420501708984,inf,inf,inf,inf,inf,inf,inf,inf,inf,inf,inf,inf,inf,inf,inf,inf,inf,inf,inf,inf,inf,inf,inf,inf,inf,inf,inf,inf,inf,inf,inf,inf,inf
1771970328430342983,-3.140000104904175,0.01749303564429283,inf,inf,inf,inf,inf,inf,inf,inf,inf,inf,inf,inf,inf,inf,inf,inf,inf,inf,inf,inf,inf,inf,inf,inf,inf,inf,inf,inf,inf,inf,inf,inf,inf,inf,inf,inf,inf,inf,inf,inf,inf,inf,inf,inf,inf,inf,inf,inf,inf,inf,inf,inf,inf,inf,inf,inf,inf,inf,inf,inf,inf,inf,inf,inf,inf,inf,inf,inf,inf,inf,inf,inf,inf,inf,inf,inf,inf,inf,inf,inf,inf,inf,inf,inf,inf,inf,inf,inf,inf,inf,inf,inf,inf,inf,inf,inf,inf,inf,inf,inf,inf,inf,inf,inf,inf,inf,inf,inf,inf,inf,inf,inf,inf,inf,inf,inf,inf,inf,inf,inf,inf,inf,inf,inf,inf,inf,inf,inf,inf,inf,inf,inf,inf,inf,inf,inf,inf,inf,inf,inf,inf,inf,inf,inf,inf,inf,inf,inf,inf,inf,inf,inf,inf,inf,inf,inf,inf,inf,inf,inf,inf,inf,inf,inf,inf,inf,inf,inf,inf,inf,inf,inf,inf,inf,inf,inf,inf,inf,inf,inf,inf,inf,inf,inf,inf,inf,inf,inf,inf,inf,inf,inf,inf,inf,inf,inf,inf,inf,inf,inf,inf,inf,inf,inf,inf,inf,inf,inf,inf,inf,inf,inf,inf,inf,inf,inf,inf,inf,inf,inf,inf,inf,inf,inf,inf,inf,inf,inf,inf,inf,inf,inf,inf,inf,inf,inf,inf,inf,inf,inf,10.313262939453125,inf,inf,inf,inf,inf,inf,inf,inf,inf,inf,inf,inf,inf,8.947833061218262,8.912099838256836,8.879356384277344,8.849550247192383,8.822635650634766,8.798568725585938,9.375210762023926,inf,inf,inf,inf,inf,inf,inf,inf,inf,inf,inf,inf,inf,inf,inf,inf,inf,8.407783508300781,7.733408451080322,7.7626447677612305,7.794498443603516,7.829019546508789,7.866265296936035,7.9062981605529785,7.949183464050293,inf,inf,inf,inf,inf,inf,inf,inf,inf,inf,inf,inf,inf,inf,inf,8.947275161743164,8.720081329345703,8.50667953491211,8.305952072143555,8.18725299835205,8.300869941711426,8.420299530029297,8.545866966247559,8.677931785583496,inf,inf,inf,inf,inf,inf,inf,inf,inf,inf,inf,inf,inf,inf,11.953250885009766,11.819619178771973,11.793402671813965,inf,inf,inf,inf,inf,inf,inf,inf,inf,inf,inf,inf,inf,inf,inf,inf,inf,inf,inf,inf,inf,inf,inf,inf,inf,inf,inf,inf,inf,inf,inf,inf,inf
1771970328765497563,-3.140000104904175,0.01749303564429283,inf,inf,inf,inf,inf,inf,inf,inf,inf,inf,inf,inf,inf,inf,inf,inf,inf,inf,inf,inf,inf,inf,inf,inf,inf,inf,inf,inf,inf,inf,inf,inf,inf,inf,inf,inf,inf,inf,inf,inf,inf,inf,inf,inf,inf,inf,inf,inf,inf,inf,inf,inf,inf,inf,inf,inf,inf,inf,inf,inf,inf,inf,inf,inf,inf,inf,inf,inf,inf,inf,inf,inf,inf,inf,inf,inf,inf,inf,inf,inf,inf,inf,inf,inf,inf,inf,inf,inf,inf,inf,inf,inf,inf,inf,inf,inf,inf,inf,inf,inf,inf,inf,inf,inf,inf,inf,inf,inf,inf,inf,inf,inf,inf,inf,inf,inf,inf,inf,inf,inf,inf,inf,inf,inf,inf,inf,inf,inf,inf,inf,inf,inf,inf,inf,inf,inf,inf,inf,inf,inf,inf,inf,inf,inf,inf,inf,inf,inf,inf,inf,inf,inf,inf,inf,inf,inf,inf,inf,inf,inf,inf,inf,inf,inf,inf,inf,inf,inf,inf,inf,inf,inf,inf,inf,inf,inf,inf,inf,inf,inf,inf,inf,inf,inf,inf,inf,inf,inf,inf,inf,inf,inf,inf,inf,inf,inf,inf,inf,inf,inf,inf,inf,inf,inf,inf,inf,inf,inf,inf,inf,inf,inf,inf,inf,inf,inf,inf,inf,inf,inf,inf,inf,inf,inf,inf,inf,inf,inf,inf,inf,inf,inf,inf,inf,inf,inf,inf,inf,inf,inf,inf,inf,inf,inf,inf,inf,inf,inf,inf,inf,inf,inf,inf,inf,8.946160316467285,8.910429000854492,8.877686500549316,8.847880363464355,8.820965766906738,8.796896934509277,8.983283996582031,inf,inf,inf,inf,inf,inf,inf,inf,inf,inf,inf,inf,inf,inf,inf,inf,inf,8.679341316223145,7.942926406860352,7.760847568511963,7.792687892913818,7.8271965980529785,7.864428997039795,7.904447555541992,7.947318077087402,7.99311637878418,inf,inf,inf,inf,inf,inf,inf,inf,inf,inf,inf,inf,inf,inf,inf,8.808265686035156,8.592690467834473,8.38991928100586,8.198949813842773,8.298471450805664,8.417858123779297,8.543380737304688,8.675398826599121,8.814298629760742,inf,inf,inf,inf,inf,inf,inf,inf,inf,inf,inf,inf,inf,inf,11.878787994384766,11.789657592773438,inf,inf,inf,inf,inf,inf,inf,inf,inf,inf,inf,inf,inf,inf,inf,inf,inf,inf,inf,inf,inf,inf,inf,inf,inf,inf,inf,inf,inf,inf,inf,inf,inf
1771970329078261082,-3.140000104904175,0.01749303564429283,inf,inf,inf,inf,inf,inf,inf,inf,inf,inf,inf,inf,inf,inf,inf,inf,inf,inf,inf,inf,inf,inf,inf,inf,inf,inf,inf,inf,inf,inf,inf,inf,inf,inf,inf,inf,inf,inf,inf,inf,inf,inf,inf,inf,inf,inf,inf,inf,inf,inf,inf,inf,inf,inf,inf,inf,inf,inf,inf,inf,inf,inf,inf,inf,inf,inf,inf,inf,inf,inf,inf,inf,inf,inf,inf,inf,inf,inf,inf,inf,inf,inf,inf,inf,inf,inf,inf,inf,inf,inf,inf,inf,inf,inf,inf,inf,inf,inf,inf,inf,inf,inf,inf,inf,inf,inf,inf,inf,inf,inf,inf,inf,inf,inf,inf,inf,inf,inf,inf,inf,inf,inf,inf,inf,inf,inf,inf,inf,inf,inf,inf,inf,inf,inf,inf,inf,inf,inf,inf,inf,inf,inf,inf,inf,inf,inf,inf,inf,inf,inf,inf,inf,inf,inf,inf,inf,inf,inf,inf,inf,inf,inf,inf,inf,inf,inf,inf,inf,inf,inf,inf,inf,inf,inf,inf,inf,inf,inf,inf,inf,inf,inf,inf,inf,inf,inf,inf,inf,inf,inf,inf,inf,inf,inf,inf,inf,inf,inf,inf,inf,inf,inf,inf,inf,inf,inf,inf,inf,inf,inf,inf,inf,inf,inf,inf,inf,inf,inf,inf,inf,inf,inf,inf,inf,inf,inf,inf,inf,inf,inf,inf,inf,inf,inf,inf,inf,inf,inf,inf,inf,inf,inf,inf,inf,inf,inf,inf,inf,inf,inf,inf,inf,inf,inf,8.944490432739258,8.908761978149414,8.876018524169922,8.846214294433594,8.819297790527344,8.795228958129883,8.773968696594238,inf,inf,inf,inf,inf,inf,inf,inf,inf,inf,inf,inf,inf,inf,inf,inf,inf,inf,8.191130638122559,7.759054183959961,7.790882110595703,7.825376987457275,7.86259651184082,7.9026007652282715,7.9454569816589355,7.991239547729492,inf,inf,inf,inf,inf,inf,inf,inf,inf,inf,inf,inf,inf,inf,inf,8.8963623046875,8.678614616394043,8.473803520202637,8.28091049194336,8.2960786819458,8.415421485900879,8.540900230407715,8.672871589660645,8.811721801757812,inf,inf,inf,inf,inf,inf,inf,inf,inf,inf,inf,inf,inf,inf,11.938247680664062,11.81603717803955,inf,inf,inf,inf,inf,inf,inf,inf,inf,inf,inf,inf,inf,inf,inf,inf,inf,inf,inf,inf,inf,inf,inf,inf,inf,inf,inf,inf,inf,inf,inf,inf,inf
1771970329278974380,-3.140000104904175,0.01749303564429283,inf,inf,inf,inf,inf,inf,inf,inf,inf,inf,inf,inf,inf,inf,inf,inf,inf,inf,inf,inf,inf,inf,inf,inf,inf,inf,inf,inf,inf,inf,inf,inf,inf,inf,inf,inf,inf,inf,inf,inf,inf,inf,inf,inf,inf,inf,inf,inf,inf,inf,inf,inf,inf,inf,inf,inf,inf,inf,inf,inf,inf,inf,inf,inf,inf,inf,inf,inf,inf,inf,inf,inf,inf,inf,inf,inf,inf,inf,inf,inf,inf,inf,inf,inf,inf,inf,inf,inf,inf,inf,inf,inf,inf,inf,inf,inf,inf,inf,inf,inf,inf,inf,inf,inf,inf,inf,inf,inf,inf,inf,inf,inf,inf,inf,inf,inf,inf,inf,inf,inf,inf,inf,inf,inf,inf,inf,inf,inf,inf,inf,inf,inf,inf,inf,inf,inf,inf,inf,inf,inf,inf,inf,inf,inf,inf,inf,inf,inf,inf,inf,inf,inf,inf,inf,inf,inf,inf,inf,inf,inf,inf,inf,inf,inf,inf,inf,inf,inf,inf,inf,inf,inf,inf,inf,inf,inf,inf,inf,inf,inf,inf,inf,inf,inf,inf,inf,inf,inf,inf,inf,inf,inf,inf,inf,inf,inf,inf,inf,inf,inf,inf,inf,inf,inf,inf,inf,inf,inf,inf,inf,inf,inf,inf,inf,inf,inf,inf,inf,inf,inf,inf,inf,inf,inf,inf,inf,inf,inf,inf,inf,inf,inf,inf,inf,inf,inf,inf,inf,inf,inf,inf,inf,inf,inf,inf,inf,inf,inf,inf,inf,inf,inf,inf,inf,inf,8.907026290893555,8.874286651611328,8.844481468200684,8.817564964294434,8.793495178222656,8.772233009338379,9.465152740478516,inf,inf,inf,inf,inf,inf,inf,inf,inf,inf,inf,inf,inf,inf,inf,inf,inf,8.449493408203125,7.790638446807861,7.789004802703857,7.823486804962158,7.860691070556641,7.900680065155029,7.943521022796631,7.98928689956665,8.038058280944824,inf,inf,inf,inf,inf,inf,inf,inf,inf,inf,inf,inf,inf,inf,8.988043785095215,8.768035888671875,8.561100006103516,8.366205215454102,8.293590545654297,8.412888526916504,8.538321495056152,8.670241355895996,8.809041023254395,inf,inf,inf,inf,inf,inf,inf,inf,inf,inf,inf,inf,inf,inf,11.99993896484375,11.870830535888672,inf,inf,inf,inf,inf,inf,inf,inf,inf,inf,inf,inf,inf,inf,inf,inf,inf,inf,inf,inf,inf,inf,inf,inf,inf,inf,inf,inf,inf,inf,inf,inf,inf
1771970329443712129,-3.140000104904175,0.01749303564429283,inf,inf,inf,inf,inf,inf,inf,inf,inf,inf,inf,inf,inf,inf,inf,inf,inf,inf,inf,inf,inf,inf,inf,inf,inf,inf,inf,inf,inf,inf,inf,inf,inf,inf,inf,inf,inf,inf,inf,inf,inf,inf,inf,inf,inf,inf,inf,inf,inf,inf,inf,inf,inf,inf,inf,inf,inf,inf,inf,inf,inf,inf,inf,inf,inf,inf,inf,inf,inf,inf,inf,inf,inf,inf,inf,inf,inf,inf,inf,inf,inf,inf,inf,inf,inf,inf,inf,inf,inf,inf,inf,inf,inf,inf,inf,inf,inf,inf,inf,inf,inf,inf,inf,inf,inf,inf,inf,inf,inf,inf,inf,inf,inf,inf,inf,inf,inf,inf,inf,inf,inf,inf,inf,inf,inf,inf,inf,inf,inf,inf,inf,inf,inf,inf,inf,inf,inf,inf,inf,inf,inf,inf,inf,inf,inf,inf,inf,inf,inf,inf,inf,inf,inf,inf,inf,inf,inf,inf,inf,inf,inf,inf,inf,inf,inf,inf,inf,inf,inf,inf,inf,inf,inf,inf,inf,inf,inf,inf,inf,inf,inf,inf,inf,inf,inf,inf,inf,inf,inf,inf,inf,inf,inf,inf,inf,inf,inf,inf,inf,inf,inf,inf,inf,inf,inf,inf,inf,inf,inf,inf,inf,inf,inf,inf,inf,inf,inf,inf,inf,inf,inf,inf,inf,inf,inf,inf,inf,inf,inf,inf,inf,inf,inf,inf,inf,inf,inf,inf,inf,inf,inf,10.215191841125488,inf,inf,inf,inf,inf,inf,inf,inf,inf,inf,inf,inf,inf,8.905427932739258,8.872686386108398,8.842883110046387,8.81596851348877,8.79189682006836,8.77063274383545,9.030611991882324,inf,inf,inf,inf,inf,inf,inf,inf,inf,inf,inf,inf,inf,inf,inf,inf,inf,8.68805980682373,8.010499954223633,7.787273406982422,7.821743488311768,7.858933925628662,7.898910045623779,7.941736221313477,7.987487316131592,8.03624153137207,inf,inf,inf,inf,inf,inf,inf,inf,inf,inf,inf,inf,inf,inf,9.072680473327637,8.850586891174316,8.64168643951416,8.4449462890625,8.291296005249023,8.410552978515625,8.535941123962402,8.667817115783691,8.806568145751953,inf,inf,inf,inf,inf,inf,inf,inf,inf,inf,inf,inf,inf,inf,inf,11.927157402038574,inf,inf,inf,inf,inf,inf,inf,inf,inf,inf,inf,inf,inf,inf,inf,inf,inf,inf,inf,inf,inf,inf,inf,inf,inf,inf,inf,inf,inf,inf,inf,inf,inf
1771970329694955524,-3.140000104904175,0.01749303564429283,inf,inf,inf,inf,inf,inf,inf,inf,inf,inf,inf,inf,inf,inf,inf,inf,inf,inf,inf,inf,inf,inf,inf,inf,inf,inf,inf,inf,inf,inf,inf,inf,inf,inf,inf,inf,inf,inf,inf,inf,inf,inf,inf,inf,inf,inf,inf,inf,inf,inf,inf,inf,inf,inf,inf,inf,inf,inf,inf,inf,inf,inf,inf,inf,inf,inf,inf,inf,inf,inf,inf,inf,inf,inf,inf,inf,inf,inf,inf,inf,inf,inf,inf,inf,inf,inf,inf,inf,inf,inf,inf,inf,inf,inf,inf,inf,inf,inf,inf,inf,inf,inf,inf,inf,inf,inf,inf,inf,inf,inf,inf,inf,inf,inf,inf,inf,inf,inf,inf,inf,inf,inf,inf,inf,inf,inf,inf,inf,inf,inf,inf,inf,inf,inf,inf,inf,inf,inf,inf,inf,inf,inf,inf,inf,inf,inf,inf,inf,inf,inf,inf,inf,inf,inf,inf,inf,inf,inf,inf,inf,inf,inf,inf,inf,inf,inf,inf,inf,inf,inf,inf,inf,inf,inf,inf,inf,inf,inf,inf,inf,inf,inf,inf,inf,inf,inf,inf,inf,inf,inf,inf,inf,inf,inf,inf,inf,inf,inf,inf,inf,inf,inf,inf,inf,inf,inf,inf,inf,inf,inf,inf,inf,inf,inf,inf,inf,inf,inf,inf,inf,inf,inf,inf,inf,inf,inf,inf,inf,inf,inf,inf,inf,inf,inf,inf,inf,inf,inf,inf,inf,inf,inf,inf,inf,inf,inf,inf,inf,inf,inf,inf,inf,inf,inf,inf,8.903697967529297,8.87095832824707,8.841154098510742,8.814238548278809,8.790166854858398,8.768901824951172,8.750411033630371,inf,inf,inf,inf,inf,inf,inf,inf,inf,inf,inf,inf,inf,inf,inf,inf,inf,inf,8.24875545501709,7.785400390625,7.8198561668396,7.857032775878906,7.896993160247803,7.939804553985596,7.985538959503174,8.03427505493164,inf,inf,inf,inf,inf,inf,inf,inf,inf,inf,inf,inf,inf,inf,inf,8.940025329589844,8.728998184204102,8.530255317687988,8.342855453491211,8.408025741577148,8.533366203308105,8.665192604064941,8.8038911819458,8.949888229370117,inf,inf,inf,inf,inf,inf,inf,inf,inf,inf,inf,inf,inf,inf,11.988179206848145,inf,inf,inf,inf,inf,inf,inf,inf,inf,inf,inf,inf,inf,inf,inf,inf,inf,inf,inf,inf,inf,inf,inf,inf,inf,inf,inf,inf,inf,inf,inf,inf,inf
1771970330112468429,-3.140000104904175,0.01749303564429283,inf,inf,inf,inf,inf,inf,inf,inf,inf,inf,inf,inf,inf,inf,inf,inf,inf,inf,inf,inf,inf,inf,inf,inf,inf,inf,inf,inf,inf,inf,inf,inf,inf,inf,inf,inf,inf,inf,inf,inf,inf,inf,inf,inf,inf,inf,inf,inf,inf,inf,inf,inf,inf,inf,inf,inf,inf,inf,inf,inf,inf,inf,inf,inf,inf,inf,inf,inf,inf,inf,inf,inf,inf,inf,inf,inf,inf,inf,inf,inf,inf,inf,inf,inf,inf,inf,inf,inf,inf,inf,inf,inf,inf,inf,inf,inf,inf,inf,inf,inf,inf,inf,inf,inf,inf,inf,inf,inf,inf,inf,inf,inf,inf,inf,inf,inf,inf,inf,inf,inf,inf,inf,inf,inf,inf,inf,inf,inf,inf,inf,inf,inf,inf,inf,inf,inf,inf,inf,inf,inf,inf,inf,inf,inf,inf,inf,inf,inf,inf,inf,inf,inf,inf,inf,inf,inf,inf,inf,inf,inf,inf,inf,inf,inf,inf,inf,inf,inf,inf,inf,inf,inf,inf,inf,inf,inf,inf,inf,inf,inf,inf,inf,inf,inf,inf,inf,inf,inf,inf,inf,inf,inf,inf,inf,inf,inf,inf,inf,inf,inf,inf,inf,inf,inf,inf,inf,inf,inf,inf,inf,inf,inf,inf,inf,inf,inf,inf,inf,inf,inf,inf,inf,inf,inf,inf,inf,inf,inf,inf,inf,inf,inf,inf,inf,inf,inf,inf,inf,inf,inf,inf,inf,inf,inf,inf,inf,inf,inf,inf,inf,inf,inf,inf,inf,inf,8.898178100585938,8.865788459777832,8.836328506469727,8.809751510620117,8.786012649536133,8.765077590942383,8.746912002563477,inf,inf,inf,inf,inf,inf,inf,inf,inf,inf,inf,inf,inf,inf,inf,inf,inf,inf,8.396280288696289,7.796293258666992,7.822488784790039,7.859979629516602,7.900260925292969,7.9434003829956055,7.989470958709717,8.038554191589355,inf,inf,inf,inf,inf,inf,inf,inf,inf,inf,inf,inf,inf,inf,inf,8.998536109924316,8.787025451660156,8.587796211242676,8.39991569519043,8.420357704162598,8.546407699584961,8.678984642028809,8.81847858428955,8.965323448181152,inf,inf,inf,inf,inf,inf,inf,inf,inf,inf,inf,inf,inf,inf,inf,inf,inf,inf,inf,inf,inf,inf,inf,inf,inf,inf,inf,inf,inf,inf,inf,inf,inf,inf,inf,inf,inf,inf,inf,inf,inf,inf,inf,inf,inf,inf,inf,inf
1771970330246270433,-3.140000104904175,0.01749303564429283,inf,inf,inf,inf,inf,inf,inf,inf,inf,inf,inf,inf,inf,inf,inf,inf,inf,inf,inf,inf,inf,inf,inf,inf,inf,inf,inf,inf,inf,inf,inf,inf,inf,inf,inf,inf,inf,inf,inf,inf,inf,inf,inf,inf,inf,inf,inf,inf,inf,inf,inf,inf,inf,inf,inf,inf,inf,inf,inf,inf,inf,inf,inf,inf,inf,inf,inf,inf,inf,inf,inf,inf,inf,inf,inf,inf,inf,inf,inf,inf,inf,inf,inf,inf,inf,inf,inf,inf,inf,inf,inf,inf,inf,inf,inf,inf,inf,inf,inf,inf,inf,inf,inf,inf,inf,inf,inf,inf,inf,inf,inf,inf,inf,inf,inf,inf,inf,inf,inf,inf,inf,inf,inf,inf,inf,inf,inf,inf,inf,inf,inf,inf,inf,inf,inf,inf,inf,inf,inf,inf,inf,inf,inf,inf,inf,inf,inf,inf,inf,inf,inf,inf,inf,inf,inf,inf,inf,inf,inf,inf,inf,inf,inf,inf,inf,inf,inf,inf,inf,inf,inf,inf,inf,inf,inf,inf,inf,inf,inf,inf,inf,inf,inf,inf,inf,inf,inf,inf,inf,inf,inf,inf,inf,inf,inf,inf,inf,inf,inf,inf,inf,inf,inf,inf,inf,inf,inf,inf,inf,inf,inf,inf,inf,inf,inf,inf,inf,inf,inf,inf,inf,inf,inf,inf,inf,inf,inf,inf,inf,inf,inf,inf,inf,inf,inf,inf,inf,inf,10.159996032714844,inf,inf,inf,inf,inf,inf,inf,inf,inf,inf,inf,inf,inf,8.881989479064941,8.850975036621094,8.82286548614502,8.79761791229248,8.775192260742188,8.7555513381958,8.77842903137207,inf,inf,inf,inf,inf,inf,inf,inf,inf,inf,inf,inf,inf,inf,inf,inf,inf,inf,8.173612594604492,7.802849769592285,7.838872909545898,7.877652168273926,7.919251918792725,7.963744163513184,8.01120376586914,8.061714172363281,inf,inf,inf,inf,inf,inf,inf,inf,inf,inf,inf,inf,inf,inf,9.143966674804688,8.924827575683594,8.718550682067871,8.52414321899414,8.354660987854004,8.477360725402832,8.606389999389648,8.742125511169434,8.88497257232666,inf,inf,inf,inf,inf,inf,inf,inf,inf,inf,inf,inf,inf,inf,inf,11.99683666229248,inf,inf,inf,inf,inf,inf,inf,inf,inf,inf,inf,inf,inf,inf,inf,inf,inf,inf,inf,inf,inf,inf,inf,inf,inf,inf,inf,inf,inf,inf,inf,inf,inf,inf,inf,inf
1771970330370620513,-3.140000104904175,0.01749303564429283,inf,inf,inf,inf,inf,inf,inf,inf,inf,inf,inf,inf,inf,inf,inf,inf,inf,inf,inf,inf,inf,inf,inf,inf,inf,inf,inf,inf,inf,inf,inf,inf,inf,inf,inf,inf,inf,inf,inf,inf,inf,inf,inf,inf,inf,inf,inf,inf,inf,inf,inf,inf,inf,inf,inf,inf,inf,inf,inf,inf,inf,inf,inf,inf,inf,inf,inf,inf,inf,inf,inf,inf,inf,inf,inf,inf,inf,inf,inf,inf,inf,inf,inf,inf,inf,inf,inf,inf,inf,inf,inf,inf,inf,inf,inf,inf,inf,inf,inf,inf,inf,inf,inf,inf,inf,inf,inf,inf,inf,inf,inf,inf,inf,inf,inf,inf,inf,inf,inf,inf,inf,inf,inf,inf,inf,inf,inf,inf,inf,inf,inf,inf,inf,inf,inf,inf,inf,inf,inf,inf,inf,inf,inf,inf,inf,inf,inf,inf,inf,inf,inf,inf,inf,inf,inf,inf,inf,inf,inf,inf,inf,inf,inf,inf,inf,inf,inf,inf,inf,inf,inf,inf,inf,inf,inf,inf,inf,inf,inf,inf,inf,inf,inf,inf,inf,inf,inf,inf,inf,inf,inf,inf,inf,inf,inf,inf,inf,inf,inf,inf,inf,inf,inf,inf,inf,inf,inf,inf,inf,inf,inf,inf,inf,inf,inf,inf,inf,inf,inf,inf,inf,inf,inf,inf,inf,inf,inf,inf,inf,inf,inf,inf,inf,10.162153244018555,inf,inf,inf,inf,inf,inf,inf,inf,inf,inf,inf,inf,inf,8.882698059082031,8.851604461669922,8.823416709899902,8.798091888427734,8.775589942932129,8.755874633789062,8.738916397094727,inf,inf,inf,inf,inf,inf,inf,inf,inf,inf,inf,inf,inf,inf,inf,inf,inf,inf,8.196060180664062,7.801721096038818,7.837669849395752,7.876372337341309,7.917892932891846,7.962304592132568,8.009679794311523,8.060104370117188,inf,inf,inf,inf,inf,inf,inf,inf,inf,inf,inf,inf,inf,inf,inf,8.932888984680176,8.72622299194336,8.531455039978027,8.351166725158691,8.473694801330566,8.602542877197266,8.73808765411377,8.880729675292969,inf,inf,inf,inf,inf,inf,inf,inf,inf,inf,inf,inf,inf,inf,inf,inf,inf,inf,inf,inf,inf,inf,inf,inf,inf,inf,inf,inf,inf,inf,inf,inf,inf,inf,inf,inf,inf,inf,inf,inf,inf,inf,inf,inf,inf,inf,inf,inf,inf,inf,inf,inf,inf,inf,inf,inf,inf
1771970330519826850,-3.140000104904175,0.01749303564429283,inf,inf,inf,inf,inf,inf,inf,inf,inf,inf,inf,inf,inf,inf,inf,inf,inf,inf,inf,inf,inf,inf,inf,inf,inf,inf,inf,inf,inf,inf,inf,inf,inf,inf,inf,inf,inf,inf,inf,inf,inf,inf,inf,inf,inf,inf,inf,inf,inf,inf,inf,inf,inf,inf,inf,inf,inf,inf,inf,inf,inf,inf,inf,inf,inf,inf,inf,inf,inf,inf,inf,inf,inf,inf,inf,inf,inf,inf,inf,inf,inf,inf,inf,inf,inf,inf,inf,inf,inf,inf,inf,inf,inf,inf,inf,inf,inf,inf,inf,inf,inf,inf,inf,inf,inf,inf,inf,inf,inf,inf,inf,inf,inf,inf,inf,inf,inf,inf,inf,inf,inf,inf,inf,inf,inf,inf,inf,inf,inf,inf,inf,inf,inf,inf,inf,inf,inf,inf,inf,inf,inf,inf,inf,inf,inf,inf,inf,inf,inf,inf,inf,inf,inf,inf,inf,inf,inf,inf,inf,inf,inf,inf,inf,inf,inf,inf,inf,inf,inf,inf,inf,inf,inf,inf,inf,inf,inf,inf,inf,inf,inf,inf,inf,inf,inf,inf,inf,inf,inf,inf,inf,inf,inf,inf,inf,inf,inf,inf,inf,inf,inf,inf,inf,inf,inf,inf,inf,inf,inf,inf,inf,inf,inf,inf,inf,inf,inf,inf,inf,inf,inf,inf,inf,inf,inf,inf,inf,inf,10.183414459228516,inf,inf,inf,inf,inf,inf,inf,inf,inf,inf,inf,inf,inf,8.878067016601562,8.847387313842773,8.819605827331543,8.794683456420898,8.772576332092285,8.753253936767578,8.938446044921875,inf,inf,inf,inf,inf,inf,inf,inf,inf,inf,inf,inf,inf,inf,inf,inf,inf,8.758089065551758,8.111802101135254,7.806575298309326,7.8429083824157715,7.882004261016846,7.923929691314697,7.968754768371582,8.016555786132812,8.06741714477539,inf,inf,inf,inf,inf,inf,inf,inf,inf,inf,inf,inf,inf,inf,9.121023178100586,8.903338432312012,8.698402404785156,8.505231857299805,8.368033409118652,8.491432189941406,8.621200561523438,8.757720947265625,8.90140151977539,inf,inf,inf,inf,inf,inf,inf,inf,inf,inf,inf,inf,inf,inf,inf,inf,inf,inf,inf,inf,inf,inf,inf,inf,inf,inf,inf,inf,inf,inf,inf,inf,inf,inf,inf,inf,inf,inf,inf,inf,inf,inf,inf,inf,inf,inf,inf,inf,inf,inf,inf,inf,inf,inf,inf,inf,inf,inf,inf,inf,inf,inf
1771970330712329630,-3.140000104904175,0.01749303564429283,inf,inf,inf,inf,inf,inf,inf,inf,inf,inf,inf,inf,inf,inf,inf,inf,inf,inf,inf,inf,inf,inf,inf,inf,inf,inf,inf,inf,inf,inf,inf,inf,inf,inf,inf,inf,inf,inf,inf,inf,inf,inf,inf,inf,inf,inf,inf,inf,inf,inf,inf,inf,inf,inf,inf,inf,inf,inf,inf,inf,inf,inf,inf,inf,inf,inf,inf,inf,inf,inf,inf,inf,inf,inf,inf,inf,inf,inf,inf,inf,inf,inf,inf,inf,inf,inf,inf,inf,inf,inf,inf,inf,inf,inf,inf,inf,inf,inf,inf,inf,inf,inf,inf,inf,inf,inf,inf,inf,inf,inf,inf,inf,inf,inf,inf,inf,inf,inf,inf,inf,inf,inf,inf,inf,inf,inf,inf,inf,inf,inf,inf,inf,inf,inf,inf,inf,inf,inf,inf,inf,inf,inf,inf,inf,inf,inf,inf,inf,inf,inf,inf,inf,inf,inf,inf,inf,inf,inf,inf,inf,inf,inf,inf,inf,inf,inf,inf,inf,inf,inf,inf,inf,inf,inf,inf,inf,inf,inf,inf,inf,inf,inf,inf,inf,inf,inf,inf,inf,inf,inf,inf,inf,inf,inf,inf,inf,inf,inf,inf,inf,inf,inf,inf,inf,inf,inf,inf,inf,inf,inf,inf,inf,inf,inf,inf,inf,inf,inf,inf,inf,inf,inf,inf,inf,inf,inf,inf,inf,inf,inf,inf,inf,inf,inf,inf,inf,inf,8.873706817626953,8.843421936035156,8.816031455993652,8.791491508483887,8.769762992858887,8.750814437866211,9.155538558959961,inf,inf,inf,inf,inf,inf,inf,inf,inf,inf,inf,inf,inf,inf,inf,inf,inf,8.664881706237793,8.032125473022461,7.811301231384277,7.848003387451172,7.887479782104492,7.929792404174805,7.975015163421631,8.023226737976074,8.074508666992188,inf,inf,inf,inf,inf,inf,inf,inf,inf,inf,inf,inf,inf,inf,9.090920448303223,8.875020027160645,8.67172908782959,8.480076789855957,8.384337425231934,8.508576393127441,8.639237403869629,8.776701927185059,8.921382904052734,inf,inf,inf,inf,inf,inf,inf,inf,inf,inf,inf,inf,inf,inf,inf,inf,inf,inf,inf,inf,inf,inf,inf,inf,inf,inf,inf,inf,inf,inf,inf,inf,inf,inf,inf,inf,inf,inf,inf,inf,inf,inf,inf,inf,inf,inf,inf,inf,inf,inf,inf,inf,inf,inf,inf,inf,inf,inf,inf,inf,inf,inf,inf,inf,inf,inf,inf
1771970330889817843,-3.140000104904175,0.01749303564429283,inf,inf,inf,inf,inf,inf,inf,inf,inf,inf,inf,inf,inf,inf,inf,inf,inf,inf,inf,inf,inf,inf,inf,inf,inf,inf,inf,inf,inf,inf,inf,inf,inf,inf,inf,inf,inf,inf,inf,inf,inf,inf,inf,inf,inf,inf,inf,inf,inf,inf,inf,inf,inf,inf,inf,inf,inf,inf,inf,inf,inf,inf,inf,inf,inf,inf,inf,inf,inf,inf,inf,inf,inf,inf,inf,inf,inf,inf,inf,inf,inf,inf,inf,inf,inf,inf,inf,inf,inf,inf,inf,inf,inf,inf,inf,inf,inf,inf,inf,inf,inf,inf,inf,inf,inf,inf,inf,inf,inf,inf,inf,inf,inf,inf,inf,inf,inf,inf,inf,inf,inf,inf,inf,inf,inf,inf,inf,inf,inf,inf,inf,inf,inf,inf,inf,inf,inf,inf,inf,inf,inf,inf,inf,inf,inf,inf,inf,inf,inf,inf,inf,inf,inf,inf,inf,inf,inf,inf,inf,inf,inf,inf,inf,inf,inf,inf,inf,inf,inf,inf,inf,inf,inf,inf,inf,inf,inf,inf,inf,inf,inf,inf,inf,inf,inf,inf,inf,inf,inf,inf,inf,inf,inf,inf,inf,inf,inf,inf,inf,inf,inf,inf,inf,inf,inf,inf,inf,inf,inf,inf,inf,inf,inf,inf,inf,inf,inf,inf,inf,inf,inf,inf,inf,inf,inf,inf,inf,inf,inf,inf,inf,inf,inf,inf,inf,inf,8.876165390014648,8.845643043518066,8.818017959594727,8.793248176574707,8.771292686462402,8.752118110656738,9.019661903381348,inf,inf,inf,inf,inf,inf,inf,inf,inf,inf,inf,inf,inf,inf,inf,inf,inf,8.722541809082031,8.081561088562012,7.808291435241699,7.844770908355713,7.884018421173096,7.926096439361572,7.971077919006348,8.019041061401367,8.070069313049316,inf,inf,inf,inf,inf,inf,inf,inf,inf,inf,inf,inf,inf,inf,9.109679222106934,8.892691612243652,8.688397407531738,8.495820999145508,8.374314308166504,8.49804401397705,8.62816333770752,8.765055656433105,8.909131050109863,inf,inf,inf,inf,inf,inf,inf,inf,inf,inf,inf,inf,inf,inf,inf,inf,inf,inf,inf,inf,inf,inf,inf,inf,inf,inf,inf,inf,inf,inf,inf,inf,inf,inf,inf,inf,inf,inf,inf,inf,inf,inf,inf,inf,inf,inf,inf,inf,inf,inf,inf,inf,inf,inf,inf,inf,inf,inf,inf,inf,inf,inf,inf,inf,inf,inf,inf,inf
1771970331052371362,-3.140000104904175,0.01749303564429283,inf,inf,inf,inf,inf,inf,inf,inf,inf,inf,inf,inf,inf,inf,inf,inf,inf,inf,inf,inf,inf,inf,inf,inf,inf,inf,inf,inf,inf,inf,inf,inf,inf,inf,inf,inf,inf,inf,inf,inf,inf,inf,inf,inf,inf,inf,inf,inf,inf,inf,inf,inf,inf,inf,inf,inf,inf,inf,inf,inf,inf,inf,inf,inf,inf,inf,inf,inf,inf,inf,inf,inf,inf,inf,inf,inf,inf,inf,inf,inf,inf,inf,inf,inf,inf,inf,inf,inf,inf,inf,inf,inf,inf,inf,inf,inf,inf,inf,inf,inf,inf,inf,inf,inf,inf,inf,inf,inf,inf,inf,inf,inf,inf,inf,inf,inf,inf,inf,inf,inf,inf,inf,inf,inf,inf,inf,inf,inf,inf,inf,inf,inf,inf,inf,inf,inf,inf,inf,inf,inf,inf,inf,inf,inf,inf,inf,inf,inf,inf,inf,inf,inf,inf,inf,inf,inf,inf,inf,inf,inf,inf,inf,inf,inf,inf,inf,inf,inf,inf,inf,inf,inf,inf,inf,inf,inf,inf,inf,inf,inf,inf,inf,inf,inf,inf,inf,inf,inf,inf,inf,inf,inf,inf,inf,inf,inf,inf,inf,inf,inf,inf,inf,inf,inf,inf,inf,inf,inf,inf,inf,inf,inf,inf,inf,inf,inf,inf,inf,inf,inf,inf,inf,inf,inf,inf,inf,inf,inf,inf,inf,inf,inf,inf,inf,inf,inf,8.875937461853027,8.845436096191406,8.817831039428711,8.793082237243652,8.771145820617676,8.751989364624023,9.03077220916748,inf,inf,inf,inf,inf,inf,inf,inf,inf,inf,inf,inf,inf,inf,inf,inf,inf,8.717743873596191,8.077463150024414,7.808535099029541,7.845033168792725,7.8842997550964355,7.926397323608398,7.971400260925293,8.01938533782959,8.070435523986816,inf,inf,inf,inf,inf,inf,inf,inf,inf,inf,inf,inf,inf,inf,9.108132362365723,8.891237258911133,8.687026977539062,8.494529724121094,8.375155448913574,8.498929023742676,8.629095077514648,8.766036033630371,8.910162925720215,inf,inf,inf,inf,inf,inf,inf,inf,inf,inf,inf,inf,inf,inf,inf,inf,inf,inf,inf,inf,inf,inf,inf,inf,inf,inf,inf,inf,inf,inf,inf,inf,inf,inf,inf,inf,inf,inf,inf,inf,inf,inf,inf,inf,inf,inf,inf,inf,inf,inf,inf,inf,inf,inf,inf,inf,inf,inf,inf,inf,inf,inf,inf,inf,inf,inf,inf,inf
1771970331194109246,-3.140000104904175,0.01749303564429283,inf,inf,inf,inf,inf,inf,inf,inf,inf,inf,inf,inf,inf,inf,inf,inf,inf,inf,inf,inf,inf,inf,inf,inf,inf,inf,inf,inf,inf,inf,inf,inf,inf,inf,inf,inf,inf,inf,inf,inf,inf,inf,inf,inf,inf,inf,inf,inf,inf,inf,inf,inf,inf,inf,inf,inf,inf,inf,inf,inf,inf,inf,inf,inf,inf,inf,inf,inf,inf,inf,inf,inf,inf,inf,inf,inf,inf,inf,inf,inf,inf,inf,inf,inf,inf,inf,inf,inf,inf,inf,inf,inf,inf,inf,inf,inf,inf,inf,inf,inf,inf,inf,inf,inf,inf,inf,inf,inf,inf,inf,inf,inf,inf,inf,inf,inf,inf,inf,inf,inf,inf,inf,inf,inf,inf,inf,inf,inf,inf,inf,inf,inf,inf,inf,inf,inf,inf,inf,inf,inf,inf,inf,inf,inf,inf,inf,inf,inf,inf,inf,inf,inf,inf,inf,inf,inf,inf,inf,inf,inf,inf,inf,inf,inf,inf,inf,inf,inf,inf,inf,inf,inf,inf,inf,inf,inf,inf,inf,inf,inf,inf,inf,inf,inf,inf,inf,inf,inf,inf,inf,inf,inf,inf,inf,inf,inf,inf,inf,inf,inf,inf,inf,inf,inf,inf,inf,inf,inf,inf,inf,inf,inf,inf,inf,inf,inf,inf,inf,inf,inf,inf,inf,inf,inf,inf,inf,inf,inf,inf,inf,inf,inf,inf,inf,inf,inf,8.875965118408203,8.84546184539795,8.817852973937988,8.793100357055664,8.771161079406738,8.75200366973877,9.028834342956543,inf,inf,inf,inf,inf,inf,inf,inf,inf,inf,inf,inf,inf,inf,inf,inf,inf,8.718584060668945,8.078187942504883,7.808488845825195,7.84498405456543,7.88424825668335,7.9263434410095215,7.97134256362915,8.01932430267334,8.0703706741333,inf,inf,inf,inf,inf,inf,inf,inf,inf,inf,inf,inf,inf,inf,9.10840892791748,8.891497611999512,8.687274932861328,8.494763374328613,8.375015258789062,8.498781204223633,8.628939628601074,8.765873908996582,8.909992218017578,inf,inf,inf,inf,inf,inf,inf,inf,inf,inf,inf,inf,inf,inf,inf,inf,inf,inf,inf,inf,inf,inf,inf,inf,inf,inf,inf,inf,inf,inf,inf,inf,inf,inf,inf,inf,inf,inf,inf,inf,inf,inf,inf,inf,inf,inf,inf,inf,inf,inf,inf,inf,inf,inf,inf,inf,inf,inf,inf,inf,inf,inf,inf,inf,inf,inf,inf,inf
1771970331342677351,-3.140000104904175,0.01749303564429283,inf,inf,inf,inf,inf,inf,inf,inf,inf,inf,inf,inf,inf,inf,inf,inf,inf,inf,inf,inf,inf,inf,inf,inf,inf,inf,inf,inf,inf,inf,inf,inf,inf,inf,inf,inf,inf,inf,inf,inf,inf,inf,inf,inf,inf,inf,inf,inf,inf,inf,inf,inf,inf,inf,inf,inf,inf,inf,inf,inf,inf,inf,inf,inf,inf,inf,inf,inf,inf,inf,inf,inf,inf,inf,inf,inf,inf,inf,inf,inf,inf,inf,inf,inf,inf,inf,inf,inf,inf,inf,inf,inf,inf,inf,inf,inf,inf,inf,inf,inf,inf,inf,inf,inf,inf,inf,inf,inf,inf,inf,inf,inf,inf,inf,inf,inf,inf,inf,inf,inf,inf,inf,inf,inf,inf,inf,inf,inf,inf,inf,inf,inf,inf,inf,inf,inf,inf,inf,inf,inf,inf,inf,inf,inf,inf,inf,inf,inf,inf,inf,inf,inf,inf,inf,inf,inf,inf,inf,inf,inf,inf,inf,inf,inf,inf,inf,inf,inf,inf,inf,inf,inf,inf,inf,inf,inf,inf,inf,inf,inf,inf,inf,inf,inf,inf,inf,inf,inf,inf,inf,inf,inf,inf,inf,inf,inf,inf,inf,inf,inf,inf,inf,inf,inf,inf,inf,inf,inf,inf,inf,inf,inf,inf,inf,inf,inf,inf,inf,inf,inf,inf,inf,inf,inf,inf,inf,inf,inf,inf,inf,inf,inf,inf,inf,inf,inf,8.876023292541504,8.845514297485352,8.817902565002441,8.793146133422852,8.77120304107666,8.752041816711426,9.02707576751709,inf,inf,inf,inf,inf,inf,inf,inf,inf,inf,inf,inf,inf,inf,inf,inf,inf,8.719334602355957,8.078816413879395,7.808457851409912,7.844950199127197,7.88421106338501,7.926301956176758,7.971297740936279,8.01927375793457,8.070317268371582,inf,inf,inf,inf,inf,inf,inf,inf,inf,inf,inf,inf,inf,inf,9.108641624450684,8.891716003417969,8.687477111816406,8.494953155517578,8.37487506866455,8.49863338470459,8.6287841796875,8.765708923339844,8.90981674194336,inf,inf,inf,inf,inf,inf,inf,inf,inf,inf,inf,inf,inf,inf,inf,inf,inf,inf,inf,inf,inf,inf,inf,inf,inf,inf,inf,inf,inf,inf,inf,inf,inf,inf,inf,inf,inf,inf,inf,inf,inf,inf,inf,inf,inf,inf,inf,inf,inf,inf,inf,inf,inf,inf,inf,inf,inf,inf,inf,inf,inf,inf,inf,inf,inf,inf,inf,inf
1771970331627499306,-3.140000104904175,0.01749303564429283,inf,inf,inf,inf,inf,inf,inf,inf,inf,inf,inf,inf,inf,inf,inf,inf,inf,inf,inf,inf,inf,inf,inf,inf,inf,inf,inf,inf,inf,inf,inf,inf,inf,inf,inf,inf,inf,inf,inf,inf,inf,inf,inf,inf,inf,inf,inf,inf,inf,inf,inf,inf,inf,inf,inf,inf,inf,inf,inf,inf,inf,inf,inf,inf,inf,inf,inf,inf,inf,inf,inf,inf,inf,inf,inf,inf,inf,inf,inf,inf,inf,inf,inf,inf,inf,inf,inf,inf,inf,inf,inf,inf,inf,inf,inf,inf,inf,inf,inf,inf,inf,inf,inf,inf,inf,inf,inf,inf,inf,inf,inf,inf,inf,inf,inf,inf,inf,inf,inf,inf,inf,inf,inf,inf,inf,inf,inf,inf,inf,inf,inf,inf,inf,inf,inf,inf,inf,inf,inf,inf,inf,inf,inf,inf,inf,inf,inf,inf,inf,inf,inf,inf,inf,inf,inf,inf,inf,inf,inf,inf,inf,inf,inf,inf,inf,inf,inf,inf,inf,inf,inf,inf,inf,inf,inf,inf,inf,inf,inf,inf,inf,inf,inf,inf,inf,inf,inf,inf,inf,inf,inf,inf,inf,inf,inf,inf,inf,inf,inf,inf,inf,inf,inf,inf,inf,inf,inf,inf,inf,inf,inf,inf,inf,inf,inf,inf,inf,inf,inf,inf,inf,inf,inf,inf,inf,inf,inf,inf,inf,inf,inf,inf,inf,inf,inf,inf,8.876062393188477,8.845549583435059,8.817934036254883,8.793172836303711,8.77122688293457,8.75206184387207,9.024746894836426,inf,inf,inf,inf,inf,inf,inf,inf,inf,inf,inf,inf,inf,inf,inf,inf,inf,8.720345497131348,8.079686164855957,7.808404922485352,7.844893932342529,7.884149074554443,7.926236629486084,7.971228122711182,8.019200325012207,8.070239067077637,inf,inf,inf,inf,inf,inf,inf,inf,inf,inf,inf,inf,inf,inf,9.108972549438477,8.892026901245117,8.687771797180176,8.495230674743652,8.374703407287598,8.498453140258789,8.628593444824219,8.765508651733398,8.909607887268066,inf,inf,inf,inf,inf,inf,inf,inf,inf,inf,inf,inf,inf,inf,inf,inf,inf,inf,inf,inf,inf,inf,inf,inf,inf,inf,inf,inf,inf,inf,inf,inf,inf,inf,inf,inf,inf,inf,inf,inf,inf,inf,inf,inf,inf,inf,inf,inf,inf,inf,inf,inf,inf,inf,inf,inf,inf,inf,inf,inf,inf,inf,inf,inf,inf,inf,inf,inf
1771970331811554603,-3.140000104904175,0.01749303564429283,inf,inf,inf,inf,inf,inf,inf,inf,inf,inf,inf,inf,inf,inf,inf,inf,inf,inf,inf,inf,inf,inf,inf,inf,inf,inf,inf,inf,inf,inf,inf,inf,inf,inf,inf,inf,inf,inf,inf,inf,inf,inf,inf,inf,inf,inf,inf,inf,inf,inf,inf,inf,inf,inf,inf,inf,inf,inf,inf,inf,inf,inf,inf,inf,inf,inf,inf,inf,inf,inf,inf,inf,inf,inf,inf,inf,inf,inf,inf,inf,inf,inf,inf,inf,inf,inf,inf,inf,inf,inf,inf,inf,inf,inf,inf,inf,inf,inf,inf,inf,inf,inf,inf,inf,inf,inf,inf,inf,inf,inf,inf,inf,inf,inf,inf,inf,inf,inf,inf,inf,inf,inf,inf,inf,inf,inf,inf,inf,inf,inf,inf,inf,inf,inf,inf,inf,inf,inf,inf,inf,inf,inf,inf,inf,inf,inf,inf,inf,inf,inf,inf,inf,inf,inf,inf,inf,inf,inf,inf,inf,inf,inf,inf,inf,inf,inf,inf,inf,inf,inf,inf,inf,inf,inf,inf,inf,inf,inf,inf,inf,inf,inf,inf,inf,inf,inf,inf,inf,inf,inf,inf,inf,inf,inf,inf,inf,inf,inf,inf,inf,inf,inf,inf,inf,inf,inf,inf,inf,inf,inf,inf,inf,inf,inf,inf,inf,inf,inf,inf,inf,inf,inf,inf,inf,inf,inf,inf,inf,inf,inf,inf,inf,inf,inf,inf,inf,8.876119613647461,8.845602035522461,8.817984580993652,8.793219566345215,8.771269798278809,8.752099990844727,9.022970199584961,inf,inf,inf,inf,inf,inf,inf,inf,inf,inf,inf,inf,inf,inf,inf,inf,inf,8.721104621887207,8.080323219299316,7.808372497558594,7.844858169555664,7.884110927581787,7.926194190979004,7.9711809158325195,8.019150733947754,8.070185661315918,inf,inf,inf,inf,inf,inf,inf,inf,inf,inf,inf,inf,inf,inf,9.109208106994629,8.892247200012207,8.68797779083252,8.49542236328125,8.37456226348877,8.498302459716797,8.628437042236328,8.765342712402344,8.909431457519531,inf,inf,inf,inf,inf,inf,inf,inf,inf,inf,inf,inf,inf,inf,inf,inf,inf,inf,inf,inf,inf,inf,inf,inf,inf,inf,inf,inf,inf,inf,inf,inf,inf,inf,inf,inf,inf,inf,inf,inf,inf,inf,inf,inf,inf,inf,inf,inf,inf,inf,inf,inf,inf,inf,inf,inf,inf,inf,inf,inf,inf,inf,inf,inf,inf,inf,inf,inf
1771970331962773783,-3.140000104904175,0.01749303564429283,inf,inf,inf,inf,inf,inf,inf,inf,inf,inf,inf,inf,inf,inf,inf,inf,inf,inf,inf,inf,inf,inf,inf,inf,inf,inf,inf,inf,inf,inf,inf,inf,inf,inf,inf,inf,inf,inf,inf,inf,inf,inf,inf,inf,inf,inf,inf,inf,inf,inf,inf,inf,inf,inf,inf,inf,inf,inf,inf,inf,inf,inf,inf,inf,inf,inf,inf,inf,inf,inf,inf,inf,inf,inf,inf,inf,inf,inf,inf,inf,inf,inf,inf,inf,inf,inf,inf,inf,inf,inf,inf,inf,inf,inf,inf,inf,inf,inf,inf,inf,inf,inf,inf,inf,inf,inf,inf,inf,inf,inf,inf,inf,inf,inf,inf,inf,inf,inf,inf,inf,inf,inf,inf,inf,inf,inf,inf,inf,inf,inf,inf,inf,inf,inf,inf,inf,inf,inf,inf,inf,inf,inf,inf,inf,inf,inf,inf,inf,inf,inf,inf,inf,inf,inf,inf,inf,inf,inf,inf,inf,inf,inf,inf,inf,inf,inf,inf,inf,inf,inf,inf,inf,inf,inf,inf,inf,inf,inf,inf,inf,inf,inf,inf,inf,inf,inf,inf,inf,inf,inf,inf,inf,inf,inf,inf,inf,inf,inf,inf,inf,inf,inf,inf,inf,inf,inf,inf,inf,inf,inf,inf,inf,inf,inf,inf,inf,inf,inf,inf,inf,inf,inf,inf,inf,inf,inf,inf,inf,inf,inf,inf,inf,inf,inf,inf,inf,8.876157760620117,8.845637321472168,8.818015098571777,8.793245315551758,8.771291732788086,8.752119064331055,9.020648002624512,inf,inf,inf,inf,inf,inf,inf,inf,inf,inf,inf,inf,inf,inf,inf,inf,inf,8.722112655639648,8.08119010925293,7.808319568634033,7.84480094909668,7.884050369262695,7.9261298179626465,7.971112251281738,8.01907730102539,8.070108413696289,inf,inf,inf,inf,inf,inf,inf,inf,inf,inf,inf,inf,inf,inf,9.109538078308105,8.892558097839355,8.68826961517334,8.495699882507324,8.374391555786133,8.498124122619629,8.62824821472168,8.765143394470215,8.909224510192871,inf,inf,inf,inf,inf,inf,inf,inf,inf,inf,inf,inf,inf,inf,inf,inf,inf,inf,inf,inf,inf,inf,inf,inf,inf,inf,inf,inf,inf,inf,inf,inf,inf,inf,inf,inf,inf,inf,inf,inf,inf,inf,inf,inf,inf,inf,inf,inf,inf,inf,inf,inf,inf,inf,inf,inf,inf,inf,inf,inf,inf,inf,inf,inf,inf,inf,inf,inf
1771970332123756068,-3.140000104904175,0.01749303564429283,inf,inf,inf,inf,inf,inf,inf,inf,inf,inf,inf,inf,inf,inf,inf,inf,inf,inf,inf,inf,inf,inf,inf,inf,inf,inf,inf,inf,inf,inf,inf,inf,inf,inf,inf,inf,inf,inf,inf,inf,inf,inf,inf,inf,inf,inf,inf,inf,inf,inf,inf,inf,inf,inf,inf,inf,inf,inf,inf,inf,inf,inf,inf,inf,inf,inf,inf,inf,inf,inf,inf,inf,inf,inf,inf,inf,inf,inf,inf,inf,inf,inf,inf,inf,inf,inf,inf,inf,inf,inf,inf,inf,inf,inf,inf,inf,inf,inf,inf,inf,inf,inf,inf,inf,inf,inf,inf,inf,inf,inf,inf,inf,inf,inf,inf,inf,inf,inf,inf,inf,inf,inf,inf,inf,inf,inf,inf,inf,inf,inf,inf,inf,inf,inf,inf,inf,inf,inf,inf,inf,inf,inf,inf,inf,inf,inf,inf,inf,inf,inf,inf,inf,inf,inf,inf,inf,inf,inf,inf,inf,inf,inf,inf,inf,inf,inf,inf,inf,inf,inf,inf,inf,inf,inf,inf,inf,inf,inf,inf,inf,inf,inf,inf,inf,inf,inf,inf,inf,inf,inf,inf,inf,inf,inf,inf,inf,inf,inf,inf,inf,inf,inf,inf,inf,inf,inf,inf,inf,inf,inf,inf,inf,inf,inf,inf,inf,inf,inf,inf,inf,inf,inf,inf,inf,inf,inf,inf,inf,inf,inf,inf,inf,inf,inf,inf,inf,8.87620735168457,8.845683097839355,8.818055152893066,8.793283462524414,8.771324157714844,8.752148628234863,9.018525123596191,inf,inf,inf,inf,inf,inf,inf,inf,inf,inf,inf,inf,inf,inf,inf,inf,inf,8.723029136657715,8.08197021484375,7.8082756996154785,7.844753742218018,7.883997917175293,7.926074028015137,7.971053600311279,8.019014358520508,8.070039749145508,inf,inf,inf,inf,inf,inf,inf,inf,inf,inf,inf,inf,inf,inf,9.109830856323242,8.89283275604248,8.688529968261719,8.495943069458008,8.374228477478027,8.497952461242676,8.628068923950195,8.76495361328125,8.90902328491211,inf,inf,inf,inf,inf,inf,inf,inf,inf,inf,inf,inf,inf,inf,inf,inf,inf,inf,inf,inf,inf,inf,inf,inf,inf,inf,inf,inf,inf,inf,inf,inf,inf,inf,inf,inf,inf,inf,inf,inf,inf,inf,inf,inf,inf,inf,inf,inf,inf,inf,inf,inf,inf,inf,inf,inf,inf,inf,inf,inf,inf,inf,inf,inf,inf,inf,inf,inf
1771970332251765927,-3.140000104904175,0.01749303564429283,inf,inf,inf,inf,inf,inf,inf,inf,inf,inf,inf,inf,inf,inf,inf,inf,inf,inf,inf,inf,inf,inf,inf,inf,inf,inf,inf,inf,inf,inf,inf,inf,inf,inf,inf,inf,inf,inf,inf,inf,inf,inf,inf,inf,inf,inf,inf,inf,inf,inf,inf,inf,inf,inf,inf,inf,inf,inf,inf,inf,inf,inf,inf,inf,inf,inf,inf,inf,inf,inf,inf,inf,inf,inf,inf,inf,inf,inf,inf,inf,inf,inf,inf,inf,inf,inf,inf,inf,inf,inf,inf,inf,inf,inf,inf,inf,inf,inf,inf,inf,inf,inf,inf,inf,inf,inf,inf,inf,inf,inf,inf,inf,inf,inf,inf,inf,inf,inf,inf,inf,inf,inf,inf,inf,inf,inf,inf,inf,inf,inf,inf,inf,inf,inf,inf,inf,inf,inf,inf,inf,inf,inf,inf,inf,inf,inf,inf,inf,inf,inf,inf,inf,inf,inf,inf,inf,inf,inf,inf,inf,inf,inf,inf,inf,inf,inf,inf,inf,inf,inf,inf,inf,inf,inf,inf,inf,inf,inf,inf,inf,inf,inf,inf,inf,inf,inf,inf,inf,inf,inf,inf,inf,inf,inf,inf,inf,inf,inf,inf,inf,inf,inf,inf,inf,inf,inf,inf,inf,inf,inf,inf,inf,inf,inf,inf,inf,inf,inf,inf,inf,inf,inf,inf,inf,inf,inf,inf,inf,inf,inf,inf,inf,inf,inf,inf,inf,8.876256942749023,8.845727920532227,8.818096160888672,8.793319702148438,8.77135944366455,8.752178192138672,9.01640510559082,inf,inf,inf,inf,inf,inf,inf,inf,inf,inf,inf,inf,inf,inf,inf,inf,inf,8.723943710327148,8.082747459411621,7.80823278427124,7.844705581665039,7.883945941925049,7.926018714904785,7.970993518829346,8.018950462341309,8.069972038269043,inf,inf,inf,inf,inf,inf,inf,inf,inf,inf,inf,inf,inf,inf,9.110123634338379,8.893107414245605,8.688786506652832,8.496186256408691,8.374066352844238,8.497783660888672,8.627889633178711,8.764764785766602,8.908824920654297,inf,inf,inf,inf,inf,inf,inf,inf,inf,inf,inf,inf,inf,inf,inf,inf,inf,inf,inf,inf,inf,inf,inf,inf,inf,inf,inf,inf,inf,inf,inf,inf,inf,inf,inf,inf,inf,inf,inf,inf,inf,inf,inf,inf,inf,inf,inf,inf,inf,inf,inf,inf,inf,inf,inf,inf,inf,inf,inf,inf,inf,inf,inf,inf,inf,inf,inf,inf
1771970332434858590,-3.140000104904175,0.01749303564429283,inf,inf,inf,inf,inf,inf,inf,inf,inf,inf,inf,inf,inf,inf,inf,inf,inf,inf,inf,inf,inf,inf,inf,inf,inf,inf,inf,inf,inf,inf,inf,inf,inf,inf,inf,inf,inf,inf,inf,inf,inf,inf,inf,inf,inf,inf,inf,inf,inf,inf,inf,inf,inf,inf,inf,inf,inf,inf,inf,inf,inf,inf,inf,inf,inf,inf,inf,inf,inf,inf,inf,inf,inf,inf,inf,inf,inf,inf,inf,inf,inf,inf,inf,inf,inf,inf,inf,inf,inf,inf,inf,inf,inf,inf,inf,inf,inf,inf,inf,inf,inf,inf,inf,inf,inf,inf,inf,inf,inf,inf,inf,inf,inf,inf,inf,inf,inf,inf,inf,inf,inf,inf,inf,inf,inf,inf,inf,inf,inf,inf,inf,inf,inf,inf,inf,inf,inf,inf,inf,inf,inf,inf,inf,inf,inf,inf,inf,inf,inf,inf,inf,inf,inf,inf,inf,inf,inf,inf,inf,inf,inf,inf,inf,inf,inf,inf,inf,inf,inf,inf,inf,inf,inf,inf,inf,inf,inf,inf,inf,inf,inf,inf,inf,inf,inf,inf,inf,inf,inf,inf,inf,inf,inf,inf,inf,inf,inf,inf,inf,inf,inf,inf,inf,inf,inf,inf,inf,inf,inf,inf,inf,inf,inf,inf,inf,inf,inf,inf,inf,inf,inf,inf,inf,inf,inf,inf,inf,inf,inf,inf,inf,inf,inf,inf,inf,inf,8.876302719116211,8.845769882202148,8.818135261535645,8.793354988098145,8.771389961242676,8.752204895019531,9.01445484161377,inf,inf,inf,inf,inf,inf,inf,inf,inf,inf,inf,inf,inf,inf,inf,inf,inf,8.724788665771484,8.083465576171875,7.808191776275635,7.844661712646484,7.883899688720703,7.925966739654541,7.970938205718994,8.018892288208008,8.06990909576416,inf,inf,inf,inf,inf,inf,inf,inf,inf,inf,inf,inf,inf,inf,9.110393524169922,8.89336109161377,8.68902587890625,8.496410369873047,8.373917579650879,8.497626304626465,8.627723693847656,8.764591217041016,8.908639907836914,inf,inf,inf,inf,inf,inf,inf,inf,inf,inf,inf,inf,inf,inf,inf,inf,inf,inf,inf,inf,inf,inf,inf,inf,inf,inf,inf,inf,inf,inf,inf,inf,inf,inf,inf,inf,inf,inf,inf,inf,inf,inf,inf,inf,inf,inf,inf,inf,inf,inf,inf,inf,inf,inf,inf,inf,inf,inf,inf,inf,inf,inf,inf,inf,inf,inf,inf,inf
1771970332696232841,-3.140000104904175,0.01749303564429283,inf,inf,inf,inf,inf,inf,inf,inf,inf,inf,inf,inf,inf,inf,inf,inf,inf,inf,inf,inf,inf,inf,inf,inf,inf,inf,inf,inf,inf,inf,inf,inf,inf,inf,inf,inf,inf,inf,inf,inf,inf,inf,inf,inf,inf,inf,inf,inf,inf,inf,inf,inf,inf,inf,inf,inf,inf,inf,inf,inf,inf,inf,inf,inf,inf,inf,inf,inf,inf,inf,inf,inf,inf,inf,inf,inf,inf,inf,inf,inf,inf,inf,inf,inf,inf,inf,inf,inf,inf,inf,inf,inf,inf,inf,inf,inf,inf,inf,inf,inf,inf,inf,inf,inf,inf,inf,inf,inf,inf,inf,inf,inf,inf,inf,inf,inf,inf,inf,inf,inf,inf,inf,inf,inf,inf,inf,inf,inf,inf,inf,inf,inf,inf,inf,inf,inf,inf,inf,inf,inf,inf,inf,inf,inf,inf,inf,inf,inf,inf,inf,inf,inf,inf,inf,inf,inf,inf,inf,inf,inf,inf,inf,inf,inf,inf,inf,inf,inf,inf,inf,inf,inf,inf,inf,inf,inf,inf,inf,inf,inf,inf,inf,inf,inf,inf,inf,inf,inf,inf,inf,inf,inf,inf,inf,inf,inf,inf,inf,inf,inf,inf,inf,inf,inf,inf,inf,inf,inf,inf,inf,inf,inf,inf,inf,inf,inf,inf,inf,inf,inf,inf,inf,inf,inf,inf,inf,inf,inf,inf,inf,inf,inf,inf,inf,inf,inf,8.876355171203613,8.845818519592285,8.818180084228516,8.79339599609375,8.7714262008667,8.752238273620605,9.012182235717773,inf,inf,inf,inf,inf,inf,inf,inf,inf,inf,inf,inf,inf,inf,inf,inf,inf,8.7257719039917,8.08430290222168,7.808144569396973,7.844611167907715,7.883843421936035,7.925907611846924,7.970874309539795,8.01882266998291,8.069835662841797,inf,inf,inf,inf,inf,inf,inf,inf,inf,inf,inf,inf,inf,inf,9.110708236694336,8.893655776977539,8.689301490783691,8.496671676635742,8.373744010925293,8.497443199157715,8.627531051635742,8.764388084411621,8.908426284790039,inf,inf,inf,inf,inf,inf,inf,inf,inf,inf,inf,inf,inf,inf,inf,inf,inf,inf,inf,inf,inf,inf,inf,inf,inf,inf,inf,inf,inf,inf,inf,inf,inf,inf,inf,inf,inf,inf,inf,inf,inf,inf,inf,inf,inf,inf,inf,inf,inf,inf,inf,inf,inf,inf,inf,inf,inf,inf,inf,inf,inf,inf,inf,inf,inf,inf,inf,inf
1771970332968639531,-3.140000104904175,0.01749303564429283,inf,inf,inf,inf,inf,inf,inf,inf,inf,inf,inf,inf,inf,inf,inf,inf,inf,inf,inf,inf,inf,inf,inf,inf,inf,inf,inf,inf,inf,inf,inf,inf,inf,inf,inf,inf,inf,inf,inf,inf,inf,inf,inf,inf,inf,inf,inf,inf,inf,inf,inf,inf,inf,inf,inf,inf,inf,inf,inf,inf,inf,inf,inf,inf,inf,inf,inf,inf,inf,inf,inf,inf,inf,inf,inf,inf,inf,inf,inf,inf,inf,inf,inf,inf,inf,inf,inf,inf,inf,inf,inf,inf,inf,inf,inf,inf,inf,inf,inf,inf,inf,inf,inf,inf,inf,inf,inf,inf,inf,inf,inf,inf,inf,inf,inf,inf,inf,inf,inf,inf,inf,inf,inf,inf,inf,inf,inf,inf,inf,inf,inf,inf,inf,inf,inf,inf,inf,inf,inf,inf,inf,inf,inf,inf,inf,inf,inf,inf,inf,inf,inf,inf,inf,inf,inf,inf,inf,inf,inf,inf,inf,inf,inf,inf,inf,inf,inf,inf,inf,inf,inf,inf,inf,inf,inf,inf,inf,inf,inf,inf,inf,inf,inf,inf,inf,inf,inf,inf,inf,inf,inf,inf,inf,inf,inf,inf,inf,inf,inf,inf,inf,inf,inf,inf,inf,inf,inf,inf,inf,inf,inf,inf,inf,inf,inf,inf,inf,inf,inf,inf,inf,inf,inf,inf,inf,inf,inf,inf,inf,inf,inf,inf,inf,inf,inf,inf,8.876401901245117,8.845860481262207,8.818218231201172,8.793429374694824,8.771456718444824,8.752264022827148,9.010238647460938,inf,inf,inf,inf,inf,inf,inf,inf,inf,inf,inf,inf,inf,inf,inf,inf,inf,8.726611137390137,8.0850191116333,7.808104038238525,7.84456729888916,7.883795261383057,7.92585563659668,7.970818996429443,8.01876449584961,8.069772720336914,inf,inf,inf,inf,inf,inf,inf,inf,inf,inf,inf,inf,inf,inf,9.110977172851562,8.893908500671387,8.689539909362793,8.496894836425781,8.373594284057617,8.497285842895508,8.627366065979004,8.764214515686035,8.908243179321289,inf,inf,inf,inf,inf,inf,inf,inf,inf,inf,inf,inf,inf,inf,inf,inf,inf,inf,inf,inf,inf,inf,inf,inf,inf,inf,inf,inf,inf,inf,inf,inf,inf,inf,inf,inf,inf,inf,inf,inf,inf,inf,inf,inf,inf,inf,inf,inf,inf,inf,inf,inf,inf,inf,inf,inf,inf,inf,inf,inf,inf,inf,inf,inf,inf,inf,inf,inf
1771970333143622726,-3.140000104904175,0.01749303564429283,inf,inf,inf,inf,inf,inf,inf,inf,inf,inf,inf,inf,inf,inf,inf,inf,inf,inf,inf,inf,inf,inf,inf,inf,inf,inf,inf,inf,inf,inf,inf,inf,inf,inf,inf,inf,inf,inf,inf,inf,inf,inf,inf,inf,inf,inf,inf,inf,inf,inf,inf,inf,inf,inf,inf,inf,inf,inf,inf,inf,inf,inf,inf,inf,inf,inf,inf,inf,inf,inf,inf,inf,inf,inf,inf,inf,inf,inf,inf,inf,inf,inf,inf,inf,inf,inf,inf,inf,inf,inf,inf,inf,inf,inf,inf,inf,inf,inf,inf,inf,inf,inf,inf,inf,inf,inf,inf,inf,inf,inf,inf,inf,inf,inf,inf,inf,inf,inf,inf,inf,inf,inf,inf,inf,inf,inf,inf,inf,inf,inf,inf,inf,inf,inf,inf,inf,inf,inf,inf,inf,inf,inf,inf,inf,inf,inf,inf,inf,inf,inf,inf,inf,inf,inf,inf,inf,inf,inf,inf,inf,inf,inf,inf,inf,inf,inf,inf,inf,inf,inf,inf,inf,inf,inf,inf,inf,inf,inf,inf,inf,inf,inf,inf,inf,inf,inf,inf,inf,inf,inf,inf,inf,inf,inf,inf,inf,inf,inf,inf,inf,inf,inf,inf,inf,inf,inf,inf,inf,inf,inf,inf,inf,inf,inf,inf,inf,inf,inf,inf,inf,inf,inf,inf,inf,inf,inf,inf,inf,inf,inf,inf,inf,inf,inf,inf,inf,8.876450538635254,8.845906257629395,8.818258285522461,8.79346752166748,8.771489143371582,8.752293586730957,9.008135795593262,inf,inf,inf,inf,inf,inf,inf,inf,inf,inf,inf,inf,inf,inf,inf,inf,inf,8.727522850036621,8.085794448852539,7.808061122894287,7.84451961517334,7.883744716644287,7.925800800323486,7.970760345458984,8.01870059967041,8.06970500946045,inf,inf,inf,inf,inf,inf,inf,inf,inf,inf,inf,inf,inf,inf,9.11126708984375,8.894182205200195,8.689797401428223,8.497136116027832,8.373434066772461,8.497117042541504,8.62718677520752,8.764026641845703,8.908045768737793,inf,inf,inf,inf,inf,inf,inf,inf,inf,inf,inf,inf,inf,inf,inf,inf,inf,inf,inf,inf,inf,inf,inf,inf,inf,inf,inf,inf,inf,inf,inf,inf,inf,inf,inf,inf,inf,inf,inf,inf,inf,inf,inf,inf,inf,inf,inf,inf,inf,inf,inf,inf,inf,inf,inf,inf,inf,inf,inf,inf,inf,inf,inf,inf,inf,inf,inf,inf
1771970333308560243,-3.140000104904175,0.01749303564429283,inf,inf,inf,inf,inf,inf,inf,inf,inf,inf,inf,inf,inf,inf,inf,inf,inf,inf,inf,inf,inf,inf,inf,inf,inf,inf,inf,inf,inf,inf,inf,inf,inf,inf,inf,inf,inf,inf,inf,inf,inf,inf,inf,inf,inf,inf,inf,inf,inf,inf,inf,inf,inf,inf,inf,inf,inf,inf,inf,inf,inf,inf,inf,inf,inf,inf,inf,inf,inf,inf,inf,inf,inf,inf,inf,inf,inf,inf,inf,inf,inf,inf,inf,inf,inf,inf,inf,inf,inf,inf,inf,inf,inf,inf,inf,inf,inf,inf,inf,inf,inf,inf,inf,inf,inf,inf,inf,inf,inf,inf,inf,inf,inf,inf,inf,inf,inf,inf,inf,inf,inf,inf,inf,inf,inf,inf,inf,inf,inf,inf,inf,inf,inf,inf,inf,inf,inf,inf,inf,inf,inf,inf,inf,inf,inf,inf,inf,inf,inf,inf,inf,inf,inf,inf,inf,inf,inf,inf,inf,inf,inf,inf,inf,inf,inf,inf,inf,inf,inf,inf,inf,inf,inf,inf,inf,inf,inf,inf,inf,inf,inf,inf,inf,inf,inf,inf,inf,inf,inf,inf,inf,inf,inf,inf,inf,inf,inf,inf,inf,inf,inf,inf,inf,inf,inf,inf,inf,inf,inf,inf,inf,inf,inf,inf,inf,inf,inf,inf,inf,inf,inf,inf,inf,inf,inf,inf,inf,inf,inf,inf,inf,inf,inf,inf,inf,inf,8.876496315002441,8.845947265625,8.818297386169434,8.793500900268555,8.77152156829834,8.752321243286133,9.006199836730957,inf,inf,inf,inf,inf,inf,inf,inf,inf,inf,inf,inf,inf,inf,inf,inf,inf,8.728362083435059,8.086508750915527,7.80802059173584,7.844474792480469,7.883697032928467,7.925750732421875,7.970705509185791,8.018641471862793,8.069643020629883,inf,inf,inf,inf,inf,inf,inf,inf,inf,inf,inf,inf,inf,inf,9.111536979675293,8.894433975219727,8.690032958984375,8.497358322143555,8.373284339904785,8.496960639953613,8.627021789550781,8.7638521194458,8.907861709594727,inf,inf,inf,inf,inf,inf,inf,inf,inf,inf,inf,inf,inf,inf,inf,inf,inf,inf,inf,inf,inf,inf,inf,inf,inf,inf,inf,inf,inf,inf,inf,inf,inf,inf,inf,inf,inf,inf,inf,inf,inf,inf,inf,inf,inf,inf,inf,inf,inf,inf,inf,inf,inf,inf,inf,inf,inf,inf,inf,inf,inf,inf,inf,inf,inf,inf,inf,inf
1771970333464402470,-3.140000104904175,0.01749303564429283,inf,inf,inf,inf,inf,inf,inf,inf,inf,inf,inf,inf,inf,inf,inf,inf,inf,inf,inf,inf,inf,inf,inf,inf,inf,inf,inf,inf,inf,inf,inf,inf,inf,inf,inf,inf,inf,inf,inf,inf,inf,inf,inf,inf,inf,inf,inf,inf,inf,inf,inf,inf,inf,inf,inf,inf,inf,inf,inf,inf,inf,inf,inf,inf,inf,inf,inf,inf,inf,inf,inf,inf,inf,inf,inf,inf,inf,inf,inf,inf,inf,inf,inf,inf,inf,inf,inf,inf,inf,inf,inf,inf,inf,inf,inf,inf,inf,inf,inf,inf,inf,inf,inf,inf,inf,inf,inf,inf,inf,inf,inf,inf,inf,inf,inf,inf,inf,inf,inf,inf,inf,inf,inf,inf,inf,inf,inf,inf,inf,inf,inf,inf,inf,inf,inf,inf,inf,inf,inf,inf,inf,inf,inf,inf,inf,inf,inf,inf,inf,inf,inf,inf,inf,inf,inf,inf,inf,inf,inf,inf,inf,inf,inf,inf,inf,inf,inf,inf,inf,inf,inf,inf,inf,inf,inf,inf,inf,inf,inf,inf,inf,inf,inf,inf,inf,inf,inf,inf,inf,inf,inf,inf,inf,inf,inf,inf,inf,inf,inf,inf,inf,inf,inf,inf,inf,inf,inf,inf,inf,inf,inf,inf,inf,inf,inf,inf,inf,inf,inf,inf,inf,inf,inf,inf,inf,inf,inf,inf,inf,inf,inf,inf,inf,inf,inf,inf,8.876543998718262,8.845993041992188,8.818338394165039,8.793538093566895,8.771553039550781,8.752349853515625,9.00410270690918,inf,inf,inf,inf,inf,inf,inf,inf,inf,inf,inf,inf,inf,inf,inf,inf,inf,8.72927188873291,8.087281227111816,7.807975769042969,7.844427585601807,7.883645534515381,7.925694465637207,7.970646858215332,8.01857852935791,8.069575309753418,inf,inf,inf,inf,inf,inf,inf,inf,inf,inf,inf,inf,inf,inf,9.11182689666748,8.894705772399902,8.690289497375488,8.497600555419922,8.373125076293945,8.496790885925293,8.626843452453613,8.763664245605469,8.907663345336914,inf,inf,inf,inf,inf,inf,inf,inf,inf,inf,inf,inf,inf,inf,inf,inf,inf,inf,inf,inf,inf,inf,inf,inf,inf,inf,inf,inf,inf,inf,inf,inf,inf,inf,inf,inf,inf,inf,inf,inf,inf,inf,inf,inf,inf,inf,inf,inf,inf,inf,inf,inf,inf,inf,inf,inf,inf,inf,inf,inf,inf,inf,inf,inf,inf,inf,inf,inf
1771970333589359146,-3.140000104904175,0.01749303564429283,inf,inf,inf,inf,inf,inf,inf,inf,inf,inf,inf,inf,inf,inf,inf,inf,inf,inf,inf,inf,inf,inf,inf,inf,inf,inf,inf,inf,inf,inf,inf,inf,inf,inf,inf,inf,inf,inf,inf,inf,inf,inf,inf,inf,inf,inf,inf,inf,inf,inf,inf,inf,inf,inf,inf,inf,inf,inf,inf,inf,inf,inf,inf,inf,inf,inf,inf,inf,inf,inf,inf,inf,inf,inf,inf,inf,inf,inf,inf,inf,inf,inf,inf,inf,inf,inf,inf,inf,inf,inf,inf,inf,inf,inf,inf,inf,inf,inf,inf,inf,inf,inf,inf,inf,inf,inf,inf,inf,inf,inf,inf,inf,inf,inf,inf,inf,inf,inf,inf,inf,inf,inf,inf,inf,inf,inf,inf,inf,inf,inf,inf,inf,inf,inf,inf,inf,inf,inf,inf,inf,inf,inf,inf,inf,inf,inf,inf,inf,inf,inf,inf,inf,inf,inf,inf,inf,inf,inf,inf,inf,inf,inf,inf,inf,inf,inf,inf,inf,inf,inf,inf,inf,inf,inf,inf,inf,inf,inf,inf,inf,inf,inf,inf,inf,inf,inf,inf,inf,inf,inf,inf,inf,inf,inf,inf,inf,inf,inf,inf,inf,inf,inf,inf,inf,inf,inf,inf,inf,inf,inf,inf,inf,inf,inf,inf,inf,inf,inf,inf,inf,inf,inf,inf,inf,inf,inf,inf,inf,inf,inf,inf,inf,inf,inf,inf,inf,8.876602172851562,8.846044540405273,8.818387031555176,8.793582916259766,8.771594047546387,8.752388954162598,9.002366065979004,inf,inf,inf,inf,inf,inf,inf,inf,inf,inf,inf,inf,inf,inf,inf,inf,inf,8.730018615722656,8.087910652160645,7.807944297790527,7.844392776489258,7.883607387542725,7.925652980804443,7.97059965133667,8.01852798461914,8.0695219039917,inf,inf,inf,inf,inf,inf,inf,inf,inf,inf,inf,inf,inf,inf,9.112059593200684,8.89492416381836,8.690492630004883,8.497788429260254,8.37298583984375,8.49664306640625,8.626688957214355,8.76349925994873,8.907490730285645,inf,inf,inf,inf,inf,inf,inf,inf,inf,inf,inf,inf,inf,inf,inf,inf,inf,inf,inf,inf,inf,inf,inf,inf,inf,inf,inf,inf,inf,inf,inf,inf,inf,inf,inf,inf,inf,inf,inf,inf,inf,inf,inf,inf,inf,inf,inf,inf,inf,inf,inf,inf,inf,inf,inf,inf,inf,inf,inf,inf,inf,inf,inf,inf,inf,inf,inf,inf
1771970333685024630,-3.140000104904175,0.01749303564429283,inf,inf,inf,inf,inf,inf,inf,inf,inf,inf,inf,inf,inf,inf,inf,inf,inf,inf,inf,inf,inf,inf,inf,inf,inf,inf,inf,inf,inf,inf,inf,inf,inf,inf,inf,inf,inf,inf,inf,inf,inf,inf,inf,inf,inf,inf,inf,inf,inf,inf,inf,inf,inf,inf,inf,inf,inf,inf,inf,inf,inf,inf,inf,inf,inf,inf,inf,inf,inf,inf,inf,inf,inf,inf,inf,inf,inf,inf,inf,inf,inf,inf,inf,inf,inf,inf,inf,inf,inf,inf,inf,inf,inf,inf,inf,inf,inf,inf,inf,inf,inf,inf,inf,inf,inf,inf,inf,inf,inf,inf,inf,inf,inf,inf,inf,inf,inf,inf,inf,inf,inf,inf,inf,inf,inf,inf,inf,inf,inf,inf,inf,inf,inf,inf,inf,inf,inf,inf,inf,inf,inf,inf,inf,inf,inf,inf,inf,inf,inf,inf,inf,inf,inf,inf,inf,inf,inf,inf,inf,inf,inf,inf,inf,inf,inf,inf,inf,inf,inf,inf,inf,inf,inf,inf,inf,inf,inf,inf,inf,inf,inf,inf,inf,inf,inf,inf,inf,inf,inf,inf,inf,inf,inf,inf,inf,inf,inf,inf,inf,inf,inf,inf,inf,inf,inf,inf,inf,inf,inf,inf,inf,inf,inf,inf,inf,inf,inf,inf,inf,inf,inf,inf,inf,inf,inf,inf,inf,inf,inf,inf,inf,inf,inf,inf,inf,inf,8.876646041870117,8.846086502075195,8.818425178527832,8.793618202209473,8.771626472473145,8.752415657043457,9.000438690185547,inf,inf,inf,inf,inf,inf,inf,inf,inf,inf,inf,inf,inf,inf,inf,inf,inf,8.730856895446777,8.088621139526367,7.807904243469238,7.844348907470703,7.883559703826904,7.925601005554199,7.970546245574951,8.01846981048584,8.069458961486816,inf,inf,inf,inf,inf,inf,inf,inf,inf,inf,inf,inf,inf,inf,9.112327575683594,8.895174980163574,8.690728187561035,8.498011589050293,8.372838020324707,8.496487617492676,8.6265230178833,8.763327598571777,8.907308578491211,inf,inf,inf,inf,inf,inf,inf,inf,inf,inf,inf,inf,inf,inf,inf,inf,inf,inf,inf,inf,inf,inf,inf,inf,inf,inf,inf,inf,inf,inf,inf,inf,inf,inf,inf,inf,inf,inf,inf,inf,inf,inf,inf,inf,inf,inf,inf,inf,inf,inf,inf,inf,inf,inf,inf,inf,inf,inf,inf,inf,inf,inf,inf,inf,inf,inf,inf,inf
1771970333861930482,-3.140000104904175,0.01749303564429283,inf,inf,inf,inf,inf,inf,inf,inf,inf,inf,inf,inf,inf,inf,inf,inf,inf,inf,inf,inf,inf,inf,inf,inf,inf,inf,inf,inf,inf,inf,inf,inf,inf,inf,inf,inf,inf,inf,inf,inf,inf,inf,inf,inf,inf,inf,inf,inf,inf,inf,inf,inf,inf,inf,inf,inf,inf,inf,inf,inf,inf,inf,inf,inf,inf,inf,inf,inf,inf,inf,inf,inf,inf,inf,inf,inf,inf,inf,inf,inf,inf,inf,inf,inf,inf,inf,inf,inf,inf,inf,inf,inf,inf,inf,inf,inf,inf,inf,inf,inf,inf,inf,inf,inf,inf,inf,inf,inf,inf,inf,inf,inf,inf,inf,inf,inf,inf,inf,inf,inf,inf,inf,inf,inf,inf,inf,inf,inf,inf,inf,inf,inf,inf,inf,inf,inf,inf,inf,inf,inf,inf,inf,inf,inf,inf,inf,inf,inf,inf,inf,inf,inf,inf,inf,inf,inf,inf,inf,inf,inf,inf,inf,inf,inf,inf,inf,inf,inf,inf,inf,inf,inf,inf,inf,inf,inf,inf,inf,inf,inf,inf,inf,inf,inf,inf,inf,inf,inf,inf,inf,inf,inf,inf,inf,inf,inf,inf,inf,inf,inf,inf,inf,inf,inf,inf,inf,inf,inf,inf,inf,inf,inf,inf,inf,inf,inf,inf,inf,inf,inf,inf,inf,inf,inf,inf,inf,inf,inf,inf,inf,inf,inf,inf,inf,inf,inf,8.876684188842773,8.84611988067627,8.818453788757324,8.7936429977417,8.771647453308105,8.752433776855469,8.998156547546387,inf,inf,inf,inf,inf,inf,inf,inf,inf,inf,inf,inf,inf,inf,inf,inf,inf,8.731854438781738,8.089479446411133,7.807852268218994,7.844292640686035,7.883500099182129,7.925537586212158,7.97047758102417,8.018397331237793,8.069382667541504,inf,inf,inf,inf,inf,inf,inf,inf,inf,inf,inf,inf,inf,inf,9.112652778625488,8.89548110961914,8.691018104553223,8.498284339904785,8.372668266296387,8.496309280395508,8.626338958740234,8.763131141662598,8.907103538513184,inf,inf,inf,inf,inf,inf,inf,inf,inf,inf,inf,inf,inf,inf,inf,inf,inf,inf,inf,inf,inf,inf,inf,inf,inf,inf,inf,inf,inf,inf,inf,inf,inf,inf,inf,inf,inf,inf,inf,inf,inf,inf,inf,inf,inf,inf,inf,inf,inf,inf,inf,inf,inf,inf,inf,inf,inf,inf,inf,inf,inf,inf,inf,inf,inf,inf,inf,inf
1771970334020163170,-3.140000104904175,0.01749303564429283,inf,inf,inf,inf,inf,inf,inf,inf,inf,inf,inf,inf,inf,inf,inf,inf,inf,inf,inf,inf,inf,inf,inf,inf,inf,inf,inf,inf,inf,inf,inf,inf,inf,inf,inf,inf,inf,inf,inf,inf,inf,inf,inf,inf,inf,inf,inf,inf,inf,inf,inf,inf,inf,inf,inf,inf,inf,inf,inf,inf,inf,inf,inf,inf,inf,inf,inf,inf,inf,inf,inf,inf,inf,inf,inf,inf,inf,inf,inf,inf,inf,inf,inf,inf,inf,inf,inf,inf,inf,inf,inf,inf,inf,inf,inf,inf,inf,inf,inf,inf,inf,inf,inf,inf,inf,inf,inf,inf,inf,inf,inf,inf,inf,inf,inf,inf,inf,inf,inf,inf,inf,inf,inf,inf,inf,inf,inf,inf,inf,inf,inf,inf,inf,inf,inf,inf,inf,inf,inf,inf,inf,inf,inf,inf,inf,inf,inf,inf,inf,inf,inf,inf,inf,inf,inf,inf,inf,inf,inf,inf,inf,inf,inf,inf,inf,inf,inf,inf,inf,inf,inf,inf,inf,inf,inf,inf,inf,inf,inf,inf,inf,inf,inf,inf,inf,inf,inf,inf,inf,inf,inf,inf,inf,inf,inf,inf,inf,inf,inf,inf,inf,inf,inf,inf,inf,inf,inf,inf,inf,inf,inf,inf,inf,inf,inf,inf,inf,inf,inf,inf,inf,inf,inf,inf,inf,inf,inf,inf,inf,inf,inf,inf,inf,inf,inf,inf,8.87673282623291,8.846165657043457,8.81849479675293,8.793680191040039,8.77168083190918,8.752463340759277,8.996072769165039,inf,inf,inf,inf,inf,inf,inf,inf,inf,inf,inf,inf,inf,inf,inf,inf,inf,8.732760429382324,8.090250968933105,7.8078083992004395,7.844245910644531,7.883449077606201,7.925482749938965,7.970418930053711,8.01833438873291,8.069314956665039,inf,inf,inf,inf,inf,inf,inf,inf,inf,inf,inf,inf,inf,inf,9.11294174194336,8.895753860473633,8.69127368927002,8.498525619506836,8.37250804901123,8.49614143371582,8.62615966796875,8.762944221496582,8.906905174255371,inf,inf,inf,inf,inf,inf,inf,inf,inf,inf,inf,inf,inf,inf,inf,inf,inf,inf,inf,inf,inf,inf,inf,inf,inf,inf,inf,inf,inf,inf,inf,inf,inf,inf,inf,inf,inf,inf,inf,inf,inf,inf,inf,inf,inf,inf,inf,inf,inf,inf,inf,inf,inf,inf,inf,inf,inf,inf,inf,inf,inf,inf,inf,inf,inf,inf,inf,inf
1771970334209452405,-3.140000104904175,0.01749303564429283,inf,inf,inf,inf,inf,inf,inf,inf,inf,inf,inf,inf,inf,inf,inf,inf,inf,inf,inf,inf,inf,inf,inf,inf,inf,inf,inf,inf,inf,inf,inf,inf,inf,inf,inf,inf,inf,inf,inf,inf,inf,inf,inf,inf,inf,inf,inf,inf,inf,inf,inf,inf,inf,inf,inf,inf,inf,inf,inf,inf,inf,inf,inf,inf,inf,inf,inf,inf,inf,inf,inf,inf,inf,inf,inf,inf,inf,inf,inf,inf,inf,inf,inf,inf,inf,inf,inf,inf,inf,inf,inf,inf,inf,inf,inf,inf,inf,inf,inf,inf,inf,inf,inf,inf,inf,inf,inf,inf,inf,inf,inf,inf,inf,inf,inf,inf,inf,inf,inf,inf,inf,inf,inf,inf,inf,inf,inf,inf,inf,inf,inf,inf,inf,inf,inf,inf,inf,inf,inf,inf,inf,inf,inf,inf,inf,inf,inf,inf,inf,inf,inf,inf,inf,inf,inf,inf,inf,inf,inf,inf,inf,inf,inf,inf,inf,inf,inf,inf,inf,inf,inf,inf,inf,inf,inf,inf,inf,inf,inf,inf,inf,inf,inf,inf,inf,inf,inf,inf,inf,inf,inf,inf,inf,inf,inf,inf,inf,inf,inf,inf,inf,inf,inf,inf,inf,inf,inf,inf,inf,inf,inf,inf,inf,inf,inf,inf,inf,inf,inf,inf,inf,inf,inf,inf,inf,inf,inf,inf,inf,inf,inf,inf,inf,inf,inf,inf,8.876781463623047,8.846209526062012,8.818535804748535,8.793716430664062,8.771714210510254,8.75249195098877,8.99399185180664,inf,inf,inf,inf,inf,inf,inf,inf,inf,inf,inf,inf,inf,inf,inf,inf,inf,8.73366641998291,8.091022491455078,7.807765007019043,7.844198703765869,7.883397579193115,7.925427436828613,7.9703593254089355,8.018272399902344,8.06924819946289,inf,inf,inf,inf,inf,inf,inf,inf,inf,inf,inf,inf,inf,inf,9.113231658935547,8.896024703979492,8.691529273986816,8.498764991760254,8.37234878540039,8.495972633361816,8.625982284545898,8.762757301330566,8.906708717346191,inf,inf,inf,inf,inf,inf,inf,inf,inf,inf,inf,inf,inf,inf,inf,inf,inf,inf,inf,inf,inf,inf,inf,inf,inf,inf,inf,inf,inf,inf,inf,inf,inf,inf,inf,inf,inf,inf,inf,inf,inf,inf,inf,inf,inf,inf,inf,inf,inf,inf,inf,inf,inf,inf,inf,inf,inf,inf,inf,inf,inf,inf,inf,inf,inf,inf,inf,inf
1771970334399889680,-3.140000104904175,0.01749303564429283,inf,inf,inf,inf,inf,inf,inf,inf,inf,inf,inf,inf,inf,inf,inf,inf,inf,inf,inf,inf,inf,inf,inf,inf,inf,inf,inf,inf,inf,inf,inf,inf,inf,inf,inf,inf,inf,inf,inf,inf,inf,inf,inf,inf,inf,inf,inf,inf,inf,inf,inf,inf,inf,inf,inf,inf,inf,inf,inf,inf,inf,inf,inf,inf,inf,inf,inf,inf,inf,inf,inf,inf,inf,inf,inf,inf,inf,inf,inf,inf,inf,inf,inf,inf,inf,inf,inf,inf,inf,inf,inf,inf,inf,inf,inf,inf,inf,inf,inf,inf,inf,inf,inf,inf,inf,inf,inf,inf,inf,inf,inf,inf,inf,inf,inf,inf,inf,inf,inf,inf,inf,inf,inf,inf,inf,inf,inf,inf,inf,inf,inf,inf,inf,inf,inf,inf,inf,inf,inf,inf,inf,inf,inf,inf,inf,inf,inf,inf,inf,inf,inf,inf,inf,inf,inf,inf,inf,inf,inf,inf,inf,inf,inf,inf,inf,inf,inf,inf,inf,inf,inf,inf,inf,inf,inf,inf,inf,inf,inf,inf,inf,inf,inf,inf,inf,inf,inf,inf,inf,inf,inf,inf,inf,inf,inf,inf,inf,inf,inf,inf,inf,inf,inf,inf,inf,inf,inf,inf,inf,inf,inf,inf,inf,inf,inf,inf,inf,inf,inf,inf,inf,inf,inf,inf,inf,inf,inf,inf,inf,inf,inf,inf,inf,inf,inf,inf,8.876825332641602,8.846250534057617,8.818573951721191,8.793749809265137,8.771743774414062,8.752518653869629,8.992073059082031,inf,inf,inf,inf,inf,inf,inf,inf,inf,inf,inf,inf,inf,inf,inf,inf,inf,8.734502792358398,8.0917329788208,7.8077239990234375,7.844153881072998,7.883350849151611,7.9253764152526855,7.970305919647217,8.018213272094727,8.069185256958008,inf,inf,inf,inf,inf,inf,inf,inf,inf,inf,inf,inf,inf,inf,9.11349868774414,8.896275520324707,8.691764831542969,8.498987197875977,8.372200965881348,8.495817184448242,8.625819206237793,8.762584686279297,8.906526565551758,inf,inf,inf,inf,inf,inf,inf,inf,inf,inf,inf,inf,inf,inf,inf,inf,inf,inf,inf,inf,inf,inf,inf,inf,inf,inf,inf,inf,inf,inf,inf,inf,inf,inf,inf,inf,inf,inf,inf,inf,inf,inf,inf,inf,inf,inf,inf,inf,inf,inf,inf,inf,inf,inf,inf,inf,inf,inf,inf,inf,inf,inf,inf,inf,inf,inf,inf,inf
1771970334679722933,-3.140000104904175,0.01749303564429283,inf,inf,inf,inf,inf,inf,inf,inf,inf,inf,inf,inf,inf,inf,inf,inf,inf,inf,inf,inf,inf,inf,inf,inf,inf,inf,inf,inf,inf,inf,inf,inf,inf,inf,inf,inf,inf,inf,inf,inf,inf,inf,inf,inf,inf,inf,inf,inf,inf,inf,inf,inf,inf,inf,inf,inf,inf,inf,inf,inf,inf,inf,inf,inf,inf,inf,inf,inf,inf,inf,inf,inf,inf,inf,inf,inf,inf,inf,inf,inf,inf,inf,inf,inf,inf,inf,inf,inf,inf,inf,inf,inf,inf,inf,inf,inf,inf,inf,inf,inf,inf,inf,inf,inf,inf,inf,inf,inf,inf,inf,inf,inf,inf,inf,inf,inf,inf,inf,inf,inf,inf,inf,inf,inf,inf,inf,inf,inf,inf,inf,inf,inf,inf,inf,inf,inf,inf,inf,inf,inf,inf,inf,inf,inf,inf,inf,inf,inf,inf,inf,inf,inf,inf,inf,inf,inf,inf,inf,inf,inf,inf,inf,inf,inf,inf,inf,inf,inf,inf,inf,inf,inf,inf,inf,inf,inf,inf,inf,inf,inf,inf,inf,inf,inf,inf,inf,inf,inf,inf,inf,inf,inf,inf,inf,inf,inf,inf,inf,inf,inf,inf,inf,inf,inf,inf,inf,inf,inf,inf,inf,inf,inf,inf,inf,inf,inf,inf,inf,inf,inf,inf,inf,inf,inf,inf,inf,inf,inf,inf,inf,inf,inf,inf,inf,inf,inf,8.876875877380371,8.846295356750488,8.818613052368164,8.793787002563477,8.771777153015137,8.752548217773438,8.989996910095215,inf,inf,inf,inf,inf,inf,inf,inf,inf,inf,inf,inf,inf,inf,inf,inf,inf,8.735407829284668,8.09250259399414,7.807680606842041,7.844107627868652,7.883299350738525,7.92532205581665,7.970246315002441,8.018150329589844,8.06911849975586,inf,inf,inf,inf,inf,inf,inf,inf,inf,inf,inf,inf,inf,inf,9.113788604736328,8.896547317504883,8.69201946258545,8.499226570129395,8.372040748596191,8.495650291442871,8.625642776489258,8.762398719787598,8.906330108642578,inf,inf,inf,inf,inf,inf,inf,inf,inf,inf,inf,inf,inf,inf,inf,inf,inf,inf,inf,inf,inf,inf,inf,inf,inf,inf,inf,inf,inf,inf,inf,inf,inf,inf,inf,inf,inf,inf,inf,inf,inf,inf,inf,inf,inf,inf,inf,inf,inf,inf,inf,inf,inf,inf,inf,inf,inf,inf,inf,inf,inf,inf,inf,inf,inf,inf,inf,inf
