t_ns,parent,child,tx,ty,tz,yaw
1771970259762743088,robot1/odom,robot1/base_link,-0.25915889250619895,0.012271719521566998,0.0,-0.0946493529137431
1771970259911077874,robot1/odom,robot1/base_link,-0.25913267029350084,0.012269230155891764,0.0,-0.09465027083652794
1771970260017114629,robot1/base_link,robot1/base_footprint,0.0,0.0,0.0,0.0
1771970260017114629,robot1/chassis,robot1/camera_link,0.305,0.0,0.08,0.0
1771970260017114629,robot1/camera_link,robot1/camera_link_optical,0.0,0.0,0.0,-1.5707963267948963
1771970260017114629,robot1/chassis,robot1/caster_wheel,0.24,0.0,0.0,0.0
1771970260017114629,robot1/base_link,robot1/chassis,-0.1,0.0,0.0,0.0
1771970260017114629,robot1/chassis,robot1/imu_link,0.15,0.0,0.075,0.0
1771970260017114629,robot1/chassis,robot1/laser_frame,0.1,0.0,0.175,0.0
1771970260053355975,robot1/odom,robot1/base_link,-0.25916468666883935,0.012272269621775382,0.0,-0.0946518438487811
1771970260287224960,robot1/odom,robot1/base_link,-0.2591384644379592,0.012269780188597118,0.0,-0.09465275197430499
1771970260389589039,robot1/odom,robot1/base_link,-0.2591704806016107,0.012272819714383782,0.0,-0.09465431565185234
1771970260447855693,robot1/odom,robot1/base_link,-0.25914425865756596,0.012270330243162207,0.0,-0.0946552143015743
1771970260501908545,robot1/odom,robot1/base_link,-0.2591762747447195,0.012273369841087204,0.0,-0.0946567689648372
1771970260553131794,robot1/odom,robot1/base_link,-0.25915005292515,0.012270880316894219,0.0,-0.09465765844694182
1771970260619764735,robot1/odom,robot1/base_link,-0.2591820688749529,0.012273919980594543,0.0,-0.09465920437465837
1771970260681724278,robot1/odom,robot1/base_link,-0.25915584723787455,0.012271430409408781,0.0,-0.09466008498153532
1771970260743285836,robot1/odom,robot1/base_link,-0.25918786308145414,0.012274470141275765,0.0,-0.0946616224514536
1771970260792968555,robot1/odom,robot1/base_link,-0.2591616415825034,0.012271980519340859,0.0,-0.09466249446197507
1771970260834356300,robot1/odom,robot1/base_link,-0.2591936573078171,0.012275020317681401,0.0,-0.0946640237327975
1771970260874936674,map,map_ned,0.0,0.0,0.0,1.5707963267948963
1771970260874936674,odom,odom_ned,0.0,0.0,0.0,1.5707963267948963
1771970260874936674,base_link,base_link_frd,0.0,0.0,0.0,0.0
1771970260889484783,robot1/odom,robot1/base_link,-0.25916743595162584,0.012272530645878642,0.0,-0.09466488741225405
1771970260943082939,robot1/odom,robot1/base_link,-0.2591994515668635,0.012275570510942857,0.0,-0.09466640873304608
1771970261023919578,robot1/odom,robot1/base_link,-0.2591732303359776,0.012273080788043051,0.0,-0.09466726433418401
1771970261231912789,robot1/odom,robot1/base_link,-0.25920524583980653,0.012276120719189078,0.0,-0.0946687779408947
1771970261317108340,robot1/odom,robot1/base_link,-0.2591790247279846,0.012273630945014796,0.0,-0.09466962570436652
1771970261363838830,robot1/odom,robot1/base_link,-0.2592110401235037,0.012276670942037037,0.0,-0.09467113182231836
1771970261433862054,robot1/odom,robot1/base_link,-0.25918481912004276,0.012274181115974982,0.0,-0.09467197197734416
1771970261487388921,robot1/odom,robot1/base_link,-0.2592168344082299,0.012277221178484224,0.0,-0.09467347082088828
1771970261659446310,robot1/odom,robot1/base_link,-0.25919061350527417,0.012274731300179784,0.0,-0.09467430358578431
1771970261745071035,robot1/odom,robot1/base_link,-0.25922262868805596,0.012277771427884724,0.0,-0.0946757953592485
1771970261806243226,robot1/odom,robot1/base_link,-0.2591964078771234,0.01227528149691272,0.0,-0.0946766209420009
1771970261868609324,robot1/odom,robot1/base_link,-0.2592284229559319,0.012278321689490312,0.0,-0.09467810584000091
1771970261939282560,robot1/odom,robot1/base_link,-0.2592022022295035,0.012275831705506425,0.0,-0.09467892443873964
1771970262019013147,robot1/odom,robot1/base_link,-0.2592342172059511,0.012278871962668648,0.0,-0.0946804026467534
1771970262128146279,robot1/odom,robot1/base_link,-0.2592079965566871,0.012276381925335502,0.0,-0.09468121445026663
1771970262180047780,robot1/odom,robot1/base_link,-0.25924001143224557,0.012279422246788312,0.0,-0.09468268614500461
1771970262244621315,robot1/odom,robot1/base_link,-0.2592137908533172,0.012276932155807456,0.0,-0.09468349133318565
1771970262302169389,robot1/odom,robot1/base_link,-0.25924580562946875,0.012279972541268684,0.0,-0.0946849566830904
1771970262394185378,robot1/odom,robot1/base_link,-0.2592195851143685,0.012277482396363022,0.0,-0.09468575542739206
1771970262466903827,robot1/odom,robot1/base_link,-0.25017349461502986,0.011402190960406677,0.0,-0.09823185737679906
1771970262618065809,robot1/odom,robot1/base_link,-0.23659266370960824,0.010042576433306648,0.0,-0.10132874128985438
1771970262810085481,robot1/odom,robot1/base_link,-0.22160138504758675,0.008502155385309393,0.0,-0.1034614794955362
1771970262892117805,robot1/odom,robot1/base_link,-0.2063453733198793,0.006904927968127425,0.0,-0.10516837384173812
1771970262967311093,robot1/odom,robot1/base_link,-0.1904935458667908,0.005220223032284065,0.0,-0.10659328312672839
1771970263014939324,robot1/odom,robot1/base_link,-0.17131172372765735,0.0031664928714450254,0.0,-0.10672703871340443
1771970263072689630,robot1/odom,robot1/base_link,-0.1527335353777767,0.0011801415167322226,0.0,-0.10630060236877253
1771970263123692922,robot1/odom,robot1/base_link,-0.134525321595784,-0.0007601201298010785,0.0,-0.10601757793110708
1771970263197544031,robot1/odom,robot1/base_link,-0.11654795183969965,-0.0026719891879868687,0.0,-0.1058832546283424
1771970263286738162,robot1/odom,robot1/base_link,-0.09857934963289115,-0.004581136080070179,0.0,-0.10582059523824079
1771970263385150567,robot1/odom,robot1/base_link,-0.08069627043665714,-0.006480352471969455,0.0,-0.10578994329071603
1771970263473355293,robot1/odom,robot1/base_link,-0.0627657314614416,-0.008384159761954993,0.0,-0.10577102530643154
1771970263543171775,robot1/odom,robot1/base_link,-0.04489765954237838,-0.010281047515597622,0.0,-0.10575817878389338
1771970263608174748,robot1/odom,robot1/base_link,-0.026973075850565374,-0.012183711349907436,0.0,-0.105746392835679
1771970263686317010,robot1/odom,robot1/base_link,-0.009107318638971445,-0.014079934790466864,0.0,-0.10573647475900148
1771970263759344431,robot1/odom,robot1/base_link,0.008816316567883523,-0.015982115079246052,0.0,-0.10572585093429443
1771970263828543048,robot1/odom,robot1/base_link,0.026681716805448633,-0.01787793265643746,0.0,-0.10571628130823334
1771970264399054970,robot1/odom,robot1/base_link,0.04460525109933709,-0.01977973798683982,0.0,-0.10570585220969086
1771970264448941388,robot1/odom,robot1/base_link,0.06247062697501971,-0.021675192696108098,0.0,-0.10569639598737597
1771970264528327522,robot1/odom,robot1/base_link,0.08039417113917047,-0.02357663881018177,0.0,-0.10568598496756515
1771970264615683282,robot1/odom,robot1/base_link,0.09825957320920162,-0.02547173745199765,0.0,-0.10567653808382264
1771970264708203047,robot1/odom,robot1/base_link,0.11618315372480603,-0.027372827520873524,0.0,-0.10566613016322825
1771970264789193107,robot1/odom,robot1/base_link,0.1340485930428749,-0.029267571412480542,0.0,-0.10565668372999995
1771970264835914276,robot1/odom,robot1/base_link,0.15197220935996855,-0.031168305409698827,0.0,-0.10564627531822383
1771970264886170523,robot1/odom,robot1/base_link,0.1698376856037894,-0.033062694505352014,0.0,-0.10563682811231159
1771970264928578153,robot1/odom,robot1/base_link,0.1877613399472031,-0.03496307263913321,0.0,-0.10562641868262576
1771970264992108242,robot1/odom,robot1/base_link,0.20562685401621053,-0.03685710699866702,0.0,-0.1056169703836401
1771970265060653118,robot1/odom,robot1/base_link,0.22355054562952023,-0.03875712914929217,0.0,-0.10560655978017779
1771970265114188448,robot1/odom,robot1/base_link,0.24141609715858112,-0.04065080869183044,0.0,-0.10559711021731172
1771970265153244886,robot1/odom,robot1/base_link,0.25933982631464586,-0.04255047483882837,0.0,-0.10558669787189869
1771970265213345475,robot1/odom,robot1/base_link,0.2772054149314067,-0.044443799444825044,0.0,-0.10557724423767768
1771970265256420632,robot1/odom,robot1/base_link,0.2951291922886834,-0.046343111185996655,0.0,-0.10556689344443865
1771970265301575103,robot1/odom,robot1/base_link,0.3129948105008686,-0.04823608074709437,0.0,-0.10555739662684631
1771970265398354199,robot1/odom,robot1/base_link,0.3309186249603888,-0.05013503555095563,0.0,-0.10554692113393574
1771970265462600415,robot1/odom,robot1/base_link,0.34878428036735193,-0.05202764909769732,0.0,-0.10553752043845513
1771970265519709641,robot1/odom,robot1/base_link,0.3667081221224669,-0.05392624710361399,0.0,-0.10552710739626092
1771970265562242168,robot1/odom,robot1/base_link,0.3845738241862063,-0.055818507167634354,0.0,-0.10551765496262494
1771970265645632732,robot1/odom,robot1/base_link,0.4024977038391011,-0.057716749109452466,0.0,-0.10550723997367494
1771970265820533003,robot1/odom,robot1/base_link,0.42036344362759165,-0.05960865423193304,0.0,-0.10549778645689618
1771970265862853919,robot1/odom,robot1/base_link,0.4382873609316689,-0.06150654003781718,0.0,-0.10548737053942751
1771970265909541874,robot1/odom,robot1/base_link,0.4561531383668588,-0.06339809017662172,0.0,-0.1054779161794396
1771970265963348119,robot1/odom,robot1/base_link,0.4740770932988869,-0.06529561981290855,0.0,-0.10546749942236411
1771970266020244230,robot1/odom,robot1/base_link,0.4919429083616475,-0.06718681493564296,0.0,-0.10545804426322371
1771970266079872552,robot1/odom,robot1/base_link,0.5098669009105752,-0.06908398837147163,0.0,-0.10544762668919187
1771970266134067089,robot1/odom,robot1/base_link,0.527732753584391,-0.07097482844758887,0.0,-0.10543817073249707
1771970266177113048,robot1/odom,robot1/base_link,0.5456567837369982,-0.07287164565206544,0.0,-0.10542775231051861
1771970266231000774,robot1/odom,robot1/base_link,0.5635226739842145,-0.07476213064648288,0.0,-0.10541829542910097
1771970266300059615,robot1/odom,robot1/base_link,0.5814467416384058,-0.07665859157234552,0.0,-0.10540787566256091
1771970266349601694,robot1/odom,robot1/base_link,0.5993126685268969,-0.07854872129865238,0.0,-0.10539841268365409
1771970266416375858,robot1/odom,robot1/base_link,0.6172367759638063,-0.08044482617646413,0.0,-0.10538800527101763
1771970266470372288,robot1/odom,robot1/base_link,0.6351027406181439,-0.08233460096859746,0.0,-0.10537854747814909
1771970266546931783,robot1/odom,robot1/base_link,0.6530268846207254,-0.08423034948601109,0.0,-0.10536812043226869
1771970266623398175,robot1/odom,robot1/base_link,0.659185141535283,-0.08478676850991283,0.0,-0.07484918935944826
1771970266708130647,robot1/odom,robot1/base_link,0.6639264259431625,-0.08506645693247258,0.0,-0.04299426919707778
1771970266764188047,robot1/odom,robot1/base_link,0.6677364441012775,-0.08516670518232725,0.0,-0.009617094355537335
1771970266816698027,robot1/odom,robot1/base_link,0.6696660829171912,-0.08515085921504276,0.0,0.02604049025450373
1771970266867041134,robot1/odom,robot1/base_link,0.6705102780459863,-0.08511345431769363,0.0,0.06251829603721713
1771970266912645779,robot1/odom,robot1/base_link,0.6708222642650628,-0.08508823224625928,0.0,0.09881792065394338
1771970266975877623,robot1/odom,robot1/base_link,0.671012696209863,-0.08506587087768983,0.0,0.13496044022798648
1771970267023489313,robot1/odom,robot1/base_link,0.6710719368548238,-0.08505673605312654,0.0,0.17102677584067077
1771970267074854918,robot1/odom,robot1/base_link,0.6711608203422819,-0.08503973009884609,0.0,0.20706113146144461
1771970267127514443,robot1/odom,robot1/base_link,0.6711801019952732,-0.08503531555520716,0.0,0.24308160163015496
1771970267185246848,robot1/odom,robot1/base_link,0.6712513104970036,-0.08501628941294109,0.0,0.279098730492465
1771970267234614822,robot1/odom,robot1/base_link,0.6712640182686214,-0.08501239871952962,0.0,0.3151101677214383
1771970267314736577,robot1/odom,robot1/base_link,0.6713313390230767,-0.0849891050525403,0.0,0.3511218522526388
1771970267332729359,robot1/odom,robot1/base_link,0.6713423761474795,-0.08498483523649177,0.0,0.3871326635523769
1771970267372318579,robot1/odom,robot1/base_link,0.6714072009614976,-0.08495703427820078,0.0,0.42314335781923607
1771970267424567298,robot1/odom,robot1/base_link,0.671417511973014,-0.08495216558127408,0.0,0.4591534553120699
1771970267579326423,robot1/odom,robot1/base_link,0.6714798798038712,-0.08491992113093186,0.0,0.49516353933252205
1771970267642086507,robot1/odom,robot1/base_link,0.671489563814473,-0.08491446394152043,0.0,0.5311731193252147
1771970267736771090,robot1/odom,robot1/base_link,0.6715492053779786,-0.084877964815135,0.0,0.5671827052858627
1771970267785835359,robot1/odom,robot1/base_link,0.6715582425541631,-0.08487197671271768,0.0,0.6031918439645807
1771970267841999039,robot1/odom,robot1/base_link,0.6716148786747929,-0.08483144129249202,0.0,0.6392010018279082
1771970267887501852,robot1/odom,robot1/base_link,0.6716232459847882,-0.0848249847692868,0.0,0.6752097628374468
1771970267973164995,robot1/odom,robot1/base_link,0.6717746468504239,-0.08470187399443438,0.0,0.6901994846121738
1771970268020891801,robot1/odom,robot1/base_link,0.6717509918520712,-0.08472187755743764,0.0,0.7137128749357107
1771970268086755383,robot1/odom,robot1/base_link,0.6717470382021269,-0.08472542060001996,0.0,0.7476491920196119
1771970268154420964,robot1/odom,robot1/base_link,0.671726732369376,-0.08474493305223729,0.0,0.7833023465447575
1771970268205984449,robot1/odom,robot1/base_link,0.6717626146847392,-0.08470789301595967,0.0,0.8192434681710549
1771970268260671234,robot1/odom,robot1/base_link,0.6717645068411983,-0.08470579375202972,0.0,0.8552361991950376
1771970268307117421,robot1/odom,robot1/base_link,0.6718069855486112,-0.08465511060217028,0.0,0.8912399691870443
1771970268343427311,robot1/odom,robot1/base_link,0.671812273146207,-0.08464831941201201,0.0,0.9272463678305339
1771970268543899855,robot1/odom,robot1/base_link,0.6718519896141042,-0.08459333446926495,0.0,0.9632538097902303
1771970268621116934,robot1/odom,robot1/base_link,0.677111030469177,-0.07692272622116406,0.0,0.9763340703704656
1771970268705447810,robot1/odom,robot1/base_link,0.6787768391744824,-0.07439528559403633,0.0,0.9997820415392854
1771970268792310586,robot1/odom,robot1/base_link,0.6800991854537943,-0.07225697262621067,0.0,1.0341231236275248
1771970268837314273,robot1/odom,robot1/base_link,0.6810867893532229,-0.07052933106733218,0.0,1.0688455792094393
1771970268890683659,robot1/odom,robot1/base_link,0.6814617002250849,-0.06981584106779791,0.0,1.105131077354832
1771970268956778040,robot1/odom,robot1/base_link,0.6816290871850217,-0.06946713200607116,0.0,1.1413908125705066
1771970269070543804,robot1/odom,robot1/base_link,0.6816828703101955,-0.06934383937350508,0.0,1.177525060340024
1771970269124680334,robot1/odom,robot1/base_link,0.681726199422429,-0.06923384004006466,0.0,1.2135882528234727
1771970269180336041,robot1/odom,robot1/base_link,0.6817357025406182,-0.0692069059600238,0.0,1.24961909891528
1771970269262052778,robot1/odom,robot1/base_link,0.6817582038451077,-0.06913497342484978,0.0,1.2856367951719065
1771970269308061123,robot1/odom,robot1/base_link,0.6817612330693061,-0.069123905582648,0.0,1.3216488709057101
1771970269381959971,robot1/odom,robot1/base_link,0.6817768889960913,-0.06905738331118333,0.0,1.3576591062401648
1771970269422113500,robot1/odom,robot1/base_link,0.6817785393934436,-0.06904903311409108,0.0,1.3936680974259195
1771970269462701222,robot1/odom,robot1/base_link,0.6817891904517946,-0.06898266299855559,0.0,1.4296785871335242
1771970269523424358,robot1/odom,robot1/base_link,0.6817901545775149,-0.06897487139949053,0.0,1.4656873977111597
1771970269585024081,robot1/odom,robot1/base_link,0.681795951035795,-0.06890849347555082,0.0,1.5016969943550194
1771970269645038627,robot1/odom,robot1/base_link,0.6817963409307071,-0.06890086926923077,0.0,1.5377065151159208
1771970269699984545,robot1/odom,robot1/base_link,0.6817973425438517,-0.06883447525219212,0.0,1.5737166377902874
1771970269764462527,robot1/odom,robot1/base_link,0.6817971871699783,-0.06882705117735181,0.0,1.6097266701468667
1771970269821022722,robot1/odom,robot1/base_link,0.6817934201020346,-0.06876095912636794,0.0,1.6457373635504646
1771970269864533202,robot1/odom,robot1/base_link,0.6817927486485316,-0.06875375584291522,0.0,1.6817479668365887
1771970269939938229,robot1/odom,robot1/base_link,0.6817895216801508,-0.0687265997718521,0.0,1.6963963427732698
1771970270049000352,robot1/odom,robot1/base_link,0.6817501779052414,-0.06841945400384161,0.0,1.6998049117449796
1771970270099410183,robot1/odom,robot1/base_link,0.6817414988977873,-0.0683525785154882,0.0,1.6999023024918494
1771970270161654015,robot1/odom,robot1/base_link,0.6817435280041998,-0.06836820594523914,0.0,1.699930822711375
1771970270216453831,robot1/odom,robot1/base_link,0.681739332235245,-0.06833589757118932,0.0,1.6999488758848647
1771970270259669299,robot1/odom,robot1/base_link,0.6817431473718963,-0.06836527147288866,0.0,1.6999614065030209
1771970270299864729,robot1/odom,robot1/base_link,0.6817395834818707,-0.06833783458887796,0.0,1.6999730203602619
1771970270381986266,robot1/odom,robot1/base_link,0.6817436475998453,-0.068369119872527,0.0,1.6999829979815109
1771970270444299185,robot1/odom,robot1/base_link,0.6817402235475679,-0.06834276388929442,0.0,1.6999935853056438
1771970270483991908,robot1/odom,robot1/base_link,0.6817443443674541,-0.06837448060678052,0.0,1.7000031408783356
1771970270523283306,robot1/odom,robot1/base_link,0.6817409234211689,-0.06834815266538974,0.0,1.7000135642960137
1771970270569379239,robot1/odom,robot1/base_link,0.6817816050476546,-0.06863735114353978,0.0,1.7210856112719382
1771970270655371857,robot1/odom,robot1/base_link,0.6817849489167455,-0.06865720385388378,0.0,1.7542423159512415
1771970270773191661,robot1/odom,robot1/base_link,0.6817924697336821,-0.06869407685562193,0.0,1.7897613990974304
1771970270825510137,robot1/odom,robot1/base_link,0.6817814935372437,-0.06864861930137334,0.0,1.825681907754657
1771970270903658513,robot1/odom,robot1/base_link,0.6817808108432277,-0.06864617991688526,0.0,1.8616744848522413
1771970270961674131,robot1/odom,robot1/base_link,0.6785821991717291,-0.05806195377304086,0.0,1.86687614117551
1771970271057451878,robot1/odom,robot1/base_link,0.6750561453295849,-0.046612841044212955,0.0,1.8722329509703017
1771970271147224034,robot1/odom,robot1/base_link,0.6707001450652295,-0.03257405714669166,0.0,1.8710879338375745
1771970271329175174,robot1/odom,robot1/base_link,0.6659926787664832,-0.017336680224424604,0.0,1.8697850734291337
1771970271387415327,robot1/odom,robot1/base_link,0.6606586140202917,-1.2051232619620517e-05,0.0,1.8691650018461856
1771970271442912020,robot1/odom,robot1/base_link,0.6553546175178188,0.01723607569727933,0.0,1.8690950641616402
1771970271495368510,robot1/odom,robot1/base_link,0.6500604697755361,0.0344545086387707,0.0,1.8690888581579848
1771970271549646743,robot1/odom,robot1/base_link,0.6447699607065426,0.05166146456348271,0.0,1.8690834002181032
1771970271583844721,robot1/odom,robot1/base_link,0.6394809683460236,0.06886392508943492,0.0,1.869074567332508
1771970271642257541,robot1/odom,robot1/base_link,0.6341926981001086,0.08606463574484555,0.0,1.8690638420756485
1771970271722223225,robot1/odom,robot1/base_link,0.6289048403748446,0.10326468697529816,0.0,1.8690522804423106
1771970271780061157,robot1/odom,robot1/base_link,0.6236172726937306,0.12046451334177338,0.0,1.8690403723406726
1771970271871534679,robot1/odom,robot1/base_link,0.6183299465993428,0.13766428748424764,0.0,1.8690283197870483
1771970271923441577,robot1/odom,robot1/base_link,0.6130430630656315,0.1548634741425529,0.0,1.8690125399616861
1771970271986582268,robot1/odom,robot1/base_link,0.6077560132383586,0.17206394089055985,0.0,1.8690041830541047
1771970272183915118,robot1/odom,robot1/base_link,0.6024693273698525,0.1892638544384359,0.0,1.8689919377927262
1771970272270450401,robot1/odom,robot1/base_link,0.5971828582587873,0.20646380853615748,0.0,1.8689798300011928
1771970272323885899,robot1/odom,robot1/base_link,0.5918965965800768,0.22366382998818385,0.0,1.8689677001536467
1771970272376351397,robot1/odom,robot1/base_link,0.586610543384941,0.2408639161363954,0.0,1.8689555675052951
1771970272436857739,robot1/odom,robot1/base_link,0.581324698757354,0.2580640668057095,0.0,1.8689434344276368
1771970272472090685,robot1/odom,robot1/base_link,0.5760390627096187,0.2752642819627515,0.0,1.8689313015625593
1771970272515935557,robot1/odom,robot1/base_link,0.5707536352427404,0.2924645615849228,0.0,1.8689191691333777
1771970272561949384,robot1/odom,robot1/base_link,0.5654684163544287,0.30966490565009014,0.0,1.8689070372240457
1771970272593235042,robot1/odom,robot1/base_link,0.5601834060412498,0.3268653141365841,0.0,1.8688949058633
1771970272654239882,robot1/odom,robot1/base_link,0.5548986042995092,0.34406578702347484,0.0,1.8688827750544785
1771970272715712425,robot1/odom,robot1/base_link,0.5496140111253264,0.3612663242891278,0.0,1.8688706447859131
1771970272946339441,robot1/odom,robot1/base_link,0.5443296265161979,0.3784669259095974,0.0,1.868858515030827
1771970273211957565,robot1/odom,robot1/base_link,0.5390454504734774,0.39566759185145667,0.0,1.868846385732675
1771970273278310060,robot1/odom,robot1/base_link,0.5337614830083212,0.41286832205389923,0.0,1.8688342567394254
1771970273342919729,robot1/odom,robot1/base_link,0.5284777241742183,0.430069116344606,0.0,1.8688221274194599
1771970273389828987,robot1/odom,robot1/base_link,0.5231941744611203,0.44726997336502106,0.0,1.8688099906877755
1771970273442616286,robot1/odom,robot1/base_link,0.5179108311567273,0.4644709007886006,0.0,1.8687978991323777
1771970273493845919,robot1/odom,robot1/base_link,0.5126276932903476,0.48167190501504165,0.0,1.868785656683811
1771970273564775935,robot1/odom,robot1/base_link,0.5073447737826847,0.49887294243543306,0.0,1.868773615439254
1771970273615512873,robot1/odom,robot1/base_link,0.5020620577210485,0.516074057925658,0.0,1.8687614930041967
1771970273650989179,robot1/odom,robot1/base_link,0.4967795499693888,0.5332752381964586,0.0,1.8687493686343126
1771970273712747158,robot1/odom,robot1/base_link,0.4914972506602863,0.5504764828801013,0.0,1.8687372441051486
1771970273983702653,robot1/odom,robot1/base_link,0.48621515982228325,0.5676777918838617,0.0,1.8687251197552106
1771970274018143291,robot1/odom,robot1/base_link,0.4809332774630674,0.5848791651681181,0.0,1.8687129956826054
1771970274086717620,robot1/odom,robot1/base_link,0.4756516035841985,0.6020806027096112,0.0,1.8687008719192306
1771970274238378168,robot1/odom,robot1/base_link,0.4703701381850347,0.6192821044917757,0.0,1.8686887484731995
1771970274300111810,robot1/odom,robot1/base_link,0.4650888812640069,0.6364836705004343,0.0,1.8686766253423193
1771970274364863384,robot1/odom,robot1/base_link,0.4598078328188745,0.6536853007231682,0.0,1.8686645025188513
1771970274408427946,robot1/odom,robot1/base_link,0.4545269928480543,0.670886995147106,0.0,1.868652379990511
1771970274461404426,robot1/odom,robot1/base_link,0.44924636135057794,0.6880887537578014,0.0,1.8686402577378713
1771970274506113935,robot1/odom,robot1/base_link,0.447477629349034,0.6941729475263311,0.0,1.8387756301723475
1771970274549223497,robot1/odom,robot1/base_link,0.44607658884020523,0.6995115681827452,0.0,1.8161119214012758
1771970274587015336,robot1/odom,robot1/base_link,0.4452469571159006,0.7030175259612864,0.0,1.7902020665311882
1771970274633584534,robot1/odom,robot1/base_link,0.4449218922010798,0.7045907917044162,0.0,1.7588921520025806
1771970274683452801,robot1/odom,robot1/base_link,0.444794993112762,0.7053254366158879,0.0,1.7247952868024465
1771970274755729411,robot1/odom,robot1/base_link,0.4447549251609549,0.7056173657458411,0.0,1.6895975168694104
1771970274842178585,robot1/odom,robot1/base_link,0.4447349319099763,0.7058146765021401,0.0,1.65396326896042
1771970274915598642,robot1/odom,robot1/base_link,0.44473004099629987,0.7058895127863007,0.0,1.6181534499278851
1771970274984472304,robot1/odom,robot1/base_link,0.44472677341129374,0.706000552624908,0.0,1.5822765064031767
1771970275047016684,robot1/odom,robot1/base_link,0.44472704847025035,0.7060430528693086,0.0,1.5463724514401207
1771970275100201284,robot1/odom,robot1/base_link,0.4447311960360266,0.7061408591752464,0.0,1.5104591577662576
1771970275196404900,robot1/odom,robot1/base_link,0.4447340892248975,0.7061777355211167,0.0,1.474541275794257
1771970275267222908,robot1/odom,robot1/base_link,0.4447449414364652,0.7062723386932459,0.0,1.4386238948005874
1771970275325862624,robot1/odom,robot1/base_link,0.44608472514010045,0.7156477806035405,0.0,1.4190837398706408
1771970275376070198,robot1/odom,robot1/base_link,0.44812118270571377,0.728544188089815,0.0,1.4092775156329689
1771970275545865551,robot1/odom,robot1/base_link,0.45053950830577577,0.743232898190831,0.0,1.4059659909951039
1771970275606274349,robot1/odom,robot1/base_link,0.4530577203008602,0.758281757558302,0.0,1.4040274716719565
1771970275659014356,robot1/odom,robot1/base_link,0.4558953561962978,0.7750791552023945,0.0,1.4028591627006997
1771970275734096082,robot1/odom,robot1/base_link,0.4590585219608085,0.793737465273402,0.0,1.402864504474876
1771970275790708032,robot1/odom,robot1/base_link,0.460298090635392,0.8005359495689268,0.0,1.3780300647533206
1771970275846870812,robot1/odom,robot1/base_link,0.4614120386754869,0.805895236099014,0.0,1.3536910813561709
1771970276016509494,robot1/odom,robot1/base_link,0.46215174106374,0.8090185603918854,0.0,1.322807280877211
1771970276099754224,robot1/odom,robot1/base_link,0.462673240333409,0.8109436785678311,0.0,1.2896991425157391
1771970276146384779,robot1/odom,robot1/base_link,0.4629058381550422,0.8116994531228906,0.0,1.2547704164451046
1771970276182973255,robot1/odom,robot1/base_link,0.463032503680153,0.8120647147977095,0.0,1.2192151438992065
1771970276238044105,robot1/odom,robot1/base_link,0.4630818421953305,0.8121921169170049,0.0,1.1834157828720204
1771970276280625151,robot1/odom,robot1/base_link,0.46312949666560954,0.812303176875575,0.0,1.1475210174447306
1771970276339685615,robot1/odom,robot1/base_link,0.4631428114050791,0.8123313682017747,0.0,1.1115868727047187
1771970276402071141,robot1/odom,robot1/base_link,0.4631786408753559,0.8124006659643385,0.0,1.0756383674930128
1771970276492598548,robot1/odom,robot1/base_link,0.4631855579975468,0.8124129416217936,0.0,1.0396827924058007
1771970276786261386,robot1/odom,robot1/base_link,0.46322263447062934,0.812473538285074,0.0,1.0037257372457988
1771970276840004732,robot1/odom,robot1/base_link,0.4632288103468713,0.81248286162489,0.0,0.9677667354786512
1771970276917635664,robot1/odom,robot1/base_link,0.4632693507612842,0.8125395271816755,0.0,0.9318082724293253
1771970276968775696,robot1/odom,robot1/base_link,0.4632757554821089,0.8125478314358315,0.0,0.8958486420888512
1771970277016567397,robot1/odom,robot1/base_link,0.4633199892041687,0.8126011078108557,0.0,0.859889844615714
1771970277047300845,robot1/odom,robot1/base_link,0.4633267556660725,0.8126086857647391,0.0,0.823929968606882
1771970277081033264,robot1/odom,robot1/base_link,0.46337449176479345,0.8126584254974802,0.0,0.7879709452976357
1771970277121328481,robot1/odom,robot1/base_link,0.4633815828873648,0.8126653014090054,0.0,0.7520108198342774
1771970277176009997,robot1/odom,robot1/base_link,0.46343256344547,0.8127112962470697,0.0,0.7160515267380073
1771970277226262352,robot1/odom,robot1/base_link,0.46343992192030015,0.8127174699833375,0.0,0.6800910905883809
1771970277315604515,robot1/odom,robot1/base_link,0.46349385522721537,0.8127595106428276,0.0,0.6441314619967854
1771970277477014965,robot1/odom,robot1/base_link,0.47034266193301194,0.8178026331921331,0.0,0.6252846839217305
1771970277663122924,robot1/odom,robot1/base_link,0.48171058561117525,0.8259602105223891,0.0,0.6195914094043052
1771970277836842432,robot1/odom,robot1/base_link,0.4850866285662845,0.8283093222325392,0.0,0.5962361620619481
1771970277906800579,robot1/odom,robot1/base_link,0.4864265711555744,0.8291909683538983,0.0,0.5676833926283619
1771970278005790565,robot1/odom,robot1/base_link,0.4897424212006554,0.8312260484568689,0.0,0.5332435809919037
1771970278049667468,robot1/odom,robot1/base_link,0.4917281164384138,0.8323551799243567,0.0,0.5008284267526824
1771970278132033115,robot1/odom,robot1/base_link,0.4926165183581935,0.8328216106704206,0.0,0.46610041016201564
1771970278303081076,robot1/odom,robot1/base_link,0.4929565550415724,0.8329851780122537,0.0,0.4306107123384028
1771970278387078660,robot1/odom,robot1/base_link,0.49315413901173316,0.8330716948778415,0.0,0.3948377632620793
1771970278452172837,robot1/odom,robot1/base_link,0.493216445648388,0.8330963568098008,0.0,0.3589499257863402
1771970278545090127,robot1/odom,robot1/base_link,0.4933019935127807,0.8331267129706882,0.0,0.3230176795772469
1771970278611108712,robot1/odom,robot1/base_link,0.49331868760578396,0.8331319694273972,0.0,0.2870660839204005
1771970279004107825,robot1/odom,robot1/base_link,0.49338686634969886,0.833150771454601,0.0,0.25110800446606335
1771970279076813373,robot1/odom,robot1/base_link,0.5016514951196581,0.8351881869923226,0.0,0.23229778114881083
1771970279132030438,robot1/odom,robot1/base_link,0.5152709008337576,0.8383689828446228,0.0,0.22657474749352174
1771970279209834656,robot1/odom,robot1/base_link,0.5300288043750647,0.8417518854687139,0.0,0.22409251130104144
1771970279293687046,robot1/odom,robot1/base_link,0.5450227120443499,0.8451555908467967,0.0,0.2223532020159462
1771970279366101624,robot1/odom,robot1/base_link,0.5600098949432049,0.8485315348689546,0.0,0.22076186108516938
1771970279428046290,robot1/odom,robot1/base_link,0.5789905623249595,0.8527894772303941,0.0,0.2205923372051982
1771970279483810398,robot1/odom,robot1/base_link,0.5974436533086348,0.8569317003278079,0.0,0.22103347012485847
1771970279547753656,robot1/odom,robot1/base_link,0.6153098844875642,0.86094924040308,0.0,0.22134374513893876
1771970279639132864,robot1/odom,robot1/base_link,0.6330290572180878,0.8649378945531042,0.0,0.2214828430780377
1771970279709794125,robot1/odom,robot1/base_link,0.6506084529652191,0.8688968457748534,0.0,0.22153447124029801
1771970279749226629,robot1/odom,robot1/base_link,0.6682128187798683,0.8728620332305311,0.0,0.22154910919503834
1771970279811506759,robot1/odom,robot1/base_link,0.6857470322189977,0.8768115455522822,0.0,0.2215481391900909
1771970279866703526,robot1/odom,robot1/base_link,0.7033330650450594,0.880772655084836,0.0,0.2215410022130168
1771970279928380320,robot1/odom,robot1/base_link,0.720860059635438,0.8847203097229172,0.0,0.2215310871589673
1771970279994967203,robot1/odom,robot1/base_link,0.7384433605167346,0.8886804588238684,0.0,0.22152069802185537
1771970280077365601,robot1/odom,robot1/base_link,0.7559693051757912,0.8926274911614983,0.0,0.2215094882955818
1771970280151528660,robot1/odom,robot1/base_link,0.7735522330677155,0.8965871509177035,0.0,0.2214984164998343
1771970280243965361,robot1/odom,robot1/base_link,0.7910780864182555,0.9005337497752988,0.0,0.22148692333963235
1771970280338880597,robot1/odom,robot1/base_link,0.8086610188050797,0.9044929941065745,0.0,0.22147589919453078
1771970280418209502,robot1/odom,robot1/base_link,0.8261869393582046,0.9084391930394734,0.0,0.2214643613268251
1771970280467730499,robot1/odom,robot1/base_link,0.8437699447219559,0.912398036855621,0.0,0.22145332341792645
1771970280549929197,robot1/odom,robot1/base_link,0.8612959479892031,0.9163438386555838,0.0,0.22144178156708247
1771970280622155063,robot1/odom,robot1/base_link,0.8788790432833968,0.9203022855740561,0.0,0.22143074374392793
1771970280709957961,robot1/odom,robot1/base_link,0.8964051361205224,0.9242476917651669,0.0,0.22141920359032316
1771970280781602089,robot1/odom,robot1/base_link,0.9139883192347652,0.9282057413633222,0.0,0.2214081679351462
1771970280868207614,robot1/odom,robot1/base_link,0.9315145006582345,0.9321507517991038,0.0,0.2213966299033413
1771970280917536832,robot1/odom,robot1/base_link,0.9490977733839193,0.936108404556968,0.0,0.2213855961611268
1771970280978913960,robot1/odom,robot1/base_link,0.9666240438734771,0.940053019406701,0.0,0.22137405883449748
1771970281018924727,robot1/odom,robot1/base_link,0.9731034717464819,0.9416161310127317,0.0,0.2520643817503273
1771970281169303301,robot1/odom,robot1/base_link,0.9779582389967051,0.942943168182505,0.0,0.2815936051637128
1771970281207774073,robot1/odom,robot1/base_link,0.9809686659501379,0.9438698138485649,0.0,0.315623007388947
1771970281268966648,robot1/odom,robot1/base_link,0.9826556004210184,0.9444547852902584,0.0,0.3519586115061062
1771970281318959454,robot1/odom,robot1/base_link,0.9924152059674975,0.9480949117049686,0.0,0.362036435117959
1771970281395728218,robot1/odom,robot1/base_link,1.0050136879876057,0.9528757076025204,0.0,0.36333810023493945
1771970281470192234,robot1/odom,robot1/base_link,1.0190363791674877,0.958195083417753,0.0,0.36180323940529263
1771970281490757474,robot1/odom,robot1/base_link,1.0333065261505183,0.9635822708302059,0.0,0.3601434396126927
1771970281639143667,robot1/odom,robot1/base_link,1.050353972510234,0.9699948040542313,0.0,0.3594275825924902
1771970281678163279,robot1/odom,robot1/base_link,1.067637280243862,0.9764899955143711,0.0,0.3595287439509752
1771970281720914581,robot1/odom,robot1/base_link,1.0846929835577916,0.9829021128769557,0.0,0.3596804701617553
1771970281768604940,robot1/odom,robot1/base_link,1.101580901636597,0.9892532905528885,0.0,0.3597507260877896
1771970281813986153,robot1/odom,robot1/base_link,1.1184795707698982,0.9956094346507157,0.0,0.35977619115828496
1771970281871609320,robot1/odom,robot1/base_link,1.1353055570402195,1.0019385249255952,0.0,0.35978036044773587
1771970281897648959,robot1/odom,robot1/base_link,1.1521792393034644,1.0082855580924222,0.0,0.35977640473624545
1771970281938637354,robot1/odom,robot1/base_link,1.1689954354946825,1.0146108535004112,0.0,0.3597684429485998
1771970282027398336,robot1/odom,robot1/base_link,1.1858653603246965,1.0209561967017575,0.0,0.35975959386721346
1771970282105717637,robot1/odom,robot1/base_link,1.2026801515009848,1.0272806222160669,0.0,0.35974967885972536
1771970282130271778,robot1/odom,robot1/base_link,1.2195495355024715,1.0336253931735357,0.0,0.35974005064341735
1771970282199179636,robot1/odom,robot1/base_link,1.236364188601398,1.0399493886467859,0.0,0.35972982209399396
1771970282252404756,robot1/odom,robot1/base_link,1.2532336134533473,1.046293791236509,0.0,0.3597200507727472
1771970282295770383,robot1/odom,robot1/base_link,1.2700483740118729,1.052617443586365,0.0,0.35970985561164076
1771970282344307830,robot1/odom,robot1/base_link,1.2869179015572212,1.0589615001964399,0.0,0.35970006998944504
1771970282404335385,robot1/odom,robot1/base_link,1.3037327665008875,1.0652848075316954,0.0,0.3596897933419121
1771970282463517436,robot1/odom,robot1/base_link,1.3206024260148628,1.0716285276902542,0.0,0.3596800310883694
1771970282511453850,robot1/odom,robot1/base_link,1.3374174189169836,1.0779514986174707,0.0,0.3596697622203735
1771970282576567934,robot1/odom,robot1/base_link,1.3542872028941708,1.0842948799538892,0.0,0.3596600079593251
1771970282635095158,robot1/odom,robot1/base_link,1.3711023186037181,1.090617512987639,0.0,0.3596497623852559
1771970282681188179,robot1/odom,robot1/base_link,1.3879722411182527,1.0969605607291382,0.0,0.35963994681423583
1771970282729732025,robot1/odom,robot1/base_link,1.4047874844050152,1.1032828567367716,0.0,0.35962970403081823
1771970283298848382,robot1/odom,robot1/base_link,1.4216575227881292,1.1096255624872846,0.0,0.3596199574253844
1771970283326248031,robot1/odom,robot1/base_link,1.438472895516298,1.1159475233787628,0.0,0.359609699947174
1771970283367224922,robot1/odom,robot1/base_link,1.455343061420983,1.1222898919033035,0.0,0.359599953608072
1771970283428440389,robot1/odom,robot1/base_link,1.4721585610565733,1.128611516610015,0.0,0.35958969819798
1771970283488042866,robot1/odom,robot1/base_link,1.489028853744425,1.134953547697498,0.0,0.3595799543516471
1771970283604179418,robot1/odom,robot1/base_link,1.505844479950869,1.141274836183706,0.0,0.3595697013669737
1771970283662326083,robot1/odom,robot1/base_link,1.5227148993503958,1.1476165298970675,0.0,0.3595599595146115
1771970284026500627,robot1/odom,robot1/base_link,1.539530651668252,1.1539374820489066,0.0,0.3595497062312691
1771970284083647827,robot1/odom,robot1/base_link,1.5564012242457086,1.1602788499602004,0.0,0.35954013164880005
1771970284152691694,robot1/odom,robot1/base_link,1.5732170786451862,1.16659945857977,0.0,0.3595297353103725
1771970284322696562,robot1/odom,robot1/base_link,1.5900877510888292,1.1729404779290682,0.0,0.3595199969292906
1771970284399655262,robot1/odom,robot1/base_link,1.6069037567295168,1.1792607584269104,0.0,0.35950975156407533
1771970284580087040,robot1/odom,robot1/base_link,1.6237745562453267,1.18560144082267,0.0,0.35950001862856507
1771970284671301765,robot1/odom,robot1/base_link,1.6405906883259147,1.1919213854666109,0.0,0.35948977711307795
1771970284716956715,robot1/odom,robot1/base_link,1.657461614099523,1.1982617307797607,0.0,0.3594800494197757
1771970284828873242,robot1/odom,robot1/base_link,1.6742778927267985,1.2045813461286001,0.0,0.3594696896088186
1771970284888277219,robot1/odom,robot1/base_link,1.6911489282774523,1.2109213469747047,0.0,0.3594600695162281
1771970284941381535,robot1/odom,robot1/base_link,1.70796531290696,1.2172406199160202,0.0,0.3594498341927225
1771970285085354874,robot1/odom,robot1/base_link,1.724836492273806,1.223580291505248,0.0,0.3594401087723221
1771970285148106200,robot1/odom,robot1/base_link,1.7416530035497024,1.2298992289685917,0.0,0.3594298732866364
1771970285191152365,robot1/odom,robot1/base_link,1.7585243095569285,1.2362385638421496,0.0,0.35942014917370946
1771970285256915017,robot1/odom,robot1/base_link,1.7753409471363817,1.2425571657373298,0.0,0.35940991524974725
1771970285326000004,robot1/odom,robot1/base_link,1.7922123796680065,1.2488961639094867,0.0,0.3594001927414098
1771970285406458945,robot1/odom,robot1/base_link,1.8090291434617485,1.255214430262925,0.0,0.3593899602941
1771970285553142448,robot1/odom,robot1/base_link,1.8259007023967104,1.2615530917424955,0.0,0.3593802388630595
1771970285842724608,robot1/odom,robot1/base_link,1.842717591736409,1.2678710223140164,0.0,0.3593700039080515
1771970285914911082,robot1/odom,robot1/base_link,1.8595892790469986,1.2742093479320924,0.0,0.35936029577248757
1771970285995947115,robot1/odom,robot1/base_link,1.8764062947611695,1.2805269432936783,0.0,0.35935006392604435
1771970286045085049,robot1/odom,robot1/base_link,1.8932781066016442,1.2868649316971237,0.0,0.35934034579746443
1771970286084465086,robot1/odom,robot1/base_link,1.9100952488800678,1.2931821917974948,0.0,0.3593301180694856
1771970286146882743,robot1/odom,robot1/base_link,1.9269671871930127,1.2995198437190887,0.0,0.3593204020029984
1771970286195343770,robot1/odom,robot1/base_link,1.943784455529564,1.3058367684667491,0.0,0.35931017628884865
1771970286229462443,robot1/odom,robot1/base_link,1.960656519683551,1.3121740837740774,0.0,0.3593004650117556
1771970286280385505,robot1/odom,robot1/base_link,1.9774739156290175,1.3184906737863447,0.0,0.35929023134820615
1771970286315916400,robot1/odom,robot1/base_link,1.9943461064263412,1.3248276526725848,0.0,0.3592805199442572
1771970286395239404,robot1/odom,robot1/base_link,2.011163626942939,1.3311439068290503,0.0,0.35927029661734705
1771970286464399387,robot1/odom,robot1/base_link,2.028035944410555,1.3374805494937683,0.0,0.3592605843849662
1771970286520078119,robot1/odom,robot1/base_link,2.0448535910126955,1.3437964684535295,0.0,0.35925036179352615
1771970286578936802,robot1/odom,robot1/base_link,2.0617260348335362,1.3501327747931728,0.0,0.359240650494749
1771970286657286739,robot1/odom,robot1/base_link,2.078543807445209,1.3564483585618123,0.0,0.35923042884886375
1771970286724098155,robot1/odom,robot1/base_link,2.0954163775771453,1.3627843285964718,0.0,0.3592207184735168
1771970286772570889,robot1/odom,robot1/base_link,2.1122342761512,1.369099577190641,0.0,0.35921049764171803
1771970286838458867,robot1/odom,robot1/base_link,2.1291069724958067,1.375435210912124,0.0,0.3592007876630822
1771970286935138280,robot1/odom,robot1/base_link,2.1459249986182622,1.381750125046132,0.0,0.3591905775942347
1771970286991177821,robot1/odom,robot1/base_link,2.1627978200687585,1.3880854221910373,0.0,0.3591808615594276
1771970287044193254,robot1/odom,robot1/base_link,2.1796159704859237,1.3944000005414139,0.0,0.3591706422155181
1771970287091918366,robot1/odom,robot1/base_link,2.19648891943819,1.4007349618523128,0.0,0.359160934441954
1771970287142950915,robot1/odom,robot1/base_link,2.213307195824695,1.4070492051284058,0.0,0.3591507162738328
1771970287195706915,robot1/odom,robot1/base_link,2.2301802710238463,1.4133838302454595,0.0,0.3591410094650792
1771970287236628261,robot1/odom,robot1/base_link,2.246998673246322,1.4196977384384588,0.0,0.3591307924696301
1771970287293799146,robot1/odom,robot1/base_link,2.263871875760634,1.4260320277391925,0.0,0.3591210798975502
1771970287353486076,robot1/odom,robot1/base_link,2.280690403175114,1.4323456005560906,0.0,0.3591108679277027
1771970287402347350,robot1/odom,robot1/base_link,2.2975637308013193,1.4386795533252812,0.0,0.35910116269372117
1771970287466263373,robot1/odom,robot1/base_link,2.314382384829497,1.4449927914496359,0.0,0.35909094664228264
1771970287582281772,robot1/odom,robot1/base_link,2.3312558386973112,1.4513264081066894,0.0,0.3590812417598599
1771970287654307007,robot1/odom,robot1/base_link,2.3480746185788046,1.4576393112254038,0.0,0.3590710262057456
1771970287699806618,robot1/odom,robot1/base_link,2.364948198638431,1.4639725917697335,0.0,0.3590613218425862
1771970287749503805,robot1/odom,robot1/base_link,2.3817671043459363,1.470285159892065,0.0,0.3590511067872995
1771970287795304665,robot1/odom,robot1/base_link,2.3986408105763593,1.4766181043349285,0.0,0.35904140289621583
1771970287836002000,robot1/odom,robot1/base_link,2.4154598420790405,1.4829303374669076,0.0,0.35903118822397
1771970287875874627,robot1/odom,robot1/base_link,2.4323336743348665,1.48926294576189,0.0,0.35902148394622163
1771970287921367935,robot1/odom,robot1/base_link,2.449152831953176,1.4955748440430015,0.0,0.3590112716781365
1771970287963930592,robot1/odom,robot1/base_link,2.466026790440769,1.5019071163194926,0.0,0.35900156838602004
1771970288022094536,robot1/odom,robot1/base_link,2.4828460735195863,1.5082186795315102,0.0,0.35899135460577564
1771970288100260308,robot1/odom,robot1/base_link,2.499720158198956,1.5145506157621207,0.0,0.3589816520478858
1771970288167746715,robot1/odom,robot1/base_link,2.5165395670521167,1.5208618440267616,0.0,0.35897143873442106
1771970288251154578,robot1/odom,robot1/base_link,2.5334137778514414,1.5271934442048867,0.0,0.35896173663116054
1771970288317230696,robot1/odom,robot1/base_link,2.550233312359978,1.5335043374997894,0.0,0.35895152426420585
1771970288377075110,robot1/odom,robot1/base_link,2.5671076494885283,1.53983560171724,0.0,0.3589418212020439
1771970288452845480,robot1/odom,robot1/base_link,2.5839273098089888,1.5461461600908868,0.0,0.3589316087438873
1771970288534715700,robot1/odom,robot1/base_link,2.600801772836774,1.5524770881905299,0.0,0.3589219072575264
1771970288603738050,robot1/odom,robot1/base_link,2.617621558916902,1.5587873116535618,0.0,0.3589116948776145
1771970288689889759,robot1/odom,robot1/base_link,2.6344961480469813,1.5651179037305871,0.0,0.3589019936152864
1771970288753521055,robot1/odom,robot1/base_link,2.651316059845048,1.5714277922745075,0.0,0.35889178146754436
1771970288791886091,robot1/odom,robot1/base_link,2.668190775061428,1.5777580483314093,0.0,0.35888208043339825
1771970288817407258,robot1/odom,robot1/base_link,2.6850108125631196,1.5840676019596982,0.0,0.3588718684955974
1771970288864406203,robot1/odom,robot1/base_link,2.701885653852302,1.5903975219996447,0.0,0.35886216764878587
1771970288915120000,robot1/odom,robot1/base_link,2.7187058170321508,1.5967067407089297,0.0,0.35885195580995227
1771970288965008652,robot1/odom,robot1/base_link,2.735580784563795,1.6030363248116035,0.0,0.3588422562361833
1771970289035549754,robot1/odom,robot1/base_link,2.7524010733246964,1.6093452085871183,0.0,0.35883204397587354
1771970289092616673,robot1/odom,robot1/base_link,2.769276166734141,1.6156744566106038,0.0,0.3588223434591154
1771970289380088116,robot1/odom,robot1/base_link,2.786096581281106,1.6219830055149231,0.0,0.3588121320323979
1771970289416736972,robot1/odom,robot1/base_link,2.8029718007479087,1.6283119175356322,0.0,0.3588024317126276
1771970289562527114,robot1/odom,robot1/base_link,2.8197923409580308,1.6346201315359823,0.0,0.3587922204446516
1771970289606863066,robot1/odom,robot1/base_link,2.8366676864585703,1.640948707551709,0.0,0.35878252030691477
1771970289673421215,robot1/odom,robot1/base_link,2.8534883524124015,1.6472565866792133,0.0,0.35877230860827636
1771970289776678837,robot1/odom,robot1/base_link,2.870363823902998,1.6535848266706619,0.0,0.35876260885364636
1771970289881641257,robot1/odom,robot1/base_link,2.88718461540958,1.6598923708630315,0.0,0.3587523977989602
1771970290252682979,robot1/odom,robot1/base_link,2.904060212978245,1.6662202748769313,0.0,0.3587426978008779
1771970290403458005,robot1/odom,robot1/base_link,2.920881130123552,1.6725274841684938,0.0,0.358732486792047
1771970290445494679,robot1/odom,robot1/base_link,2.937756853711686,1.6788550521820245,0.0,0.3587227868492476
1771970290509467760,robot1/odom,robot1/base_link,2.954577896483676,1.6851619265700752,0.0,0.3587125758892665
1771970290550150139,robot1/odom,robot1/base_link,2.9714537460824837,1.6914891585819058,0.0,0.35870287598910217
1771970290626548647,robot1/odom,robot1/base_link,2.9882749144714857,1.6977956980643027,0.0,0.3586926650593294
1771970290692678157,robot1/odom,robot1/base_link,3.005150890070828,1.7041225940714466,0.0,0.3586829651693664
1771970290754950340,robot1/odom,robot1/base_link,3.0219721840377467,1.7104287986326863,0.0,0.3586727540612575
1771970290822455351,robot1/odom,robot1/base_link,3.0272831355208085,1.7125211105615648,0.0,0.39190765827124247
1771970290882818077,robot1/odom,robot1/base_link,3.0326390961938903,1.71482264929881,0.0,0.4198080162351151
1771970290951034596,robot1/odom,robot1/base_link,3.0359873742092116,1.7163883409953107,0.0,0.4549966865437126
1771970291301160943,robot1/odom,robot1/base_link,3.0375317400015307,1.7171796537758612,0.0,0.4920191971117203
1771970291390592456,robot1/odom,robot1/base_link,3.0471478155458542,1.7223912860296529,0.0,0.5012965496072778
1771970291456645845,robot1/odom,robot1/base_link,3.058363631460677,1.7285503343712754,0.0,0.503068196314947
1771970291509595482,robot1/odom,robot1/base_link,3.071390242837251,1.7357053026299079,0.0,0.5014782554429306
1771970291567156928,robot1/odom,robot1/base_link,3.0847258806053164,1.743001414735551,0.0,0.49977105600910016
1771970291614453405,robot1/odom,robot1/base_link,3.1011378511885868,1.7519575835874637,0.0,0.49931538797716357
1771970291880850487,robot1/odom,robot1/base_link,3.1171483436935876,1.7606904036712063,0.0,0.49936112755242995
1771970291958631097,robot1/odom,robot1/base_link,3.1330647920728443,1.7693732091111087,0.0,0.4994394527320648
1771970292038273424,robot1/odom,robot1/base_link,3.148871907481353,1.7779975397800853,0.0,0.4994751096557388
1771970292107282617,robot1/odom,robot1/base_link,3.164708249142969,1.7866382928912985,0.0,0.4994858410623694
1771970292145133918,robot1/odom,robot1/base_link,3.180483920857615,1.795246044552067,0.0,0.4994850526321746
1771970292201533546,robot1/odom,robot1/base_link,3.196307195756569,1.8038797100446458,0.0,0.4994799863711741
1771970292272765673,robot1/odom,robot1/base_link,3.2120778163167416,1.812484517066794,0.0,0.4994724809494195
1771970292439696513,robot1/odom,robot1/base_link,3.227899364767069,1.821116954890657,0.0,0.4994647312435265
1771970292573806134,robot1/odom,robot1/base_link,3.243669395945649,1.82972111727714,0.0,0.4994561640333548
1771970292617867650,robot1/odom,robot1/base_link,3.2594906893611104,1.8383530765587883,0.0,0.49944798674717455
1771970292649031843,robot1/odom,robot1/base_link,3.2651878254613917,1.8415784409306872,0.0,0.5308492801413576
1771970292706210223,robot1/odom,robot1/base_link,3.2695773869941016,1.8442489964487228,0.0,0.562279033208465
1771970292764445909,robot1/odom,robot1/base_link,3.2722011304548575,1.8459645464211465,0.0,0.595883069683357
1771970292814883371,robot1/odom,robot1/base_link,3.2811492125287534,1.8520936873496374,0.0,0.6052475100098674
1771970292973509787,robot1/odom,robot1/base_link,3.292405703381036,1.8598873133876799,0.0,0.6059223876381609
1771970293031692395,robot1/odom,robot1/base_link,3.3047416557636575,1.8684199315683119,0.0,0.6043275510315941
1771970293065546980,robot1/odom,robot1/base_link,3.3182257519608744,1.877718354778186,0.0,0.6030752734396266
1771970293107475526,robot1/odom,robot1/base_link,3.3333180251473826,1.8881073011351812,0.0,0.6026695317722336
1771970293142930662,robot1/odom,robot1/base_link,3.348283916807136,1.898405148519828,0.0,0.6027032193873032
1771970293197191333,robot1/odom,robot1/base_link,3.3631291438752555,1.9086207659223982,0.0,0.6027424798789153
1771970293249026526,robot1/odom,robot1/base_link,3.377993745479126,1.9188503229978893,0.0,0.60275866593689
1771970293392904989,robot1/odom,robot1/base_link,3.39279928007218,1.9290394326980338,0.0,0.6027609513906843
1771970293446228915,robot1/odom,robot1/base_link,3.407649150269569,1.939259045331118,0.0,0.6027578751459498
1771970293496633184,robot1/odom,robot1/base_link,3.4224489830705793,1.9494441233425428,0.0,0.6027518621003354
1771970293564594595,robot1/odom,robot1/base_link,3.4372960899092675,1.95966160031723,0.0,0.6027455804205039
1771970293625297772,robot1/odom,robot1/base_link,3.452094966734698,1.9698457339214412,0.0,0.602737880023597
1771970293711600046,robot1/odom,robot1/base_link,3.4669420412994394,1.980062874493644,0.0,0.602730840664594
1771970293806197515,robot1/odom,robot1/base_link,3.4817409501051952,1.9902467094550782,0.0,0.6027232118863195
1771970293952982733,robot1/odom,robot1/base_link,3.4965880292759284,2.0004635312338066,0.0,0.6027160760766722
1771970294008378463,robot1/odom,robot1/base_link,3.511387027860263,2.0106471054845727,0.0,0.6027083992960438
1771970294054200054,robot1/odom,robot1/base_link,3.526234308753857,2.0208637434498815,0.0,0.6027013950664261
1771970294114401852,robot1/odom,robot1/base_link,3.5317636370074803,2.024791952999991,0.0,0.632684177217693
1771970294170186301,robot1/odom,robot1/base_link,3.535830258201885,2.027873029495446,0.0,0.66407443436123
1771970294353408423,robot1/odom,robot1/base_link,3.538376336082,2.029936654238352,0.0,0.6981604729368003
1771970294394287715,robot1/odom,robot1/base_link,3.5466788405268024,2.0369652573883874,0.0,0.7068315841764061
1771970294445156451,robot1/odom,robot1/base_link,3.556943518733898,2.0457490234557234,0.0,0.7087878426956833
1771970294531135760,robot1/odom,robot1/base_link,3.5682690708532854,2.055442479756379,0.0,0.7070223429869417
1771970294589828371,robot1/odom,robot1/base_link,3.580512075658356,2.065888155230536,0.0,0.7056701375391328
1771970294658766658,robot1/odom,robot1/base_link,3.5945110352568905,2.0778095444176636,0.0,0.7051639541850615
1771970294716282622,robot1/odom,robot1/base_link,3.6084275202047906,2.08965511593831,0.0,0.7052049672861647
1771970294818175014,robot1/odom,robot1/base_link,3.622181570165713,2.101363765201233,0.0,0.7052770018040734
1771970294898681142,robot1/odom,robot1/base_link,3.6359338422243135,2.113072163133968,0.0,0.705311392507996
1771970294955049163,robot1/odom,robot1/base_link,3.6496235077604795,2.124727793480991,0.0,0.7053222567458967
1771970295046328196,robot1/odom,robot1/base_link,3.66335102732399,2.1364157949902007,0.0,0.7053233487860818
1771970295134418211,robot1/odom,robot1/base_link,3.677031033864327,2.148063311724669,0.0,0.7053196434216552
1771970295360256128,robot1/odom,robot1/base_link,3.6907542706622953,2.1597475339054686,0.0,0.7053147367443887
1771970295406417485,robot1/odom,robot1/base_link,3.7044326824949687,2.1713934594864948,0.0,0.7053084727150707
1771970295477407386,robot1/odom,robot1/base_link,3.7181555841773055,2.1830771205593695,0.0,0.7053026056036594
1771970295555984903,robot1/odom,robot1/base_link,3.731833943505308,2.1947227119857016,0.0,0.7052960673235121
1771970295661682480,robot1/odom,robot1/base_link,3.7455568129226102,2.206406049285112,0.0,0.705289974886948
1771970295710842620,robot1/odom,robot1/base_link,3.7592352596066254,2.218051417338542,0.0,0.7052834579509134
1771970295793990069,robot1/odom,robot1/base_link,3.7729583002782587,2.22973460198858,0.0,0.705277366391055
1771970295944064334,robot1/odom,robot1/base_link,3.786636892156256,2.241379795118937,0.0,0.705270759181931
1771970296006555222,robot1/odom,robot1/base_link,3.8003600635530463,2.2530627906793197,0.0,0.7052646837365729
1771970296336975088,robot1/odom,robot1/base_link,3.8140387956662978,2.2647078040387356,0.0,0.7052580814460896
1771970296386829678,robot1/odom,robot1/base_link,3.8277621230379,2.276390632368957,0.0,0.7052520107691835
1771970296477627051,robot1/odom,robot1/base_link,3.841441006286048,2.288035475468346,0.0,0.7052454136762926
1771970296578256393,robot1/odom,robot1/base_link,3.855164477902753,2.2997181268174867,0.0,0.7052393476979368
1771970296619145873,robot1/odom,robot1/base_link,3.868843507276946,2.311362795614803,0.0,0.7052327547894472
1771970296700036073,robot1/odom,robot1/base_link,3.882567128579329,2.323045274820435,0.0,0.7052266931421971
1771970296780701258,robot1/odom,robot1/base_link,3.896246306246457,2.3346897713646344,0.0,0.7052201047395814
1771970296839956887,robot1/odom,robot1/base_link,3.909970074416066,2.3463720762428486,0.0,0.7052140479396638
1771970296930773762,robot1/odom,robot1/base_link,3.9236493987550354,2.3580163994024987,0.0,0.7052074664228516
1771970297092758180,robot1/odom,robot1/base_link,3.9373732959678325,2.3696985166602653,0.0,0.7052015498181572
1771970297149269416,robot1/odom,robot1/base_link,3.9510527883505784,2.381342686173191,0.0,0.7051948120388272
1771970297223958269,robot1/odom,robot1/base_link,3.9647768516664157,2.393024643769053,0.0,0.7051887645711044
1771970297267348917,robot1/odom,robot1/base_link,3.9784564706643555,2.4046686212791206,0.0,0.705182182708093
1771970297331407793,robot1/odom,robot1/base_link,3.992180688369403,2.4163504119473656,0.0,0.705176182912644
1771970297398404700,robot1/odom,robot1/base_link,4.0058604509092675,2.4279942145422284,0.0,0.7051695769070931
1771970297436829325,robot1/odom,robot1/base_link,4.019584809604775,2.439675826313652,0.0,0.705163530076689
1771970297567814505,robot1/odom,robot1/base_link,4.03326472354832,2.45131945968152,0.0,0.7051569571920854
1771970297750819721,robot1/odom,robot1/base_link,4.046989230032219,2.463000898630623,0.0,0.7051509154642235
1771970297813455433,robot1/odom,robot1/base_link,4.0606692911518465,2.474644359724749,0.0,0.7051443460695721
1771970297929052422,robot1/odom,robot1/base_link,4.074393945031493,2.486325625696545,0.0,0.7051383074123053
1771970298014175498,robot1/odom,robot1/base_link,4.088074153150335,2.4979689145135526,0.0,0.7051317408582645
1771970298077918471,robot1/odom,robot1/base_link,4.101798954331044,2.5096500075637334,0.0,0.7051257049422486
1771970298143872299,robot1/odom,robot1/base_link,4.115479309356598,2.521293124154321,0.0,0.7051191410224866
1771970298184803909,robot1/odom,robot1/base_link,4.129204257745953,2.5329740443295004,0.0,0.705113107717558
1771970298232920696,robot1/odom,robot1/base_link,4.142884759574678,2.544616988728724,0.0,0.7051065464149227
1771970298292437465,robot1/odom,robot1/base_link,4.156609855034227,2.5562977360391708,0.0,0.7051005160481542
1771970298357591573,robot1/odom,robot1/base_link,4.170290503118659,2.5679405079497055,0.0,0.7050939605268753
1771970298432760128,robot1/odom,robot1/base_link,4.184015747446256,2.5796210839656157,0.0,0.7050879190925917
1771970298596893278,robot1/odom,robot1/base_link,4.197696542253825,2.59126368361893,0.0,0.7050813658236548
1771970298663293017,robot1/odom,robot1/base_link,4.211421931786766,2.602944085316807,0.0,0.7050753388463451
1771970298727840510,robot1/odom,robot1/base_link,4.225102872641032,2.6145865123792045,0.0,0.7050687749183535
1771970298788250600,robot1/odom,robot1/base_link,4.2388284115051365,2.6262667434034075,0.0,0.7050627660554504
1771970298865454806,robot1/odom,robot1/base_link,4.252509499762264,2.637908999429743,0.0,0.7050562105428783
1771970298937506884,robot1/odom,robot1/base_link,4.266235183348507,2.649589056098418,0.0,0.7050501870909011
1771970299028290261,robot1/odom,robot1/base_link,4.279916418455058,2.661231140417996,0.0,0.7050436354022771
1771970299115082167,robot1/odom,robot1/base_link,4.293642249017845,2.6729110245939367,0.0,0.7050376141421366
1771970299192818011,robot1/odom,robot1/base_link,4.307323630647532,2.6845529370477004,0.0,0.7050310643092801
1771970299239820339,robot1/odom,robot1/base_link,4.321049608084736,2.696232648734545,0.0,0.7050250447862589
1771970299411630540,robot1/odom,robot1/base_link,4.334731136168043,2.7078743893451365,0.0,0.7050184965948452
1771970299469655146,robot1/odom,robot1/base_link,4.34845726042676,2.719553928575498,0.0,0.705012478668358
1771970299606656604,robot1/odom,robot1/base_link,4.36213893491064,2.731195497373618,0.0,0.705005932014046
1771970299675479985,robot1/odom,robot1/base_link,4.375865205942162,2.7428748641798366,0.0,0.7049999156106425
1771970299725390934,robot1/odom,robot1/base_link,4.389547026767158,2.7545162611868483,0.0,0.7049933704866468
1771970300096224968,robot1/odom,robot1/base_link,4.403273444474721,2.766195455562298,0.0,0.704987355898685
1771970300192741749,robot1/odom,robot1/base_link,4.4169554183403426,2.777836685983416,0.0,0.7049807636742503
1771970300248323677,robot1/odom,robot1/base_link,4.430681976960031,2.789515702484356,0.0,0.7049747959108899
1771970300302117221,robot1/odom,robot1/base_link,4.444364090332702,2.801156755941391,0.0,0.7049682534527263
1771970300364156794,robot1/odom,robot1/base_link,4.458090801366014,2.812835605545328,0.0,0.7049622400382666
1771970300394344338,robot1/odom,robot1/base_link,4.471773061910679,2.824476488157789,0.0,0.7049557050867354
1771970300472847572,robot1/odom,robot1/base_link,4.485499919202506,2.8361551652469914,0.0,0.7049496900764578
1771970300539778304,robot1/odom,robot1/base_link,4.499182325051379,2.8477958754075496,0.0,0.7049431492602236
1771970300707471980,robot1/odom,robot1/base_link,4.512909329453796,2.859474380602648,0.0,0.7049371388028499
1771970300794604041,robot1/odom,robot1/base_link,4.526591881537692,2.8711149191579897,0.0,0.7049305993623356
1771970300851477058,robot1/odom,robot1/base_link,4.54031903254456,2.882793252128181,0.0,0.7049245900257392
1771970300926026926,robot1/odom,robot1/base_link,4.554001730788625,2.8944336190690128,0.0,0.7049180516064474
1771970300974395215,robot1/odom,robot1/base_link,4.567729028360087,2.906111779829651,0.0,0.7049120432472481
1771970301032562008,robot1/odom,robot1/base_link,4.581411872729827,2.917751975172636,0.0,0.7049055057575467
1771970301079550173,robot1/odom,robot1/base_link,4.595139316836928,2.929429963743328,0.0,0.7048994983037565
1771970301139767746,robot1/odom,robot1/base_link,4.608822307302504,2.941069987505537,0.0,0.7048929616841604
1771970301195130027,robot1/odom,robot1/base_link,4.622549897918199,2.9527478039045527,0.0,0.704886955089939
1771970301257581151,robot1/odom,robot1/base_link,4.63623303444445,2.9643876560974856,0.0,0.7048804193367636
1771970301329112375,robot1/odom,robot1/base_link,4.649960771483269,2.976065300296874,0.0,0.7048744139775619
1771970301404327918,robot1/odom,robot1/base_link,4.663644054238821,2.9877049810951717,0.0,0.7048678775816167
1771970301476440429,robot1/odom,robot1/base_link,4.677371937768667,2.999382453159459,0.0,0.7048618727599913
1771970301586358208,robot1/odom,robot1/base_link,4.691055366350501,3.0110219622479266,0.0,0.7048553382461115
1771970301642221277,robot1/odom,robot1/base_link,4.704783396048312,3.022699261926688,0.0,0.7048493312376919
1771970301731638707,robot1/odom,robot1/base_link,4.718466971187521,3.034338599951998,0.0,0.7048428013486434
1771970301814869574,robot1/odom,robot1/base_link,4.732195147591618,3.046015727820587,0.0,0.7048367972062969
1771970301878253878,robot1/odom,robot1/base_link,4.745878868175721,3.0576548939200014,0.0,0.7048302639962477
1771970301925620434,robot1/odom,robot1/base_link,4.759607191041422,3.069331849736617,0.0,0.7048242607756426
1771970301975015846,robot1/odom,robot1/base_link,4.773291057603189,3.0809708443529065,0.0,0.7048177282132787
1771970302048859956,robot1/odom,robot1/base_link,4.7870195268709494,3.0926476281004707,0.0,0.7048117255784957
1771970302123393999,robot1/odom,robot1/base_link,4.80070353938295,3.1042864512382486,0.0,0.7048051935621964
1771970302182953657,robot1/odom,robot1/base_link,4.814432155033419,3.115963062926026,0.0,0.7047991914529638
1771970302217662066,robot1/odom,robot1/base_link,4.828116313476904,3.12760171459439,0.0,0.7047926599358411
1771970302295953581,robot1/odom,robot1/base_link,4.841845075494417,3.139278154232649,0.0,0.7047866583112039
1771970302373966605,robot1/odom,robot1/base_link,4.855529379852723,3.15091663444001,0.0,0.7047801272569618
1771970302443195231,robot1/odom,robot1/base_link,4.86925828822187,3.1625929020377113,0.0,0.7047741260863232
1771970302504015145,robot1/odom,robot1/base_link,4.882942738474403,3.174231210788208,0.0,0.7047675954915229
1771970302549697578,robot1/odom,robot1/base_link,4.896671793292998,3.1859073064408054,0.0,0.7047615939313066
1771970302633159315,robot1/odom,robot1/base_link,4.910356389357266,3.1975454436717725,0.0,0.7047550642966399
1771970302723459718,robot1/odom,robot1/base_link,4.924085590387365,3.2092213672077285,0.0,0.7047490638873302
1771970302779734688,robot1/odom,robot1/base_link,4.937770332375965,3.2208593330479593,0.0,0.7047425337760468
1771970302841136082,robot1/odom,robot1/base_link,4.94279802831959,3.2250163662658893,0.0,0.6770294348771573
1771970302936744903,robot1/odom,robot1/base_link,4.94681260958701,3.2281556386346635,0.0,0.6502674402913478
1771970303002944323,robot1/odom,robot1/base_link,4.949275436482711,3.229975063764893,0.0,0.6222630267624828
1771970303067125156,robot1/odom,robot1/base_link,4.9507350682410864,3.230987019531752,0.0,0.5901608633230637
1771970303101365426,robot1/odom,robot1/base_link,4.9586589068411255,3.2361943610183848,0.0,0.5726431414628382
1771970303147664558,robot1/odom,robot1/base_link,4.9704006602947555,3.2437206646789973,0.0,0.5673820856814744
1771970303197957212,robot1/odom,robot1/base_link,4.983105386446046,3.251795539743009,0.0,0.564961008921657
1771970303272642976,robot1/odom,robot1/base_link,4.995990530882417,3.2599471239852624,0.0,0.5631796261575798
1771970303337668371,robot1/odom,robot1/base_link,5.011980612265132,3.2700387038676215,0.0,0.5627894214779745
1771970303367810225,robot1/odom,robot1/base_link,5.027498523224635,3.27982954731503,0.0,0.5629268169613029
1771970303436464258,robot1/odom,robot1/base_link,5.042869526331679,3.289530529183314,0.0,0.5630526114354545
1771970303513149133,robot1/odom,robot1/base_link,5.05811148019003,3.299152009376687,0.0,0.5631092463235049
1771970303572419385,robot1/odom,robot1/base_link,5.073371867336833,3.3087859443536023,0.0,0.5631293410252982
1771970303634499812,robot1/odom,robot1/base_link,5.088570335018073,3.3183810382872285,0.0,0.5631326684160929
1771970303683513523,robot1/odom,robot1/base_link,5.103813468309819,3.3280043356804785,0.0,0.5631298264480809
1771970303754807038,robot1/odom,robot1/base_link,5.119005215101385,3.3375950971644195,0.0,0.5631237657540821
1771970303819894931,robot1/odom,robot1/base_link,5.13424573932587,3.3472165116819776,0.0,0.5631166111754814
1771970303884847930,robot1/odom,robot1/base_link,5.149436436934369,3.356806319427026,0.0,0.5631095508956235
1771970304050156709,robot1/odom,robot1/base_link,5.164676608423597,3.366427207528447,0.0,0.5631023250792161
1771970304129841527,robot1/odom,robot1/base_link,5.179867361742398,3.376016738912684,0.0,0.5630945089858257
1771970304208223114,robot1/odom,robot1/base_link,5.195107597793021,3.385637346151076,0.0,0.5630871872132536
1771970304293784616,robot1/odom,robot1/base_link,5.210298464379821,3.395226627040804,0.0,0.563079333088162
1771970304367307765,robot1/odom,robot1/base_link,5.225538840337723,3.404846998954983,0.0,0.5630719932161834
1771970304411439193,robot1/odom,robot1/base_link,5.230969454603,3.408172968378141,0.0,0.5359725590152692
1771970304486711548,robot1/odom,robot1/base_link,5.2357291198582825,3.4109211703477933,0.0,0.5112905270403623
1771970304552579308,robot1/odom,robot1/base_link,5.238596073056781,3.412474304837916,0.0,0.4816636609268852
1771970304617001046,robot1/odom,robot1/base_link,5.240412063699624,3.41338630910524,0.0,0.44916056630746437
1771970304667522731,robot1/odom,robot1/base_link,5.241163584430923,3.4137326079530763,0.0,0.41443289970658787
1771970304725888195,robot1/odom,robot1/base_link,5.248963448529221,3.4170779827897175,0.0,0.39590862173988295
1771970304782376459,robot1/odom,robot1/base_link,5.26185238891268,3.4224225291688506,0.0,0.3902539689771828
1771970304843023000,robot1/odom,robot1/base_link,5.275804788072741,3.428141504674544,0.0,0.38775541203237
1771970304885511716,robot1/odom,robot1/base_link,5.289963535675268,3.433909718144692,0.0,0.3859760119050878
1771970304931529843,robot1/odom,robot1/base_link,5.306551953654001,3.4406423363878718,0.0,0.38512417350136685
1771970304990532872,robot1/odom,robot1/base_link,5.323912743087636,3.4476813379642968,0.0,0.3852743140069722
1771970305057383540,robot1/odom,robot1/base_link,5.340815912937751,3.4545383996508825,0.0,0.3854903504354545
1771970305143213146,robot1/odom,robot1/base_link,5.357618837978828,3.461357942137172,0.0,0.3855959215084454
1771970305210944368,robot1/odom,robot1/base_link,5.374304717474988,3.468131393651276,0.0,0.3856357060640877
1771970305294917989,robot1/odom,robot1/base_link,5.391020259142937,3.4749173803875926,0.0,0.38564668471963925
1771970305359404011,robot1/odom,robot1/base_link,5.4076717428764045,3.4816774529598824,0.0,0.38564512587677624
1771970305422938293,robot1/odom,robot1/base_link,5.424373648411395,3.488457922023038,0.0,0.3856391328397407
1771970305475303363,robot1/odom,robot1/base_link,5.441019840104246,3.4952156326862656,0.0,0.3856306580113766
1771970305531795478,robot1/odom,robot1/base_link,5.45771962348191,3.5019949319723067,0.0,0.38562190773228733
1771970305598545561,robot1/odom,robot1/base_link,5.474365053861302,3.5087519889176346,0.0,0.38561233077071433
1771970305642652440,robot1/odom,robot1/base_link,5.480115268021949,3.5109929558030477,0.0,0.35761171591991475
1771970305813702990,robot1/odom,robot1/base_link,5.485156412787759,3.5128047972596366,0.0,0.33245590190553803
1771970305859215283,robot1/odom,robot1/base_link,5.488322160186571,3.513847167235583,0.0,0.3037133815302872
1771970305916776332,robot1/odom,robot1/base_link,5.489895131870394,3.514313654530401,0.0,0.27289028155472306
1771970305983800398,robot1/odom,robot1/base_link,5.499419575746658,3.5168935024439323,0.0,0.2561473317744476
1771970306260682923,robot1/odom,robot1/base_link,5.512409912616508,3.520249196152511,0.0,0.24944456734814943
1771970306329109627,robot1/odom,robot1/base_link,5.526849419869317,3.5239064736960772,0.0,0.24668719097247163
1771970306406822794,robot1/odom,robot1/base_link,5.543105384946549,3.527988262200417,0.0,0.24533042749084197
1771970306440995249,robot1/odom,robot1/base_link,5.560824727634841,3.5324210179937787,0.0,0.244937095694213
1771970306728986085,robot1/odom,robot1/base_link,5.578338903062869,3.536798744154165,0.0,0.24493234683209167
1771970306810699677,robot1/odom,robot1/base_link,5.595856418059017,3.541177408359157,0.0,0.24494819700546355
1771970306875470832,robot1/odom,robot1/base_link,5.613297472059235,3.5455371345977276,0.0,0.2449511441081803
1771970306962372368,robot1/odom,robot1/base_link,5.630788471257655,3.5499093321132134,0.0,0.24494674578498385
1771970307054574321,robot1/odom,robot1/base_link,5.648219213373508,3.554266348218298,0.0,0.24493828845831503
1771970307134632640,robot1/odom,robot1/base_link,5.665704944979694,3.558636942817016,0.0,0.24492879281256213
1771970307216299839,robot1/odom,robot1/base_link,5.683133640165027,3.5629930950499245,0.0,0.24491819991491232
1771970307325224702,robot1/odom,robot1/base_link,5.700619155699043,3.56736325465355,0.0,0.2449078661066194
1771970307426343748,robot1/odom,robot1/base_link,5.718047836050045,3.5717190125599942,0.0,0.24489693717612743
1771970307536470520,robot1/odom,robot1/base_link,5.735533140523064,3.5760887231859826,0.0,0.244886472012329
1771970307629180794,robot1/odom,robot1/base_link,5.752961789571184,3.5804440765320553,0.0,0.2448754804379203
1771970307697781269,robot1/odom,robot1/base_link,5.770447259789883,3.5848134297549183,0.0,0.24486499228103764
1771970307739678340,robot1/odom,robot1/base_link,5.787876033056779,3.589168416369822,0.0,0.24485399732553156
1771970307793667106,robot1/odom,robot1/base_link,5.805361552122702,3.593537382689064,0.0,0.2448435078150904
1771970307972009883,robot1/odom,robot1/base_link,5.822790400273001,3.5978919901664086,0.0,0.24483251045840412
1771970308025688747,robot1/odom,robot1/base_link,5.840276032533498,3.6022605856019756,0.0,0.24482202080778298
1771970308056930547,robot1/odom,robot1/base_link,5.857704982412568,3.6066148206376636,0.0,0.24481102489095322
1771970308118332133,robot1/odom,robot1/base_link,5.875190698937073,3.6109830379839063,0.0,0.24480053490831827
1771970308157600091,robot1/odom,robot1/base_link,5.892619739434996,3.6153368978628055,0.0,0.24478954474171294
1771970308201038115,robot1/odom,robot1/base_link,5.9101055541004115,3.6197047406957386,0.0,0.2447790553869136
1771970308244371047,robot1/odom,robot1/base_link,5.9275346891144345,3.6240582264174606,0.0,0.24476806102456097
1771970308287806771,robot1/odom,robot1/base_link,5.945020595791908,3.628425693160274,0.0,0.24475757446601631
1771970308365121784,robot1/odom,robot1/base_link,5.962449823065248,3.6327788042115694,0.0,0.24474658414447711
1771970308552558384,robot1/odom,robot1/base_link,5.979935825593107,3.6371458958735223,0.0,0.24473609218808898
1771970308593241628,robot1/odom,robot1/base_link,5.997365147272741,3.6414986327140193,0.0,0.2447251003642518
1771970308635106978,robot1/odom,robot1/base_link,6.014851242136303,3.6458653484030537,0.0,0.244714615239793
1771970308757262203,robot1/odom,robot1/base_link,6.032280657339603,3.6502177109231555,0.0,0.24470362323952807
1771970308821835335,robot1/odom,robot1/base_link,6.0497668462419,3.654584051129025,0.0,0.24469313858230946
1771970308916885529,robot1/odom,robot1/base_link,6.067196355100371,3.6589360393739647,0.0,0.24468214714358139
1771970308979379728,robot1/odom,robot1/base_link,6.084682637692446,3.663302004029482,0.0,0.24467166305788782
1771970309055925051,robot1/odom,robot1/base_link,6.1021122400505075,3.6676536179813595,0.0,0.2446606721635548
1771970309096782692,robot1/odom,robot1/base_link,6.119598616460266,3.6720192071387503,0.0,0.2446501886137551
1771970309131370163,robot1/odom,robot1/base_link,6.13702831235865,3.676370446827198,0.0,0.24463919822136712
1771970309173895662,robot1/odom,robot1/base_link,6.154514782497211,3.6807356604831387,0.0,0.24462871512760903
1771970309247091564,robot1/odom,robot1/base_link,6.171944571861659,3.6850865259052665,0.0,0.2446177250201132
1771970309321884530,robot1/odom,robot1/base_link,6.189431140835001,3.6894513656292816,0.0,0.24460727268766347
1771970309363610497,robot1/odom,robot1/base_link,6.206861018703519,3.693801855854555,0.0,0.24459625403105284
1771970309433148008,robot1/odom,robot1/base_link,6.224347676301044,3.698166318575144,0.0,0.244585771731311
1771970309494605704,robot1/odom,robot1/base_link,6.241777652652409,3.7025164355493403,0.0,0.244574782712996
1771970309558086429,robot1/odom,robot1/base_link,6.259264403961324,3.7068805228168533,0.0,0.24456430129423065
1771970309708546888,robot1/odom,robot1/base_link,6.276694474203206,3.711230265666111,0.0,0.24455331029315128
1771970309824910234,robot1/odom,robot1/base_link,6.294181319059808,3.7155939774241618,0.0,0.24454283030557128
1771970309885094838,robot1/odom,robot1/base_link,6.311611482337741,3.719943345969579,0.0,0.24453184211797208
1771970310001918745,robot1/odom,robot1/base_link,6.329098421121576,3.724306682369046,0.0,0.24452136114843734
1771970310082888571,robot1/odom,robot1/base_link,6.346528677861391,3.7286556767265173,0.0,0.24451037315062407
1771970310208063396,robot1/odom,robot1/base_link,6.3640157103477915,3.7330186377085286,0.0,0.24449989243859
1771970310310875599,robot1/odom,robot1/base_link,6.381446060519233,3.737367257879169,0.0,0.24448890469967824
1771970310394920763,robot1/odom,robot1/base_link,6.39893318669311,3.7417298434495194,0.0,0.2444784242436882
1771970310454236914,robot1/odom,robot1/base_link,6.416363630281849,3.7460780894392363,0.0,0.24446743674400606
1771970310504669952,robot1/odom,robot1/base_link,6.433850850131531,3.7504402996039157,0.0,0.2444569565169275
1771970310557614367,robot1/odom,robot1/base_link,6.451281387123433,3.7547881714175966,0.0,0.24444596922230294
1771970310588080672,robot1/odom,robot1/base_link,6.468768700633132,3.7591500061798513,0.0,0.24443548916469898
1771970310627050824,robot1/odom,robot1/base_link,6.486199330974943,3.7634975038087415,0.0,0.2444245018026743
1771970310670264000,robot1/odom,robot1/base_link,6.503686738279922,3.7678589632121744,0.0,0.24441402274930069
1771970310724269522,robot1/odom,robot1/base_link,6.521117462011101,3.77220608668598,0.0,0.2444030356231001
1771970310787055266,robot1/odom,robot1/base_link,6.5386049628252065,3.7765671706673487,0.0,0.24439255594367235
1771970310850242375,robot1/odom,robot1/base_link,6.544541660204482,3.77813366248457,0.0,0.2715788864598778
1771970310899407525,robot1/odom,robot1/base_link,6.549458525162333,3.779587997319907,0.0,0.3035917889502825
1771970310994064850,robot1/odom,robot1/base_link,6.552962066418168,3.7807548728103186,0.0,0.33941010601727184
1771970311061468674,robot1/odom,robot1/base_link,6.5632969720359835,3.7844748006903606,0.0,0.35159172877700134
1771970311237617061,robot1/odom,robot1/base_link,6.576012069595752,3.789138982711185,0.0,0.35157231903823527
1771970311298542753,robot1/odom,robot1/base_link,6.590051023281927,3.794274715901407,0.0,0.3498246025347233
1771970311356767194,robot1/odom,robot1/base_link,6.606054378648722,3.8001029643237128,0.0,0.3486936897391198
1771970311394723400,robot1/odom,robot1/base_link,6.623067020496049,3.8062849023648693,0.0,0.3483834127549658
1771970311435925208,robot1/odom,robot1/base_link,6.640054114653427,3.812454411003408,0.0,0.3483664684894805
1771970311514946134,robot1/odom,robot1/base_link,6.65695761632475,3.8185934335881146,0.0,0.3483702139740938
1771970311549886018,robot1/odom,robot1/base_link,6.673906515112285,3.824748965636226,0.0,0.3483687739583376
1771970311606593299,robot1/odom,robot1/base_link,6.690795312868934,3.8308825960071378,0.0,0.34836246419362443
1771970311704007132,robot1/odom,robot1/base_link,6.707736455957594,3.837035100634628,0.0,0.34835454886744194
1771970311757190737,robot1/odom,robot1/base_link,6.724622233436782,3.843167333278656,0.0,0.3483452099516831
1771970311812458750,robot1/odom,robot1/base_link,6.741563141930883,3.849319409861121,0.0,0.34833604354272296
1771970311863334167,robot1/odom,robot1/base_link,6.758448914375234,3.8554512825295575,0.0,0.3483262377134316
1771970311932801773,robot1/odom,robot1/base_link,6.775389466767601,3.8616028642770592,0.0,0.3483168904691171
1771970312003596952,robot1/odom,robot1/base_link,6.79227516055863,3.8677343413392884,0.0,0.34830698150874995
1771970312051061235,robot1/odom,robot1/base_link,6.809215951483459,3.873885640034986,0.0,0.3482975882308484
1771970312408092659,robot1/odom,robot1/base_link,6.826101816710988,3.8800168104777897,0.0,0.3482876831802934
1771970312570131839,robot1/odom,robot1/base_link,6.843042653206081,3.8861677556677057,0.0,0.3482782876951518
1771970312632252828,robot1/odom,robot1/base_link,6.8599286063051474,3.892298589100602,0.0,0.3482683781018636
1771970312693914260,robot1/odom,robot1/base_link,6.876869593295017,3.898449218768727,0.0,0.3482589821115007
1771970312751206808,robot1/odom,robot1/base_link,6.882358361461726,3.9005409851026083,0.0,0.3799557172843951
1771970312797308921,robot1/odom,robot1/base_link,6.887690005432486,3.90276429692988,0.0,0.410199708188616
1771970312836567485,robot1/odom,robot1/base_link,6.890651244167088,3.9041131259821293,0.0,0.444628403616082
1771970312902691792,robot1/odom,robot1/base_link,6.892180226253033,3.9048764753271596,0.0,0.48147173023355294
1771970312957764152,robot1/odom,robot1/base_link,6.8927694167313875,3.9051981860853733,0.0,0.5180956431629115
1771970313027919705,robot1/odom,robot1/base_link,6.901319740424816,3.9101437785580058,0.0,0.5306907301470025
1771970313087518071,robot1/odom,robot1/base_link,6.9127986409046365,3.916866514986387,0.0,0.52892703166116
1771970313133860134,robot1/odom,robot1/base_link,6.925513880701624,3.924277767920715,0.0,0.5265210651666813
1771970313194707078,robot1/odom,robot1/base_link,6.9391002367606065,3.9321597195065254,0.0,0.5248519501885289
1771970313299432250,robot1/odom,robot1/base_link,6.955049194164831,3.9413888398143664,0.0,0.5243181594797974
1771970313384649481,robot1/odom,robot1/base_link,6.970813083786021,3.950505380633107,0.0,0.5243303512045827
1771970313461648573,robot1/odom,robot1/base_link,6.986427069687609,3.959535865076059,0.0,0.5243791717831314
1771970313550146719,robot1/odom,robot1/base_link,7.00205424946641,3.9685747253369983,0.0,0.5244017996475441
1771970313616566149,robot1/odom,robot1/base_link,7.0176148697471294,3.977575375713483,0.0,0.5244069617917749
1771970313676308160,robot1/odom,robot1/base_link,7.033219574505001,3.9866015596456585,0.0,0.5244050644710998
1771970313724988465,robot1/odom,robot1/base_link,7.048771378276303,3.9955970636954254,0.0,0.5243992028261755
1771970313793049303,robot1/odom,robot1/base_link,7.064373144439426,4.004621337616749,0.0,0.5243926283110514
1771970313863088809,robot1/odom,robot1/base_link,7.0799239001706304,4.013615959325198,0.0,0.5243850282799352
1771970313905326367,robot1/odom,robot1/base_link,7.09552506826066,4.022639584750537,0.0,0.5243777390500323
1771970313970756213,robot1/odom,robot1/base_link,7.111075667053634,4.031633803632488,0.0,0.5243698443550164
1771970314057579690,robot1/odom,robot1/base_link,7.126676974989875,4.040657192641675,0.0,0.5243624429857872
1771970314131277394,robot1/odom,robot1/base_link,7.142227714790102,4.0496511752842625,0.0,0.5243545135014367
1771970314164837755,robot1/odom,robot1/base_link,7.157829105644391,4.058674292964626,0.0,0.5243471029248425
1771970314202809673,robot1/odom,robot1/base_link,7.173379959529044,4.0676680233005085,0.0,0.5243391788302787
1771970314284728757,robot1/odom,robot1/base_link,7.188981532660009,4.076690925377873,0.0,0.5243315995778326
1771970314336111759,robot1/odom,robot1/base_link,7.204532515141111,4.085684409633176,0.0,0.5243237985050644
1771970314381751724,robot1/odom,robot1/base_link,7.220134190316495,4.094707052378096,0.0,0.5243163985877887
1771970314430014143,robot1/odom,robot1/base_link,7.235685325573607,4.10370030825923,0.0,0.5243084746463468
1771970314511435399,robot1/odom,robot1/base_link,7.251287144176256,4.112722714889025,0.0,0.5243010723742156
1771970314564658008,robot1/odom,robot1/base_link,7.256792777954341,4.116032353595487,0.0,0.5582087571043155
1771970314616617043,robot1/odom,robot1/base_link,7.261647682411956,4.119161216050251,0.0,0.5867534386392088
1771970314802003871,robot1/odom,robot1/base_link,7.264373626999663,4.121040934295791,0.0,0.6206241337748915
1771970314833636018,robot1/odom,robot1/base_link,7.273039345282386,4.127298834199104,0.0,0.6302436492451997
1771970314879441894,robot1/odom,robot1/base_link,7.284081107184269,4.135358711200728,0.0,0.6308398805751179
1771970314933828370,robot1/odom,robot1/base_link,7.296202452331889,4.1441972323727,0.0,0.6292322835504042
1771970314998764863,robot1/odom,robot1/base_link,7.309171665689206,4.153625031173558,0.0,0.6279208246150654
1771970315075329216,robot1/odom,robot1/base_link,7.32417379057831,4.164510100521887,0.0,0.6274406353083455
1771970315248621339,robot1/odom,robot1/base_link,7.3388770228984,4.175173596476539,0.0,0.6275013692063832
1771970315310122483,robot1/odom,robot1/base_link,7.353530986708042,4.185802727051061,0.0,0.6275628502069708
1771970315387889121,robot1/odom,robot1/base_link,7.3680977746684295,4.196369602317407,0.0,0.6275892600818674
1771970315429211029,robot1/odom,robot1/base_link,7.382696059362591,4.206959707235488,0.0,0.6275971085916205
1771970315472208898,robot1/odom,robot1/base_link,7.3972409738784775,4.217511170460119,0.0,0.6275960077147807
1771970315533341828,robot1/odom,robot1/base_link,7.411831076149281,4.228095357569461,0.0,0.6275919782006311
1771970315593285315,robot1/odom,robot1/base_link,7.426372854184152,4.238644377861531,0.0,0.6275860348174843
1771970315652716684,robot1/odom,robot1/base_link,7.440961526006537,4.249227283539016,0.0,0.6275800581482928
1771970315707224973,robot1/odom,robot1/base_link,7.455502813046454,4.259775674818843,0.0,0.6275733682187429
1771970315877025968,robot1/odom,robot1/base_link,7.470091506222243,4.270358309314015,0.0,0.627566974427697
1771970315916128395,robot1/odom,robot1/base_link,7.4846328868733805,4.280906476554568,0.0,0.6275601423809262
1771970315971631320,robot1/odom,robot1/base_link,7.499221629877495,4.2914888533826305,0.0,0.62755380814673
1771970316046053181,robot1/odom,robot1/base_link,7.513763121583621,4.302036808557096,0.0,0.6275469376644541
1771970316166187460,robot1/odom,robot1/base_link,7.528352016481499,4.3126190013137125,0.0,0.6275405810626469
1771970316396088738,robot1/odom,robot1/base_link,7.542893663851981,4.323166776671509,0.0,0.6275337838632467
1771970316488095430,robot1/odom,robot1/base_link,7.557482686617314,4.333748769209643,0.0,0.6275274181441254
1771970316563964243,robot1/odom,robot1/base_link,7.572024459171155,4.344296342480216,0.0,0.6275205514434189
1771970316613594502,robot1/odom,robot1/base_link,7.586613629815021,4.354878148015105,0.0,0.6275142170285113
1771970316688199993,robot1/odom,robot1/base_link,7.601155544123138,4.365425531233495,0.0,0.6275073585602392
1771970316781766512,robot1/odom,robot1/base_link,7.615744852614971,4.376007143083775,0.0,0.6275010297802097
1771970316838402893,robot1/odom,robot1/base_link,7.630286905533979,4.38655433423801,0.0,0.6274941759994895
1771970316923419064,robot1/odom,robot1/base_link,7.644876354518937,4.397135754539274,0.0,0.6274878517160485
1771970317045982738,robot1/odom,robot1/base_link,7.659418547070377,4.4076827545712085,0.0,0.6274810023447485
1771970317130856182,robot1/odom,robot1/base_link,7.674008135014254,4.418263982408947,0.0,0.6274746825238559
1771970317198703417,robot1/odom,robot1/base_link,7.679473264775812,4.422353721003534,0.0,0.6573924529904117
1771970317252974946,robot1/odom,robot1/base_link,7.68345514426921,4.425529138216146,0.0,0.688996501600277
1771970317316562779,robot1/odom,robot1/base_link,7.685927417467486,4.427637161811211,0.0,0.7230831968325648
1771970317356242999,robot1/odom,robot1/base_link,7.693851663053187,4.434699946960034,0.0,0.7328787008307002
1771970317423718735,robot1/odom,robot1/base_link,7.704013590967844,4.4438511847622575,0.0,0.7333496836668273
1771970317497629773,robot1/odom,robot1/base_link,7.715167649639777,4.453884228860834,0.0,0.7317247567224936
1771970317572552712,robot1/odom,robot1/base_link,7.7271010386973655,4.4645865940625775,0.0,0.730410523873566
1771970317677790967,robot1/odom,robot1/base_link,7.740907054827876,4.476946080556369,0.0,0.7299305461641279
1771970317733617396,robot1/odom,robot1/base_link,7.75444179916071,4.489057613325149,0.0,0.7299917312331368
1771970317822878142,robot1/odom,robot1/base_link,7.767931193699808,4.5011300614385785,0.0,0.7300537531467606
1771970317915384591,robot1/odom,robot1/base_link,7.781340396136608,4.513131825764756,0.0,0.7300815699457733
1771970318002258324,robot1/odom,robot1/base_link,7.794778510282481,4.525159911435444,0.0,0.7300904604245672
1771970318071658945,robot1/odom,robot1/base_link,7.80816749017777,4.5371441251594105,0.0,0.7300904244848792
1771970318154056811,robot1/odom,robot1/base_link,7.821598065247894,4.549165533827033,0.0,0.7300874772792149
1771970318252950929,robot1/odom,robot1/base_link,7.83498415734856,4.561147032581676,0.0,0.730082610581516
1771970318327770462,robot1/odom,robot1/base_link,7.848413417571477,4.573167051805326,0.0,0.7300777160824622
1771970318430566045,robot1/odom,robot1/base_link,7.861799066771213,4.585147909286145,0.0,0.7300720604933224
1771970318515021692,robot1/odom,robot1/base_link,7.875228336980093,4.597167678519479,0.0,0.7300668562951022
1771970318583158785,robot1/odom,robot1/base_link,7.888614072350532,4.609148349935301,0.0,0.7300610868028404
1771970318733880241,robot1/odom,robot1/base_link,7.90204340564802,4.621167909696749,0.0,0.7300558400398672
1771970318863069889,robot1/odom,robot1/base_link,7.915429245182065,4.633148408559548,0.0,0.730050054422716
1771970318936384435,robot1/odom,robot1/base_link,7.928858723574767,4.645167831321421,0.0,0.730044805911965
1771970319013595287,robot1/odom,robot1/base_link,7.9422447003869365,4.657148187122182,0.0,0.730039027692797
1771970319175579361,robot1/odom,robot1/base_link,7.955674296564456,4.669167449149829,0.0,0.7300338246317395
1771970319234788472,robot1/odom,robot1/base_link,7.969060413245569,4.681147664375112,0.0,0.7300279620766504
1771970319298275490,robot1/odom,robot1/base_link,7.982490149952227,4.693166784195486,0.0,0.7300227310451491
1771970319363576168,robot1/odom,robot1/base_link,7.995876387892536,4.70514684140309,0.0,0.7300169434059406
1771970319443894820,robot1/odom,robot1/base_link,8.00930626480222,4.717165820861457,0.0,0.7300117672756811
1771970319466130936,robot1/odom,robot1/base_link,8.022692633197819,4.7291457304521085,0.0,0.7300059750394335
1771970319513656002,robot1/odom,robot1/base_link,8.03612263510794,4.741164555769166,0.0,0.730000738785839
1771970319568532407,robot1/odom,robot1/base_link,8.049509138949048,4.753144321004542,0.0,0.7299949714565861
1771970319631558535,robot1/odom,robot1/base_link,8.062939273202616,4.765162998711666,0.0,0.7299897422395623
1771970319685339164,robot1/odom,robot1/base_link,8.076325909025178,4.777142617020699,0.0,0.7299839798149726
1771970319830765699,robot1/odom,robot1/base_link,8.089756175705823,4.789161147449283,0.0,0.7299787549245297
1771970319904800287,robot1/odom,robot1/base_link,8.094762649083911,4.793778981899683,0.0,0.76009947767827
1771970319953138535,robot1/odom,robot1/base_link,8.098373523844714,4.797315375160116,0.0,0.7898556538026773
1771970320028909477,robot1/odom,robot1/base_link,8.100620457625446,4.799664368507952,0.0,0.825346423131345
1771970320085426211,robot1/odom,robot1/base_link,8.101506849788752,4.800660677621551,0.0,0.8620826605705137
1771970320267875188,robot1/odom,robot1/base_link,8.107676493574193,4.80794251030581,0.0,0.8737014800329337
1771970320311931034,robot1/odom,robot1/base_link,8.116499201209875,4.818459762282308,0.0,0.8718860944337946
1771970320443670085,robot1/odom,robot1/base_link,8.126059183683601,4.829808536191578,0.0,0.869599134228675
1771970320643110500,robot1/odom,robot1/base_link,8.13621355626046,4.841815169686113,0.0,0.8679735234670056
1771970320707862463,robot1/odom,robot1/base_link,8.148189545133484,4.8559454372102735,0.0,0.8674889779190005
1771970320768786551,robot1/odom,robot1/base_link,8.159998041686464,4.8698720573137555,0.0,0.8675467533709735
1771970320831537180,robot1/odom,robot1/base_link,8.171674672110965,4.883644982653216,0.0,0.8676196772992283
1771970320911590437,robot1/odom,robot1/base_link,8.183352997209672,4.897421415622101,0.0,0.8676547962219264
1771970320996240543,robot1/odom,robot1/base_link,8.194978441041302,4.911136131158186,0.0,0.867667468202014
1771970321054558795,robot1/odom,robot1/base_link,8.20663574481735,4.924888651822809,0.0,0.8676705386469155
1771970321121320334,robot1/odom,robot1/base_link,8.218252940414008,4.938593876980318,0.0,0.8676690147979775
1771970321330500170,robot1/odom,robot1/base_link,8.229907194675295,4.952342764847806,0.0,0.8676664678965501
1771970321424571139,robot1/odom,robot1/base_link,8.241523287506565,4.966046545055438,0.0,0.8676627210600634
1771970321479121101,robot1/odom,robot1/base_link,8.25317703562428,4.979794647672384,0.0,0.8676592619156106
1771970321542593081,robot1/odom,robot1/base_link,8.257397115877222,4.984937622660423,0.0,0.8996377138934264
1771970321573676049,robot1/odom,robot1/base_link,8.26016774071866,4.98854400719844,0.0,0.9317896664885897
1771970321630488915,robot1/odom,robot1/base_link,8.261890915968225,4.9909417261912346,0.0,0.9635062324627545
1771970321703693478,robot1/odom,robot1/base_link,8.267788104710261,4.999529920000588,0.0,0.9746498731827813
1771970321767098161,robot1/odom,robot1/base_link,8.275491406107871,5.010865262655292,0.0,0.9731604459032491
1771970321817057020,robot1/odom,robot1/base_link,8.283926485435146,5.023230987713766,0.0,0.9711635360151254
1771970321870454131,robot1/odom,robot1/base_link,8.29390668143517,5.037815547292504,0.0,0.9702085013837856
1771970321928304652,robot1/odom,robot1/base_link,8.30408608764679,5.0526724673853,0.0,0.9699873054524086
1771970322005845492,robot1/odom,robot1/base_link,8.314238415540594,5.067485711769208,0.0,0.9699469722631097
1771970322078240966,robot1/odom,robot1/base_link,8.324427603263084,5.082351939987451,0.0,0.9699372259581048
1771970322242911792,robot1/odom,robot1/base_link,8.334583787187231,5.097169783704791,0.0,0.9699324139639594
1771970322318301412,robot1/odom,robot1/base_link,8.344772336540608,5.112034721044194,0.0,0.9699292295365886
1771970322362138956,robot1/odom,robot1/base_link,8.35492828119625,5.126851982206895,0.0,0.9699257153132129
1771970322415012635,robot1/odom,robot1/base_link,8.365117828878416,5.141718168215358,0.0,0.9699228865900676
1771970322512149036,robot1/odom,robot1/base_link,8.375274221241494,5.15653588104888,0.0,0.9699193739055143
1771970322588279318,robot1/odom,robot1/base_link,8.385463554991855,5.171401561011674,0.0,0.9699170611507774
1771970322636537435,robot1/odom,robot1/base_link,8.395619940158017,5.18621907609631,0.0,0.9699134132165914
1771970322682462871,robot1/odom,robot1/base_link,8.405809491897925,5.201084879393737,0.0,0.9699108064484315
1771970322742716570,robot1/odom,robot1/base_link,8.415966013381242,5.215902400614281,0.0,0.9699075359976108
1771970322813551125,robot1/odom,robot1/base_link,8.426155588768317,5.23076804933068,0.0,0.9699048207502264
1771970322891983089,robot1/odom,robot1/base_link,8.43631216854733,5.245585465235233,0.0,0.9699015392903125
1771970322949303039,robot1/odom,robot1/base_link,8.446501871238812,5.26045110855551,0.0,0.9698988263306931
1771970322997231272,robot1/odom,robot1/base_link,8.456658556190312,5.275268487569133,0.0,0.9698955535764199
1771970323074016474,robot1/odom,robot1/base_link,8.466848330748817,5.290134045038566,0.0,0.9698928475013706
1771970323110915797,robot1/odom,robot1/base_link,8.47700509749986,5.304951353495986,0.0,0.9698895794752315
1771970323154574222,robot1/odom,robot1/base_link,8.487194969223959,5.319816862376192,0.0,0.9698868792693972
1771970323216978840,robot1/odom,robot1/base_link,8.497351828210727,5.3346341158683455,0.0,0.9698836179507561
1771970323269239557,robot1/odom,robot1/base_link,8.507541784788474,5.349499558601106,0.0,0.9698809237720651
1771970323340510552,robot1/odom,robot1/base_link,8.517698730666666,5.364316749713533,0.0,0.9698776675717627
1771970323392540882,robot1/odom,robot1/base_link,8.527888777389549,5.379182134350546,0.0,0.9698749780475329
1771970323454113150,robot1/odom,robot1/base_link,8.538045811914717,5.39399926591161,0.0,0.9698717243233397
1771970323529138823,robot1/odom,robot1/base_link,8.54823594400643,5.40886458543681,0.0,0.9698690220074678
1771970323591691833,robot1/odom,robot1/base_link,8.55839307904155,5.423681676918486,0.0,0.9698659277988146
1771970323633596661,robot1/odom,robot1/base_link,8.568583270275509,5.438546900638615,0.0,0.969863394034886
1771970323728106685,robot1/odom,robot1/base_link,8.578740505689975,5.453363952967701,0.0,0.9698598735756703
1771970323795234625,robot1/odom,robot1/base_link,8.588930814948828,5.4682291538705465,0.0,0.9698572137234511
1771970323862765241,robot1/odom,robot1/base_link,8.599088113410913,5.483046106407513,0.0,0.969853982528858
1771970323929292216,robot1/odom,robot1/base_link,8.609278512054619,5.497911249830157,0.0,0.9698513167742466
1771970323982034204,robot1/odom,robot1/base_link,8.619435898660857,5.512728143631178,0.0,0.9698480880528193
1771970324046017036,robot1/odom,robot1/base_link,8.629626385163046,5.527593227392292,0.0,0.9698454261659762
1771970324099322139,robot1/odom,robot1/base_link,8.639783859390207,5.542410061922371,0.0,0.9698422015904288
1771970324134029563,robot1/odom,robot1/base_link,8.649974433539935,5.557275085978163,0.0,0.9698395439503777
1771970324202451375,robot1/odom,robot1/base_link,8.660131995200315,5.57209186123031,0.0,0.9698363235417421
1771970324262957307,robot1/odom,robot1/base_link,8.670322656794578,5.586956825548293,0.0,0.9698336700240267
1771970324524567748,robot1/odom,robot1/base_link,8.680480305704359,5.601773541515064,0.0,0.9698304535789405
1771970324800233167,robot1/odom,robot1/base_link,8.690671054592826,5.6166384461300325,0.0,0.9698278039009576
1771970324856505277,robot1/odom,robot1/base_link,8.700828790573352,5.631455102791704,0.0,0.9698245909889892
1771970324902092786,robot1/odom,robot1/base_link,8.71101962651945,5.6463199475786805,0.0,0.9698219442586926
1771970324969941936,robot1/odom,robot1/base_link,8.721177449085815,5.661136544385553,0.0,0.9698187317976551
1771970325028702625,robot1/odom,robot1/base_link,8.725231906959797,5.667257850175671,0.0,1.0017550570957874
1771970325086111629,robot1/odom,robot1/base_link,8.727901339970375,5.671578606684082,0.0,1.0330042156945294
1771970325136056965,robot1/odom,robot1/base_link,8.729467456210077,5.674303276787677,0.0,1.0652338316536258
1771970325164856210,robot1/odom,robot1/base_link,8.730224392661722,5.675731808154505,0.0,1.1018440698738732
1771970325222037429,robot1/odom,robot1/base_link,8.730539451074938,5.67638287297977,0.0,1.13835861174635
1771970325267737768,robot1/odom,robot1/base_link,8.730647045780865,5.676627539243544,0.0,1.1746206251713736
1771970325301454762,robot1/odom,robot1/base_link,8.73071065867925,5.676787680093475,0.0,1.2107380907160854
1771970325357984729,robot1/odom,robot1/base_link,8.730727520418645,5.676835041167041,0.0,1.246789695241713
1771970325397932378,robot1/odom,robot1/base_link,8.73075292733532,5.67691546401774,0.0,1.2828139564531478
1771970325465841432,robot1/odom,robot1/base_link,8.730757015372989,5.6769302365578165,0.0,1.3188268594281027
1771970325509921887,robot1/odom,robot1/base_link,8.730773302194992,5.676998573897095,0.0,1.3548355661142197
1771970325542345573,robot1/odom,robot1/base_link,8.730775192060731,5.677007995698661,0.0,1.3908423855968821
1771970325591755147,robot1/odom,robot1/base_link,8.730786111168186,5.677074827628274,0.0,1.4268488647437036
1771970325651536681,robot1/odom,robot1/base_link,8.73078717421019,5.677083223518923,0.0,1.4628549917143068
1771970325797014601,robot1/odom,robot1/base_link,8.730781104035223,5.677023303942024,0.0,1.4768157993003073
1771970325842358165,robot1/odom,robot1/base_link,8.730806449424579,5.677297669546796,0.0,1.4805434155512947
1771970325928308832,robot1/odom,robot1/base_link,8.730813437886372,5.677375171188098,0.0,1.4811920737713635
1771970326016839037,robot1/odom,robot1/base_link,8.730796765190195,5.677164606507486,0.0,1.5023685409871033
1771970326046473973,robot1/odom,robot1/base_link,8.730797320625046,5.6771753116458035,0.0,1.5355473138788964
1771970326093885612,robot1/odom,robot1/base_link,8.730796886391273,5.67715047800654,0.0,1.5710774865661137
1771970326129872481,robot1/odom,robot1/base_link,8.730795969035643,5.6772007579983805,0.0,1.6070010067221878
1771970326174348775,robot1/odom,robot1/base_link,8.730795911534546,5.67720181785557,0.0,1.6429926289255292
1771970326220584252,robot1/odom,robot1/base_link,8.730790083377169,5.677266256944499,0.0,1.67899807790476
1771970326262941790,robot1/odom,robot1/base_link,8.73078921630389,5.677273090730418,0.0,1.7150065841132744
1771970326317357913,robot1/odom,robot1/base_link,8.730778603438793,5.677337940448092,0.0,1.7510165693487776
1771970326404305739,robot1/odom,robot1/base_link,8.730777194752976,5.677344953611709,0.0,1.7870267448073458
1771970326462342917,robot1/odom,robot1/base_link,8.73076181054662,5.677409426278676,0.0,1.8230376988685846
1771970326511464898,robot1/odom,robot1/base_link,8.730759867770153,5.677416439307349,0.0,1.8590486099869654
1771970326565390955,robot1/odom,robot1/base_link,8.73073998526017,5.6774793175385,0.0,1.8950602487729988
1771970326618893040,robot1/odom,robot1/base_link,8.73073762439513,5.6774859437350855,0.0,1.931071792909584
1771970326662380502,robot1/odom,robot1/base_link,8.730668651998622,5.677664952341808,0.0,1.9460647382176632
1771970326704729841,robot1/odom,robot1/base_link,8.730632633378901,5.677756050824728,0.0,1.9485644124501222
1771970326740226042,robot1/odom,robot1/base_link,8.730600702711767,5.677836465441332,0.0,1.9489935251673982
1771970326807428302,robot1/odom,robot1/base_link,8.730603335144044,5.6778298407522,0.0,1.9490679613925106
1771970326863307426,robot1/odom,robot1/base_link,8.730589600519947,5.6778644006746255,0.0,1.9490762074655208
1771970326915154523,robot1/odom,robot1/base_link,8.730599964924378,5.677838321147983,0.0,1.9490689542272774
1771970326973588875,robot1/odom,robot1/base_link,8.730589844045582,5.677863788578511,0.0,1.9490579475264367
1771970327030045235,robot1/odom,robot1/base_link,8.73060165550114,5.677834066069178,0.0,1.9490450165937792
1771970327084935284,robot1/odom,robot1/base_link,8.730591925686632,5.677858551231668,0.0,1.9490320634901481
1771970327119720680,robot1/odom,robot1/base_link,8.730603887263001,5.677828448654935,0.0,1.9490184262557715
1771970327173852583,robot1/odom,robot1/base_link,8.730594310308264,5.6778525510216244,0.0,1.9490051975295124
1771970327221172277,robot1/odom,robot1/base_link,8.73060633250316,5.6778222935180205,0.0,1.9489914427011403
1771970327269978364,robot1/odom,robot1/base_link,8.730596738059356,5.677846441799872,0.0,1.9489781698795379
1771970327328864426,robot1/odom,robot1/base_link,8.730608751241538,5.677816204597473,0.0,1.9489644035393685
1771970327377694411,robot1/odom,robot1/base_link,8.730599174223673,5.677840310919569,0.0,1.9489511269977653
1771970327435221670,robot1/odom,robot1/base_link,8.730611193288555,5.6778100565259395,0.0,1.9489373582169274
1771970327516137346,robot1/odom,robot1/base_link,8.730601610159022,5.677834180133111,0.0,1.9489240823125897
1771970327594333017,robot1/odom,robot1/base_link,8.730613625307175,5.677803933214723,0.0,1.9489103160295274
1771970327649088276,robot1/odom,robot1/base_link,8.727005995157748,5.686901132962776,0.0,1.947765507027138
1771970327698944987,robot1/odom,robot1/base_link,8.722283770950492,5.698919225189616,0.0,1.942614153298407
1771970327742741634,robot1/odom,robot1/base_link,8.716993705359304,5.712548025014821,0.0,1.939483097810403
1771970327799858223,robot1/odom,robot1/base_link,8.711553107274721,5.726671672237064,0.0,1.9374964413697167
1771970327885765239,robot1/odom,robot1/base_link,8.704842334327282,5.74415830963053,0.0,1.9369632105552619
1771970327929789771,robot1/odom,robot1/base_link,8.698333175090976,5.761133467240893,0.0,1.9369495061587922
1771970327991347540,robot1/odom,robot1/base_link,8.691849736886818,5.7780406889349,0.0,1.9369971537302735
1771970328046248515,robot1/odom,robot1/base_link,8.685404974893519,5.7948453544248775,0.0,1.9370170691580713
1771970328111800543,robot1/odom,robot1/base_link,8.678945946219548,5.81168668141399,0.0,1.9370185445462793
1771970328181699641,robot1/odom,robot1/base_link,8.672510891979034,5.828465642997943,0.0,1.9370112610949772
1771970328243017891,robot1/odom,robot1/base_link,8.666056341975159,5.845295891538316,0.0,1.9370005425682886
1771970328328644396,robot1/odom,robot1/base_link,8.659623316140632,5.862070617764926,0.0,1.9369872646272106
1771970328431147022,robot1/odom,robot1/base_link,8.653169740932853,5.878899572953489,0.0,1.9369749342687872
1771970328522786372,robot1/odom,robot1/base_link,8.646737389024963,5.895673832539802,0.0,1.936961423273894
1771970328702494842,robot1/odom,robot1/base_link,8.64028438039598,5.912502631323924,0.0,1.936948287396112
1771970328776380738,robot1/odom,robot1/base_link,8.633852538001735,5.9292769030407095,0.0,1.9369346244532992
1771970328841425205,robot1/odom,robot1/base_link,8.627399971769687,5.946105898604213,0.0,1.9369214317645698
1771970329028190749,robot1/odom,robot1/base_link,8.62096857558464,5.962880354645642,0.0,1.936907751099182
1771970329117802849,robot1/odom,robot1/base_link,8.614516475672414,5.979709487081875,0.0,1.9368945518636083
1771970329196062549,robot1/odom,robot1/base_link,8.608085535989266,5.996484101463341,0.0,1.9368808676796738
1771970329250216959,robot1/odom,robot1/base_link,8.601633883272495,6.01331342100117,0.0,1.9368676681892891
1771970329319995430,robot1/odom,robot1/base_link,8.595203392136245,6.030088214533747,0.0,1.936853985580364
1771970329380640926,robot1/odom,robot1/base_link,8.588752194317651,6.046917700975505,0.0,1.9368407873781937
1771970329417494306,robot1/odom,robot1/base_link,8.582322154989143,6.063692665036177,0.0,1.93682710527823
1771970329481716418,robot1/odom,robot1/base_link,8.575871408372738,6.080522327976561,0.0,1.9368139066272099
1771970329576923975,robot1/odom,robot1/base_link,8.569441820020293,6.097297464967076,0.0,1.9368002156701534
1771970329676886355,robot1/odom,robot1/base_link,8.562991522360395,6.114127309209524,0.0,1.9367870771292721
1771970329850602392,robot1/odom,robot1/base_link,8.55656238513821,6.130902616111546,0.0,1.9367733790460253
1771970330060456904,robot1/odom,robot1/base_link,8.550112544401792,6.147732620421545,0.0,1.9367602124072392
1771970330101997990,robot1/odom,robot1/base_link,8.547656105829834,6.153837064520696,0.0,1.9699825937383304
1771970330146217455,robot1/odom,robot1/base_link,8.545684626446842,6.15831727795018,0.0,2.000693175385569
1771970330194186113,robot1/odom,robot1/base_link,8.544278703691491,6.161255159504141,0.0,2.033580882438822
1771970330247311047,robot1/odom,robot1/base_link,8.543456977382053,6.1628312127709535,0.0,2.0692253208743487
1771970330281166165,robot1/odom,robot1/base_link,8.543124619226056,6.163416223230927,0.0,2.105669348196528
1771970330339837143,robot1/odom,robot1/base_link,8.542949104488809,6.163700570741232,0.0,2.141943323931211
1771970330402445897,robot1/odom,robot1/base_link,8.542884486804397,6.163797243595156,0.0,2.17807476516478
1771970330427568333,robot1/odom,robot1/base_link,8.542818137991624,6.16388914490462,0.0,2.2141395896769662
1771970330500006179,robot1/odom,robot1/base_link,8.542800358017491,6.163911989874137,0.0,2.250175523098997
1771970330560785684,robot1/odom,robot1/base_link,8.542750323650344,6.163971708233801,0.0,2.2862000051683644
1771970330653873634,robot1/odom,robot1/base_link,8.54274044633203,6.163982669839596,0.0,2.322219061956042
1771970330708948107,robot1/odom,robot1/base_link,8.542690337601101,6.164034404830416,0.0,2.358236252589591
1771970330798573442,robot1/odom,robot1/base_link,8.542590500096466,6.164132355274932,0.0,2.373233797927325
1771970330851110824,robot1/odom,robot1/base_link,8.542478213324534,6.164240607218822,0.0,2.37574175583565
1771970330897921077,robot1/odom,robot1/base_link,8.542457910738921,6.164260122693347,0.0,2.3761774570805567
1771970330947889970,robot1/odom,robot1/base_link,8.54241970042235,6.164296832663897,0.0,2.3762579663222376
1771970331018386943,robot1/odom,robot1/base_link,8.542435570866013,6.164281586799193,0.0,2.376270422031408
1771970331068572288,robot1/odom,robot1/base_link,8.542414556479756,6.164301773961942,0.0,2.376268135379245
1771970331111665535,robot1/odom,robot1/base_link,8.542437414078133,6.16427981593492,0.0,2.376260888164029
1771970331161616101,robot1/odom,robot1/base_link,8.542418502035918,6.164297983963305,0.0,2.3762528273210695
1771970331216283666,robot1/odom,robot1/base_link,8.542442180522682,6.164275236613143,0.0,2.376243638090096
1771970331265986353,robot1/odom,robot1/base_link,8.542423947453381,6.164292752997508,0.0,2.376234847219502
1771970331323943740,robot1/odom,robot1/base_link,8.542447899233656,6.1642697422657955,0.0,2.376225355934908
1771970331377573393,robot1/odom,robot1/base_link,8.542429614668185,6.164287308767014,0.0,2.3762164497279157
1771970331449060833,robot1/odom,robot1/base_link,8.542453542198759,6.164264320484914,0.0,2.3762069229071816
1771970331615140654,robot1/odom,robot1/base_link,8.542435325023316,6.164281822888615,0.0,2.3761980027064866
1771970331671503276,robot1/odom,robot1/base_link,8.54245927938857,6.164258807975222,0.0,2.3761884671176396
1771970331766317538,robot1/odom,robot1/base_link,8.542441038085288,6.164276334207535,0.0,2.3761795452944865
1771970331834693241,robot1/odom,robot1/base_link,8.542464981178087,6.164253329274678,0.0,2.376170012111248
1771970331877700895,robot1/odom,robot1/base_link,8.542446752900284,6.164270843639043,0.0,2.3761610922141174
1771970331939221480,robot1/odom,robot1/base_link,8.542470700304197,6.164247833714143,0.0,2.376151559839284
1771970331981892763,robot1/odom,robot1/base_link,8.542452466629856,6.164265353910741,0.0,2.376142641558181
1771970332040278334,robot1/odom,robot1/base_link,8.542476410637745,6.1642423463992975,0.0,2.3761331112007205
1771970332105617147,robot1/odom,robot1/base_link,8.542458179987262,6.164259864337194,0.0,2.3761241947697895
1771970332138976044,robot1/odom,robot1/base_link,8.542482124127499,6.1642368558490865,0.0,2.3761146658210914
1771970332190172888,robot1/odom,robot1/base_link,8.542463892461118,6.164254375409949,0.0,2.3761057510238404
1771970332245880339,robot1/odom,robot1/base_link,8.5424878350474,6.16423136756575,0.0,2.376096223653694
1771970332282109485,robot1/odom,robot1/base_link,8.542469604199573,6.1642488869866945,0.0,2.3760873104596816
1771970332347075531,robot1/odom,robot1/base_link,8.542493546006726,6.164225879042023,0.0,2.37607778446608
1771970332434885488,robot1/odom,robot1/base_link,8.542475315067874,6.164243399197029,0.0,2.376068872759066
1771970332573440128,robot1/odom,robot1/base_link,8.542499255723623,6.164220391509809,0.0,2.3760593481183583
1771970332630886828,robot1/odom,robot1/base_link,8.542481025079566,6.164237912028016,0.0,2.376050437827806
1771970332692624755,robot1/odom,robot1/base_link,8.542504964755388,6.1642149044336225,0.0,2.376040914437993
1771970332760310163,robot1/odom,robot1/base_link,8.542486734191053,6.164232425521641,0.0,2.3760320054777644
1771970332873856580,robot1/odom,robot1/base_link,8.542510672808024,6.164209418096085,0.0,2.376022483278938
1771970332964985849,robot1/odom,robot1/base_link,8.542492442396204,6.1642269396838865,0.0,2.3760135755758727
1771970333014411329,robot1/odom,robot1/base_link,8.542516379996874,6.16420393238643,0.0,2.376004054493507
1771970333120804058,robot1/odom,robot1/base_link,8.542498149680553,6.164221454528743,0.0,2.3759951479737693
1771970333161185963,robot1/odom,robot1/base_link,8.542522086253886,6.164198447370136,0.0,2.375985627945047
1771970333236400467,robot1/odom,robot1/base_link,8.54250385604155,6.164215970058744,0.0,2.3759767225402677
1771970333298418046,robot1/odom,robot1/base_link,8.542527791604527,6.164192963022808,0.0,2.37596720350154
1771970333355332580,robot1/odom,robot1/base_link,8.54250956147798,6.164210486275145,0.0,2.3759582991456636
1771970333406230949,robot1/odom,robot1/base_link,8.542533496036848,6.164187479356009,0.0,2.375948781038102
1771970333444962901,robot1/odom,robot1/base_link,8.542515265993943,6.164205003174085,0.0,2.3759398776686824
1771970333506234546,robot1/odom,robot1/base_link,8.542539199561986,6.164181996359107,0.0,2.375930360435413
1771970333553904403,robot1/odom,robot1/base_link,8.542520969596136,6.164199520749208,0.0,2.3759214579927592
1771970333589405642,robot1/odom,robot1/base_link,8.542544902184977,6.164176514027338,0.0,2.3759119415800143
1771970333625661915,robot1/odom,robot1/base_link,8.542526672294366,6.164194038991168,0.0,2.37590304000739
1771970333660316730,robot1/odom,robot1/base_link,8.542550603917725,6.164171032349332,0.0,2.375893524363767
1771970333715977275,robot1/odom,robot1/base_link,8.542532374100626,6.164188557888511,0.0,2.375884623607064
1771970333776081724,robot1/odom,robot1/base_link,8.542556304772281,6.164165551313571,0.0,2.375875108683693
1771970333816965285,robot1/odom,robot1/base_link,8.542538075028936,6.164183077427831,0.0,2.3758662086914524
1771970333875251696,robot1/odom,robot1/base_link,8.542562004763433,6.164160070905909,0.0,2.375856694441757
1771970333952634707,robot1/odom,robot1/base_link,8.54254377509489,6.16417759759421,0.0,2.3758477951649266
1771970334004847059,robot1/odom,robot1/base_link,8.542567703906997,6.164154591111207,0.0,2.375838281544579
1771970334051448631,robot1/odom,robot1/base_link,8.542549474315408,6.164172118371453,0.0,2.3758293829365016
1771970334101749309,robot1/odom,robot1/base_link,8.542573402220182,6.164149111912983,0.0,2.3758198699032755
1771970334188585781,robot1/odom,robot1/base_link,8.542555172708429,6.164166639742375,0.0,2.3758109719194858
1771970334263188021,robot1/odom,robot1/base_link,8.542579099721022,6.1641436332939605,0.0,2.375801459433185
1771970334350540558,robot1/odom,robot1/base_link,8.542560870292707,6.164161161689013,0.0,2.37579256203137
1771970334405519652,robot1/odom,robot1/base_link,8.542584796428322,6.16413815523612,0.0,2.3757830500537214
1771970334464511477,robot1/odom,robot1/base_link,8.542566567087595,6.1641556841928224,0.0,2.375774153193599
1771970334631506311,robot1/odom,robot1/base_link,8.542590492361379,6.164132677720964,0.0,2.375764641688167
1771970334679751653,robot1/odom,robot1/base_link,8.542572263112863,6.164150207234851,0.0,2.375755745331398
